machine_id,cycle,temperature,vibration,pressure,rotational_speed,failure,rul
1,0,60.6,0.483,98.64,1498.6,0,4000
1,1,59.88,0.4844,99.45,1500.3,0,3999
1,2,60.88,0.4332,98.93,1501.8,0,3998
1,3,61.98,0.4943,100.4,1511.3,0,3997
1,4,59.92,0.5392,102.63,1494.9,0,3996
1,5,59.97,0.4614,98.76,1494.5,0,3995
1,6,62.19,0.5567,102.36,1515.9,0,3994
1,7,61.27,0.5367,98.86,1499.5,0,3993
1,8,59.84,0.4901,98.78,1492.1,0,3992
1,9,61.1,0.5161,102.17,1500.5,0,3991
1,10,59.94,0.5879,102.44,1502.6,0,3990
1,11,59.99,0.5555,102.36,1522.0,0,3989
1,12,60.89,0.5286,98.08,1516.3,0,3988
1,13,58.35,0.5208,99.84,1519.1,0,3987
1,14,58.63,0.5353,102.48,1516.4,0,3986
1,15,60.07,0.5136,100.97,1518.2,0,3985
1,16,59.58,0.4517,98.8,1502.4,0,3984
1,17,61.22,0.6193,101.92,1507.8,0,3983
1,18,59.81,0.5454,99.63,1500.4,0,3982
1,19,59.25,0.5566,104.7,1508.7,0,3981
1,20,62.75,0.5398,104.26,1518.1,0,3980
1,21,60.77,0.514,102.43,1513.1,0,3979
1,22,61.17,0.5371,104.0,1525.4,0,3978
1,23,59.43,0.4817,101.46,1501.3,0,3977
1,24,60.54,0.6377,102.92,1518.2,0,3976
1,25,61.37,0.4981,104.39,1501.1,0,3975
1,26,59.9,0.5069,101.98,1515.0,0,3974
1,27,61.78,0.5312,101.03,1521.9,0,3973
1,28,60.66,0.6008,98.18,1512.7,0,3972
1,29,61.08,0.5502,101.48,1520.8,0,3971
1,30,60.76,0.5004,103.34,1506.1,0,3970
1,31,63.75,0.6002,103.63,1499.4,0,3969
1,32,61.56,0.5792,102.8,1522.0,0,3968
1,33,60.35,0.5714,100.76,1534.2,0,3967
1,34,62.65,0.5782,97.93,1507.1,0,3966
1,35,60.25,0.645,100.94,1529.6,0,3965
1,36,62.01,0.6361,101.37,1518.1,0,3964
1,37,59.46,0.5206,101.4,1504.6,0,3963
1,38,60.26,0.6123,103.3,1506.9,0,3962
1,39,62.14,0.5618,106.08,1518.6,0,3961
1,40,62.83,0.5654,102.4,1514.6,0,3960
1,41,62.2,0.4767,101.76,1505.7,0,3959
1,42,61.9,0.5363,101.72,1502.1,0,3958
1,43,61.72,0.5093,102.52,1510.7,0,3957
1,44,60.36,0.5735,100.66,1521.3,0,3956
1,45,61.31,0.5817,102.59,1519.5,0,3955
1,46,61.67,0.4543,103.29,1514.6,0,3954
1,47,63.53,0.5347,102.84,1521.8,0,3953
1,48,62.72,0.5786,103.37,1530.2,0,3952
1,49,60.24,0.5244,103.36,1523.8,0,3951
1,50,62.79,0.5591,98.98,1518.7,0,3950
1,51,61.98,0.5419,103.83,1529.3,0,3949
1,52,61.67,0.5394,101.25,1510.4,0,3948
1,53,63.26,0.5127,100.43,1517.7,0,3947
1,54,63.81,0.4727,100.44,1518.0,0,3946
1,55,63.73,0.4742,103.54,1507.6,0,3945
1,56,61.65,0.5451,102.26,1515.7,0,3944
1,57,62.33,0.5152,99.36,1499.1,0,3943
1,58,63.14,0.5064,103.71,1538.8,0,3942
1,59,63.95,0.4926,99.89,1510.2,0,3941
1,60,62.25,0.4948,103.08,1535.3,0,3940
1,61,62.64,0.5464,103.29,1519.7,0,3939
1,62,61.58,0.4887,104.61,1524.8,0,3938
1,63,61.51,0.4459,106.42,1514.1,0,3937
1,64,63.96,0.5268,100.14,1520.9,0,3936
1,65,64.65,0.4864,102.79,1525.1,0,3935
1,66,62.98,0.4934,102.35,1525.0,0,3934
1,67,64.31,0.554,103.79,1525.8,0,3933
1,68,63.58,0.4864,103.36,1514.2,0,3932
1,69,62.41,0.4964,102.24,1512.8,0,3931
1,70,63.65,0.4353,102.07,1501.3,0,3930
1,71,65.1,0.4714,100.73,1522.2,0,3929
1,72,63.25,0.5023,104.95,1527.5,0,3928
1,73,65.21,0.4134,103.9,1532.4,0,3927
1,74,60.23,0.4815,104.82,1519.0,0,3926
1,75,64.39,0.4755,102.37,1507.9,0,3925
1,76,63.55,0.4711,101.68,1498.2,0,3924
1,77,63.12,0.509,100.84,1525.2,0,3923
1,78,63.63,0.479,103.72,1496.4,0,3922
1,79,61.17,0.523,100.92,1510.5,0,3921
1,80,63.32,0.4224,106.7,1511.3,0,3920
1,81,64.05,0.466,100.38,1512.4,0,3919
1,82,65.43,0.4625,103.54,1513.0,0,3918
1,83,63.07,0.4149,106.12,1513.5,0,3917
1,84,62.75,0.4947,104.18,1487.5,0,3916
1,85,63.15,0.5482,103.33,1511.3,0,3915
1,86,64.89,0.4535,101.03,1488.4,0,3914
1,87,64.22,0.4734,100.19,1517.5,0,3913
1,88,63.22,0.4558,104.49,1504.1,0,3912
1,89,64.5,0.4232,105.95,1487.5,0,3911
1,90,64.03,0.3783,102.04,1500.4,0,3910
1,91,65.11,0.4224,100.63,1502.3,0,3909
1,92,63.14,0.3946,97.98,1519.4,0,3908
1,93,63.61,0.5183,100.91,1508.9,0,3907
1,94,63.57,0.4454,102.63,1509.8,0,3906
1,95,62.31,0.4362,106.04,1517.6,0,3905
1,96,64.45,0.4858,104.17,1504.2,0,3904
1,97,64.44,0.4056,103.41,1512.1,0,3903
1,98,64.16,0.4202,101.98,1510.8,0,3902
1,99,63.9,0.4541,101.59,1490.6,0,3901
1,100,62.51,0.4932,105.54,1517.6,0,3900
1,101,63.73,0.4729,103.1,1488.0,0,3899
1,102,63.85,0.4636,98.47,1510.8,0,3898
1,103,63.32,0.4578,101.3,1485.9,0,3897
1,104,64.12,0.4718,100.9,1506.4,0,3896
1,105,64.82,0.4651,101.5,1518.5,0,3895
1,106,66.63,0.4172,103.68,1497.1,0,3894
1,107,64.6,0.4617,102.31,1496.1,0,3893
1,108,64.72,0.4184,102.34,1504.1,0,3892
1,109,64.34,0.4662,105.09,1494.1,0,3891
1,110,62.15,0.4455,101.03,1515.0,0,3890
1,111,64.45,0.5681,106.12,1498.2,0,3889
1,112,64.57,0.4668,101.01,1492.5,0,3888
1,113,67.48,0.4142,102.49,1489.7,0,3887
1,114,64.31,0.4671,101.71,1485.2,0,3886
1,115,64.93,0.4954,102.48,1487.7,0,3885
1,116,64.54,0.5437,103.09,1489.9,0,3884
1,117,63.2,0.4554,103.02,1487.9,0,3883
1,118,65.99,0.418,100.61,1485.7,0,3882
1,119,65.54,0.5163,99.82,1512.7,0,3881
1,120,65.61,0.4308,107.03,1480.8,0,3880
1,121,63.59,0.471,101.01,1492.1,0,3879
1,122,66.38,0.4806,103.33,1496.0,0,3878
1,123,63.03,0.4906,98.67,1495.9,0,3877
1,124,65.43,0.5234,101.28,1488.5,0,3876
1,125,67.37,0.471,101.54,1486.2,0,3875
1,126,63.57,0.4899,102.69,1492.6,0,3874
1,127,64.1,0.5028,96.25,1490.3,0,3873
1,128,64.91,0.5118,101.98,1484.6,0,3872
1,129,64.2,0.5122,99.3,1471.1,0,3871
1,130,62.96,0.5282,102.2,1481.6,0,3870
1,131,64.91,0.5469,99.42,1474.3,0,3869
1,132,63.57,0.5313,99.73,1478.7,0,3868
1,133,65.42,0.5361,100.84,1485.3,0,3867
1,134,63.76,0.457,99.23,1488.2,0,3866
1,135,66.74,0.5245,100.33,1502.0,0,3865
1,136,63.95,0.5439,98.84,1478.5,0,3864
1,137,64.51,0.556,97.51,1491.3,0,3863
1,138,65.89,0.5012,103.15,1486.2,0,3862
1,139,63.44,0.5046,98.47,1495.8,0,3861
1,140,65.2,0.5099,100.65,1488.3,0,3860
1,141,66.5,0.5561,102.45,1472.2,0,3859
1,142,63.01,0.5778,99.66,1464.8,0,3858
1,143,65.17,0.5218,99.18,1484.9,0,3857
1,144,65.27,0.576,101.23,1476.2,0,3856
1,145,65.9,0.5461,102.95,1471.5,0,3855
1,146,63.49,0.5376,98.32,1468.4,0,3854
1,147,63.39,0.5353,100.3,1482.5,0,3853
1,148,65.61,0.5748,97.08,1495.8,0,3852
1,149,65.34,0.559,99.7,1476.5,0,3851
1,150,65.29,0.6379,100.49,1486.4,0,3850
1,151,65.41,0.5136,98.65,1479.3,0,3849
1,152,64.18,0.5691,99.39,1467.3,0,3848
1,153,65.27,0.5278,97.43,1487.5,0,3847
1,154,65.35,0.5146,100.34,1469.1,0,3846
1,155,64.14,0.5493,102.24,1480.3,0,3845
1,156,67.24,0.5554,97.87,1476.6,0,3844
1,157,65.57,0.6667,98.76,1488.9,0,3843
1,158,63.57,0.5426,100.95,1469.4,0,3842
1,159,65.79,0.5046,102.31,1483.9,0,3841
1,160,63.83,0.5604,96.84,1471.7,0,3840
1,161,65.94,0.4661,99.43,1475.0,0,3839
1,162,66.38,0.5448,100.27,1443.9,0,3838
1,163,64.01,0.5485,99.44,1501.2,0,3837
1,164,66.14,0.5788,94.63,1485.9,0,3836
1,165,65.48,0.5851,100.53,1472.9,0,3835
1,166,65.97,0.525,102.51,1469.5,0,3834
1,167,67.25,0.5379,99.64,1475.9,0,3833
1,168,64.68,0.5121,97.29,1488.2,0,3832
1,169,64.06,0.4963,98.27,1462.3,0,3831
1,170,63.89,0.5523,102.77,1480.1,0,3830
1,171,63.97,0.4874,101.0,1499.4,0,3829
1,172,64.85,0.5201,100.4,1470.6,0,3828
1,173,65.35,0.4952,99.77,1483.0,0,3827
1,174,65.26,0.5551,97.68,1504.6,0,3826
1,175,65.91,0.6033,98.55,1489.1,0,3825
1,176,64.93,0.4772,98.74,1484.4,0,3824
1,177,66.65,0.4531,99.94,1488.5,0,3823
1,178,64.57,0.5201,101.8,1479.8,0,3822
1,179,68.14,0.5235,100.96,1497.2,0,3821
1,180,65.62,0.5294,95.83,1480.6,0,3820
1,181,63.83,0.5005,99.07,1465.3,0,3819
1,182,63.56,0.5079,100.04,1481.4,0,3818
1,183,65.41,0.5283,99.75,1476.1,0,3817
1,184,64.55,0.5528,97.2,1483.4,0,3816
1,185,65.66,0.4305,104.24,1484.0,0,3815
1,186,65.36,0.4915,95.81,1499.0,0,3814
1,187,64.69,0.5123,96.14,1494.5,0,3813
1,188,63.75,0.4645,98.73,1490.6,0,3812
1,189,62.93,0.568,102.45,1488.5,0,3811
1,190,64.2,0.4708,96.49,1478.4,0,3810
1,191,65.74,0.4921,97.59,1467.7,0,3809
1,192,64.96,0.5135,100.23,1491.1,0,3808
1,193,63.19,0.4652,97.99,1498.5,0,3807
1,194,64.87,0.4125,97.31,1490.0,0,3806
1,195,65.11,0.4669,99.07,1486.3,0,3805
1,196,63.57,0.5229,98.44,1496.8,0,3804
1,197,64.79,0.4659,99.91,1491.9,0,3803
1,198,64.66,0.4433,100.39,1510.1,0,3802
1,199,63.2,0.512,98.38,1506.2,0,3801
1,200,64.98,0.4596,98.31,1504.0,0,3800
1,201,65.2,0.4503,98.12,1502.6,0,3799
1,202,65.8,0.4747,98.63,1482.7,0,3798
1,203,65.75,0.4977,97.73,1502.8,0,3797
1,204,62.81,0.5603,97.58,1500.5,0,3796
1,205,63.31,0.4964,99.94,1503.4,0,3795
1,206,65.03,0.508,100.54,1502.9,0,3794
1,207,65.01,0.4398,94.46,1503.1,0,3793
1,208,64.98,0.4176,97.47,1526.1,0,3792
1,209,68.96,0.4598,96.04,1499.0,0,3791
1,210,65.0,0.4603,96.76,1509.7,0,3790
1,211,65.65,0.4117,98.16,1496.2,0,3789
1,212,65.41,0.4468,98.67,1509.4,0,3788
1,213,65.02,0.4689,97.08,1511.5,0,3787
1,214,63.83,0.4666,93.45,1506.4,0,3786
1,215,65.1,0.4717,95.32,1520.0,0,3785
1,216,63.23,0.4626,99.02,1495.1,0,3784
1,217,63.84,0.4302,91.72,1499.6,0,3783
1,218,63.52,0.4297,99.56,1507.2,0,3782
1,219,64.17,0.4021,98.21,1514.5,0,3781
1,220,66.82,0.5214,99.78,1508.0,0,3780
1,221,61.77,0.4506,96.73,1519.7,0,3779
1,222,64.81,0.4413,92.99,1500.7,0,3778
1,223,62.02,0.4134,97.96,1496.5,0,3777
1,224,63.36,0.5685,99.63,1511.5,0,3776
1,225,65.2,0.4087,98.92,1508.2,0,3775
1,226,63.94,0.4351,95.73,1515.0,0,3774
1,227,62.53,0.4697,97.22,1509.8,0,3773
1,228,62.94,0.478,95.97,1507.2,0,3772
1,229,64.58,0.4934,95.39,1510.3,0,3771
1,230,62.85,0.5285,98.93,1511.9,0,3770
1,231,63.95,0.4777,94.62,1509.0,0,3769
1,232,63.72,0.4166,95.22,1510.5,0,3768
1,233,62.85,0.4501,94.8,1509.0,0,3767
1,234,66.17,0.4742,94.02,1522.0,0,3766
1,235,64.32,0.5463,97.29,1515.8,0,3765
1,236,61.09,0.4094,99.32,1536.9,0,3764
1,237,63.71,0.5153,96.63,1516.3,0,3763
1,238,62.66,0.4763,93.99,1509.6,0,3762
1,239,64.44,0.5046,98.69,1542.2,0,3761
1,240,62.43,0.4691,100.38,1520.0,0,3760
1,241,63.2,0.4416,95.72,1526.1,0,3759
1,242,63.91,0.5076,96.07,1522.5,0,3758
1,243,64.3,0.506,98.06,1523.1,0,3757
1,244,61.79,0.521,100.29,1522.6,0,3756
1,245,62.79,0.4839,96.01,1506.5,0,3755
1,246,62.58,0.4628,94.4,1521.5,0,3754
1,247,62.33,0.4269,98.34,1504.8,0,3753
1,248,65.19,0.5245,98.69,1516.6,0,3752
1,249,63.52,0.5112,97.12,1511.3,0,3751
1,250,61.48,0.4581,96.01,1522.3,0,3750
1,251,64.05,0.4776,99.13,1522.3,0,3749
1,252,65.46,0.483,98.22,1524.0,0,3748
1,253,64.11,0.4449,95.64,1522.2,0,3747
1,254,61.01,0.474,97.3,1513.4,0,3746
1,255,62.21,0.4638,94.52,1517.0,0,3745
1,256,64.27,0.4951,98.62,1528.9,0,3744
1,257,61.86,0.4844,96.75,1530.5,0,3743
1,258,63.2,0.4513,96.42,1508.4,0,3742
1,259,63.55,0.5996,97.26,1504.6,0,3741
1,260,61.47,0.5711,97.43,1512.7,0,3740
1,261,62.46,0.4921,99.17,1530.4,0,3739
1,262,58.6,0.5363,98.59,1532.1,0,3738
1,263,61.22,0.5443,97.13,1510.7,0,3737
1,264,62.1,0.5772,99.0,1523.0,0,3736
1,265,60.86,0.4988,98.3,1538.3,0,3735
1,266,64.27,0.5772,96.68,1524.0,0,3734
1,267,60.56,0.5134,97.32,1534.0,0,3733
1,268,61.7,0.4836,97.31,1529.6,0,3732
1,269,62.34,0.5676,98.65,1510.4,0,3731
1,270,63.87,0.5918,96.95,1517.5,0,3730
1,271,60.37,0.6451,96.94,1519.6,0,3729
1,272,63.44,0.495,101.7,1520.1,0,3728
1,273,62.01,0.5721,99.68,1528.0,0,3727
1,274,60.78,0.5289,96.32,1522.8,0,3726
1,275,62.46,0.5776,99.03,1489.1,0,3725
1,276,62.1,0.4884,98.16,1505.1,0,3724
1,277,61.1,0.4974,98.75,1496.1,0,3723
1,278,61.85,0.5176,98.29,1519.4,0,3722
1,279,61.26,0.5523,100.44,1519.8,0,3721
1,280,61.81,0.5239,98.8,1519.9,0,3720
1,281,62.42,0.5762,98.03,1507.2,0,3719
1,282,63.48,0.591,100.29,1523.2,0,3718
1,283,60.05,0.574,98.72,1523.3,0,3717
1,284,64.04,0.6147,98.54,1503.2,0,3716
1,285,59.09,0.5663,98.98,1500.7,0,3715
1,286,61.21,0.5007,98.21,1515.0,0,3714
1,287,62.05,0.6034,98.47,1532.5,0,3713
1,288,61.63,0.5241,97.33,1531.1,0,3712
1,289,60.5,0.584,97.05,1519.3,0,3711
1,290,60.95,0.6097,96.61,1506.0,0,3710
1,291,60.56,0.5641,95.88,1521.7,0,3709
1,292,60.39,0.4849,96.95,1507.8,0,3708
1,293,62.07,0.5068,98.42,1504.2,0,3707
1,294,61.43,0.5952,99.03,1489.9,0,3706
1,295,60.12,0.5341,98.34,1511.9,0,3705
1,296,61.98,0.5426,94.22,1504.1,0,3704
1,297,61.22,0.5682,102.14,1510.8,0,3703
1,298,61.78,0.564,101.22,1486.3,0,3702
1,299,61.51,0.5455,100.0,1510.5,0,3701
1,300,59.71,0.5242,102.98,1483.9,0,3700
1,301,59.98,0.5181,97.26,1518.6,0,3699
1,302,61.5,0.5629,103.05,1512.4,0,3698
1,303,61.29,0.5486,97.41,1503.8,0,3697
1,304,60.48,0.514,99.87,1511.6,0,3696
1,305,60.6,0.5654,96.91,1495.6,0,3695
1,306,61.94,0.5147,99.54,1505.6,0,3694
1,307,59.65,0.4835,100.34,1512.2,0,3693
1,308,60.96,0.4848,99.32,1472.7,0,3692
1,309,60.02,0.4736,101.12,1498.6,0,3691
1,310,59.95,0.4994,99.95,1502.3,0,3690
1,311,61.48,0.5572,98.77,1499.9,0,3689
1,312,61.1,0.4732,98.74,1515.9,0,3688
1,313,61.03,0.5104,101.55,1489.5,0,3687
1,314,61.57,0.4741,98.68,1493.9,0,3686
1,315,59.98,0.4875,101.88,1480.3,0,3685
1,316,60.73,0.435,102.56,1514.0,0,3684
1,317,59.49,0.4841,96.83,1495.8,0,3683
1,318,60.2,0.4827,102.5,1493.3,0,3682
1,319,59.6,0.5096,104.41,1496.6,0,3681
1,320,59.82,0.4945,100.85,1502.9,0,3680
1,321,60.37,0.4353,101.61,1499.4,0,3679
1,322,58.63,0.5243,102.54,1521.8,0,3678
1,323,62.07,0.487,99.98,1499.3,0,3677
1,324,58.3,0.4843,100.95,1489.5,0,3676
1,325,58.0,0.4738,98.02,1488.0,0,3675
1,326,60.8,0.4514,100.98,1489.1,0,3674
1,327,60.31,0.4788,101.76,1477.5,0,3673
1,328,60.06,0.4871,101.85,1492.3,0,3672
1,329,60.01,0.3963,103.01,1499.2,0,3671
1,330,59.2,0.4429,99.39,1484.7,0,3670
1,331,58.09,0.4525,99.93,1482.2,0,3669
1,332,59.2,0.4713,104.84,1505.0,0,3668
1,333,58.25,0.5073,100.8,1475.0,0,3667
1,334,60.18,0.4273,101.56,1468.1,0,3666
1,335,58.79,0.4369,101.08,1476.8,0,3665
1,336,57.93,0.4351,99.63,1472.4,0,3664
1,337,58.48,0.4225,104.57,1491.2,0,3663
1,338,59.31,0.4397,100.32,1483.3,0,3662
1,339,58.09,0.4835,99.18,1484.2,0,3661
1,340,57.74,0.4098,100.58,1497.5,0,3660
1,341,58.97,0.4684,97.53,1478.7,0,3659
1,342,58.92,0.3827,100.28,1492.9,0,3658
1,343,57.97,0.428,99.7,1499.9,0,3657
1,344,57.96,0.437,102.92,1479.8,0,3656
1,345,58.76,0.517,100.39,1491.4,0,3655
1,346,56.7,0.439,103.56,1481.3,0,3654
1,347,56.7,0.3621,104.63,1492.6,0,3653
1,348,57.48,0.3704,103.44,1467.3,0,3652
1,349,58.04,0.4521,101.49,1466.2,0,3651
1,350,58.62,0.4758,102.25,1478.5,0,3650
1,351,59.97,0.4668,98.97,1473.2,0,3649
1,352,59.18,0.4593,101.79,1476.7,0,3648
1,353,57.91,0.4999,100.38,1479.4,0,3647
1,354,58.04,0.4328,103.53,1488.6,0,3646
1,355,56.81,0.4912,107.33,1477.1,0,3645
1,356,57.95,0.3914,103.23,1472.7,0,3644
1,357,57.58,0.4217,98.29,1477.3,0,3643
1,358,58.26,0.3871,101.58,1473.0,0,3642
1,359,56.84,0.4499,102.59,1471.2,0,3641
1,360,58.41,0.4606,102.56,1464.3,0,3640
1,361,59.58,0.4687,100.96,1481.0,0,3639
1,362,57.57,0.4684,102.94,1474.5,0,3638
1,363,58.14,0.4307,100.0,1489.8,0,3637
1,364,58.44,0.4621,100.63,1465.6,0,3636
1,365,57.08,0.4119,103.84,1474.6,0,3635
1,366,57.79,0.5284,100.55,1498.1,0,3634
1,367,57.49,0.4639,103.69,1470.6,0,3633
1,368,57.55,0.4587,99.9,1477.7,0,3632
1,369,56.47,0.5441,106.2,1467.9,0,3631
1,370,57.38,0.4332,101.15,1466.6,0,3630
1,371,57.91,0.4402,102.27,1495.7,0,3629
1,372,59.01,0.4438,103.41,1482.0,0,3628
1,373,58.38,0.4874,101.64,1481.7,0,3627
1,374,59.77,0.5098,103.08,1463.5,0,3626
1,375,56.22,0.5246,103.96,1484.2,0,3625
1,376,58.15,0.6004,104.76,1492.4,0,3624
1,377,57.28,0.41,104.44,1492.5,0,3623
1,378,59.65,0.5269,102.53,1487.9,0,3622
1,379,56.01,0.4827,102.59,1470.1,0,3621
1,380,55.93,0.484,107.6,1484.7,0,3620
1,381,56.18,0.4852,104.82,1488.5,0,3619
1,382,54.31,0.476,101.09,1464.2,0,3618
1,383,56.19,0.5822,103.14,1471.2,0,3617
1,384,55.87,0.5509,102.28,1491.6,0,3616
1,385,56.93,0.5204,102.69,1491.8,0,3615
1,386,57.12,0.5758,100.51,1467.8,0,3614
1,387,58.92,0.4635,102.16,1491.6,0,3613
1,388,57.77,0.4729,106.61,1485.0,0,3612
1,389,55.91,0.4411,104.15,1492.2,0,3611
1,390,55.48,0.5023,98.01,1478.4,0,3610
1,391,57.12,0.5387,105.43,1491.6,0,3609
1,392,54.9,0.5382,105.18,1494.0,0,3608
1,393,58.65,0.5419,102.28,1482.5,0,3607
1,394,57.83,0.4811,104.43,1486.6,0,3606
1,395,55.82,0.5713,101.28,1480.4,0,3605
1,396,54.29,0.5503,102.05,1503.8,0,3604
1,397,57.94,0.5714,105.99,1486.6,0,3603
1,398,56.14,0.4677,102.44,1479.1,0,3602
1,399,57.73,0.557,99.24,1481.6,0,3601
1,400,54.3,0.4981,102.84,1490.5,0,3600
1,401,55.46,0.5307,102.8,1497.3,0,3599
1,402,56.16,0.5688,105.34,1476.9,0,3598
1,403,56.18,0.5518,102.97,1509.3,0,3597
1,404,55.55,0.5147,102.08,1494.5,0,3596
1,405,56.8,0.5495,105.0,1496.6,0,3595
1,406,54.75,0.4884,103.14,1491.5,0,3594
1,407,55.83,0.5959,101.38,1493.2,0,3593
1,408,56.11,0.5418,105.17,1492.1,0,3592
1,409,56.55,0.5947,103.23,1504.3,0,3591
1,410,56.76,0.5288,102.83,1494.7,0,3590
1,411,54.53,0.5286,103.16,1503.0,0,3589
1,412,54.01,0.5186,100.64,1491.6,0,3588
1,413,57.36,0.5837,101.7,1498.4,0,3587
1,414,56.2,0.5197,102.74,1489.0,0,3586
1,415,54.87,0.5731,102.32,1509.8,0,3585
1,416,57.61,0.5311,105.22,1489.9,0,3584
1,417,55.86,0.4664,103.09,1495.6,0,3583
1,418,57.11,0.5215,104.33,1496.3,0,3582
1,419,55.75,0.496,102.61,1496.5,0,3581
1,420,58.12,0.5432,104.68,1507.9,0,3580
1,421,57.72,0.4928,103.33,1498.1,0,3579
1,422,55.3,0.5759,102.53,1515.8,0,3578
1,423,56.74,0.5336,102.44,1494.3,0,3577
1,424,56.32,0.5285,100.52,1504.8,0,3576
1,425,57.17,0.56,103.41,1495.9,0,3575
1,426,54.35,0.5704,102.28,1508.4,0,3574
1,427,56.3,0.5291,101.32,1504.7,0,3573
1,428,56.73,0.497,104.5,1503.9,0,3572
1,429,53.33,0.4548,99.74,1517.9,0,3571
1,430,54.0,0.4961,101.36,1500.0,0,3570
1,431,52.95,0.4967,104.22,1513.0,0,3569
1,432,55.06,0.5233,102.75,1500.0,0,3568
1,433,56.22,0.5029,101.98,1509.3,0,3567
1,434,57.15,0.5419,102.54,1496.8,0,3566
1,435,55.41,0.4874,102.35,1502.7,0,3565
1,436,57.26,0.5072,98.91,1509.0,0,3564
1,437,53.63,0.5544,101.2,1528.5,0,3563
1,438,53.23,0.5182,105.08,1511.9,0,3562
1,439,55.19,0.4997,100.48,1527.9,0,3561
1,440,55.7,0.4755,101.12,1514.0,0,3560
1,441,55.19,0.4717,100.62,1508.4,0,3559
1,442,52.73,0.4605,101.48,1528.2,0,3558
1,443,55.09,0.4705,100.44,1517.6,0,3557
1,444,53.62,0.5199,102.53,1507.3,0,3556
1,445,55.97,0.4783,101.9,1518.8,0,3555
1,446,55.6,0.4308,103.0,1511.6,0,3554
1,447,54.02,0.5532,99.3,1495.1,0,3553
1,448,54.52,0.4929,100.66,1524.7,0,3552
1,449,53.85,0.4216,100.84,1526.7,0,3551
1,450,55.04,0.458,102.15,1534.5,0,3550
1,451,56.25,0.4779,99.6,1520.6,0,3549
1,452,53.91,0.5396,102.96,1514.3,0,3548
1,453,55.69,0.4251,103.44,1525.4,0,3547
1,454,54.44,0.5065,99.04,1525.9,0,3546
1,455,54.11,0.5216,99.98,1534.1,0,3545
1,456,54.93,0.4387,99.84,1517.5,0,3544
1,457,53.81,0.451,106.11,1516.5,0,3543
1,458,54.38,0.4191,99.93,1511.3,0,3542
1,459,53.6,0.4509,104.08,1524.0,0,3541
1,460,57.39,0.4562,98.14,1503.4,0,3540
1,461,55.07,0.4828,98.63,1526.8,0,3539
1,462,54.18,0.4988,99.18,1525.1,0,3538
1,463,55.27,0.4243,98.8,1525.2,0,3537
1,464,54.88,0.3745,99.9,1520.9,0,3536
1,465,54.74,0.4516,98.96,1535.0,0,3535
1,466,55.74,0.4634,98.68,1528.5,0,3534
1,467,55.91,0.4611,102.57,1513.8,0,3533
1,468,54.37,0.4376,102.64,1514.0,0,3532
1,469,54.31,0.4553,102.03,1511.2,0,3531
1,470,54.67,0.5107,101.12,1525.5,0,3530
1,471,52.24,0.4653,100.2,1510.0,0,3529
1,472,53.18,0.4351,98.96,1530.8,0,3528
1,473,56.64,0.4302,97.99,1533.2,0,3527
1,474,56.98,0.4437,100.56,1511.1,0,3526
1,475,54.7,0.5164,97.43,1518.0,0,3525
1,476,55.7,0.4441,97.73,1520.0,0,3524
1,477,55.38,0.4513,101.96,1528.5,0,3523
1,478,58.71,0.4335,103.4,1535.7,0,3522
1,479,56.36,0.4977,100.32,1502.6,0,3521
1,480,54.87,0.5331,101.69,1516.1,0,3520
1,481,53.88,0.4739,98.93,1516.5,0,3519
1,482,53.1,0.4604,96.68,1505.0,0,3518
1,483,55.28,0.4599,100.53,1513.9,0,3517
1,484,54.13,0.3645,100.38,1522.8,0,3516
1,485,53.34,0.4912,99.33,1515.5,0,3515
1,486,54.28,0.4684,98.64,1502.6,0,3514
1,487,53.76,0.4819,100.99,1546.5,0,3513
1,488,57.09,0.4381,97.04,1520.2,0,3512
1,489,56.14,0.4531,97.41,1518.3,0,3511
1,490,55.08,0.454,96.88,1505.9,0,3510
1,491,56.87,0.5133,99.01,1519.2,0,3509
1,492,55.2,0.4595,96.61,1514.6,0,3508
1,493,54.08,0.5601,97.37,1497.0,0,3507
1,494,56.96,0.4963,97.27,1504.8,0,3506
1,495,55.79,0.4303,98.11,1523.1,0,3505
1,496,53.91,0.4785,95.6,1534.2,0,3504
1,497,54.94,0.46,98.7,1518.0,0,3503
1,498,54.13,0.4007,100.96,1524.9,0,3502
1,499,53.53,0.5549,98.69,1511.9,0,3501
1,500,56.32,0.5215,101.45,1512.1,0,3500
1,501,57.51,0.5172,100.99,1523.5,0,3499
1,502,53.56,0.505,99.82,1528.7,0,3498
1,503,55.93,0.4456,98.37,1524.6,0,3497
1,504,54.49,0.484,98.22,1500.4,0,3496
1,505,54.7,0.5395,99.65,1509.9,0,3495
1,506,54.59,0.4663,97.29,1512.9,0,3494
1,507,54.28,0.4095,94.27,1507.0,0,3493
1,508,55.39,0.5041,98.97,1512.9,0,3492
1,509,54.36,0.5099,95.68,1516.7,0,3491
1,510,55.7,0.5234,95.98,1518.0,0,3490
1,511,55.33,0.5494,97.86,1524.2,0,3489
1,512,55.12,0.548,97.63,1503.5,0,3488
1,513,54.34,0.5351,94.95,1492.6,0,3487
1,514,54.76,0.5747,98.07,1509.3,0,3486
1,515,56.38,0.4682,99.63,1523.9,0,3485
1,516,56.09,0.5511,95.4,1499.8,0,3484
1,517,54.34,0.5579,100.17,1510.8,0,3483
1,518,55.66,0.4851,94.47,1510.3,0,3482
1,519,56.46,0.4763,101.79,1504.7,0,3481
1,520,53.58,0.5083,96.69,1502.2,0,3480
1,521,56.26,0.5132,97.77,1492.3,0,3479
1,522,54.84,0.5713,93.67,1478.1,0,3478
1,523,56.34,0.518,97.3,1489.2,0,3477
1,524,54.76,0.5095,97.85,1495.9,0,3476
1,525,53.54,0.5205,97.19,1510.1,0,3475
1,526,53.78,0.5907,96.21,1497.5,0,3474
1,527,55.82,0.5474,95.41,1492.8,0,3473
1,528,56.1,0.5405,99.54,1488.5,0,3472
1,529,54.73,0.544,97.32,1503.3,0,3471
1,530,56.6,0.6007,100.31,1509.8,0,3470
1,531,53.87,0.5194,96.16,1506.2,0,3469
1,532,55.82,0.6024,96.32,1501.1,0,3468
1,533,54.47,0.5583,98.8,1479.7,0,3467
1,534,55.17,0.5436,93.9,1490.3,0,3466
1,535,56.04,0.65,94.7,1512.8,0,3465
1,536,54.98,0.5075,99.31,1503.9,0,3464
1,537,55.58,0.5353,94.75,1476.8,0,3463
1,538,57.28,0.4997,93.44,1491.1,0,3462
1,539,55.41,0.5866,100.81,1494.7,0,3461
1,540,57.14,0.6154,94.27,1482.9,0,3460
1,541,54.81,0.6138,97.41,1466.9,0,3459
1,542,56.84,0.5951,97.17,1490.5,0,3458
1,543,57.96,0.5372,91.41,1481.1,0,3457
1,544,53.3,0.5294,96.49,1480.7,0,3456
1,545,55.34,0.4759,97.91,1484.5,0,3455
1,546,57.03,0.6228,97.72,1486.2,0,3454
1,547,56.12,0.5587,98.81,1487.0,0,3453
1,548,56.85,0.5187,96.23,1477.8,0,3452
1,549,55.71,0.5898,98.43,1484.0,0,3451
1,550,56.58,0.4961,95.62,1468.2,0,3450
1,551,56.32,0.5494,94.18,1488.5,0,3449
1,552,57.95,0.5243,94.41,1456.4,0,3448
1,553,56.89,0.5548,94.08,1481.7,0,3447
1,554,57.02,0.5246,99.03,1493.4,0,3446
1,555,56.16,0.467,93.99,1473.2,0,3445
1,556,56.11,0.5259,97.57,1490.6,0,3444
1,557,56.21,0.5625,96.5,1494.7,0,3443
1,558,57.24,0.5171,96.84,1449.8,0,3442
1,559,56.3,0.5469,99.78,1481.0,0,3441
1,560,57.19,0.4717,96.19,1453.5,0,3440
1,561,59.37,0.5101,98.3,1480.8,0,3439
1,562,57.97,0.4837,97.16,1481.7,0,3438
1,563,56.57,0.5361,96.8,1456.7,0,3437
1,564,58.44,0.505,101.72,1500.5,0,3436
1,565,56.55,0.5288,94.26,1483.9,0,3435
1,566,54.64,0.5422,99.73,1472.4,0,3434
1,567,55.91,0.5239,98.49,1495.4,0,3433
1,568,54.92,0.5047,96.24,1462.6,0,3432
1,569,56.78,0.4513,100.48,1468.1,0,3431
1,570,57.27,0.4887,93.55,1457.3,0,3430
1,571,59.3,0.4651,96.22,1498.2,0,3429
1,572,57.72,0.4702,94.87,1483.5,0,3428
1,573,57.11,0.4667,98.14,1486.7,0,3427
1,574,58.41,0.4402,95.12,1483.0,0,3426
1,575,54.81,0.3988,98.24,1485.7,0,3425
1,576,57.78,0.4482,97.03,1480.8,0,3424
1,577,58.47,0.4805,96.48,1482.7,0,3423
1,578,55.81,0.4168,98.24,1481.1,0,3422
1,579,59.01,0.4694,96.96,1474.0,0,3421
1,580,58.08,0.5428,95.35,1479.7,0,3420
1,581,57.22,0.5059,103.17,1483.0,0,3419
1,582,58.53,0.529,96.63,1481.4,0,3418
1,583,60.54,0.4772,93.2,1465.7,0,3417
1,584,58.07,0.5067,95.99,1467.1,0,3416
1,585,58.2,0.4296,95.18,1491.6,0,3415
1,586,57.4,0.4315,99.41,1477.8,0,3414
1,587,56.97,0.3464,98.44,1486.9,0,3413
1,588,59.03,0.5023,98.63,1470.4,0,3412
1,589,57.06,0.5155,97.14,1466.8,0,3411
1,590,58.22,0.4308,97.36,1473.3,0,3410
1,591,57.6,0.442,97.22,1479.8,0,3409
1,592,58.8,0.4213,97.85,1475.6,0,3408
1,593,58.67,0.4663,99.72,1495.5,0,3407
1,594,59.56,0.4955,98.77,1484.7,0,3406
1,595,57.75,0.3805,99.15,1501.7,0,3405
1,596,58.09,0.4664,99.19,1487.6,0,3404
1,597,57.29,0.4389,100.01,1459.7,0,3403
1,598,57.97,0.4546,98.87,1494.8,0,3402
1,599,59.01,0.4686,99.06,1469.5,0,3401
1,600,59.51,0.4431,100.77,1487.3,0,3400
1,601,57.54,0.4469,97.11,1477.6,0,3399
1,602,59.74,0.4431,96.78,1507.2,0,3398
1,603,60.37,0.4911,96.17,1500.6,0,3397
1,604,59.29,0.4699,98.96,1479.3,0,3396
1,605,61.1,0.4629,94.94,1485.8,0,3395
1,606,57.96,0.4042,99.63,1490.0,0,3394
1,607,57.45,0.4411,98.54,1496.7,0,3393
1,608,56.86,0.4934,101.08,1488.8,0,3392
1,609,60.84,0.4604,97.53,1478.8,0,3391
1,610,59.87,0.4867,98.52,1482.4,0,3390
1,611,59.07,0.5326,101.23,1490.0,0,3389
1,612,59.52,0.5051,101.8,1502.9,0,3388
1,613,57.89,0.4691,97.73,1495.4,0,3387
1,614,62.22,0.4467,99.52,1483.9,0,3386
1,615,59.49,0.367,99.8,1498.7,0,3385
1,616,59.52,0.4644,100.02,1488.9,0,3384
1,617,60.31,0.4601,98.8,1502.2,0,3383
1,618,60.06,0.4909,101.95,1519.2,0,3382
1,619,59.8,0.4714,95.66,1490.9,0,3381
1,620,58.64,0.467,98.66,1503.1,0,3380
1,621,60.2,0.4109,100.46,1488.2,0,3379
1,622,61.94,0.4469,100.54,1495.1,0,3378
1,623,61.35,0.5059,102.39,1497.1,0,3377
1,624,61.7,0.5579,102.14,1495.5,0,3376
1,625,59.22,0.4878,99.23,1522.6,0,3375
1,626,58.7,0.5073,102.46,1495.5,0,3374
1,627,59.78,0.5348,98.49,1505.1,0,3373
1,628,60.05,0.4668,101.84,1480.5,0,3372
1,629,61.35,0.5164,103.66,1504.7,0,3371
1,630,58.05,0.4746,102.53,1512.4,0,3370
1,631,61.97,0.5413,100.37,1496.3,0,3369
1,632,59.99,0.5152,99.56,1477.1,0,3368
1,633,59.72,0.5235,97.22,1502.4,0,3367
1,634,59.07,0.4827,100.96,1503.6,0,3366
1,635,58.35,0.5447,98.17,1511.2,0,3365
1,636,61.37,0.6021,98.87,1524.7,0,3364
1,637,60.52,0.4807,98.14,1501.3,0,3363
1,638,58.94,0.5097,99.66,1497.2,0,3362
1,639,58.98,0.5347,100.58,1494.6,0,3361
1,640,60.18,0.559,101.24,1508.8,0,3360
1,641,62.64,0.5072,99.55,1512.2,0,3359
1,642,60.37,0.4183,102.95,1502.5,0,3358
1,643,58.93,0.5879,100.45,1516.3,0,3357
1,644,60.49,0.5657,99.35,1513.7,0,3356
1,645,60.5,0.4673,101.44,1510.0,0,3355
1,646,57.64,0.5144,104.97,1501.1,0,3354
1,647,60.86,0.6029,101.77,1505.8,0,3353
1,648,60.7,0.5995,100.42,1486.8,0,3352
1,649,61.86,0.5805,98.15,1514.0,0,3351
1,650,63.29,0.5371,100.82,1512.4,0,3350
1,651,62.48,0.5486,101.78,1514.5,0,3349
1,652,60.85,0.5411,100.59,1518.1,0,3348
1,653,59.89,0.5923,98.09,1517.4,0,3347
1,654,64.36,0.5129,99.77,1512.8,0,3346
1,655,61.39,0.5164,104.44,1514.8,0,3345
1,656,61.38,0.5895,104.45,1500.7,0,3344
1,657,61.39,0.5478,99.85,1509.3,0,3343
1,658,61.7,0.605,103.02,1516.1,0,3342
1,659,61.34,0.5231,99.37,1508.6,0,3341
1,660,60.87,0.5478,104.58,1524.9,0,3340
1,661,60.95,0.513,102.31,1510.0,0,3339
1,662,61.61,0.55,103.77,1519.1,0,3338
1,663,61.05,0.4902,98.49,1518.4,0,3337
1,664,60.89,0.5294,103.32,1525.0,0,3336
1,665,61.92,0.4908,101.99,1526.8,0,3335
1,666,61.53,0.5753,103.76,1525.0,0,3334
1,667,63.69,0.5754,103.93,1497.3,0,3333
1,668,58.75,0.4766,102.27,1530.5,0,3332
1,669,63.29,0.5981,100.98,1534.1,0,3331
1,670,63.52,0.6435,103.78,1514.2,0,3330
1,671,59.58,0.5441,102.14,1521.5,0,3329
1,672,61.7,0.5152,100.55,1510.4,0,3328
1,673,61.71,0.6524,100.5,1500.0,0,3327
1,674,60.52,0.4851,99.42,1512.2,0,3326
1,675,61.32,0.5369,101.39,1514.3,0,3325
1,676,60.96,0.5415,104.65,1516.3,0,3324
1,677,64.44,0.5863,102.84,1510.3,0,3323
1,678,63.51,0.5449,101.45,1512.6,0,3322
1,679,63.95,0.5086,104.16,1519.9,0,3321
1,680,63.34,0.4884,100.91,1512.3,0,3320
1,681,61.16,0.5106,102.8,1525.4,0,3319
1,682,61.93,0.4818,102.28,1526.8,0,3318
1,683,63.19,0.5217,104.22,1543.8,0,3317
1,684,61.18,0.4949,99.54,1531.2,0,3316
1,685,63.54,0.4554,101.02,1522.3,0,3315
1,686,62.44,0.5629,99.47,1513.5,0,3314
1,687,62.32,0.4904,102.25,1522.6,0,3313
1,688,63.66,0.4571,105.21,1522.8,0,3312
1,689,63.38,0.4986,101.8,1514.2,0,3311
1,690,62.46,0.5056,101.81,1527.1,0,3310
1,691,64.32,0.4305,104.59,1505.1,0,3309
1,692,61.68,0.5111,105.01,1516.4,0,3308
1,693,63.75,0.4535,102.71,1524.2,0,3307
1,694,63.76,0.5613,104.27,1515.5,0,3306
1,695,62.72,0.5114,100.76,1516.1,0,3305
1,696,63.52,0.472,105.69,1516.5,0,3304
1,697,61.67,0.4558,107.24,1509.3,0,3303
1,698,64.32,0.479,104.0,1529.1,0,3302
1,699,63.03,0.5054,98.79,1506.9,0,3301
1,700,62.66,0.4776,101.86,1519.9,0,3300
1,701,64.58,0.4677,104.21,1520.5,0,3299
1,702,62.51,0.4765,102.14,1506.6,0,3298
1,703,61.71,0.4479,105.54,1516.4,0,3297
1,704,61.57,0.4563,104.17,1506.2,0,3296
1,705,64.2,0.3846,101.58,1528.8,0,3295
1,706,61.97,0.5051,103.06,1503.1,0,3294
1,707,65.65,0.4763,101.21,1507.5,0,3293
1,708,61.08,0.4317,102.63,1501.4,0,3292
1,709,65.65,0.537,101.89,1499.6,0,3291
1,710,63.9,0.463,105.34,1528.7,0,3290
1,711,63.56,0.4167,107.22,1517.7,0,3289
1,712,63.06,0.4911,100.12,1513.2,0,3288
1,713,64.22,0.4715,99.13,1504.7,0,3287
1,714,63.73,0.4703,102.48,1519.9,0,3286
1,715,65.14,0.4365,99.92,1502.1,0,3285
1,716,63.98,0.4707,103.04,1517.7,0,3284
1,717,64.06,0.4415,104.44,1500.5,0,3283
1,718,63.47,0.4735,105.91,1502.3,0,3282
1,719,63.87,0.3746,103.31,1515.8,0,3281
1,720,64.34,0.4331,102.51,1516.3,0,3280
1,721,61.95,0.519,98.92,1513.0,0,3279
1,722,62.41,0.4193,102.92,1496.0,0,3278
1,723,64.95,0.4259,102.99,1501.5,0,3277
1,724,64.29,0.4322,104.1,1506.9,0,3276
1,725,63.89,0.4018,101.39,1496.3,0,3275
1,726,64.17,0.3624,101.91,1517.9,0,3274
1,727,64.59,0.442,99.8,1479.6,0,3273
1,728,63.55,0.4573,98.15,1495.2,0,3272
1,729,63.29,0.4505,100.49,1497.3,0,3271
1,730,64.49,0.4476,99.54,1473.4,0,3270
1,731,63.1,0.4561,103.33,1487.3,0,3269
1,732,64.79,0.4964,101.59,1506.9,0,3268
1,733,62.29,0.449,101.52,1500.3,0,3267
1,734,65.59,0.435,100.6,1515.2,0,3266
1,735,64.95,0.4481,96.07,1514.3,0,3265
1,736,64.71,0.484,105.52,1502.6,0,3264
1,737,65.6,0.5189,100.47,1500.8,0,3263
1,738,66.45,0.439,101.61,1497.7,0,3262
1,739,65.69,0.4699,99.49,1469.9,0,3261
1,740,62.28,0.4814,104.31,1481.9,0,3260
1,741,62.98,0.4301,102.61,1496.3,0,3259
1,742,63.79,0.4726,100.64,1500.8,0,3258
1,743,64.59,0.4153,101.47,1497.0,0,3257
1,744,65.2,0.4053,105.57,1484.6,0,3256
1,745,63.73,0.493,102.02,1502.4,0,3255
1,746,64.84,0.4652,101.76,1507.2,0,3254
1,747,63.73,0.491,100.2,1501.2,0,3253
1,748,63.92,0.4846,98.25,1501.2,0,3252
1,749,62.98,0.4486,101.68,1485.2,0,3251
1,750,63.58,0.4883,102.6,1501.0,0,3250
1,751,63.09,0.4432,104.1,1491.2,0,3249
1,752,63.55,0.5507,97.36,1494.3,0,3248
1,753,66.0,0.4433,99.56,1492.4,0,3247
1,754,63.62,0.4922,100.6,1487.0,0,3246
1,755,67.93,0.4609,101.71,1479.2,0,3245
1,756,65.38,0.5279,101.37,1486.5,0,3244
1,757,65.02,0.4943,101.37,1496.7,0,3243
1,758,63.78,0.4892,102.38,1482.0,0,3242
1,759,65.67,0.5465,99.7,1494.9,0,3241
1,760,64.15,0.516,103.33,1492.9,0,3240
1,761,65.0,0.5379,102.27,1482.1,0,3239
1,762,67.94,0.4803,100.71,1498.6,0,3238
1,763,64.76,0.4656,104.5,1480.8,0,3237
1,764,66.27,0.5283,104.36,1499.1,0,3236
1,765,64.05,0.5134,103.06,1488.0,0,3235
1,766,64.86,0.5533,95.1,1483.1,0,3234
1,767,67.04,0.5271,104.24,1474.1,0,3233
1,768,64.17,0.5404,102.61,1481.8,0,3232
1,769,67.11,0.4692,104.98,1480.3,0,3231
1,770,65.79,0.6114,103.38,1469.5,0,3230
1,771,64.27,0.531,104.01,1479.7,0,3229
1,772,65.71,0.5671,102.55,1473.6,0,3228
1,773,66.13,0.5073,103.43,1487.2,0,3227
1,774,65.71,0.5544,104.67,1494.2,0,3226
1,775,63.09,0.4913,101.05,1468.7,0,3225
1,776,64.11,0.5627,97.42,1497.9,0,3224
1,777,64.69,0.5314,99.89,1479.3,0,3223
1,778,64.9,0.5478,101.22,1470.7,0,3222
1,779,65.73,0.5754,100.53,1487.9,0,3221
1,780,65.21,0.4989,97.83,1475.8,0,3220
1,781,63.39,0.5214,97.0,1479.4,0,3219
1,782,65.45,0.5676,98.72,1476.1,0,3218
1,783,65.73,0.6336,101.76,1471.9,0,3217
1,784,65.67,0.5444,103.24,1487.3,0,3216
1,785,66.3,0.5736,101.86,1477.1,0,3215
1,786,66.0,0.5457,102.08,1465.6,0,3214
1,787,65.55,0.6275,99.74,1485.5,0,3213
1,788,64.91,0.4797,96.36,1468.0,0,3212
1,789,63.0,0.553,98.87,1468.6,0,3211
1,790,65.51,0.4837,99.21,1492.1,0,3210
1,791,65.24,0.4478,98.67,1468.3,0,3209
1,792,65.32,0.5592,99.71,1457.2,0,3208
1,793,63.45,0.552,100.43,1486.7,0,3207
1,794,63.68,0.5341,101.19,1477.6,0,3206
1,795,66.24,0.5401,98.87,1478.6,0,3205
1,796,64.92,0.6671,95.56,1477.9,0,3204
1,797,65.78,0.5315,98.34,1483.5,0,3203
1,798,64.99,0.5608,99.34,1473.9,0,3202
1,799,64.99,0.5129,101.64,1496.4,0,3201
1,800,66.07,0.5491,98.0,1467.1,0,3200
1,801,64.32,0.526,100.1,1486.6,0,3199
1,802,65.05,0.5173,99.6,1488.9,0,3198
1,803,64.37,0.6046,99.05,1475.1,0,3197
1,804,64.39,0.577,100.77,1472.8,0,3196
1,805,64.53,0.5333,97.53,1493.5,0,3195
1,806,65.16,0.4336,97.65,1473.8,0,3194
1,807,64.31,0.5091,98.72,1478.0,0,3193
1,808,66.38,0.6294,97.41,1493.3,0,3192
1,809,63.79,0.5098,99.65,1485.2,0,3191
1,810,64.63,0.5608,97.16,1467.2,0,3190
1,811,64.31,0.572,98.98,1503.1,0,3189
1,812,66.56,0.5207,98.28,1480.7,0,3188
1,813,65.05,0.4758,98.86,1482.4,0,3187
1,814,66.04,0.4096,97.46,1489.5,0,3186
1,815,63.0,0.5319,97.65,1493.6,0,3185
1,816,65.09,0.4694,98.47,1507.5,0,3184
1,817,65.82,0.5066,98.63,1471.7,0,3183
1,818,64.84,0.447,98.17,1497.1,0,3182
1,819,66.0,0.4839,101.54,1496.8,0,3181
1,820,64.08,0.4934,96.1,1488.5,0,3180
1,821,66.38,0.5004,97.91,1498.2,0,3179
1,822,67.43,0.4426,94.85,1500.2,0,3178
1,823,64.22,0.5327,98.69,1477.6,0,3177
1,824,64.1,0.4585,95.68,1509.5,0,3176
1,825,66.36,0.4131,97.31,1476.9,0,3175
1,826,66.49,0.4735,97.08,1481.7,0,3174
1,827,63.95,0.477,98.34,1491.0,0,3173
1,828,64.05,0.4799,96.64,1513.5,0,3172
1,829,64.19,0.5259,96.51,1491.7,0,3171
1,830,62.9,0.4599,100.54,1495.1,0,3170
1,831,63.39,0.4627,98.2,1510.3,0,3169
1,832,63.26,0.4215,96.47,1493.6,0,3168
1,833,63.52,0.4966,97.05,1485.4,0,3167
1,834,64.38,0.4695,100.81,1493.6,0,3166
1,835,64.68,0.4437,97.02,1512.1,0,3165
1,836,66.23,0.3829,96.08,1499.7,0,3164
1,837,63.15,0.5155,96.05,1518.9,0,3163
1,838,65.51,0.4073,96.3,1507.5,0,3162
1,839,64.04,0.4316,96.18,1494.3,0,3161
1,840,64.21,0.4685,94.78,1501.9,0,3160
1,841,65.06,0.4054,95.06,1493.4,0,3159
1,842,62.87,0.3927,95.63,1495.9,0,3158
1,843,64.65,0.3667,98.44,1547.9,0,3157
1,844,64.37,0.48,96.47,1513.9,0,3156
1,845,64.73,0.4288,96.8,1512.9,0,3155
1,846,64.46,0.5674,99.73,1498.7,0,3154
1,847,67.03,0.4103,99.76,1521.2,0,3153
1,848,63.29,0.4131,96.59,1517.0,0,3152
1,849,63.39,0.4274,95.87,1525.4,0,3151
1,850,63.24,0.4599,95.39,1525.5,0,3150
1,851,63.3,0.4317,98.49,1492.9,0,3149
1,852,63.17,0.4754,96.68,1497.2,0,3148
1,853,65.33,0.4123,96.3,1498.8,0,3147
1,854,65.57,0.3968,95.43,1499.9,0,3146
1,855,63.15,0.3809,95.51,1513.1,0,3145
1,856,62.81,0.3648,97.68,1504.7,0,3144
1,857,64.34,0.434,94.4,1531.6,0,3143
1,858,63.08,0.4438,99.01,1530.5,0,3142
1,859,64.47,0.4318,95.95,1511.8,0,3141
1,860,63.92,0.5081,96.71,1531.9,0,3140
1,861,61.82,0.509,94.33,1527.7,0,3139
1,862,65.46,0.448,96.98,1508.8,0,3138
1,863,65.72,0.3913,96.34,1493.6,0,3137
1,864,62.8,0.4421,96.9,1512.0,0,3136
1,865,63.03,0.4426,99.94,1508.1,0,3135
1,866,63.8,0.4422,97.36,1517.1,0,3134
1,867,63.83,0.4425,95.42,1516.3,0,3133
1,868,64.18,0.4464,95.59,1516.4,0,3132
1,869,65.76,0.4592,98.21,1521.4,0,3131
1,870,63.1,0.4514,99.62,1504.3,0,3130
1,871,62.32,0.4874,97.59,1520.9,0,3129
1,872,61.58,0.4958,98.42,1512.7,0,3128
1,873,62.32,0.4473,98.27,1519.4,0,3127
1,874,63.12,0.5369,99.9,1527.3,0,3126
1,875,65.28,0.4493,93.17,1505.7,0,3125
1,876,62.46,0.4262,98.42,1515.4,0,3124
1,877,63.31,0.5086,99.07,1517.3,0,3123
1,878,62.99,0.4632,94.44,1513.6,0,3122
1,879,64.39,0.5112,95.36,1527.9,0,3121
1,880,65.96,0.4047,95.45,1511.9,0,3120
1,881,62.25,0.5591,95.72,1513.7,0,3119
1,882,62.26,0.5328,96.23,1512.3,0,3118
1,883,64.05,0.4483,97.7,1530.5,0,3117
1,884,63.58,0.4516,98.97,1514.7,0,3116
1,885,64.93,0.5801,99.42,1524.4,0,3115
1,886,63.38,0.4861,95.61,1539.6,0,3114
1,887,62.2,0.4846,95.62,1519.2,0,3113
1,888,63.3,0.4296,99.97,1531.1,0,3112
1,889,63.88,0.5085,98.66,1536.7,0,3111
1,890,63.49,0.5156,97.56,1530.3,0,3110
1,891,63.07,0.5555,98.38,1519.8,0,3109
1,892,63.7,0.473,97.4,1526.4,0,3108
1,893,63.78,0.4701,98.54,1507.1,0,3107
1,894,63.99,0.5509,96.85,1512.1,0,3106
1,895,63.06,0.575,98.1,1513.7,0,3105
1,896,62.04,0.4736,94.57,1542.1,0,3104
1,897,62.37,0.5814,96.26,1511.4,0,3103
1,898,63.6,0.5412,96.32,1511.2,0,3102
1,899,61.13,0.5849,96.96,1508.9,0,3101
1,900,62.5,0.5397,95.89,1524.7,0,3100
1,901,61.54,0.4429,96.72,1520.4,0,3099
1,902,62.0,0.5389,94.8,1529.6,0,3098
1,903,63.46,0.5884,98.97,1525.2,0,3097
1,904,62.11,0.5112,97.75,1504.5,0,3096
1,905,61.89,0.5322,94.55,1510.0,0,3095
1,906,60.15,0.5414,96.33,1531.4,0,3094
1,907,62.63,0.433,98.72,1515.5,0,3093
1,908,62.46,0.6163,97.01,1529.1,0,3092
1,909,64.24,0.5137,96.74,1515.4,0,3091
1,910,61.23,0.5702,98.04,1506.9,0,3090
1,911,61.81,0.5465,98.92,1513.2,0,3089
1,912,61.8,0.6002,95.41,1506.2,0,3088
1,913,63.35,0.566,99.43,1509.8,0,3087
1,914,61.29,0.5401,96.78,1517.1,0,3086
1,915,61.69,0.5133,98.4,1519.8,0,3085
1,916,62.04,0.5804,98.41,1498.4,0,3084
1,917,61.48,0.4729,97.48,1513.7,0,3083
1,918,60.68,0.5729,96.54,1507.5,0,3082
1,919,61.4,0.5022,98.07,1506.5,0,3081
1,920,62.4,0.5952,101.95,1513.8,0,3080
1,921,59.83,0.5504,96.03,1506.5,0,3079
1,922,61.18,0.5685,102.19,1525.3,0,3078
1,923,60.13,0.5446,98.34,1522.9,0,3077
1,924,62.35,0.4698,98.99,1522.3,0,3076
1,925,59.04,0.5039,96.8,1505.1,0,3075
1,926,60.15,0.5636,97.49,1499.9,0,3074
1,927,61.22,0.5416,98.08,1509.8,0,3073
1,928,62.6,0.5804,97.05,1506.9,0,3072
1,929,60.59,0.5473,98.78,1501.8,0,3071
1,930,59.96,0.4905,98.45,1495.6,0,3070
1,931,62.83,0.4953,103.02,1506.3,0,3069
1,932,58.79,0.5291,97.04,1502.1,0,3068
1,933,57.83,0.4303,99.64,1512.5,0,3067
1,934,60.95,0.5875,99.99,1511.7,0,3066
1,935,59.77,0.5359,97.41,1515.5,0,3065
1,936,59.1,0.565,100.99,1491.3,0,3064
1,937,61.12,0.4503,98.88,1507.3,0,3063
1,938,60.52,0.5609,94.75,1495.4,0,3062
1,939,59.5,0.5979,101.11,1489.9,0,3061
1,940,58.59,0.4533,97.62,1497.2,0,3060
1,941,61.12,0.5345,97.82,1511.6,0,3059
1,942,60.8,0.5012,101.35,1496.6,0,3058
1,943,59.85,0.4369,99.34,1515.3,0,3057
1,944,62.14,0.5159,101.93,1504.6,0,3056
1,945,58.59,0.5271,102.57,1494.5,0,3055
1,946,57.99,0.4672,98.92,1509.5,0,3054
1,947,58.94,0.5354,101.86,1501.7,0,3053
1,948,59.67,0.4197,98.82,1487.4,0,3052
1,949,59.97,0.4242,104.86,1514.7,0,3051
1,950,59.33,0.4871,99.06,1498.1,0,3050
1,951,60.0,0.4803,102.56,1495.1,0,3049
1,952,58.02,0.4484,102.26,1485.8,0,3048
1,953,61.21,0.5073,101.26,1505.6,0,3047
1,954,59.33,0.494,99.34,1498.4,0,3046
1,955,60.72,0.505,100.44,1499.0,0,3045
1,956,59.74,0.4638,96.49,1487.0,0,3044
1,957,59.82,0.4909,101.31,1499.9,0,3043
1,958,59.91,0.4471,101.62,1500.1,0,3042
1,959,59.71,0.5454,101.24,1483.8,0,3041
1,960,59.9,0.4291,95.08,1475.8,0,3040
1,961,60.67,0.5442,98.55,1495.3,0,3039
1,962,59.27,0.46,99.65,1473.2,0,3038
1,963,59.83,0.4022,101.78,1490.0,0,3037
1,964,58.82,0.5107,101.83,1483.5,0,3036
1,965,60.61,0.4599,100.97,1499.7,0,3035
1,966,58.02,0.4879,102.63,1483.1,0,3034
1,967,60.95,0.5019,99.36,1497.7,0,3033
1,968,58.69,0.4657,102.69,1481.0,0,3032
1,969,56.97,0.4278,102.47,1495.7,0,3031
1,970,58.79,0.49,102.32,1505.9,0,3030
1,971,57.78,0.4506,101.26,1474.2,0,3029
1,972,59.55,0.4777,105.33,1487.4,0,3028
1,973,57.71,0.3639,102.71,1511.6,0,3027
1,974,57.91,0.4679,99.83,1484.4,0,3026
1,975,56.13,0.4245,102.31,1484.1,0,3025
1,976,57.81,0.5164,103.37,1491.0,0,3024
1,977,55.4,0.4755,100.73,1483.2,0,3023
1,978,56.36,0.4606,104.14,1465.4,0,3022
1,979,59.13,0.4711,102.77,1493.5,0,3021
1,980,59.11,0.4124,97.36,1461.9,0,3020
1,981,58.63,0.5181,102.69,1477.5,0,3019
1,982,56.91,0.5337,101.32,1493.5,0,3018
1,983,57.97,0.4708,103.25,1477.7,0,3017
1,984,57.98,0.5199,104.1,1474.1,0,3016
1,985,56.55,0.4347,102.65,1489.7,0,3015
1,986,59.7,0.427,105.62,1472.2,0,3014
1,987,58.9,0.462,101.97,1468.3,0,3013
1,988,57.54,0.4793,103.62,1483.2,0,3012
1,989,57.79,0.4478,104.02,1478.5,0,3011
1,990,57.96,0.4869,102.25,1467.8,0,3010
1,991,55.22,0.4795,104.03,1486.5,0,3009
1,992,57.33,0.4292,101.32,1484.7,0,3008
1,993,56.76,0.4919,101.7,1476.4,0,3007
1,994,56.33,0.5077,99.95,1477.1,0,3006
1,995,57.16,0.4822,103.09,1484.7,0,3005
1,996,59.61,0.5237,103.28,1491.9,0,3004
1,997,58.18,0.4311,105.02,1477.2,0,3003
1,998,56.68,0.5008,104.27,1486.6,0,3002
1,999,58.01,0.4377,102.14,1485.8,0,3001
1,1000,58.96,0.4423,100.38,1489.0,0,3000
1,1001,58.35,0.4641,103.63,1480.7,0,2999
1,1002,57.27,0.4541,105.01,1471.3,0,2998
1,1003,56.38,0.4723,104.32,1476.0,0,2997
1,1004,57.95,0.4882,105.0,1484.2,0,2996
1,1005,57.55,0.5327,102.42,1499.1,0,2995
1,1006,58.11,0.4889,101.93,1476.3,0,2994
1,1007,57.76,0.4408,101.41,1489.4,0,2993
1,1008,58.21,0.5523,102.79,1478.3,0,2992
1,1009,56.27,0.4757,102.76,1482.9,0,2991
1,1010,58.46,0.5093,103.34,1497.2,0,2990
1,1011,57.07,0.5319,102.68,1489.9,0,2989
1,1012,59.29,0.5244,102.68,1470.2,0,2988
1,1013,55.93,0.5625,101.41,1477.2,0,2987
1,1014,58.8,0.5402,104.85,1495.8,0,2986
1,1015,56.92,0.4888,103.13,1485.0,0,2985
1,1016,55.86,0.6126,102.64,1472.4,0,2984
1,1017,56.03,0.5354,101.5,1476.1,0,2983
1,1018,56.19,0.5237,100.33,1491.7,0,2982
1,1019,57.05,0.5702,105.61,1495.0,0,2981
1,1020,57.13,0.5435,104.11,1485.6,0,2980
1,1021,55.78,0.5513,99.75,1510.6,0,2979
1,1022,56.4,0.6367,104.53,1494.5,0,2978
1,1023,58.97,0.5277,104.84,1484.3,0,2977
1,1024,58.43,0.5275,103.24,1479.0,0,2976
1,1025,56.85,0.5463,106.19,1477.9,0,2975
1,1026,56.34,0.5858,103.42,1491.5,0,2974
1,1027,56.4,0.4839,100.14,1483.7,0,2973
1,1028,56.96,0.4667,103.7,1505.8,0,2972
1,1029,54.97,0.5228,103.45,1504.3,0,2971
1,1030,55.85,0.4818,101.75,1496.5,0,2970
1,1031,54.13,0.531,104.09,1478.9,0,2969
1,1032,56.58,0.5687,99.59,1484.5,0,2968
1,1033,56.84,0.5135,104.9,1504.3,0,2967
1,1034,55.46,0.4925,101.14,1486.7,0,2966
1,1035,57.9,0.5526,100.91,1504.1,0,2965
1,1036,54.51,0.5845,102.64,1498.2,0,2964
1,1037,54.19,0.4822,103.71,1494.5,0,2963
1,1038,56.19,0.5827,103.16,1487.5,0,2962
1,1039,57.15,0.5824,101.32,1494.2,0,2961
1,1040,57.88,0.5875,101.77,1497.6,0,2960
1,1041,55.28,0.5976,100.5,1506.6,0,2959
1,1042,57.1,0.6364,102.29,1488.0,0,2958
1,1043,55.73,0.5333,104.86,1494.9,0,2957
1,1044,55.54,0.5511,102.68,1498.5,0,2956
1,1045,56.79,0.5291,104.38,1505.3,0,2955
1,1046,56.48,0.5448,105.54,1490.2,0,2954
1,1047,53.78,0.6049,101.43,1486.7,0,2953
1,1048,57.42,0.4885,102.2,1507.2,0,2952
1,1049,57.28,0.5064,106.88,1485.9,0,2951
1,1050,54.85,0.5945,105.4,1514.5,0,2950
1,1051,56.05,0.5786,99.13,1500.7,0,2949
1,1052,56.15,0.5216,103.22,1487.4,0,2948
1,1053,55.84,0.5685,102.41,1498.7,0,2947
1,1054,54.85,0.5461,104.02,1507.8,0,2946
1,1055,54.68,0.5906,100.84,1499.3,0,2945
1,1056,55.44,0.5315,100.62,1505.4,0,2944
1,1057,56.85,0.5675,100.9,1513.2,0,2943
1,1058,56.08,0.63,101.07,1504.3,0,2942
1,1059,54.96,0.546,103.81,1497.6,0,2941
1,1060,56.31,0.5218,99.77,1504.5,0,2940
1,1061,51.95,0.5464,100.85,1522.2,0,2939
1,1062,56.73,0.5005,98.47,1525.4,0,2938
1,1063,53.24,0.6082,104.02,1488.9,0,2937
1,1064,54.88,0.5175,104.5,1520.6,0,2936
1,1065,53.95,0.4969,101.26,1512.7,0,2935
1,1066,53.73,0.4719,101.27,1519.9,0,2934
1,1067,56.66,0.5467,102.72,1505.7,0,2933
1,1068,54.69,0.535,104.72,1494.0,0,2932
1,1069,55.65,0.478,102.54,1518.0,0,2931
1,1070,55.16,0.5184,100.28,1503.2,0,2930
1,1071,55.77,0.4325,98.38,1499.2,0,2929
1,1072,55.28,0.4978,99.34,1500.4,0,2928
1,1073,53.64,0.5061,101.67,1520.0,0,2927
1,1074,56.36,0.5539,100.16,1515.8,0,2926
1,1075,54.56,0.4524,101.8,1522.6,0,2925
1,1076,53.27,0.4297,100.26,1521.9,0,2924
1,1077,54.61,0.4428,99.19,1511.4,0,2923
1,1078,56.92,0.4229,98.9,1515.3,0,2922
1,1079,56.13,0.5276,104.32,1511.2,0,2921
1,1080,54.68,0.534,102.92,1514.6,0,2920
1,1081,54.67,0.4828,104.55,1507.3,0,2919
1,1082,54.69,0.5169,102.11,1521.2,0,2918
1,1083,57.56,0.4715,100.12,1528.3,0,2917
1,1084,55.52,0.4606,103.57,1509.7,0,2916
1,1085,55.57,0.4493,100.8,1530.9,0,2915
1,1086,56.28,0.4486,101.25,1519.5,0,2914
1,1087,55.33,0.3976,100.66,1521.0,0,2913
1,1088,54.72,0.4687,94.79,1501.8,0,2912
1,1089,54.79,0.4552,103.84,1500.9,0,2911
1,1090,54.94,0.4854,101.55,1520.6,0,2910
1,1091,54.97,0.4582,101.17,1527.2,0,2909
1,1092,55.89,0.447,100.33,1512.8,0,2908
1,1093,55.07,0.4178,100.72,1536.3,0,2907
1,1094,55.89,0.4548,99.14,1527.1,0,2906
1,1095,54.91,0.4808,101.51,1510.7,0,2905
1,1096,55.1,0.4051,97.6,1520.2,0,2904
1,1097,52.6,0.4539,100.53,1544.7,0,2903
1,1098,56.1,0.4595,101.22,1507.6,0,2902
1,1099,55.42,0.4213,99.64,1525.3,0,2901
1,1100,56.2,0.4265,100.72,1516.8,0,2900
1,1101,51.53,0.4594,97.93,1527.1,0,2899
1,1102,57.51,0.405,97.92,1532.6,0,2898
1,1103,54.84,0.4647,100.27,1516.0,0,2897
1,1104,56.33,0.4154,101.09,1531.0,0,2896
1,1105,53.76,0.4944,95.92,1541.9,0,2895
1,1106,55.75,0.5461,100.66,1520.3,0,2894
1,1107,53.75,0.419,98.47,1527.4,0,2893
1,1108,54.27,0.4758,99.11,1513.5,0,2892
1,1109,57.32,0.4264,96.76,1519.4,0,2891
1,1110,54.8,0.4983,97.67,1517.3,0,2890
1,1111,55.29,0.4074,101.25,1526.8,0,2889
1,1112,56.08,0.4786,99.33,1530.7,0,2888
1,1113,55.64,0.426,98.44,1517.3,0,2887
1,1114,55.23,0.4542,98.91,1533.5,0,2886
1,1115,55.5,0.4229,100.07,1533.2,0,2885
1,1116,57.95,0.4989,99.91,1526.1,0,2884
1,1117,55.01,0.4344,98.82,1512.2,0,2883
1,1118,55.33,0.4919,101.1,1510.9,0,2882
1,1119,56.35,0.4581,100.8,1508.6,0,2881
1,1120,56.43,0.4693,99.63,1525.8,0,2880
1,1121,56.54,0.482,98.86,1503.9,0,2879
1,1122,55.89,0.4478,100.01,1522.4,0,2878
1,1123,53.77,0.489,99.27,1504.4,0,2877
1,1124,57.11,0.5441,100.71,1523.1,0,2876
1,1125,53.79,0.4542,100.34,1514.6,0,2875
1,1126,55.54,0.5346,96.45,1527.4,0,2874
1,1127,54.28,0.5501,96.26,1525.0,0,2873
1,1128,55.12,0.4599,96.98,1527.5,0,2872
1,1129,55.61,0.4369,100.29,1527.3,0,2871
1,1130,55.62,0.5096,95.13,1513.7,0,2870
1,1131,55.75,0.4782,99.02,1500.2,0,2869
1,1132,57.2,0.5773,98.91,1500.7,0,2868
1,1133,55.82,0.5065,100.47,1489.9,0,2867
1,1134,55.0,0.4754,98.45,1499.4,0,2866
1,1135,56.47,0.4641,95.36,1510.4,0,2865
1,1136,56.76,0.556,96.08,1503.6,0,2864
1,1137,53.87,0.492,95.59,1506.9,0,2863
1,1138,56.08,0.519,96.84,1513.0,0,2862
1,1139,56.23,0.5578,97.51,1504.5,0,2861
1,1140,55.05,0.5024,95.5,1495.8,0,2860
1,1141,57.07,0.5222,100.73,1505.9,0,2859
1,1142,55.26,0.5255,95.1,1496.9,0,2858
1,1143,55.62,0.5556,100.4,1502.6,0,2857
1,1144,55.28,0.5539,100.04,1518.1,0,2856
1,1145,55.53,0.5235,99.43,1501.4,0,2855
1,1146,54.21,0.5367,96.21,1521.2,0,2854
1,1147,53.82,0.521,98.25,1517.3,0,2853
1,1148,57.49,0.4785,94.97,1496.6,0,2852
1,1149,54.58,0.5495,99.32,1490.6,0,2851
1,1150,54.43,0.6164,97.31,1500.6,0,2850
1,1151,53.06,0.5068,96.61,1512.1,0,2849
1,1152,54.91,0.5125,94.95,1495.0,0,2848
1,1153,54.11,0.5098,92.42,1508.4,0,2847
1,1154,57.69,0.5746,95.26,1510.8,0,2846
1,1155,56.96,0.5646,99.54,1490.4,0,2845
1,1156,54.95,0.5411,96.48,1490.8,0,2844
1,1157,58.51,0.5115,96.92,1504.1,0,2843
1,1158,57.01,0.5525,98.55,1497.9,0,2842
1,1159,55.47,0.4867,100.83,1488.9,0,2841
1,1160,52.89,0.5554,99.84,1491.7,0,2840
1,1161,58.66,0.5847,95.23,1493.9,0,2839
1,1162,54.28,0.4999,93.27,1478.4,0,2838
1,1163,54.0,0.4887,101.85,1501.1,0,2837
1,1164,57.23,0.613,101.66,1488.1,0,2836
1,1165,58.96,0.5251,97.48,1464.5,0,2835
1,1166,57.72,0.5946,94.55,1491.6,0,2834
1,1167,56.77,0.5425,99.0,1483.8,0,2833
1,1168,56.84,0.5416,96.84,1507.6,0,2832
1,1169,57.18,0.5648,96.82,1484.3,0,2831
1,1170,57.1,0.5111,98.83,1478.7,0,2830
1,1171,56.56,0.5507,97.7,1494.2,0,2829
1,1172,56.38,0.5291,94.65,1482.1,0,2828
1,1173,56.21,0.4903,96.37,1480.4,0,2827
1,1174,55.42,0.5553,98.33,1492.8,0,2826
1,1175,56.02,0.5299,98.03,1476.8,0,2825
1,1176,54.36,0.5326,97.53,1472.2,0,2824
1,1177,56.31,0.4888,98.87,1503.6,0,2823
1,1178,55.27,0.5992,96.28,1491.7,0,2822
1,1179,55.17,0.5688,97.36,1482.8,0,2821
1,1180,56.75,0.5704,90.25,1485.0,0,2820
1,1181,58.24,0.5177,96.11,1489.7,0,2819
1,1182,57.71,0.4587,98.54,1494.0,0,2818
1,1183,54.76,0.6038,96.23,1476.4,0,2817
1,1184,55.49,0.5211,96.09,1487.2,0,2816
1,1185,57.85,0.4914,94.95,1478.2,0,2815
1,1186,55.58,0.5357,99.04,1481.0,0,2814
1,1187,56.52,0.5634,98.14,1484.2,0,2813
1,1188,57.49,0.5134,98.71,1482.3,0,2812
1,1189,55.71,0.563,93.62,1489.4,0,2811
1,1190,57.04,0.5528,96.76,1486.7,0,2810
1,1191,55.35,0.4639,96.54,1466.5,0,2809
1,1192,56.27,0.4776,96.55,1467.8,0,2808
1,1193,57.41,0.5403,95.9,1477.4,0,2807
1,1194,55.16,0.391,96.46,1499.2,0,2806
1,1195,57.64,0.491,98.87,1472.3,0,2805
1,1196,57.13,0.4373,93.36,1478.5,0,2804
1,1197,57.85,0.473,100.77,1475.1,0,2803
1,1198,57.5,0.4776,98.2,1474.8,0,2802
1,1199,58.91,0.4728,97.17,1482.0,0,2801
1,1200,57.47,0.4627,99.1,1494.2,0,2800
1,1201,56.84,0.4385,94.41,1484.7,0,2799
1,1202,57.55,0.5718,96.01,1472.0,0,2798
1,1203,58.1,0.5525,97.12,1507.5,0,2797
1,1204,57.55,0.4291,100.12,1480.8,0,2796
1,1205,57.58,0.5367,97.33,1474.2,0,2795
1,1206,56.73,0.4554,98.36,1494.1,0,2794
1,1207,56.82,0.4745,96.31,1475.4,0,2793
1,1208,55.98,0.4649,98.49,1496.8,0,2792
1,1209,59.81,0.4392,100.91,1471.5,0,2791
1,1210,56.26,0.5031,99.58,1494.6,0,2790
1,1211,56.97,0.4672,97.46,1482.4,0,2789
1,1212,56.98,0.4415,99.01,1493.4,0,2788
1,1213,58.96,0.4069,98.86,1499.7,0,2787
1,1214,57.58,0.4219,98.75,1469.5,0,2786
1,1215,59.48,0.3907,100.0,1493.8,0,2785
1,1216,57.22,0.4557,100.03,1467.1,0,2784
1,1217,58.4,0.4063,97.61,1471.0,0,2783
1,1218,57.11,0.4426,99.19,1473.6,0,2782
1,1219,60.74,0.5072,97.18,1487.0,0,2781
1,1220,56.78,0.4997,96.15,1482.5,0,2780
1,1221,58.63,0.4498,97.5,1480.8,0,2779
1,1222,59.06,0.4472,97.93,1484.2,0,2778
1,1223,58.85,0.5255,94.81,1489.0,0,2777
1,1224,58.17,0.4709,99.9,1490.1,0,2776
1,1225,58.29,0.4369,92.69,1494.7,0,2775
1,1226,58.54,0.393,103.7,1502.3,0,2774
1,1227,58.36,0.466,101.33,1484.3,0,2773
1,1228,59.74,0.4837,97.85,1479.6,0,2772
1,1229,61.29,0.4256,98.44,1491.4,0,2771
1,1230,58.01,0.4631,99.08,1474.2,0,2770
1,1231,57.09,0.4375,97.35,1479.3,0,2769
1,1232,58.67,0.4455,98.97,1496.5,0,2768
1,1233,61.92,0.3542,98.35,1485.7,0,2767
1,1234,57.91,0.4459,98.5,1475.4,0,2766
1,1235,60.89,0.4946,99.1,1473.0,0,2765
1,1236,60.99,0.4318,96.17,1488.9,0,2764
1,1237,58.36,0.4605,98.93,1500.3,0,2763
1,1238,59.76,0.4296,99.23,1500.7,0,2762
1,1239,61.08,0.4758,99.22,1491.0,0,2761
1,1240,58.72,0.4544,98.59,1510.5,0,2760
1,1241,58.98,0.4272,101.35,1489.9,0,2759
1,1242,58.57,0.5199,98.43,1490.1,0,2758
1,1243,58.1,0.5056,99.65,1466.4,0,2757
1,1244,58.59,0.4463,101.84,1488.1,0,2756
1,1245,57.95,0.4924,99.15,1501.7,0,2755
1,1246,59.51,0.4961,99.8,1509.4,0,2754
1,1247,58.59,0.5025,99.23,1486.0,0,2753
1,1248,59.85,0.4113,101.96,1499.5,0,2752
1,1249,57.75,0.5216,99.03,1505.9,0,2751
1,1250,60.07,0.4609,102.17,1496.2,0,2750
1,1251,60.72,0.4718,99.46,1473.8,0,2749
1,1252,57.38,0.594,98.0,1499.7,0,2748
1,1253,60.27,0.503,101.14,1505.4,0,2747
1,1254,61.34,0.478,99.23,1488.9,0,2746
1,1255,58.47,0.4077,101.14,1496.5,0,2745
1,1256,61.98,0.554,94.5,1488.1,0,2744
1,1257,60.52,0.4471,100.03,1474.5,0,2743
1,1258,59.22,0.4633,99.16,1511.1,0,2742
1,1259,60.05,0.4926,98.02,1501.4,0,2741
1,1260,60.84,0.565,99.1,1518.0,0,2740
1,1261,60.31,0.5418,99.11,1511.2,0,2739
1,1262,60.91,0.5069,100.23,1499.7,0,2738
1,1263,59.21,0.528,97.65,1503.0,0,2737
1,1264,60.57,0.494,101.07,1510.0,0,2736
1,1265,58.72,0.5259,103.23,1514.6,0,2735
1,1266,60.33,0.5255,101.12,1508.8,0,2734
1,1267,59.43,0.5635,102.24,1517.2,0,2733
1,1268,59.68,0.5656,102.87,1503.7,0,2732
1,1269,62.1,0.5487,103.21,1497.3,0,2731
1,1270,61.98,0.5165,104.53,1507.2,0,2730
1,1271,61.45,0.5626,99.85,1510.4,0,2729
1,1272,59.45,0.5311,99.47,1496.9,0,2728
1,1273,60.43,0.4932,102.53,1496.1,0,2727
1,1274,62.32,0.522,102.44,1514.4,0,2726
1,1275,61.08,0.5431,102.63,1506.4,0,2725
1,1276,63.75,0.5776,104.91,1509.3,0,2724
1,1277,61.48,0.5352,101.21,1507.9,0,2723
1,1278,61.29,0.4954,102.1,1527.2,0,2722
1,1279,60.74,0.5472,99.34,1525.1,0,2721
1,1280,61.32,0.5505,105.62,1500.5,0,2720
1,1281,61.02,0.5544,100.73,1508.0,0,2719
1,1282,62.1,0.5845,100.84,1522.3,0,2718
1,1283,62.45,0.5892,100.82,1520.2,0,2717
1,1284,60.41,0.5252,100.27,1514.2,0,2716
1,1285,59.8,0.5248,100.15,1503.7,0,2715
1,1286,59.24,0.5081,100.61,1508.6,0,2714
1,1287,62.1,0.5779,98.98,1510.6,0,2713
1,1288,60.22,0.608,100.19,1518.9,0,2712
1,1289,59.01,0.5373,105.71,1533.5,0,2711
1,1290,62.1,0.5401,103.33,1510.0,0,2710
1,1291,64.68,0.6081,103.76,1506.9,0,2709
1,1292,61.72,0.5693,104.3,1516.4,0,2708
1,1293,62.78,0.5659,105.66,1528.1,0,2707
1,1294,61.92,0.5002,98.5,1503.5,0,2706
1,1295,61.75,0.5742,99.62,1532.8,0,2705
1,1296,63.02,0.5089,100.52,1516.8,0,2704
1,1297,61.62,0.4997,101.23,1511.4,0,2703
1,1298,62.33,0.5301,101.61,1502.9,0,2702
1,1299,62.44,0.5193,101.35,1526.2,0,2701
1,1300,61.3,0.5325,102.73,1517.6,0,2700
1,1301,63.34,0.4822,102.4,1521.1,0,2699
1,1302,61.98,0.5767,100.92,1510.6,0,2698
1,1303,61.33,0.5818,98.05,1516.5,0,2697
1,1304,62.92,0.457,100.45,1514.9,0,2696
1,1305,61.25,0.5722,101.37,1518.9,0,2695
1,1306,62.4,0.4988,102.01,1513.2,0,2694
1,1307,62.4,0.5635,100.28,1504.6,0,2693
1,1308,63.76,0.5244,101.59,1547.3,0,2692
1,1309,63.07,0.5261,100.34,1506.4,0,2691
1,1310,62.51,0.5154,102.38,1521.8,0,2690
1,1311,63.57,0.569,100.51,1502.2,0,2689
1,1312,64.3,0.4687,100.99,1499.9,0,2688
1,1313,63.34,0.5402,100.09,1520.8,0,2687
1,1314,62.73,0.5576,102.43,1521.5,0,2686
1,1315,61.18,0.5397,101.03,1532.3,0,2685
1,1316,61.52,0.6016,104.6,1523.6,0,2684
1,1317,62.47,0.485,103.62,1517.9,0,2683
1,1318,62.15,0.542,102.69,1509.8,0,2682
1,1319,62.7,0.4969,101.25,1534.1,0,2681
1,1320,63.03,0.548,103.62,1528.2,0,2680
1,1321,63.64,0.4959,104.26,1506.3,0,2679
1,1322,62.96,0.4782,103.18,1518.9,0,2678
1,1323,63.66,0.5435,106.12,1519.7,0,2677
1,1324,63.2,0.4691,103.84,1514.6,0,2676
1,1325,60.79,0.4298,104.77,1525.5,0,2675
1,1326,62.07,0.4633,103.22,1525.8,0,2674
1,1327,63.06,0.5064,104.31,1515.2,0,2673
1,1328,61.82,0.535,101.38,1514.0,0,2672
1,1329,64.03,0.4815,102.06,1531.5,0,2671
1,1330,65.18,0.5276,103.68,1525.5,0,2670
1,1331,64.85,0.4184,103.67,1516.5,0,2669
1,1332,63.17,0.453,104.01,1499.1,0,2668
1,1333,65.25,0.4572,105.2,1518.5,0,2667
1,1334,63.67,0.4622,100.15,1521.6,0,2666
1,1335,63.12,0.4683,101.05,1486.7,0,2665
1,1336,62.83,0.4909,103.46,1516.3,0,2664
1,1337,63.24,0.4438,101.55,1509.2,0,2663
1,1338,63.17,0.4656,109.75,1510.7,0,2662
1,1339,63.87,0.4568,104.02,1503.4,0,2661
1,1340,63.89,0.4202,102.83,1510.5,0,2660
1,1341,63.74,0.4514,101.95,1525.4,0,2659
1,1342,64.29,0.4491,102.01,1506.5,0,2658
1,1343,65.23,0.4472,103.02,1520.1,0,2657
1,1344,64.97,0.4542,103.18,1501.9,0,2656
1,1345,62.08,0.4552,102.03,1517.0,0,2655
1,1346,60.83,0.4342,102.38,1508.9,0,2654
1,1347,65.05,0.5018,105.61,1511.9,0,2653
1,1348,62.32,0.4037,105.67,1507.9,0,2652
1,1349,63.72,0.4214,103.39,1513.7,0,2651
1,1350,62.61,0.5612,100.19,1481.0,0,2650
1,1351,61.89,0.4085,103.93,1491.9,0,2649
1,1352,64.73,0.3959,105.94,1509.7,0,2648
1,1353,65.02,0.4797,105.55,1484.5,0,2647
1,1354,63.44,0.3675,104.26,1499.1,0,2646
1,1355,61.05,0.4416,105.61,1503.2,0,2645
1,1356,63.53,0.5375,102.85,1494.9,0,2644
1,1357,64.69,0.3905,103.97,1495.7,0,2643
1,1358,62.47,0.3739,101.33,1504.7,0,2642
1,1359,64.49,0.3941,103.25,1511.5,0,2641
1,1360,64.28,0.491,105.3,1491.2,0,2640
1,1361,65.02,0.5013,101.43,1494.5,0,2639
1,1362,64.49,0.437,100.86,1492.3,0,2638
1,1363,63.2,0.4862,102.74,1474.8,0,2637
1,1364,65.83,0.516,102.06,1499.8,0,2636
1,1365,64.23,0.5334,103.78,1507.2,0,2635
1,1366,64.41,0.4538,101.54,1507.4,0,2634
1,1367,63.34,0.3733,105.85,1487.9,0,2633
1,1368,63.95,0.4344,99.8,1483.5,0,2632
1,1369,63.45,0.4521,104.85,1495.7,0,2631
1,1370,64.32,0.4608,100.77,1503.2,0,2630
1,1371,66.6,0.4657,98.67,1495.8,0,2629
1,1372,62.92,0.5201,102.7,1496.6,0,2628
1,1373,62.65,0.5286,101.67,1504.6,0,2627
1,1374,66.38,0.473,99.92,1485.2,0,2626
1,1375,64.38,0.5261,98.73,1489.8,0,2625
1,1376,63.85,0.4988,102.04,1507.8,0,2624
1,1377,65.91,0.4895,103.96,1489.0,0,2623
1,1378,63.96,0.5256,103.14,1477.8,0,2622
1,1379,66.89,0.4947,102.03,1483.2,0,2621
1,1380,65.53,0.5766,102.83,1480.0,0,2620
1,1381,64.15,0.4392,101.77,1492.5,0,2619
1,1382,67.34,0.4786,98.92,1479.4,0,2618
1,1383,64.04,0.4967,98.89,1490.6,0,2617
1,1384,65.67,0.5218,101.27,1480.1,0,2616
1,1385,65.15,0.5574,101.31,1465.7,0,2615
1,1386,66.37,0.5082,103.28,1489.6,0,2614
1,1387,66.7,0.4548,103.04,1487.6,0,2613
1,1388,64.87,0.5478,102.69,1490.8,0,2612
1,1389,63.94,0.5466,100.86,1478.5,0,2611
1,1390,65.41,0.4411,98.61,1477.1,0,2610
1,1391,64.06,0.5209,102.14,1488.5,0,2609
1,1392,67.3,0.4597,102.31,1499.3,0,2608
1,1393,65.06,0.4989,96.43,1483.9,0,2607
1,1394,64.46,0.4915,99.48,1487.6,0,2606
1,1395,65.13,0.562,99.71,1479.9,0,2605
1,1396,63.31,0.5363,101.28,1467.3,0,2604
1,1397,63.76,0.4821,99.38,1492.1,0,2603
1,1398,66.38,0.5705,100.85,1491.3,0,2602
1,1399,64.16,0.4797,100.45,1489.0,0,2601
1,1400,63.7,0.5519,100.49,1479.9,0,2600
1,1401,65.6,0.5077,99.32,1487.4,0,2599
1,1402,66.39,0.527,99.42,1490.2,0,2598
1,1403,65.83,0.5632,98.48,1497.2,0,2597
1,1404,66.17,0.5651,101.34,1490.7,0,2596
1,1405,64.07,0.5988,101.66,1481.3,0,2595
1,1406,63.28,0.543,98.92,1467.5,0,2594
1,1407,66.79,0.5595,103.44,1482.0,0,2593
1,1408,64.6,0.5305,99.71,1482.9,0,2592
1,1409,64.69,0.5559,103.34,1487.3,0,2591
1,1410,66.59,0.5667,98.94,1493.7,0,2590
1,1411,65.67,0.5456,96.11,1479.1,0,2589
1,1412,65.55,0.4777,100.91,1501.0,0,2588
1,1413,67.6,0.5632,100.54,1462.4,0,2587
1,1414,64.23,0.5646,100.05,1484.2,0,2586
1,1415,66.11,0.5227,98.64,1472.0,0,2585
1,1416,65.07,0.4983,99.79,1461.0,0,2584
1,1417,65.32,0.6084,98.78,1478.1,0,2583
1,1418,66.83,0.5685,99.14,1465.6,0,2582
1,1419,65.6,0.5391,101.37,1478.6,0,2581
1,1420,65.64,0.5021,99.99,1480.7,0,2580
1,1421,66.27,0.5138,100.78,1491.7,0,2579
1,1422,64.54,0.5979,99.04,1465.5,0,2578
1,1423,63.97,0.5502,98.76,1489.9,0,2577
1,1424,63.72,0.5215,97.08,1481.9,0,2576
1,1425,62.61,0.5626,98.59,1491.4,0,2575
1,1426,67.43,0.5083,92.63,1477.0,0,2574
1,1427,63.63,0.5994,98.03,1468.2,0,2573
1,1428,64.68,0.5919,98.99,1469.6,0,2572
1,1429,64.61,0.5174,100.22,1469.1,0,2571
1,1430,65.3,0.5092,98.5,1487.1,0,2570
1,1431,65.9,0.4277,99.68,1497.4,0,2569
1,1432,65.95,0.4713,94.57,1477.3,0,2568
1,1433,64.21,0.4749,98.76,1489.5,0,2567
1,1434,64.7,0.5318,95.46,1468.4,0,2566
1,1435,65.23,0.5112,96.34,1485.7,0,2565
1,1436,64.58,0.4682,98.33,1491.0,0,2564
1,1437,66.79,0.5085,101.21,1470.2,0,2563
1,1438,65.44,0.5377,99.34,1483.0,0,2562
1,1439,65.72,0.5362,98.58,1492.6,0,2561
1,1440,65.62,0.4367,98.46,1456.6,0,2560
1,1441,66.22,0.5051,97.02,1499.7,0,2559
1,1442,65.02,0.4525,97.3,1490.3,0,2558
1,1443,63.23,0.5414,99.2,1494.4,0,2557
1,1444,65.25,0.5342,95.52,1483.6,0,2556
1,1445,63.98,0.4644,99.43,1471.0,0,2555
1,1446,64.11,0.4672,97.42,1494.0,0,2554
1,1447,65.43,0.4769,99.8,1488.3,0,2553
1,1448,66.19,0.4027,100.02,1490.0,0,2552
1,1449,64.72,0.5038,94.71,1501.1,0,2551
1,1450,65.05,0.477,96.85,1498.3,0,2550
1,1451,66.7,0.5243,96.25,1510.5,0,2549
1,1452,64.93,0.4392,94.3,1493.3,0,2548
1,1453,67.74,0.4561,95.81,1485.4,0,2547
1,1454,65.28,0.4183,102.72,1491.0,0,2546
1,1455,62.47,0.4361,99.01,1497.6,0,2545
1,1456,65.46,0.4269,101.59,1504.2,0,2544
1,1457,65.0,0.5119,99.37,1480.0,0,2543
1,1458,66.07,0.4421,96.19,1495.3,0,2542
1,1459,65.3,0.473,96.88,1511.9,0,2541
1,1460,64.31,0.4509,98.78,1494.0,0,2540
1,1461,62.98,0.4136,98.44,1506.3,0,2539
1,1462,64.18,0.4559,96.38,1502.5,0,2538
1,1463,63.38,0.485,94.48,1507.7,0,2537
1,1464,63.68,0.4112,104.04,1490.7,0,2536
1,1465,65.06,0.4905,97.15,1491.3,0,2535
1,1466,66.34,0.4228,96.75,1500.2,0,2534
1,1467,64.78,0.4363,97.6,1485.2,0,2533
1,1468,62.85,0.4757,96.86,1498.5,0,2532
1,1469,64.79,0.427,97.56,1504.3,0,2531
1,1470,65.66,0.4542,99.87,1520.2,0,2530
1,1471,63.47,0.4393,97.02,1507.0,0,2529
1,1472,64.01,0.4565,94.92,1509.8,0,2528
1,1473,64.16,0.3556,96.9,1515.8,0,2527
1,1474,63.18,0.3772,96.27,1495.1,0,2526
1,1475,64.87,0.4748,100.02,1503.6,0,2525
1,1476,63.92,0.4915,99.5,1530.1,0,2524
1,1477,64.54,0.4136,97.35,1505.6,0,2523
1,1478,62.94,0.4404,94.56,1518.2,0,2522
1,1479,63.45,0.4622,94.65,1517.2,0,2521
1,1480,64.81,0.4785,97.12,1493.3,0,2520
1,1481,63.46,0.3701,97.75,1511.8,0,2519
1,1482,65.95,0.4164,96.31,1510.7,0,2518
1,1483,63.37,0.4393,96.09,1513.0,0,2517
1,1484,64.08,0.4816,95.86,1502.7,0,2516
1,1485,64.9,0.5543,96.98,1499.6,0,2515
1,1486,62.05,0.4464,92.26,1506.5,0,2514
1,1487,61.6,0.4004,94.81,1510.8,0,2513
1,1488,61.85,0.4741,95.76,1524.1,0,2512
1,1489,65.16,0.5122,99.42,1530.9,0,2511
1,1490,62.95,0.4652,95.38,1527.1,0,2510
1,1491,66.65,0.4262,97.36,1522.2,0,2509
1,1492,62.87,0.5025,97.45,1504.0,0,2508
1,1493,63.73,0.4925,99.6,1510.4,0,2507
1,1494,65.32,0.4268,99.53,1517.0,0,2506
1,1495,65.84,0.4851,96.89,1508.9,0,2505
1,1496,65.87,0.5117,96.06,1521.4,0,2504
1,1497,64.81,0.5212,95.69,1523.2,0,2503
1,1498,64.56,0.4734,96.54,1521.7,0,2502
1,1499,64.0,0.464,96.16,1526.9,0,2501
1,1500,64.19,0.5297,98.14,1508.0,0,2500
1,1501,62.55,0.4345,97.89,1526.7,0,2499
1,1502,62.19,0.5029,98.24,1510.7,0,2498
1,1503,63.13,0.4329,99.59,1508.5,0,2497
1,1504,62.89,0.5328,100.81,1523.5,0,2496
1,1505,62.51,0.4823,97.35,1530.6,0,2495
1,1506,63.85,0.5458,99.31,1523.5,0,2494
1,1507,64.12,0.5172,96.43,1519.0,0,2493
1,1508,63.04,0.4512,99.52,1522.1,0,2492
1,1509,64.67,0.5596,99.29,1520.6,0,2491
1,1510,61.49,0.5671,99.2,1508.1,0,2490
1,1511,62.58,0.5429,97.4,1507.1,0,2489
1,1512,61.91,0.4796,95.89,1518.8,0,2488
1,1513,60.49,0.5002,94.47,1520.5,0,2487
1,1514,62.59,0.5207,97.2,1519.9,0,2486
1,1515,62.5,0.4891,100.37,1526.7,0,2485
1,1516,64.42,0.5872,96.71,1517.8,0,2484
1,1517,63.32,0.5276,98.93,1525.6,0,2483
1,1518,61.29,0.4159,99.08,1518.6,0,2482
1,1519,64.7,0.5398,96.85,1538.2,0,2481
1,1520,63.9,0.5144,100.08,1520.8,0,2480
1,1521,63.09,0.5273,91.66,1543.3,0,2479
1,1522,62.07,0.5175,95.07,1523.4,0,2478
1,1523,61.15,0.5664,95.72,1517.7,0,2477
1,1524,61.81,0.5807,95.95,1510.7,0,2476
1,1525,63.52,0.5489,98.29,1505.2,0,2475
1,1526,64.43,0.5256,98.24,1509.6,0,2474
1,1527,63.97,0.5391,98.48,1510.5,0,2473
1,1528,61.49,0.5429,98.93,1523.1,0,2472
1,1529,60.69,0.5113,95.87,1513.7,0,2471
1,1530,62.15,0.5678,95.38,1520.7,0,2470
1,1531,59.82,0.5641,98.65,1531.4,0,2469
1,1532,62.28,0.6083,96.64,1517.5,0,2468
1,1533,61.67,0.5977,94.8,1538.9,0,2467
1,1534,61.24,0.5208,99.93,1506.1,0,2466
1,1535,59.84,0.5816,100.82,1516.1,0,2465
1,1536,62.32,0.5112,101.19,1511.9,0,2464
1,1537,61.02,0.5775,98.5,1526.3,0,2463
1,1538,60.21,0.5292,99.42,1494.3,0,2462
1,1539,58.12,0.5091,100.96,1501.9,0,2461
1,1540,61.48,0.5612,96.98,1514.9,0,2460
1,1541,63.59,0.4429,100.54,1531.1,0,2459
1,1542,63.41,0.4795,98.92,1517.5,0,2458
1,1543,60.82,0.5421,100.24,1501.3,0,2457
1,1544,60.6,0.552,98.84,1502.4,0,2456
1,1545,61.84,0.5333,101.11,1530.7,0,2455
1,1546,60.03,0.4841,99.02,1507.3,0,2454
1,1547,61.54,0.5137,95.66,1503.7,0,2453
1,1548,62.05,0.5611,101.58,1527.4,0,2452
1,1549,62.55,0.5676,96.84,1522.3,0,2451
1,1550,60.91,0.5425,101.29,1524.4,0,2450
1,1551,60.74,0.5881,98.66,1501.7,0,2449
1,1552,59.88,0.5563,101.25,1495.4,0,2448
1,1553,59.89,0.5089,101.22,1511.5,0,2447
1,1554,60.56,0.526,99.87,1513.0,0,2446
1,1555,61.23,0.4794,100.08,1512.8,0,2445
1,1556,61.83,0.5294,99.97,1523.4,0,2444
1,1557,59.72,0.5763,95.16,1490.7,0,2443
1,1558,62.43,0.5573,99.48,1516.1,0,2442
1,1559,60.26,0.5839,97.07,1496.0,0,2441
1,1560,60.51,0.5136,99.7,1514.9,0,2440
1,1561,59.59,0.5774,97.13,1501.0,0,2439
1,1562,57.53,0.5136,97.11,1497.1,0,2438
1,1563,61.45,0.5779,102.74,1498.5,0,2437
1,1564,61.22,0.5158,101.73,1489.6,0,2436
1,1565,59.95,0.5426,99.64,1503.9,0,2435
1,1566,60.32,0.5709,100.08,1495.1,0,2434
1,1567,60.81,0.5017,99.28,1510.1,0,2433
1,1568,58.26,0.5157,100.97,1508.1,0,2432
1,1569,59.45,0.556,98.54,1518.0,0,2431
1,1570,60.99,0.4967,101.94,1504.1,0,2430
1,1571,58.48,0.4467,99.51,1505.1,0,2429
1,1572,60.29,0.5827,99.23,1513.3,0,2428
1,1573,58.26,0.4757,100.18,1492.4,0,2427
1,1574,60.4,0.4984,99.01,1483.2,0,2426
1,1575,59.75,0.5358,100.91,1499.5,0,2425
1,1576,57.8,0.4628,99.24,1482.7,0,2424
1,1577,61.09,0.4444,101.31,1520.8,0,2423
1,1578,58.76,0.4925,102.86,1510.3,0,2422
1,1579,58.62,0.4083,99.05,1516.8,0,2421
1,1580,59.78,0.4663,100.29,1495.2,0,2420
1,1581,60.87,0.4854,101.53,1499.5,0,2419
1,1582,58.22,0.4626,99.79,1488.8,0,2418
1,1583,59.47,0.4096,101.65,1501.7,0,2417
1,1584,59.86,0.5331,101.89,1480.1,0,2416
1,1585,60.12,0.4715,103.01,1466.3,0,2415
1,1586,59.45,0.5228,99.69,1483.3,0,2414
1,1587,58.75,0.4534,99.07,1476.1,0,2413
1,1588,58.15,0.4269,100.4,1504.9,0,2412
1,1589,59.2,0.4713,99.13,1507.8,0,2411
1,1590,57.76,0.4504,102.25,1475.1,0,2410
1,1591,55.49,0.4105,98.86,1501.5,0,2409
1,1592,59.47,0.5152,105.9,1497.6,0,2408
1,1593,59.98,0.4303,103.88,1471.9,0,2407
1,1594,56.01,0.3805,101.37,1483.3,0,2406
1,1595,57.59,0.5063,103.13,1480.9,0,2405
1,1596,59.5,0.4322,98.18,1493.8,0,2404
1,1597,61.17,0.4274,106.55,1473.6,0,2403
1,1598,58.68,0.3805,100.37,1484.4,0,2402
1,1599,57.73,0.5203,101.36,1478.2,0,2401
1,1600,58.34,0.3987,97.94,1489.4,0,2400
1,1601,60.16,0.4524,102.68,1482.1,0,2399
1,1602,57.69,0.4865,99.54,1478.5,0,2398
1,1603,57.46,0.4669,102.0,1481.4,0,2397
1,1604,57.79,0.4478,100.76,1503.6,0,2396
1,1605,57.18,0.3824,99.74,1478.7,0,2395
1,1606,58.42,0.4185,100.33,1472.2,0,2394
1,1607,60.18,0.4589,102.44,1488.1,0,2393
1,1608,58.57,0.4206,99.47,1480.6,0,2392
1,1609,57.83,0.461,100.58,1467.6,0,2391
1,1610,57.74,0.481,103.45,1503.9,0,2390
1,1611,56.17,0.4932,107.37,1477.8,0,2389
1,1612,59.06,0.4068,103.16,1477.3,0,2388
1,1613,57.86,0.545,100.41,1482.5,0,2387
1,1614,57.69,0.4891,101.55,1498.1,0,2386
1,1615,61.69,0.4598,102.38,1463.8,0,2385
1,1616,58.17,0.505,101.66,1483.2,0,2384
1,1617,56.87,0.5577,104.2,1501.2,0,2383
1,1618,57.21,0.4072,102.86,1481.5,0,2382
1,1619,59.06,0.4576,104.28,1467.8,0,2381
1,1620,57.77,0.3734,101.87,1473.9,0,2380
1,1621,55.87,0.4782,105.18,1482.1,0,2379
1,1622,58.65,0.4872,102.23,1493.3,0,2378
1,1623,56.7,0.4731,100.65,1476.6,0,2377
1,1624,59.71,0.4507,106.98,1488.3,0,2376
1,1625,58.72,0.3971,99.0,1465.7,0,2375
1,1626,56.84,0.4963,101.2,1465.6,0,2374
1,1627,58.87,0.5419,101.45,1475.3,0,2373
1,1628,57.37,0.4625,107.75,1494.6,0,2372
1,1629,58.27,0.5061,106.37,1481.0,0,2371
1,1630,57.79,0.4283,105.77,1483.3,0,2370
1,1631,56.15,0.5117,102.14,1483.3,0,2369
1,1632,56.36,0.4802,107.67,1491.8,0,2368
1,1633,58.32,0.4679,103.58,1474.8,0,2367
1,1634,56.64,0.4705,104.81,1487.9,0,2366
1,1635,56.52,0.4877,103.24,1472.9,0,2365
1,1636,55.82,0.5212,102.79,1501.3,0,2364
1,1637,57.43,0.4559,102.41,1473.7,0,2363
1,1638,59.36,0.495,102.5,1473.1,0,2362
1,1639,55.57,0.5116,104.15,1487.7,0,2361
1,1640,56.84,0.4717,103.68,1483.3,0,2360
1,1641,58.47,0.5899,102.9,1486.1,0,2359
1,1642,56.64,0.4862,105.99,1485.4,0,2358
1,1643,57.24,0.4958,97.04,1472.5,0,2357
1,1644,55.38,0.4857,104.0,1499.9,0,2356
1,1645,57.14,0.5989,104.42,1493.1,0,2355
1,1646,56.36,0.5511,105.29,1498.1,0,2354
1,1647,57.73,0.4935,102.87,1479.6,0,2353
1,1648,57.94,0.5772,103.41,1489.5,0,2352
1,1649,59.58,0.5428,104.97,1487.7,0,2351
1,1650,57.14,0.5468,105.98,1497.4,0,2350
1,1651,56.8,0.5244,102.4,1498.2,0,2349
1,1652,56.6,0.5098,103.53,1489.0,0,2348
1,1653,55.91,0.5547,106.35,1472.3,0,2347
1,1654,56.71,0.5208,98.74,1505.8,0,2346
1,1655,55.92,0.6165,101.6,1494.0,0,2345
1,1656,56.44,0.4942,105.91,1482.9,0,2344
1,1657,57.79,0.6075,105.15,1493.5,0,2343
1,1658,54.96,0.5425,104.0,1474.9,0,2342
1,1659,57.51,0.5597,102.05,1501.0,0,2341
1,1660,57.69,0.5817,101.17,1476.3,0,2340
1,1661,55.94,0.5238,101.74,1489.4,0,2339
1,1662,53.5,0.584,106.0,1494.6,0,2338
1,1663,55.29,0.4414,101.63,1503.1,0,2337
1,1664,57.54,0.5211,103.07,1494.3,0,2336
1,1665,55.93,0.513,101.35,1500.1,0,2335
1,1666,54.73,0.4998,104.52,1494.1,0,2334
1,1667,55.29,0.5412,101.74,1494.6,0,2333
1,1668,56.88,0.5649,102.6,1496.4,0,2332
1,1669,56.5,0.5771,99.4,1494.2,0,2331
1,1670,55.53,0.5581,99.52,1479.8,0,2330
1,1671,55.35,0.5212,102.74,1489.6,0,2329
1,1672,55.29,0.5618,100.05,1500.3,0,2328
1,1673,54.63,0.5511,106.88,1496.0,0,2327
1,1674,57.65,0.5825,98.52,1497.5,0,2326
1,1675,55.3,0.575,101.01,1496.5,0,2325
1,1676,57.12,0.5439,102.62,1491.7,0,2324
1,1677,57.46,0.5054,101.82,1496.0,0,2323
1,1678,56.81,0.5138,100.31,1498.4,0,2322
1,1679,55.07,0.5163,100.57,1502.1,0,2321
1,1680,56.05,0.524,100.47,1506.6,0,2320
1,1681,55.51,0.5456,101.84,1501.5,0,2319
1,1682,54.43,0.5617,106.29,1493.6,0,2318
1,1683,55.88,0.5291,102.5,1490.5,0,2317
1,1684,54.06,0.5298,104.67,1531.0,0,2316
1,1685,56.88,0.5328,103.28,1494.3,0,2315
1,1686,54.87,0.5043,104.46,1501.0,0,2314
1,1687,55.65,0.4858,96.59,1511.9,0,2313
1,1688,55.73,0.4503,101.54,1510.9,0,2312
1,1689,55.06,0.4904,104.72,1513.1,0,2311
1,1690,56.06,0.5348,100.92,1504.0,0,2310
1,1691,54.77,0.4854,105.54,1511.3,0,2309
1,1692,56.36,0.5015,104.94,1510.1,0,2308
1,1693,53.69,0.5273,100.99,1506.9,0,2307
1,1694,55.44,0.527,100.87,1513.0,0,2306
1,1695,57.59,0.4605,99.81,1521.6,0,2305
1,1696,54.05,0.541,100.53,1511.3,0,2304
1,1697,54.42,0.5437,99.27,1511.9,0,2303
1,1698,55.84,0.451,102.55,1523.2,0,2302
1,1699,55.42,0.4607,98.73,1522.6,0,2301
1,1700,55.61,0.5388,102.79,1529.2,0,2300
1,1701,55.77,0.4829,102.79,1496.3,0,2299
1,1702,55.93,0.3975,98.16,1523.3,0,2298
1,1703,56.49,0.428,104.53,1520.7,0,2297
1,1704,55.63,0.4716,102.41,1506.2,0,2296
1,1705,54.84,0.4328,102.82,1518.0,0,2295
1,1706,55.93,0.4605,99.75,1526.4,0,2294
1,1707,57.39,0.4761,102.46,1507.9,0,2293
1,1708,54.94,0.5312,103.41,1521.0,0,2292
1,1709,53.92,0.459,100.91,1525.6,0,2291
1,1710,56.41,0.5116,105.05,1506.5,0,2290
1,1711,54.93,0.5239,101.08,1516.1,0,2289
1,1712,52.46,0.5223,103.22,1520.8,0,2288
1,1713,56.07,0.4746,101.47,1510.1,0,2287
1,1714,54.41,0.383,101.99,1509.5,0,2286
1,1715,54.93,0.4784,97.42,1517.2,0,2285
1,1716,55.43,0.5005,101.45,1526.8,0,2284
1,1717,55.26,0.454,99.18,1525.4,0,2283
1,1718,55.88,0.5258,98.9,1510.5,0,2282
1,1719,54.5,0.4892,104.02,1525.8,0,2281
1,1720,55.63,0.4766,100.04,1511.1,0,2280
1,1721,54.7,0.4964,98.4,1503.5,0,2279
1,1722,55.9,0.4655,99.63,1516.0,0,2278
1,1723,55.74,0.3518,97.69,1531.0,0,2277
1,1724,53.88,0.431,103.1,1526.4,0,2276
1,1725,56.31,0.4984,98.78,1519.9,0,2275
1,1726,54.36,0.4179,101.17,1515.8,0,2274
1,1727,55.97,0.4411,102.76,1516.1,0,2273
1,1728,55.44,0.4082,98.99,1521.1,0,2272
1,1729,57.21,0.5214,101.0,1509.3,0,2271
1,1730,54.73,0.5175,97.81,1516.5,0,2270
1,1731,54.58,0.4153,104.7,1517.8,0,2269
1,1732,54.98,0.457,101.63,1506.3,0,2268
1,1733,54.64,0.4244,99.31,1511.4,0,2267
1,1734,55.97,0.4769,98.09,1523.8,0,2266
1,1735,53.07,0.4735,99.35,1519.6,0,2265
1,1736,53.75,0.4865,98.83,1516.3,0,2264
1,1737,53.74,0.4684,103.36,1510.1,0,2263
1,1738,56.17,0.5737,96.95,1534.9,0,2262
1,1739,57.08,0.4164,99.61,1510.5,0,2261
1,1740,54.91,0.3905,99.24,1521.2,0,2260
1,1741,54.84,0.4447,98.99,1513.6,0,2259
1,1742,55.13,0.3992,98.95,1518.6,0,2258
1,1743,56.45,0.4039,98.87,1522.6,0,2257
1,1744,53.95,0.4253,100.8,1504.0,0,2256
1,1745,55.36,0.4303,100.21,1517.4,0,2255
1,1746,56.25,0.431,99.77,1529.0,0,2254
1,1747,55.69,0.4919,92.81,1534.4,0,2253
1,1748,55.33,0.453,99.42,1515.2,0,2252
1,1749,56.31,0.4682,95.46,1516.5,0,2251
1,1750,51.88,0.5134,100.01,1537.9,0,2250
1,1751,55.95,0.4492,101.61,1526.7,0,2249
1,1752,54.36,0.4716,96.76,1508.8,0,2248
1,1753,52.96,0.4992,98.03,1508.4,0,2247
1,1754,55.78,0.4093,97.3,1523.7,0,2246
1,1755,56.83,0.394,100.92,1503.6,0,2245
1,1756,55.03,0.5057,98.59,1524.2,0,2244
1,1757,56.35,0.514,101.81,1516.2,0,2243
1,1758,57.16,0.5793,99.13,1517.6,0,2242
1,1759,56.82,0.5056,98.74,1509.3,0,2241
1,1760,57.22,0.5346,98.34,1505.1,0,2240
1,1761,56.16,0.4964,99.79,1525.5,0,2239
1,1762,55.38,0.5186,94.63,1507.9,0,2238
1,1763,53.38,0.5759,98.23,1505.8,0,2237
1,1764,55.03,0.4267,97.88,1508.6,0,2236
1,1765,54.33,0.5306,99.42,1510.8,0,2235
1,1766,57.96,0.6019,97.55,1498.0,0,2234
1,1767,55.17,0.5301,95.81,1502.1,0,2233
1,1768,55.54,0.5871,97.86,1501.0,0,2232
1,1769,56.08,0.4982,95.64,1515.1,0,2231
1,1770,55.49,0.5242,93.91,1497.2,0,2230
1,1771,57.49,0.529,99.18,1487.9,0,2229
1,1772,54.73,0.441,98.84,1485.2,0,2228
1,1773,55.73,0.4849,98.58,1489.6,0,2227
1,1774,54.63,0.4897,100.21,1517.3,0,2226
1,1775,53.96,0.5682,96.24,1503.3,0,2225
1,1776,54.83,0.572,94.68,1507.5,0,2224
1,1777,55.55,0.5517,97.36,1507.3,0,2223
1,1778,55.1,0.5732,96.78,1501.9,0,2222
1,1779,54.81,0.5351,95.76,1500.0,0,2221
1,1780,53.98,0.5911,97.25,1510.6,0,2220
1,1781,55.59,0.5446,96.16,1501.0,0,2219
1,1782,53.91,0.5476,93.68,1512.9,0,2218
1,1783,56.65,0.5357,96.44,1504.6,0,2217
1,1784,55.87,0.5746,95.02,1491.6,0,2216
1,1785,54.04,0.5311,97.73,1492.2,0,2215
1,1786,55.45,0.5877,95.93,1489.3,0,2214
1,1787,54.95,0.5039,99.45,1508.1,0,2213
1,1788,56.26,0.5056,100.41,1491.3,0,2212
1,1789,57.51,0.5773,98.54,1486.8,0,2211
1,1790,53.68,0.5464,94.06,1497.4,0,2210
1,1791,56.1,0.5318,100.15,1492.7,0,2209
1,1792,55.8,0.5855,100.28,1496.0,0,2208
1,1793,56.83,0.5254,97.14,1511.4,0,2207
1,1794,56.31,0.5413,99.74,1501.1,0,2206
1,1795,55.18,0.6048,95.97,1491.7,0,2205
1,1796,55.73,0.6098,93.33,1476.8,0,2204
1,1797,55.19,0.6104,95.53,1485.4,0,2203
1,1798,57.47,0.5354,100.5,1496.9,0,2202
1,1799,56.24,0.595,94.05,1477.6,0,2201
1,1800,58.53,0.5067,97.02,1510.2,0,2200
1,1801,56.21,0.5072,97.09,1488.5,0,2199
1,1802,55.46,0.4482,95.99,1488.3,0,2198
1,1803,54.53,0.6078,96.12,1480.7,0,2197
1,1804,54.22,0.5048,97.15,1491.9,0,2196
1,1805,54.51,0.5327,95.88,1474.9,0,2195
1,1806,56.77,0.4997,94.16,1507.7,0,2194
1,1807,57.1,0.5621,97.43,1498.8,0,2193
1,1808,54.62,0.5174,99.15,1495.0,0,2192
1,1809,57.63,0.4783,98.74,1470.9,0,2191
1,1810,56.01,0.5462,95.39,1486.5,0,2190
1,1811,56.81,0.469,94.51,1496.1,0,2189
1,1812,58.6,0.4907,96.45,1489.6,0,2188
1,1813,57.78,0.4378,100.16,1473.3,0,2187
1,1814,56.42,0.4628,98.33,1476.5,0,2186
1,1815,55.71,0.5246,98.45,1478.2,0,2185
1,1816,54.24,0.4365,98.83,1476.4,0,2184
1,1817,55.99,0.4534,97.91,1497.4,0,2183
1,1818,56.64,0.5101,97.32,1462.7,0,2182
1,1819,55.75,0.486,98.42,1488.2,0,2181
1,1820,56.82,0.585,96.02,1468.5,0,2180
1,1821,57.11,0.5762,94.3,1471.6,0,2179
1,1822,56.79,0.4656,98.59,1460.9,0,2178
1,1823,56.32,0.5201,99.64,1475.3,0,2177
1,1824,57.34,0.5253,94.95,1495.8,0,2176
1,1825,57.71,0.4689,98.85,1483.2,0,2175
1,1826,55.91,0.4305,100.59,1468.4,0,2174
1,1827,58.95,0.4874,97.25,1490.5,0,2173
1,1828,57.19,0.4786,95.64,1492.5,0,2172
1,1829,57.37,0.4657,97.55,1481.2,0,2171
1,1830,58.24,0.4985,96.23,1500.4,0,2170
1,1831,57.71,0.4485,96.12,1488.2,0,2169
1,1832,58.62,0.4302,98.25,1486.8,0,2168
1,1833,57.86,0.4785,94.21,1472.0,0,2167
1,1834,56.83,0.4875,94.56,1486.3,0,2166
1,1835,58.04,0.4229,97.52,1482.2,0,2165
1,1836,56.28,0.5051,97.47,1485.3,0,2164
1,1837,57.82,0.3953,98.23,1473.3,0,2163
1,1838,57.7,0.4412,101.33,1481.5,0,2162
1,1839,57.53,0.4523,97.82,1472.2,0,2161
1,1840,57.67,0.4356,98.85,1459.0,0,2160
1,1841,55.61,0.4369,95.74,1490.6,0,2159
1,1842,57.26,0.5329,99.26,1465.8,0,2158
1,1843,58.07,0.4227,96.72,1482.0,0,2157
1,1844,58.2,0.5532,97.95,1484.5,0,2156
1,1845,56.82,0.472,97.63,1484.6,0,2155
1,1846,59.62,0.4572,99.96,1478.8,0,2154
1,1847,57.11,0.4717,95.32,1484.6,0,2153
1,1848,59.36,0.5531,93.41,1486.8,0,2152
1,1849,58.75,0.4115,97.6,1489.7,0,2151
1,1850,57.51,0.406,99.01,1500.0,0,2150
1,1851,60.47,0.4202,98.42,1485.3,0,2149
1,1852,56.95,0.4514,100.63,1483.9,0,2148
1,1853,59.53,0.381,99.09,1474.6,0,2147
1,1854,59.68,0.4509,97.13,1488.3,0,2146
1,1855,57.72,0.5179,93.66,1491.0,0,2145
1,1856,60.24,0.4564,97.88,1482.8,0,2144
1,1857,58.32,0.439,100.46,1490.6,0,2143
1,1858,59.01,0.4265,97.68,1482.6,0,2142
1,1859,59.03,0.4878,98.57,1492.7,0,2141
1,1860,58.6,0.4196,99.41,1495.5,0,2140
1,1861,59.79,0.5273,96.59,1495.8,0,2139
1,1862,59.81,0.5317,99.92,1488.5,0,2138
1,1863,56.81,0.4658,102.0,1477.4,0,2137
1,1864,60.53,0.4562,98.43,1482.1,0,2136
1,1865,57.01,0.4992,96.58,1494.7,0,2135
1,1866,60.3,0.5032,98.76,1513.7,0,2134
1,1867,60.46,0.4287,94.5,1486.3,0,2133
1,1868,57.85,0.4414,99.68,1494.8,0,2132
1,1869,58.71,0.4113,99.96,1485.2,0,2131
1,1870,57.93,0.4824,102.47,1481.6,0,2130
1,1871,59.05,0.4945,98.79,1485.1,0,2129
1,1872,58.98,0.4158,100.05,1471.6,0,2128
1,1873,60.34,0.4537,97.57,1506.5,0,2127
1,1874,61.03,0.4201,98.64,1471.2,0,2126
1,1875,61.18,0.4402,96.36,1491.5,0,2125
1,1876,58.88,0.5004,99.08,1482.9,0,2124
1,1877,59.35,0.4513,98.91,1486.4,0,2123
1,1878,57.63,0.4709,100.18,1509.6,0,2122
1,1879,58.74,0.4202,98.4,1498.5,0,2121
1,1880,60.91,0.4952,99.87,1487.4,0,2120
1,1881,61.74,0.4884,99.1,1491.7,0,2119
1,1882,58.37,0.4635,99.16,1490.6,0,2118
1,1883,59.19,0.4876,100.04,1498.4,0,2117
1,1884,59.92,0.5048,100.02,1501.2,0,2116
1,1885,60.34,0.4675,101.53,1519.0,0,2115
1,1886,59.08,0.4436,99.82,1481.5,0,2114
1,1887,60.61,0.5773,99.42,1500.9,0,2113
1,1888,59.58,0.4823,99.82,1498.7,0,2112
1,1889,60.18,0.5062,98.81,1511.9,0,2111
1,1890,60.91,0.5529,99.58,1506.6,0,2110
1,1891,60.31,0.656,104.42,1509.5,0,2109
1,1892,59.83,0.4675,98.6,1507.6,0,2108
1,1893,60.27,0.5376,99.92,1495.5,0,2107
1,1894,60.35,0.4935,99.76,1517.5,0,2106
1,1895,60.06,0.5025,100.1,1513.9,0,2105
1,1896,60.24,0.4974,99.99,1515.7,0,2104
1,1897,62.52,0.4833,101.27,1519.7,0,2103
1,1898,61.32,0.5287,97.35,1511.8,0,2102
1,1899,60.35,0.4733,102.91,1523.0,0,2101
1,1900,61.59,0.572,102.15,1512.5,0,2100
1,1901,60.4,0.5381,98.46,1507.1,0,2099
1,1902,62.26,0.5545,96.46,1509.7,0,2098
1,1903,61.34,0.5206,99.11,1510.1,0,2097
1,1904,60.82,0.526,100.63,1505.6,0,2096
1,1905,61.53,0.5536,106.33,1527.6,0,2095
1,1906,59.16,0.4969,102.31,1514.8,0,2094
1,1907,59.74,0.5303,97.67,1513.2,0,2093
1,1908,59.71,0.5113,99.95,1516.6,0,2092
1,1909,61.36,0.511,101.28,1543.0,0,2091
1,1910,63.32,0.4631,101.95,1502.3,0,2090
1,1911,63.97,0.6018,98.86,1505.6,0,2089
1,1912,62.1,0.5213,101.27,1500.7,0,2088
1,1913,61.98,0.5958,100.16,1512.6,0,2087
1,1914,59.27,0.5924,99.44,1517.8,0,2086
1,1915,60.83,0.4984,102.22,1511.0,0,2085
1,1916,60.58,0.5065,103.29,1510.7,0,2084
1,1917,60.83,0.6524,103.48,1517.8,0,2083
1,1918,61.42,0.6199,102.99,1511.7,0,2082
1,1919,61.1,0.5483,100.89,1520.2,0,2081
1,1920,59.34,0.5595,103.36,1528.5,0,2080
1,1921,62.66,0.5234,102.6,1524.4,0,2079
1,1922,60.52,0.5653,102.29,1526.7,0,2078
1,1923,62.14,0.5186,100.85,1529.0,0,2077
1,1924,64.39,0.4651,101.12,1521.3,0,2076
1,1925,60.85,0.4926,102.3,1517.1,0,2075
1,1926,58.96,0.5452,107.08,1511.1,0,2074
1,1927,61.7,0.4979,102.84,1515.1,0,2073
1,1928,63.41,0.5391,101.05,1514.0,0,2072
1,1929,64.48,0.4974,100.65,1526.7,0,2071
1,1930,60.7,0.5075,101.37,1523.0,0,2070
1,1931,62.82,0.5713,106.74,1526.6,0,2069
1,1932,61.71,0.5454,101.63,1508.1,0,2068
1,1933,62.18,0.5333,104.27,1534.2,0,2067
1,1934,65.53,0.567,101.74,1515.6,0,2066
1,1935,60.6,0.5491,103.05,1509.0,0,2065
1,1936,62.75,0.5857,104.14,1515.6,0,2064
1,1937,63.05,0.5073,101.44,1544.8,0,2063
1,1938,63.83,0.5063,101.34,1516.1,0,2062
1,1939,62.69,0.4692,105.96,1516.7,0,2061
1,1940,62.98,0.5018,104.64,1518.0,0,2060
1,1941,62.19,0.5552,104.28,1518.4,0,2059
1,1942,63.02,0.5663,104.3,1512.0,0,2058
1,1943,62.33,0.5503,103.67,1521.1,0,2057
1,1944,63.53,0.4376,106.81,1530.4,0,2056
1,1945,62.38,0.5503,102.88,1522.6,0,2055
1,1946,63.32,0.4309,103.97,1508.2,0,2054
1,1947,62.87,0.5379,99.94,1515.7,0,2053
1,1948,64.3,0.4848,101.21,1513.5,0,2052
1,1949,62.93,0.5251,100.47,1519.3,0,2051
1,1950,60.9,0.4412,105.44,1531.9,0,2050
1,1951,64.58,0.5388,97.8,1516.8,0,2049
1,1952,62.02,0.4309,102.12,1517.2,0,2048
1,1953,62.36,0.4604,96.95,1535.6,0,2047
1,1954,62.47,0.4448,101.28,1526.3,0,2046
1,1955,64.87,0.4122,101.97,1523.0,0,2045
1,1956,60.7,0.4838,105.74,1536.5,0,2044
1,1957,67.06,0.55,103.77,1521.5,0,2043
1,1958,64.6,0.5822,101.32,1496.4,0,2042
1,1959,63.64,0.4773,105.12,1524.2,0,2041
1,1960,63.34,0.516,103.03,1499.6,0,2040
1,1961,63.79,0.4786,103.07,1519.7,0,2039
1,1962,64.11,0.4873,100.59,1497.6,0,2038
1,1963,64.29,0.4518,101.02,1509.7,0,2037
1,1964,64.22,0.4716,101.35,1510.3,0,2036
1,1965,63.7,0.4836,103.09,1505.8,0,2035
1,1966,63.39,0.4374,103.15,1509.6,0,2034
1,1967,63.48,0.4559,106.08,1522.9,0,2033
1,1968,63.46,0.4553,103.76,1505.0,0,2032
1,1969,65.09,0.4894,97.57,1517.1,0,2031
1,1970,64.47,0.4126,103.5,1501.5,0,2030
1,1971,60.26,0.4521,100.07,1508.7,0,2029
1,1972,64.61,0.5297,101.02,1513.4,0,2028
1,1973,64.09,0.4989,101.32,1499.6,0,2027
1,1974,63.86,0.5056,101.61,1495.9,0,2026
1,1975,63.45,0.4521,100.17,1513.4,0,2025
1,1976,65.3,0.4635,103.31,1519.2,0,2024
1,1977,65.12,0.4904,100.07,1506.6,0,2023
1,1978,63.08,0.5125,103.59,1502.3,0,2022
1,1979,64.53,0.3719,107.33,1507.9,0,2021
1,1980,62.9,0.3974,100.18,1506.3,0,2020
1,1981,62.44,0.5026,102.25,1507.6,0,2019
1,1982,63.37,0.4394,97.75,1479.3,0,2018
1,1983,65.19,0.424,102.17,1493.3,0,2017
1,1984,65.33,0.4013,104.04,1494.9,0,2016
1,1985,64.82,0.4299,104.17,1504.3,0,2015
1,1986,65.11,0.3968,102.86,1504.1,0,2014
1,1987,64.88,0.5374,104.45,1508.0,0,2013
1,1988,63.52,0.4539,107.74,1503.6,0,2012
1,1989,64.83,0.4536,106.04,1487.4,0,2011
1,1990,65.3,0.4806,101.54,1514.3,0,2010
1,1991,65.27,0.4969,99.66,1511.9,0,2009
1,1992,65.81,0.4977,101.71,1486.0,0,2008
1,1993,65.26,0.5044,100.6,1501.3,0,2007
1,1994,64.86,0.4378,103.36,1491.5,0,2006
1,1995,65.74,0.4529,100.06,1498.2,0,2005
1,1996,64.45,0.4974,102.24,1506.8,0,2004
1,1997,63.44,0.4474,104.03,1516.9,0,2003
1,1998,64.33,0.4703,102.11,1502.6,0,2002
1,1999,63.65,0.4885,100.38,1497.4,0,2001
1,2000,63.75,0.5061,104.58,1490.5,0,2000
1,2001,64.41,0.4058,98.44,1495.2,0,1999
1,2002,63.65,0.5077,101.5,1506.4,0,1998
1,2003,64.25,0.4721,102.03,1491.8,0,1997
1,2004,62.37,0.5121,102.1,1482.8,0,1996
1,2005,64.92,0.5172,102.39,1474.9,0,1995
1,2006,64.68,0.5529,103.2,1495.7,0,1994
1,2007,63.72,0.5451,101.86,1492.5,0,1993
1,2008,65.5,0.5473,101.15,1483.1,0,1992
1,2009,65.85,0.5537,101.03,1499.3,0,1991
1,2010,62.82,0.5101,100.57,1484.3,0,1990
1,2011,63.85,0.5022,103.32,1486.7,0,1989
1,2012,63.85,0.5384,100.4,1487.4,0,1988
1,2013,63.66,0.5352,103.34,1483.6,0,1987
1,2014,65.8,0.496,101.63,1489.0,0,1986
1,2015,64.59,0.5271,100.5,1497.7,0,1985
1,2016,64.51,0.5119,102.73,1474.4,0,1984
1,2017,62.44,0.4815,99.99,1490.3,0,1983
1,2018,65.62,0.5697,102.66,1486.7,0,1982
1,2019,63.38,0.5226,101.76,1486.1,0,1981
1,2020,64.95,0.6045,100.09,1492.9,0,1980
1,2021,65.22,0.4598,102.28,1484.3,0,1979
1,2022,66.53,0.5047,102.26,1488.3,0,1978
1,2023,63.34,0.5303,103.43,1490.3,0,1977
1,2024,61.3,0.5765,102.99,1477.8,0,1976
1,2025,65.15,0.5489,101.99,1485.5,0,1975
1,2026,67.1,0.5472,98.69,1479.8,0,1974
1,2027,66.43,0.4914,105.79,1480.7,0,1973
1,2028,65.2,0.4919,98.02,1478.5,0,1972
1,2029,64.37,0.5527,102.67,1486.2,0,1971
1,2030,65.93,0.4867,101.58,1482.1,0,1970
1,2031,63.8,0.5213,98.31,1485.0,0,1969
1,2032,65.55,0.5639,100.35,1480.7,0,1968
1,2033,65.59,0.5057,100.38,1464.7,0,1967
1,2034,66.26,0.6102,103.09,1480.9,0,1966
1,2035,68.3,0.5959,98.99,1481.1,0,1965
1,2036,65.46,0.4849,99.84,1482.8,0,1964
1,2037,64.38,0.5111,95.63,1474.3,0,1963
1,2038,64.97,0.4576,103.71,1468.2,0,1962
1,2039,62.87,0.5181,98.04,1486.3,0,1961
1,2040,64.17,0.5804,100.78,1477.3,0,1960
1,2041,64.51,0.5334,99.86,1481.7,0,1959
1,2042,64.37,0.5684,99.81,1477.2,0,1958
1,2043,65.18,0.489,101.56,1479.9,0,1957
1,2044,64.01,0.5817,103.22,1475.5,0,1956
1,2045,66.34,0.5272,100.33,1470.4,0,1955
1,2046,65.0,0.5495,101.07,1484.9,0,1954
1,2047,64.98,0.5448,100.36,1474.2,0,1953
1,2048,64.6,0.4969,101.68,1482.0,0,1952
1,2049,65.17,0.5009,98.66,1484.5,0,1951
1,2050,65.97,0.5848,101.67,1474.7,0,1950
1,2051,63.94,0.561,101.69,1468.7,0,1949
1,2052,64.19,0.5859,101.57,1505.1,0,1948
1,2053,64.61,0.5557,98.03,1475.8,0,1947
1,2054,63.35,0.547,98.95,1487.5,0,1946
1,2055,63.97,0.4708,99.71,1500.9,0,1945
1,2056,64.38,0.5275,96.43,1489.6,0,1944
1,2057,65.99,0.5355,102.31,1479.0,0,1943
1,2058,65.25,0.613,99.03,1481.6,0,1942
1,2059,65.16,0.5605,99.57,1474.2,0,1941
1,2060,65.94,0.5926,97.79,1491.7,0,1940
1,2061,64.75,0.5531,96.24,1488.8,0,1939
1,2062,65.37,0.4986,97.63,1478.3,0,1938
1,2063,64.77,0.5296,99.22,1473.4,0,1937
1,2064,65.2,0.5322,100.07,1471.0,0,1936
1,2065,64.17,0.4829,98.99,1494.4,0,1935
1,2066,61.93,0.5028,99.31,1486.2,0,1934
1,2067,64.68,0.5076,97.89,1487.5,0,1933
1,2068,66.54,0.5777,99.5,1477.5,0,1932
1,2069,65.93,0.4278,101.43,1471.6,0,1931
1,2070,65.96,0.5568,99.82,1496.3,0,1930
1,2071,66.28,0.4686,99.98,1487.5,0,1929
1,2072,64.88,0.4487,98.9,1496.6,0,1928
1,2073,65.0,0.5483,95.25,1484.2,0,1927
1,2074,64.01,0.5279,96.12,1486.1,0,1926
1,2075,64.35,0.5463,99.07,1496.1,0,1925
1,2076,65.45,0.5257,98.09,1496.8,0,1924
1,2077,66.14,0.5736,98.95,1498.0,0,1923
1,2078,64.51,0.5111,101.38,1487.6,0,1922
1,2079,64.12,0.48,99.43,1497.2,0,1921
1,2080,64.64,0.4976,100.45,1502.7,0,1920
1,2081,65.35,0.5313,98.08,1491.1,0,1919
1,2082,62.87,0.4481,96.23,1487.6,0,1918
1,2083,61.83,0.4509,97.69,1506.7,0,1917
1,2084,63.91,0.4625,96.16,1487.3,0,1916
1,2085,63.08,0.3885,100.84,1500.7,0,1915
1,2086,63.91,0.4762,99.27,1494.4,0,1914
1,2087,64.33,0.3932,98.69,1477.2,0,1913
1,2088,63.94,0.4689,100.09,1507.5,0,1912
1,2089,66.2,0.4995,93.54,1469.2,0,1911
1,2090,64.83,0.4441,98.72,1477.5,0,1910
1,2091,64.77,0.5286,94.89,1503.2,0,1909
1,2092,65.14,0.4016,97.46,1503.8,0,1908
1,2093,63.0,0.5062,96.82,1492.8,0,1907
1,2094,65.59,0.4842,98.74,1501.2,0,1906
1,2095,64.22,0.3873,97.84,1475.0,0,1905
1,2096,65.09,0.5633,100.05,1508.0,0,1904
1,2097,62.98,0.4513,96.12,1504.1,0,1903
1,2098,62.37,0.4178,98.72,1501.7,0,1902
1,2099,65.19,0.3959,97.6,1503.0,0,1901
1,2100,64.63,0.4427,93.98,1508.3,0,1900
1,2101,63.07,0.4458,95.39,1503.6,0,1899
1,2102,63.08,0.4546,96.9,1485.8,0,1898
1,2103,65.45,0.4383,99.41,1527.1,0,1897
1,2104,62.64,0.4754,98.09,1517.7,0,1896
1,2105,66.01,0.4345,94.81,1493.4,0,1895
1,2106,62.93,0.3727,96.85,1503.4,0,1894
1,2107,64.75,0.4443,101.15,1505.0,0,1893
1,2108,63.56,0.3559,97.32,1518.7,0,1892
1,2109,64.64,0.4652,96.43,1486.9,0,1891
1,2110,63.24,0.4125,98.05,1504.0,0,1890
1,2111,63.66,0.4589,98.58,1491.9,0,1889
1,2112,63.87,0.5057,96.13,1507.2,0,1888
1,2113,62.59,0.4161,98.04,1505.9,0,1887
1,2114,64.65,0.4976,96.37,1511.9,0,1886
1,2115,63.11,0.4389,98.46,1505.5,0,1885
1,2116,63.42,0.5277,97.35,1504.6,0,1884
1,2117,62.47,0.4443,97.97,1518.7,0,1883
1,2118,60.55,0.4268,95.49,1517.6,0,1882
1,2119,63.36,0.4895,95.36,1519.0,0,1881
1,2120,66.45,0.4462,98.89,1512.1,0,1880
1,2121,64.46,0.4317,96.84,1508.6,0,1879
1,2122,63.46,0.4481,97.57,1513.5,0,1878
1,2123,63.13,0.4674,96.39,1520.1,0,1877
1,2124,63.44,0.5249,98.8,1493.8,0,1876
1,2125,64.03,0.3959,95.8,1519.8,0,1875
1,2126,61.92,0.4763,96.75,1519.3,0,1874
1,2127,64.64,0.5026,98.6,1517.2,0,1873
1,2128,64.12,0.4876,99.38,1515.4,0,1872
1,2129,64.09,0.5346,95.99,1491.6,0,1871
1,2130,63.71,0.4816,100.97,1513.1,0,1870
1,2131,63.17,0.4796,97.69,1535.7,0,1869
1,2132,63.92,0.5131,94.99,1518.2,0,1868
1,2133,63.78,0.4958,97.83,1515.2,0,1867
1,2134,62.61,0.4787,96.34,1518.7,0,1866
1,2135,62.3,0.5174,97.99,1522.3,0,1865
1,2136,63.07,0.4732,97.06,1525.6,0,1864
1,2137,64.77,0.4773,97.31,1516.9,0,1863
1,2138,61.38,0.4832,95.36,1523.6,0,1862
1,2139,61.07,0.5609,99.18,1536.2,0,1861
1,2140,62.98,0.3804,94.91,1529.7,0,1860
1,2141,62.81,0.5275,95.03,1543.1,0,1859
1,2142,62.91,0.5155,98.01,1513.2,0,1858
1,2143,62.95,0.4492,100.5,1536.6,0,1857
1,2144,62.35,0.5312,96.62,1512.0,0,1856
1,2145,64.36,0.5401,98.75,1523.5,0,1855
1,2146,60.61,0.5469,99.53,1527.3,0,1854
1,2147,61.5,0.4195,99.04,1514.9,0,1853
1,2148,62.32,0.5823,96.82,1520.9,0,1852
1,2149,60.43,0.5002,95.29,1529.1,0,1851
1,2150,62.15,0.5591,93.09,1512.8,0,1850
1,2151,64.31,0.5632,97.01,1536.5,0,1849
1,2152,62.29,0.5003,99.93,1505.9,0,1848
1,2153,62.5,0.5635,95.36,1539.0,0,1847
1,2154,60.67,0.5233,99.05,1529.5,0,1846
1,2155,61.4,0.4574,95.78,1518.5,0,1845
1,2156,61.64,0.5884,97.93,1515.2,0,1844
1,2157,61.66,0.512,99.18,1514.0,0,1843
1,2158,63.54,0.5101,96.48,1517.5,0,1842
1,2159,62.62,0.5292,98.18,1518.2,0,1841
1,2160,60.57,0.5572,97.06,1531.0,0,1840
1,2161,62.16,0.5449,99.34,1537.9,0,1839
1,2162,62.41,0.5699,98.44,1519.9,0,1838
1,2163,63.13,0.495,98.13,1509.2,0,1837
1,2164,63.62,0.5195,101.18,1511.9,0,1836
1,2165,60.45,0.5449,99.43,1515.2,0,1835
1,2166,60.65,0.6257,96.77,1506.5,0,1834
1,2167,60.07,0.5454,98.03,1504.6,0,1833
1,2168,61.25,0.5934,98.1,1537.0,0,1832
1,2169,62.04,0.5514,98.46,1518.7,0,1831
1,2170,62.62,0.5303,103.4,1507.0,0,1830
1,2171,61.3,0.5395,99.14,1523.1,0,1829
1,2172,60.96,0.5421,94.38,1502.7,0,1828
1,2173,61.47,0.5724,97.42,1503.2,0,1827
1,2174,60.24,0.6025,94.69,1505.7,0,1826
1,2175,63.7,0.5611,97.95,1529.8,0,1825
1,2176,59.22,0.5932,94.69,1510.3,0,1824
1,2177,61.32,0.5061,96.97,1487.9,0,1823
1,2178,63.48,0.5269,95.73,1523.9,0,1822
1,2179,61.01,0.5133,99.59,1508.3,0,1821
1,2180,60.72,0.5534,98.88,1492.4,0,1820
1,2181,60.47,0.525,99.54,1507.2,0,1819
1,2182,60.64,0.5669,98.78,1515.0,0,1818
1,2183,62.45,0.4988,96.26,1513.3,0,1817
1,2184,58.1,0.536,100.13,1526.7,0,1816
1,2185,62.54,0.5599,103.01,1499.7,0,1815
1,2186,58.95,0.4479,100.04,1508.1,0,1814
1,2187,60.28,0.6133,98.43,1500.1,0,1813
1,2188,60.04,0.5151,96.48,1491.1,0,1812
1,2189,61.21,0.4432,97.58,1514.8,0,1811
1,2190,58.54,0.5283,100.36,1510.0,0,1810
1,2191,60.96,0.5211,101.66,1507.7,0,1809
1,2192,62.78,0.5141,100.1,1508.5,0,1808
1,2193,58.67,0.5547,101.23,1496.8,0,1807
1,2194,60.48,0.5425,101.11,1493.0,0,1806
1,2195,59.41,0.5221,100.77,1502.8,0,1805
1,2196,60.67,0.5258,98.5,1513.5,0,1804
1,2197,60.13,0.5011,100.22,1517.3,0,1803
1,2198,59.29,0.5738,98.24,1508.6,0,1802
1,2199,60.59,0.4411,100.03,1500.4,0,1801
1,2200,62.12,0.5034,100.71,1502.2,0,1800
1,2201,59.68,0.4979,103.47,1499.0,0,1799
1,2202,60.72,0.5253,97.55,1488.0,0,1798
1,2203,58.25,0.4566,101.2,1497.9,0,1797
1,2204,58.61,0.4182,103.26,1483.7,0,1796
1,2205,60.27,0.4918,101.87,1495.2,0,1795
1,2206,61.44,0.4944,102.08,1512.3,0,1794
1,2207,60.03,0.5404,101.65,1503.5,0,1793
1,2208,59.18,0.4277,103.13,1485.5,0,1792
1,2209,59.51,0.5225,98.41,1493.4,0,1791
1,2210,57.96,0.5688,97.88,1485.2,0,1790
1,2211,60.13,0.4569,100.69,1492.4,0,1789
1,2212,60.42,0.4183,96.44,1502.9,0,1788
1,2213,58.77,0.4517,103.28,1498.4,0,1787
1,2214,58.69,0.4667,103.32,1516.2,0,1786
1,2215,59.53,0.4869,100.07,1502.8,0,1785
1,2216,58.64,0.439,100.25,1492.3,0,1784
1,2217,59.03,0.5232,100.91,1496.5,0,1783
1,2218,61.58,0.4149,101.21,1487.2,0,1782
1,2219,58.72,0.3885,101.42,1477.5,0,1781
1,2220,58.53,0.501,102.33,1501.3,0,1780
1,2221,58.14,0.3646,100.93,1497.9,0,1779
1,2222,59.76,0.4463,103.21,1484.9,0,1778
1,2223,58.6,0.5782,102.27,1489.6,0,1777
1,2224,57.99,0.4522,100.22,1498.8,0,1776
1,2225,60.31,0.4071,104.15,1494.4,0,1775
1,2226,60.38,0.449,98.82,1470.9,0,1774
1,2227,57.9,0.4487,101.4,1487.6,0,1773
1,2228,56.34,0.4568,103.57,1483.1,0,1772
1,2229,59.74,0.4766,100.24,1495.5,0,1771
1,2230,57.66,0.4085,102.36,1494.3,0,1770
1,2231,59.38,0.5175,102.87,1496.8,0,1769
1,2232,56.02,0.4599,100.11,1472.1,0,1768
1,2233,59.41,0.4795,101.74,1475.2,0,1767
1,2234,56.84,0.4256,101.61,1493.8,0,1766
1,2235,59.12,0.5027,100.87,1476.5,0,1765
1,2236,58.21,0.4416,106.62,1466.9,0,1764
1,2237,57.01,0.4637,100.54,1487.2,0,1763
1,2238,57.62,0.4161,104.11,1476.1,0,1762
1,2239,58.88,0.4145,101.36,1499.3,0,1761
1,2240,58.14,0.483,100.02,1484.1,0,1760
1,2241,58.67,0.439,102.43,1482.6,0,1759
1,2242,60.29,0.4238,103.57,1477.1,0,1758
1,2243,56.0,0.4337,104.15,1496.6,0,1757
1,2244,59.77,0.4889,105.47,1484.1,0,1756
1,2245,57.91,0.4374,108.27,1476.3,0,1755
1,2246,56.66,0.4595,102.92,1472.3,0,1754
1,2247,56.1,0.4666,101.13,1479.4,0,1753
1,2248,57.42,0.3912,103.39,1470.3,0,1752
1,2249,58.71,0.411,101.99,1490.3,0,1751
1,2250,57.41,0.4853,104.4,1461.9,0,1750
1,2251,59.33,0.4445,99.99,1478.6,0,1749
1,2252,55.74,0.5184,107.35,1486.1,0,1748
1,2253,57.42,0.517,104.35,1483.4,0,1747
1,2254,55.89,0.5094,99.3,1472.9,0,1746
1,2255,57.79,0.5558,101.28,1486.7,0,1745
1,2256,58.37,0.482,104.36,1471.3,0,1744
1,2257,56.76,0.5137,105.1,1480.1,0,1743
1,2258,54.1,0.4668,100.23,1486.9,0,1742
1,2259,57.42,0.5908,104.22,1485.1,0,1741
1,2260,57.66,0.5745,98.92,1473.9,0,1740
1,2261,57.58,0.4981,102.66,1492.8,0,1739
1,2262,58.54,0.5156,105.08,1481.9,0,1738
1,2263,55.73,0.557,101.77,1488.6,0,1737
1,2264,57.79,0.4992,99.87,1496.7,0,1736
1,2265,58.37,0.4813,103.2,1492.8,0,1735
1,2266,54.77,0.545,101.71,1493.1,0,1734
1,2267,57.24,0.5156,104.19,1484.1,0,1733
1,2268,56.22,0.5222,101.17,1490.3,0,1732
1,2269,56.69,0.4839,101.41,1484.8,0,1731
1,2270,57.16,0.4509,98.92,1470.9,0,1730
1,2271,56.12,0.5313,103.31,1486.4,0,1729
1,2272,55.86,0.5603,102.66,1486.2,0,1728
1,2273,56.67,0.5172,100.61,1489.9,0,1727
1,2274,55.29,0.5858,103.38,1483.1,0,1726
1,2275,55.26,0.5022,105.05,1477.2,0,1725
1,2276,57.34,0.4901,102.57,1491.7,0,1724
1,2277,55.11,0.5315,103.54,1472.5,0,1723
1,2278,57.25,0.5327,103.55,1500.6,0,1722
1,2279,56.97,0.5685,100.59,1484.1,0,1721
1,2280,54.31,0.5083,107.11,1489.3,0,1720
1,2281,55.54,0.5955,102.05,1492.9,0,1719
1,2282,57.75,0.6208,104.3,1493.7,0,1718
1,2283,55.1,0.5419,104.52,1474.2,0,1717
1,2284,55.69,0.5946,102.7,1497.0,0,1716
1,2285,56.77,0.5034,104.18,1492.3,0,1715
1,2286,57.12,0.5897,103.45,1483.4,0,1714
1,2287,55.85,0.5894,100.11,1482.8,0,1713
1,2288,55.4,0.5828,102.27,1487.5,0,1712
1,2289,57.79,0.5482,101.7,1478.4,0,1711
1,2290,58.14,0.4311,101.99,1509.2,0,1710
1,2291,57.2,0.524,100.29,1507.3,0,1709
1,2292,56.1,0.5248,105.13,1497.6,0,1708
1,2293,55.0,0.5109,106.06,1491.4,0,1707
1,2294,54.94,0.5549,104.8,1492.2,0,1706
1,2295,56.53,0.5331,105.36,1502.3,0,1705
1,2296,56.38,0.5166,102.11,1512.9,0,1704
1,2297,57.53,0.5068,101.51,1490.2,0,1703
1,2298,56.6,0.52,101.2,1485.3,0,1702
1,2299,53.99,0.5929,104.02,1512.6,0,1701
1,2300,57.03,0.5208,103.16,1479.8,0,1700
1,2301,54.54,0.5258,102.52,1488.2,0,1699
1,2302,55.26,0.5271,105.24,1496.4,0,1698
1,2303,55.99,0.5579,103.43,1483.9,0,1697
1,2304,58.06,0.5613,100.92,1511.2,0,1696
1,2305,59.37,0.42,101.2,1509.3,0,1695
1,2306,56.34,0.5812,103.89,1495.6,0,1694
1,2307,55.37,0.5963,104.58,1514.7,0,1693
1,2308,56.21,0.4952,103.57,1517.0,0,1692
1,2309,56.61,0.4966,106.22,1502.0,0,1691
1,2310,55.14,0.5157,105.66,1499.2,0,1690
1,2311,57.66,0.5015,103.24,1526.9,0,1689
1,2312,55.76,0.5388,100.64,1512.1,0,1688
1,2313,56.06,0.4499,99.66,1508.0,0,1687
1,2314,56.24,0.4809,101.47,1519.6,0,1686
1,2315,55.92,0.5851,103.71,1509.6,0,1685
1,2316,56.41,0.4841,105.81,1502.1,0,1684
1,2317,54.64,0.5687,102.95,1508.5,0,1683
1,2318,54.69,0.5308,104.41,1518.6,0,1682
1,2319,54.02,0.4419,101.54,1488.9,0,1681
1,2320,55.85,0.5372,103.23,1506.4,0,1680
1,2321,56.24,0.5047,103.59,1523.7,0,1679
1,2322,55.84,0.4887,97.94,1505.2,0,1678
1,2323,57.28,0.5142,101.02,1526.3,0,1677
1,2324,55.25,0.5209,103.7,1525.5,0,1676
1,2325,56.04,0.5278,102.3,1511.2,0,1675
1,2326,53.92,0.5441,99.31,1506.7,0,1674
1,2327,54.75,0.5108,96.79,1509.9,0,1673
1,2328,56.03,0.437,100.87,1539.9,0,1672
1,2329,56.2,0.4706,101.41,1532.4,0,1671
1,2330,54.82,0.6048,99.73,1515.4,0,1670
1,2331,55.07,0.5137,101.73,1508.5,0,1669
1,2332,53.32,0.5771,102.41,1516.1,0,1668
1,2333,54.71,0.5358,102.68,1517.8,0,1667
1,2334,56.19,0.4874,96.58,1503.3,0,1666
1,2335,55.8,0.4876,98.61,1516.9,0,1665
1,2336,55.7,0.4719,100.57,1529.7,0,1664
1,2337,55.15,0.4018,102.27,1498.8,0,1663
1,2338,55.09,0.47,102.05,1525.4,0,1662
1,2339,54.28,0.5158,101.96,1531.1,0,1661
1,2340,55.9,0.4415,100.19,1512.1,0,1660
1,2341,55.56,0.4802,100.24,1534.9,0,1659
1,2342,55.64,0.4961,99.38,1511.3,0,1658
1,2343,54.41,0.4241,102.32,1522.9,0,1657
1,2344,52.45,0.441,98.88,1515.6,0,1656
1,2345,56.35,0.4169,102.37,1515.8,0,1655
1,2346,54.45,0.4235,101.02,1512.9,0,1654
1,2347,53.99,0.4037,100.46,1526.2,0,1653
1,2348,55.85,0.4181,99.18,1527.9,0,1652
1,2349,54.54,0.51,97.72,1518.9,0,1651
1,2350,56.28,0.4158,99.08,1506.1,0,1650
1,2351,55.75,0.4567,99.65,1523.8,0,1649
1,2352,55.82,0.431,95.51,1524.1,0,1648
1,2353,53.36,0.4978,99.8,1517.7,0,1647
1,2354,56.46,0.5027,101.98,1538.6,0,1646
1,2355,55.31,0.4847,101.21,1504.3,0,1645
1,2356,54.56,0.4622,99.02,1497.8,0,1644
1,2357,55.17,0.4408,100.05,1512.7,0,1643
1,2358,52.87,0.4025,98.78,1527.1,0,1642
1,2359,55.49,0.5282,100.13,1509.4,0,1641
1,2360,53.77,0.4205,102.85,1510.1,0,1640
1,2361,53.38,0.478,101.65,1529.3,0,1639
1,2362,53.18,0.4945,100.69,1524.3,0,1638
1,2363,56.35,0.4307,98.61,1523.4,0,1637
1,2364,54.26,0.4953,101.03,1527.3,0,1636
1,2365,56.86,0.4853,96.1,1515.1,0,1635
1,2366,54.38,0.525,98.91,1515.4,0,1634
1,2367,52.98,0.4383,100.52,1527.1,0,1633
1,2368,53.69,0.407,100.78,1505.3,0,1632
1,2369,56.52,0.4397,100.58,1497.1,0,1631
1,2370,54.86,0.4698,99.77,1514.0,0,1630
1,2371,54.4,0.4654,98.73,1527.4,0,1629
1,2372,55.25,0.4491,100.14,1520.3,0,1628
1,2373,55.67,0.3903,97.1,1526.1,0,1627
1,2374,56.42,0.4874,97.26,1497.1,0,1626
1,2375,56.83,0.5494,99.02,1520.1,0,1625
1,2376,54.67,0.4911,99.19,1523.1,0,1624
1,2377,53.52,0.4991,95.14,1502.7,0,1623
1,2378,54.62,0.4998,99.64,1524.5,0,1622
1,2379,55.44,0.495,100.22,1514.4,0,1621
1,2380,53.98,0.5187,98.47,1545.8,0,1620
1,2381,54.0,0.4996,103.32,1492.9,0,1619
1,2382,55.58,0.4737,97.15,1528.0,0,1618
1,2383,55.12,0.4567,97.75,1509.9,0,1617
1,2384,55.23,0.4811,97.63,1497.3,0,1616
1,2385,54.3,0.5061,98.21,1507.7,0,1615
1,2386,54.94,0.4833,97.66,1515.3,0,1614
1,2387,54.13,0.511,95.45,1522.4,0,1613
1,2388,56.32,0.5185,97.12,1528.8,0,1612
1,2389,56.51,0.5368,97.97,1525.3,0,1611
1,2390,53.07,0.5573,100.58,1500.9,0,1610
1,2391,54.18,0.5116,102.48,1521.4,0,1609
1,2392,53.52,0.4586,100.7,1513.4,0,1608
1,2393,54.55,0.4995,96.44,1502.5,0,1607
1,2394,55.25,0.5175,96.55,1506.3,0,1606
1,2395,53.63,0.4446,97.58,1500.8,0,1605
1,2396,54.28,0.5759,101.43,1507.7,0,1604
1,2397,54.21,0.5283,97.48,1499.5,0,1603
1,2398,55.68,0.5401,95.12,1495.9,0,1602
1,2399,55.53,0.5816,96.73,1510.4,0,1601
1,2400,54.61,0.5038,99.21,1511.4,0,1600
1,2401,55.71,0.554,99.04,1502.6,0,1599
1,2402,54.86,0.5286,97.22,1517.6,0,1598
1,2403,55.21,0.5274,98.95,1500.7,0,1597
1,2404,57.57,0.5057,93.0,1499.7,0,1596
1,2405,57.19,0.6048,97.72,1508.7,0,1595
1,2406,54.05,0.5247,99.2,1500.2,0,1594
1,2407,56.63,0.5692,95.78,1501.8,0,1593
1,2408,56.63,0.4676,95.75,1475.1,0,1592
1,2409,54.3,0.591,93.66,1499.9,0,1591
1,2410,56.69,0.5871,100.54,1480.9,0,1590
1,2411,57.58,0.5499,95.89,1486.3,0,1589
1,2412,54.41,0.5379,97.79,1484.6,0,1588
1,2413,54.68,0.5637,98.49,1486.9,0,1587
1,2414,57.03,0.64,100.28,1491.3,0,1586
1,2415,56.17,0.4785,96.92,1491.3,0,1585
1,2416,56.53,0.5807,96.13,1502.2,0,1584
1,2417,56.3,0.5133,97.53,1497.2,0,1583
1,2418,56.39,0.5491,99.73,1475.4,0,1582
1,2419,54.36,0.5401,96.81,1494.7,0,1581
1,2420,57.24,0.5328,95.22,1496.4,0,1580
1,2421,57.42,0.5493,94.03,1489.4,0,1579
1,2422,55.77,0.5041,94.65,1491.5,0,1578
1,2423,56.02,0.5902,98.81,1493.5,0,1577
1,2424,54.27,0.4767,96.43,1498.7,0,1576
1,2425,56.75,0.5694,95.84,1474.8,0,1575
1,2426,56.86,0.5339,95.61,1487.6,0,1574
1,2427,56.13,0.4992,97.21,1504.6,0,1573
1,2428,57.58,0.5531,96.55,1503.1,0,1572
1,2429,55.87,0.4816,96.47,1497.0,0,1571
1,2430,56.98,0.5442,99.71,1493.4,0,1570
1,2431,55.11,0.4844,100.08,1504.1,0,1569
1,2432,56.34,0.5583,93.78,1506.2,0,1568
1,2433,56.19,0.5013,97.66,1485.3,0,1567
1,2434,56.71,0.5186,95.45,1476.5,0,1566
1,2435,56.03,0.5466,96.5,1483.0,0,1565
1,2436,56.35,0.5021,97.62,1516.3,0,1564
1,2437,57.54,0.5288,96.58,1469.2,0,1563
1,2438,56.06,0.4686,97.47,1479.8,0,1562
1,2439,54.69,0.5523,98.36,1470.0,0,1561
1,2440,58.75,0.5955,97.61,1485.1,0,1560
1,2441,58.35,0.6344,95.73,1471.4,0,1559
1,2442,55.18,0.5241,95.77,1482.0,0,1558
1,2443,57.6,0.5497,94.16,1463.3,0,1557
1,2444,56.2,0.4446,95.34,1488.7,0,1556
1,2445,57.16,0.5735,100.99,1494.5,0,1555
1,2446,57.24,0.5421,95.49,1478.1,0,1554
1,2447,56.64,0.4892,94.7,1480.4,0,1553
1,2448,56.02,0.5556,97.74,1479.8,0,1552
1,2449,56.17,0.4934,96.9,1483.1,0,1551
1,2450,55.94,0.4828,96.75,1480.7,0,1550
1,2451,56.09,0.5176,99.98,1488.6,0,1549
1,2452,57.04,0.4536,98.28,1493.0,0,1548
1,2453,56.31,0.5345,96.14,1472.4,0,1547
1,2454,58.03,0.4489,96.37,1477.3,0,1546
1,2455,59.03,0.4467,96.24,1489.3,0,1545
1,2456,56.59,0.4499,99.02,1466.0,0,1544
1,2457,57.62,0.5143,96.68,1460.4,0,1543
1,2458,57.97,0.4569,93.73,1482.3,0,1542
1,2459,57.98,0.4253,97.25,1485.0,0,1541
1,2460,57.55,0.4528,94.3,1472.8,0,1540
1,2461,58.39,0.4735,101.77,1474.2,0,1539
1,2462,58.13,0.4254,95.5,1472.4,0,1538
1,2463,56.11,0.4246,97.14,1471.4,0,1537
1,2464,58.68,0.5531,98.02,1487.0,0,1536
1,2465,58.74,0.4323,96.96,1468.3,0,1535
1,2466,56.81,0.452,96.99,1477.6,0,1534
1,2467,57.81,0.4485,98.45,1471.3,0,1533
1,2468,58.63,0.4447,100.69,1465.9,0,1532
1,2469,57.61,0.4848,99.21,1489.3,0,1531
1,2470,59.19,0.4965,100.67,1475.5,0,1530
1,2471,60.79,0.445,95.66,1482.8,0,1529
1,2472,57.05,0.4065,98.43,1466.0,0,1528
1,2473,56.38,0.5058,98.15,1473.9,0,1527
1,2474,58.45,0.45,98.58,1489.1,0,1526
1,2475,59.0,0.5221,100.67,1507.6,0,1525
1,2476,57.9,0.3623,97.52,1462.3,0,1524
1,2477,59.97,0.4593,97.2,1480.3,0,1523
1,2478,56.67,0.5277,99.12,1486.7,0,1522
1,2479,59.15,0.4364,94.54,1476.7,0,1521
1,2480,57.64,0.4412,97.67,1491.7,0,1520
1,2481,60.48,0.4619,97.93,1474.9,0,1519
1,2482,60.85,0.4276,96.4,1485.4,0,1518
1,2483,57.59,0.4376,100.41,1479.0,0,1517
1,2484,57.9,0.4368,96.22,1496.8,0,1516
1,2485,59.64,0.4255,98.12,1478.2,0,1515
1,2486,58.19,0.5002,99.03,1481.9,0,1514
1,2487,58.65,0.4701,101.2,1495.3,0,1513
1,2488,58.78,0.4624,98.53,1476.0,0,1512
1,2489,56.49,0.4855,100.47,1487.4,0,1511
1,2490,58.83,0.4435,100.05,1468.9,0,1510
1,2491,58.07,0.4242,98.95,1476.7,0,1509
1,2492,58.35,0.4322,96.58,1491.9,0,1508
1,2493,60.73,0.4576,95.95,1478.7,0,1507
1,2494,57.53,0.4166,99.08,1483.6,0,1506
1,2495,60.07,0.4404,97.84,1494.5,0,1505
1,2496,58.81,0.4413,100.82,1484.3,0,1504
1,2497,58.85,0.5486,100.53,1498.8,0,1503
1,2498,60.19,0.3545,98.73,1493.3,0,1502
1,2499,59.7,0.4601,96.84,1496.1,0,1501
1,2500,60.02,0.5382,100.23,1504.7,0,1500
1,2501,60.55,0.4761,97.24,1496.0,0,1499
1,2502,59.04,0.5034,97.81,1508.8,0,1498
1,2503,58.75,0.4794,97.43,1503.0,0,1497
1,2504,58.23,0.4509,99.17,1489.3,0,1496
1,2505,58.6,0.3902,101.85,1508.0,0,1495
1,2506,63.18,0.4904,99.56,1498.3,0,1494
1,2507,61.18,0.4535,98.74,1492.3,0,1493
1,2508,58.12,0.455,96.63,1499.6,0,1492
1,2509,58.2,0.4694,100.85,1508.6,0,1491
1,2510,60.41,0.5616,98.24,1502.6,0,1490
1,2511,60.54,0.5905,100.1,1516.9,0,1489
1,2512,60.59,0.5055,99.22,1510.1,0,1488
1,2513,59.68,0.4807,101.66,1505.1,0,1487
1,2514,59.89,0.4547,99.73,1490.2,0,1486
1,2515,60.48,0.5231,99.99,1499.2,0,1485
1,2516,60.24,0.5781,101.13,1502.4,0,1484
1,2517,57.52,0.4994,104.44,1509.2,0,1483
1,2518,59.96,0.4165,102.06,1509.2,0,1482
1,2519,59.26,0.5409,100.17,1505.1,0,1481
1,2520,60.55,0.5559,100.41,1505.2,0,1480
1,2521,63.97,0.4554,99.41,1511.8,0,1479
1,2522,60.88,0.5282,98.62,1496.6,0,1478
1,2523,60.11,0.5414,99.47,1522.7,0,1477
1,2524,61.64,0.5226,99.09,1485.9,0,1476
1,2525,61.16,0.496,102.0,1521.4,0,1475
1,2526,61.14,0.5703,98.61,1507.0,0,1474
1,2527,61.41,0.5155,103.48,1518.0,0,1473
1,2528,63.2,0.4742,102.37,1512.2,0,1472
1,2529,59.43,0.4534,100.97,1512.5,0,1471
1,2530,61.4,0.5875,100.99,1515.2,0,1470
1,2531,59.77,0.5634,99.93,1518.2,0,1469
1,2532,61.6,0.5438,101.64,1507.4,0,1468
1,2533,59.88,0.5241,103.33,1521.5,0,1467
1,2534,60.53,0.5219,99.8,1500.8,0,1466
1,2535,60.72,0.5012,98.2,1512.1,0,1465
1,2536,62.3,0.5281,102.72,1521.0,0,1464
1,2537,62.28,0.4615,102.02,1523.0,0,1463
1,2538,59.73,0.5178,99.18,1518.1,0,1462
1,2539,61.34,0.5356,100.01,1510.0,0,1461
1,2540,60.47,0.573,99.81,1523.3,0,1460
1,2541,59.86,0.5476,100.13,1508.1,0,1459
1,2542,61.16,0.5813,100.98,1532.7,0,1458
1,2543,61.09,0.6038,101.15,1514.7,0,1457
1,2544,64.42,0.5923,100.43,1500.5,0,1456
1,2545,62.08,0.5688,100.26,1504.3,0,1455
1,2546,59.95,0.5504,101.37,1517.1,0,1454
1,2547,60.98,0.5104,102.21,1518.4,0,1453
1,2548,62.93,0.5789,101.29,1537.0,0,1452
1,2549,64.25,0.616,104.28,1507.2,0,1451
1,2550,59.89,0.5619,103.03,1518.2,0,1450
1,2551,59.59,0.6242,98.87,1507.5,0,1449
1,2552,64.13,0.4857,103.15,1513.4,0,1448
1,2553,62.4,0.4996,103.35,1535.4,0,1447
1,2554,60.94,0.5789,101.31,1507.4,0,1446
1,2555,62.67,0.5541,99.23,1524.9,0,1445
1,2556,58.91,0.5948,102.28,1523.1,0,1444
1,2557,62.12,0.5402,102.29,1519.1,0,1443
1,2558,62.56,0.5046,100.1,1524.7,0,1442
1,2559,63.32,0.5292,99.47,1508.0,0,1441
1,2560,61.04,0.4747,102.24,1536.3,0,1440
1,2561,62.4,0.4891,101.98,1539.1,0,1439
1,2562,61.23,0.5713,101.65,1520.4,0,1438
1,2563,62.69,0.5654,102.35,1544.2,0,1437
1,2564,61.35,0.543,100.34,1516.0,0,1436
1,2565,61.98,0.4575,101.71,1524.0,0,1435
1,2566,61.32,0.5099,103.68,1534.3,0,1434
1,2567,63.34,0.473,101.94,1515.4,0,1433
1,2568,63.63,0.5668,99.32,1506.1,0,1432
1,2569,62.36,0.494,101.75,1503.8,0,1431
1,2570,62.73,0.4716,100.58,1540.4,0,1430
1,2571,60.99,0.5138,103.28,1514.5,0,1429
1,2572,62.41,0.4846,103.41,1517.8,0,1428
1,2573,62.75,0.5671,99.47,1508.4,0,1427
1,2574,66.0,0.4759,104.33,1528.9,0,1426
1,2575,61.56,0.4468,100.61,1511.4,0,1425
1,2576,64.69,0.4141,105.97,1514.1,0,1424
1,2577,64.17,0.4965,102.77,1521.8,0,1423
1,2578,63.35,0.4728,100.39,1508.0,0,1422
1,2579,65.17,0.4356,100.62,1516.6,0,1421
1,2580,63.54,0.5379,103.61,1532.2,0,1420
1,2581,63.6,0.5146,102.15,1522.2,0,1419
1,2582,63.11,0.4843,102.75,1518.9,0,1418
1,2583,64.68,0.5377,106.18,1519.5,0,1417
1,2584,64.56,0.5073,101.56,1513.1,0,1416
1,2585,62.54,0.4456,103.09,1536.7,0,1415
1,2586,61.74,0.4347,105.82,1508.3,0,1414
1,2587,63.12,0.5068,103.53,1518.1,0,1413
1,2588,62.44,0.4878,99.78,1516.8,0,1412
1,2589,63.36,0.4767,104.01,1525.4,0,1411
1,2590,64.96,0.4341,100.67,1525.9,0,1410
1,2591,62.96,0.4904,105.81,1514.2,0,1409
1,2592,63.49,0.4341,101.35,1517.0,0,1408
1,2593,63.65,0.4585,108.94,1516.9,0,1407
1,2594,64.63,0.5189,105.93,1490.5,0,1406
1,2595,60.95,0.4331,101.4,1496.8,0,1405
1,2596,62.95,0.3952,103.03,1506.2,0,1404
1,2597,63.97,0.4147,104.49,1506.2,0,1403
1,2598,65.19,0.4953,104.54,1499.3,0,1402
1,2599,63.19,0.4647,103.85,1518.3,0,1401
1,2600,61.56,0.4483,105.46,1510.3,0,1400
1,2601,64.59,0.4323,102.7,1507.6,0,1399
1,2602,63.11,0.4713,102.2,1496.7,0,1398
1,2603,62.48,0.4173,102.23,1508.3,0,1397
1,2604,63.19,0.463,104.63,1481.9,0,1396
1,2605,63.75,0.4211,103.63,1506.0,0,1395
1,2606,63.27,0.4142,103.46,1507.7,0,1394
1,2607,61.38,0.4245,104.45,1508.9,0,1393
1,2608,65.14,0.435,98.74,1490.3,0,1392
1,2609,65.62,0.4482,103.44,1507.6,0,1391
1,2610,64.9,0.4598,103.24,1494.3,0,1390
1,2611,62.78,0.3032,106.12,1496.0,0,1389
1,2612,63.93,0.4189,99.7,1510.8,0,1388
1,2613,64.19,0.4362,105.85,1523.1,0,1387
1,2614,64.95,0.5128,102.86,1502.9,0,1386
1,2615,65.06,0.4103,103.66,1493.6,0,1385
1,2616,63.4,0.4609,106.01,1503.1,0,1384
1,2617,64.4,0.5153,103.75,1510.0,0,1383
1,2618,64.88,0.4042,103.4,1506.2,0,1382
1,2619,66.1,0.4738,103.05,1526.8,0,1381
1,2620,65.22,0.4273,101.57,1491.6,0,1380
1,2621,65.35,0.4407,102.45,1500.7,0,1379
1,2622,64.53,0.4304,101.04,1513.1,0,1378
1,2623,66.14,0.435,102.35,1511.9,0,1377
1,2624,64.96,0.5749,97.73,1476.9,0,1376
1,2625,63.46,0.5017,103.22,1495.8,0,1375
1,2626,66.2,0.5139,102.08,1510.1,0,1374
1,2627,65.37,0.4916,101.61,1523.6,0,1373
1,2628,64.03,0.4097,102.69,1501.1,0,1372
1,2629,64.0,0.492,99.34,1489.8,0,1371
1,2630,64.95,0.5213,106.03,1482.9,0,1370
1,2631,65.17,0.4465,101.92,1514.6,0,1369
1,2632,64.87,0.5216,101.79,1499.1,0,1368
1,2633,65.03,0.5135,100.11,1482.8,0,1367
1,2634,66.71,0.5619,102.04,1488.7,0,1366
1,2635,65.98,0.4735,104.72,1493.3,0,1365
1,2636,64.94,0.4488,103.97,1495.2,0,1364
1,2637,65.85,0.4807,103.56,1480.2,0,1363
1,2638,63.5,0.5551,102.9,1482.6,0,1362
1,2639,65.23,0.427,101.04,1471.7,0,1361
1,2640,66.94,0.4199,98.81,1498.1,0,1360
1,2641,64.52,0.5087,101.26,1483.9,0,1359
1,2642,63.78,0.4899,101.14,1491.5,0,1358
1,2643,64.03,0.5104,103.66,1500.6,0,1357
1,2644,63.52,0.5503,102.13,1488.1,0,1356
1,2645,63.9,0.4928,104.68,1484.4,0,1355
1,2646,64.41,0.4424,103.8,1487.0,0,1354
1,2647,63.18,0.6014,100.44,1485.3,0,1353
1,2648,64.89,0.482,97.71,1496.8,0,1352
1,2649,65.97,0.4817,104.01,1487.1,0,1351
1,2650,63.81,0.5704,103.91,1478.2,0,1350
1,2651,66.73,0.513,98.4,1493.8,0,1349
1,2652,65.53,0.5278,104.1,1495.3,0,1348
1,2653,66.16,0.5516,101.78,1469.3,0,1347
1,2654,64.14,0.5775,101.29,1497.7,0,1346
1,2655,65.97,0.5226,104.14,1485.7,0,1345
1,2656,63.64,0.5985,103.54,1484.7,0,1344
1,2657,66.02,0.4538,102.09,1491.6,0,1343
1,2658,65.17,0.5712,101.68,1475.7,0,1342
1,2659,65.63,0.5086,101.91,1490.7,0,1341
1,2660,63.56,0.5983,99.82,1477.2,0,1340
1,2661,63.9,0.5503,100.45,1466.0,0,1339
1,2662,65.7,0.5188,98.69,1470.6,0,1338
1,2663,63.85,0.5732,99.77,1486.2,0,1337
1,2664,65.55,0.5832,99.65,1470.9,0,1336
1,2665,63.35,0.5739,99.05,1496.4,0,1335
1,2666,66.01,0.5076,100.53,1492.1,0,1334
1,2667,63.52,0.5299,99.55,1493.4,0,1333
1,2668,65.66,0.5495,101.15,1481.3,0,1332
1,2669,65.75,0.5482,96.84,1482.6,0,1331
1,2670,64.16,0.58,99.79,1468.1,0,1330
1,2671,65.7,0.4694,100.22,1490.0,0,1329
1,2672,65.31,0.5632,99.28,1483.8,0,1328
1,2673,64.35,0.538,99.5,1485.7,0,1327
1,2674,63.79,0.5156,96.61,1497.0,0,1326
1,2675,62.64,0.519,100.43,1474.1,0,1325
1,2676,65.41,0.5394,100.96,1479.0,0,1324
1,2677,63.11,0.4032,100.59,1483.7,0,1323
1,2678,65.1,0.5183,101.62,1471.2,0,1322
1,2679,64.67,0.5104,99.89,1478.8,0,1321
1,2680,65.79,0.5656,100.38,1485.8,0,1320
1,2681,64.61,0.5109,99.68,1477.8,0,1319
1,2682,64.57,0.5332,100.68,1494.3,0,1318
1,2683,65.84,0.602,96.09,1466.3,0,1317
1,2684,65.36,0.5786,97.4,1492.9,0,1316
1,2685,65.33,0.5733,102.31,1488.5,0,1315
1,2686,65.5,0.5155,94.16,1476.5,0,1314
1,2687,63.09,0.5554,98.74,1473.2,0,1313
1,2688,65.83,0.5224,101.31,1461.9,0,1312
1,2689,65.65,0.522,98.72,1475.1,0,1311
1,2690,63.68,0.5441,98.04,1493.8,0,1310
1,2691,64.6,0.5018,99.05,1483.2,0,1309
1,2692,64.84,0.5832,98.04,1495.7,0,1308
1,2693,64.71,0.5148,98.75,1478.2,0,1307
1,2694,65.26,0.5437,97.27,1491.9,0,1306
1,2695,66.57,0.5748,100.8,1478.0,0,1305
1,2696,66.13,0.5555,101.37,1476.0,0,1304
1,2697,63.25,0.4555,98.21,1485.0,0,1303
1,2698,65.56,0.5272,95.65,1479.8,0,1302
1,2699,66.39,0.5409,97.33,1471.5,0,1301
1,2700,65.25,0.5401,97.96,1485.6,0,1300
1,2701,66.08,0.4574,99.29,1488.9,0,1299
1,2702,67.17,0.4731,96.21,1501.0,0,1298
1,2703,65.96,0.5367,96.64,1498.2,0,1297
1,2704,65.02,0.464,99.15,1501.6,0,1296
1,2705,65.96,0.48,99.96,1497.1,0,1295
1,2706,64.86,0.5525,96.79,1493.7,0,1294
1,2707,64.7,0.4852,95.33,1478.6,0,1293
1,2708,64.23,0.4556,104.52,1493.0,0,1292
1,2709,66.51,0.4472,99.47,1498.0,0,1291
1,2710,63.63,0.4933,97.33,1507.1,0,1290
1,2711,66.43,0.4244,99.56,1500.0,0,1289
1,2712,65.17,0.4656,97.53,1506.1,0,1288
1,2713,62.87,0.4867,99.47,1483.9,0,1287
1,2714,64.97,0.5233,98.02,1491.6,0,1286
1,2715,61.99,0.496,97.85,1499.7,0,1285
1,2716,65.24,0.4388,97.4,1507.6,0,1284
1,2717,65.53,0.5126,94.7,1495.1,0,1283
1,2718,63.73,0.4518,101.43,1496.4,0,1282
1,2719,64.57,0.4126,95.64,1504.6,0,1281
1,2720,66.74,0.4536,94.77,1487.1,0,1280
1,2721,63.77,0.5165,97.03,1515.0,0,1279
1,2722,63.08,0.4642,95.5,1490.8,0,1278
1,2723,66.1,0.4568,97.29,1481.0,0,1277
1,2724,66.65,0.5207,98.74,1500.9,0,1276
1,2725,64.28,0.3969,99.33,1518.4,0,1275
1,2726,65.46,0.4018,98.94,1507.8,0,1274
1,2727,65.83,0.3877,96.67,1510.1,0,1273
1,2728,63.3,0.4666,97.36,1503.6,0,1272
1,2729,63.58,0.4578,98.05,1502.2,0,1271
1,2730,65.61,0.5123,93.7,1488.9,0,1270
1,2731,66.13,0.46,98.33,1482.3,0,1269
1,2732,64.76,0.4339,94.26,1507.5,0,1268
1,2733,62.99,0.4501,101.23,1519.2,0,1267
1,2734,66.41,0.4547,96.32,1510.1,0,1266
1,2735,63.35,0.3833,96.75,1513.4,0,1265
1,2736,63.56,0.5589,95.56,1523.6,0,1264
1,2737,64.34,0.4717,95.82,1511.6,0,1263
1,2738,65.76,0.4598,101.62,1507.6,0,1262
1,2739,64.89,0.4767,98.94,1501.2,0,1261
1,2740,64.33,0.4813,93.95,1530.1,0,1260
1,2741,64.36,0.4481,100.05,1515.7,0,1259
1,2742,63.82,0.4295,99.41,1501.5,0,1258
1,2743,64.41,0.4799,96.46,1499.7,0,1257
1,2744,60.67,0.4726,97.63,1524.5,0,1256
1,2745,63.31,0.4261,96.98,1502.0,0,1255
1,2746,63.93,0.5167,100.95,1531.4,0,1254
1,2747,62.22,0.4732,95.41,1485.8,0,1253
1,2748,64.03,0.4923,97.29,1528.0,0,1252
1,2749,63.29,0.5205,96.14,1519.1,0,1251
1,2750,65.6,0.4675,94.13,1515.8,0,1250
1,2751,65.35,0.4812,101.39,1513.3,0,1249
1,2752,62.87,0.5029,94.64,1534.3,0,1248
1,2753,63.21,0.4436,97.45,1522.8,0,1247
1,2754,63.26,0.4769,93.53,1507.1,0,1246
1,2755,62.77,0.4819,96.22,1499.3,0,1245
1,2756,63.51,0.4409,97.87,1518.6,0,1244
1,2757,62.33,0.5742,95.39,1517.1,0,1243
1,2758,61.84,0.4275,98.22,1502.2,0,1242
1,2759,63.91,0.4343,96.52,1517.2,0,1241
1,2760,63.88,0.5412,99.39,1512.3,0,1240
1,2761,62.12,0.5196,99.81,1518.3,0,1239
1,2762,64.12,0.4525,95.93,1525.7,0,1238
1,2763,62.25,0.5203,97.27,1533.6,0,1237
1,2764,63.27,0.5572,97.5,1528.0,0,1236
1,2765,63.91,0.4998,98.39,1511.9,0,1235
1,2766,62.84,0.6074,97.2,1523.0,0,1234
1,2767,63.39,0.437,97.57,1520.0,0,1233
1,2768,62.18,0.5362,96.73,1506.2,0,1232
1,2769,62.52,0.5576,97.47,1523.7,0,1231
1,2770,62.47,0.549,99.86,1538.3,0,1230
1,2771,61.78,0.5076,98.58,1520.2,0,1229
1,2772,62.42,0.5065,98.72,1504.0,0,1228
1,2773,60.73,0.5382,98.79,1520.3,0,1227
1,2774,61.96,0.5553,97.06,1507.9,0,1226
1,2775,62.16,0.5489,98.04,1528.6,0,1225
1,2776,62.15,0.5686,95.26,1525.2,0,1224
1,2777,62.13,0.4883,100.0,1518.3,0,1223
1,2778,62.3,0.5219,91.93,1516.6,0,1222
1,2779,62.9,0.4954,97.35,1517.7,0,1221
1,2780,63.33,0.5194,99.84,1519.9,0,1220
1,2781,61.46,0.5772,94.87,1512.0,0,1219
1,2782,60.75,0.5425,98.43,1505.7,0,1218
1,2783,60.9,0.6441,96.31,1530.8,0,1217
1,2784,61.52,0.549,96.97,1515.4,0,1216
1,2785,61.64,0.545,99.64,1520.8,0,1215
1,2786,61.09,0.5481,98.19,1521.8,0,1214
1,2787,60.41,0.5195,93.76,1522.0,0,1213
1,2788,61.37,0.5437,95.92,1506.8,0,1212
1,2789,62.09,0.5921,99.87,1501.5,0,1211
1,2790,62.54,0.5523,98.86,1512.1,0,1210
1,2791,61.11,0.5167,101.5,1521.7,0,1209
1,2792,61.24,0.512,101.41,1510.2,0,1208
1,2793,60.58,0.5314,97.41,1513.6,0,1207
1,2794,61.6,0.5527,103.15,1538.1,0,1206
1,2795,60.58,0.5977,98.24,1498.1,0,1205
1,2796,62.23,0.4964,96.31,1508.6,0,1204
1,2797,59.36,0.5371,97.02,1534.8,0,1203
1,2798,61.02,0.5555,93.82,1515.0,0,1202
1,2799,61.76,0.4761,101.6,1508.0,0,1201
1,2800,61.58,0.5157,101.62,1526.4,0,1200
1,2801,64.54,0.5213,96.46,1514.8,0,1199
1,2802,61.68,0.5159,98.08,1510.3,0,1198
1,2803,60.0,0.5547,98.78,1515.3,0,1197
1,2804,61.05,0.5396,96.72,1506.3,0,1196
1,2805,58.98,0.5228,95.19,1502.3,0,1195
1,2806,60.97,0.561,98.33,1510.9,0,1194
1,2807,60.01,0.6116,98.17,1501.4,0,1193
1,2808,62.06,0.6069,98.09,1511.1,0,1192
1,2809,60.26,0.4629,99.36,1514.0,0,1191
1,2810,60.73,0.5614,101.83,1518.5,0,1190
1,2811,60.06,0.5295,98.43,1520.7,0,1189
1,2812,62.86,0.5411,99.43,1504.9,0,1188
1,2813,60.33,0.5171,100.6,1513.4,0,1187
1,2814,62.87,0.5358,100.31,1512.8,0,1186
1,2815,61.6,0.5352,98.03,1510.6,0,1185
1,2816,61.15,0.5039,99.51,1501.9,0,1184
1,2817,60.96,0.4891,100.47,1495.9,0,1183
1,2818,60.94,0.5048,97.18,1510.6,0,1182
1,2819,58.11,0.5298,102.02,1487.9,0,1181
1,2820,60.04,0.5421,102.42,1501.7,0,1180
1,2821,61.34,0.5499,98.17,1478.3,0,1179
1,2822,60.21,0.4936,100.06,1489.9,0,1178
1,2823,58.54,0.5223,101.02,1493.9,0,1177
1,2824,60.11,0.547,98.7,1513.0,0,1176
1,2825,62.17,0.5527,100.82,1508.3,0,1175
1,2826,61.57,0.5012,100.24,1495.3,0,1174
1,2827,59.95,0.4922,97.04,1507.6,0,1173
1,2828,61.11,0.5062,100.95,1508.5,0,1172
1,2829,59.48,0.4501,97.89,1497.5,0,1171
1,2830,57.83,0.4859,102.03,1484.6,0,1170
1,2831,58.71,0.5209,98.87,1495.8,0,1169
1,2832,61.65,0.5144,99.95,1496.3,0,1168
1,2833,59.39,0.4755,103.08,1484.4,0,1167
1,2834,59.38,0.4926,101.39,1499.8,0,1166
1,2835,59.26,0.4485,98.29,1498.3,0,1165
1,2836,61.86,0.5074,98.48,1499.4,0,1164
1,2837,61.47,0.4739,99.37,1497.1,0,1163
1,2838,62.14,0.4638,101.42,1501.1,0,1162
1,2839,59.23,0.4582,101.4,1491.4,0,1161
1,2840,59.73,0.4681,99.06,1494.7,0,1160
1,2841,57.5,0.4507,98.47,1488.1,0,1159
1,2842,61.05,0.493,101.42,1485.7,0,1158
1,2843,57.82,0.4491,100.56,1504.4,0,1157
1,2844,59.44,0.5269,105.29,1470.0,0,1156
1,2845,57.81,0.5201,101.11,1498.7,0,1155
1,2846,58.37,0.4243,104.72,1483.2,0,1154
1,2847,58.02,0.4613,98.8,1481.4,0,1153
1,2848,58.25,0.4312,98.05,1491.0,0,1152
1,2849,58.28,0.4429,99.01,1473.0,0,1151
1,2850,58.22,0.5349,103.69,1479.3,0,1150
1,2851,59.83,0.4415,104.87,1478.5,0,1149
1,2852,57.46,0.4673,99.85,1484.3,0,1148
1,2853,59.0,0.4738,100.55,1478.1,0,1147
1,2854,60.15,0.4114,99.18,1501.7,0,1146
1,2855,58.02,0.4167,97.95,1503.3,0,1145
1,2856,57.73,0.4023,103.06,1464.7,0,1144
1,2857,58.27,0.4148,102.12,1489.9,0,1143
1,2858,59.91,0.336,101.74,1492.7,0,1142
1,2859,58.68,0.4718,98.97,1489.2,0,1141
1,2860,57.76,0.5323,105.1,1476.8,0,1140
1,2861,58.93,0.4562,100.86,1480.7,0,1139
1,2862,56.98,0.394,102.98,1475.3,0,1138
1,2863,59.08,0.4254,99.05,1478.3,0,1137
1,2864,58.7,0.4333,101.62,1470.1,0,1136
1,2865,57.8,0.4116,102.63,1480.8,0,1135
1,2866,57.11,0.4876,102.75,1466.7,0,1134
1,2867,57.01,0.4865,102.44,1479.5,0,1133
1,2868,58.67,0.4089,103.16,1468.8,0,1132
1,2869,59.46,0.4853,99.96,1483.1,0,1131
1,2870,57.17,0.5186,102.65,1474.1,0,1130
1,2871,58.44,0.535,102.52,1483.6,0,1129
1,2872,55.34,0.575,102.8,1491.4,0,1128
1,2873,57.1,0.4259,102.52,1496.3,0,1127
1,2874,57.72,0.5766,99.86,1455.0,0,1126
1,2875,56.62,0.4513,99.81,1471.9,0,1125
1,2876,56.54,0.4436,98.05,1477.1,0,1124
1,2877,56.82,0.4823,104.15,1484.7,0,1123
1,2878,57.93,0.4479,104.2,1463.5,0,1122
1,2879,57.31,0.4893,104.26,1470.2,0,1121
1,2880,54.81,0.4226,103.22,1481.3,0,1120
1,2881,54.9,0.4681,98.37,1480.9,0,1119
1,2882,56.68,0.5313,100.61,1483.8,0,1118
1,2883,57.91,0.48,103.03,1484.5,0,1117
1,2884,54.02,0.4903,102.99,1483.5,0,1116
1,2885,56.68,0.506,102.29,1482.2,0,1115
1,2886,56.6,0.5362,103.5,1480.9,0,1114
1,2887,58.86,0.4257,102.81,1487.1,0,1113
1,2888,56.69,0.5177,103.05,1458.2,0,1112
1,2889,57.57,0.4861,101.55,1496.2,0,1111
1,2890,57.24,0.506,104.81,1458.9,0,1110
1,2891,54.47,0.5442,102.0,1470.3,0,1109
1,2892,57.91,0.4566,100.22,1479.1,0,1108
1,2893,57.21,0.4663,101.36,1488.3,0,1107
1,2894,57.52,0.4319,102.22,1451.8,0,1106
1,2895,61.58,0.4898,104.92,1481.8,0,1105
1,2896,54.33,0.5674,102.86,1490.2,0,1104
1,2897,58.87,0.5117,102.58,1492.6,0,1103
1,2898,56.41,0.4653,100.46,1475.9,0,1102
1,2899,57.06,0.5017,104.54,1480.2,0,1101
1,2900,56.63,0.4639,101.67,1477.4,0,1100
1,2901,56.14,0.4806,102.79,1480.0,0,1099
1,2902,55.92,0.5432,105.95,1474.0,0,1098
1,2903,56.97,0.4828,104.01,1475.8,0,1097
1,2904,54.71,0.5762,99.74,1489.4,0,1096
1,2905,57.4,0.5307,99.46,1486.8,0,1095
1,2906,55.96,0.5388,102.87,1490.8,0,1094
1,2907,55.07,0.526,100.57,1488.4,0,1093
1,2908,55.85,0.5697,104.29,1493.8,0,1092
1,2909,57.87,0.5716,103.08,1496.0,0,1091
1,2910,55.68,0.5551,103.32,1470.2,0,1090
1,2911,56.72,0.5656,101.57,1479.6,0,1089
1,2912,55.38,0.5358,106.46,1486.3,0,1088
1,2913,57.13,0.5671,108.66,1488.9,0,1087
1,2914,57.01,0.5328,102.4,1482.9,0,1086
1,2915,58.38,0.5473,103.66,1499.3,0,1085
1,2916,55.92,0.537,103.13,1510.5,0,1084
1,2917,56.9,0.5303,102.41,1493.1,0,1083
1,2918,56.18,0.5216,101.25,1492.6,0,1082
1,2919,57.59,0.5683,100.73,1500.8,0,1081
1,2920,55.14,0.6022,100.61,1474.2,0,1080
1,2921,56.87,0.5968,103.68,1493.7,0,1079
1,2922,55.71,0.4997,101.81,1503.8,0,1078
1,2923,55.84,0.6015,97.67,1488.1,0,1077
1,2924,56.0,0.5369,103.7,1482.9,0,1076
1,2925,56.16,0.5733,102.71,1493.9,0,1075
1,2926,55.69,0.5126,105.46,1495.7,0,1074
1,2927,56.06,0.5539,103.48,1487.8,0,1073
1,2928,57.67,0.5601,99.76,1518.5,0,1072
1,2929,56.93,0.4873,98.23,1493.3,0,1071
1,2930,56.77,0.5701,101.22,1487.2,0,1070
1,2931,55.15,0.5985,101.38,1498.4,0,1069
1,2932,54.61,0.5365,104.49,1509.0,0,1068
1,2933,56.8,0.5966,102.55,1500.7,0,1067
1,2934,56.68,0.5332,104.81,1506.0,0,1066
1,2935,57.37,0.5733,99.86,1493.0,0,1065
1,2936,54.85,0.449,104.41,1517.2,0,1064
1,2937,55.28,0.6328,103.88,1508.5,0,1063
1,2938,53.56,0.5941,98.37,1514.0,0,1062
1,2939,55.04,0.521,105.01,1507.7,0,1061
1,2940,56.68,0.4516,102.52,1512.9,0,1060
1,2941,54.91,0.54,103.08,1496.5,0,1059
1,2942,56.21,0.4686,100.52,1500.9,0,1058
1,2943,55.2,0.542,104.76,1519.9,0,1057
1,2944,55.79,0.5384,99.8,1522.6,0,1056
1,2945,54.01,0.482,103.8,1496.0,0,1055
1,2946,55.47,0.5622,103.73,1510.6,0,1054
1,2947,51.76,0.5472,100.1,1504.3,0,1053
1,2948,55.11,0.5516,105.97,1502.2,0,1052
1,2949,53.36,0.5105,102.42,1512.5,0,1051
1,2950,56.74,0.4511,103.22,1521.6,0,1050
1,2951,56.21,0.5443,98.81,1515.2,0,1049
1,2952,55.82,0.4919,106.05,1508.0,0,1048
1,2953,57.07,0.4447,99.32,1516.9,0,1047
1,2954,54.09,0.5518,103.77,1508.6,0,1046
1,2955,57.31,0.5792,99.68,1516.8,0,1045
1,2956,56.32,0.4911,100.38,1527.1,0,1044
1,2957,54.9,0.5767,103.15,1492.8,0,1043
1,2958,56.54,0.4915,103.57,1522.0,0,1042
1,2959,53.83,0.4702,98.92,1499.0,0,1041
1,2960,54.16,0.4579,103.59,1527.1,0,1040
1,2961,54.41,0.5462,103.45,1508.9,0,1039
1,2962,54.49,0.4473,99.43,1503.4,0,1038
1,2963,53.85,0.5057,104.45,1522.9,0,1037
1,2964,56.57,0.4517,98.28,1520.0,0,1036
1,2965,54.78,0.4536,99.89,1506.7,0,1035
1,2966,55.51,0.5111,102.04,1504.5,0,1034
1,2967,54.39,0.4528,99.32,1515.4,0,1033
1,2968,52.88,0.4499,101.5,1505.6,0,1032
1,2969,55.38,0.5096,101.4,1507.3,0,1031
1,2970,52.76,0.5265,100.48,1519.3,0,1030
1,2971,54.96,0.4868,102.47,1508.7,0,1029
1,2972,53.4,0.4333,100.29,1522.9,0,1028
1,2973,57.42,0.4376,101.15,1533.7,0,1027
1,2974,56.12,0.4599,102.92,1517.5,0,1026
1,2975,55.15,0.4684,102.15,1520.5,0,1025
1,2976,56.53,0.4149,102.08,1539.5,0,1024
1,2977,54.0,0.4824,98.15,1507.6,0,1023
1,2978,55.66,0.456,101.44,1531.5,0,1022
1,2979,55.25,0.3833,98.57,1530.4,0,1021
1,2980,55.32,0.4141,97.71,1528.4,0,1020
1,2981,56.53,0.4306,100.07,1532.8,0,1019
1,2982,55.88,0.4475,98.34,1522.7,0,1018
1,2983,55.35,0.5257,101.67,1514.2,0,1017
1,2984,53.01,0.4595,101.66,1530.9,0,1016
1,2985,53.85,0.4164,96.17,1531.3,0,1015
1,2986,54.85,0.459,98.25,1531.0,0,1014
1,2987,55.11,0.4363,96.93,1520.4,0,1013
1,2988,53.65,0.4637,98.87,1512.7,0,1012
1,2989,57.9,0.4745,100.64,1521.7,0,1011
1,2990,56.83,0.5002,99.19,1529.2,0,1010
1,2991,55.73,0.4516,98.43,1529.9,0,1009
1,2992,55.1,0.519,102.15,1515.2,0,1008
1,2993,54.76,0.4908,94.88,1522.5,0,1007
1,2994,53.88,0.4272,101.91,1506.1,0,1006
1,2995,55.12,0.5451,98.29,1528.9,0,1005
1,2996,55.34,0.4711,99.16,1511.0,0,1004
1,2997,53.55,0.426,98.2,1526.5,0,1003
1,2998,55.45,0.5271,102.29,1506.9,0,1002
1,2999,54.87,0.5457,96.68,1528.5,0,1001
1,3000,52.77,0.4629,99.11,1521.1,0,1000
1,3001,54.04,0.4459,100.08,1509.8,0,999
1,3002,54.58,0.461,95.75,1524.2,0,998
1,3003,57.35,0.4985,97.08,1511.1,0,997
1,3004,55.76,0.523,98.56,1524.2,0,996
1,3005,53.5,0.4968,97.03,1513.6,0,995
1,3006,55.7,0.4803,97.12,1498.8,0,994
1,3007,53.27,0.5383,98.0,1505.8,0,993
1,3008,56.44,0.4682,99.94,1510.9,0,992
1,3009,54.58,0.5243,97.9,1528.5,0,991
1,3010,55.05,0.4739,100.69,1523.4,0,990
1,3011,56.77,0.505,96.49,1530.2,0,989
1,3012,53.64,0.4857,95.93,1530.1,0,988
1,3013,53.52,0.4905,102.23,1507.8,0,987
1,3014,54.52,0.4801,97.02,1510.8,0,986
1,3015,56.48,0.5515,95.66,1508.1,0,985
1,3016,53.42,0.4709,94.75,1505.0,0,984
1,3017,51.86,0.4731,100.34,1492.8,0,983
1,3018,54.74,0.59,97.46,1510.6,0,982
1,3019,55.96,0.5468,97.58,1497.4,0,981
1,3020,56.75,0.4147,97.73,1509.4,0,980
1,3021,54.77,0.4899,100.03,1530.3,0,979
1,3022,54.85,0.4425,97.6,1503.5,0,978
1,3023,56.75,0.4793,102.6,1510.0,0,977
1,3024,53.14,0.3941,98.14,1516.6,0,976
1,3025,54.94,0.5164,99.95,1509.8,0,975
1,3026,55.65,0.4784,99.4,1509.3,0,974
1,3027,55.98,0.5287,97.67,1502.2,0,973
1,3028,54.85,0.4634,96.53,1502.9,0,972
1,3029,55.53,0.5337,98.33,1495.1,0,971
1,3030,52.52,0.5157,98.65,1512.6,0,970
1,3031,54.74,0.5943,96.45,1486.1,0,969
1,3032,56.1,0.5924,97.89,1512.6,0,968
1,3033,54.4,0.5691,100.0,1488.3,0,967
1,3034,55.67,0.5262,101.63,1511.3,0,966
1,3035,56.16,0.6202,99.17,1497.6,0,965
1,3036,55.24,0.48,101.15,1488.2,0,964
1,3037,55.88,0.4873,96.14,1505.7,0,963
1,3038,54.54,0.5413,98.77,1508.6,0,962
1,3039,55.48,0.6359,100.02,1494.3,0,961
1,3040,56.48,0.5386,95.52,1505.3,0,960
1,3041,55.97,0.5402,96.32,1474.7,0,959
1,3042,55.1,0.4905,100.74,1483.7,0,958
1,3043,56.1,0.5867,95.29,1509.3,0,957
1,3044,56.72,0.5874,94.53,1493.5,0,956
1,3045,53.43,0.5812,100.25,1476.5,0,955
1,3046,57.31,0.5247,99.57,1487.6,0,954
1,3047,55.54,0.5217,98.02,1484.8,0,953
1,3048,56.48,0.4982,97.04,1491.8,0,952
1,3049,57.44,0.5532,96.24,1489.2,0,951
1,3050,54.39,0.5063,97.67,1494.1,0,950
1,3051,55.21,0.5021,100.25,1491.1,0,949
1,3052,55.75,0.5317,97.55,1504.8,0,948
1,3053,55.19,0.5284,101.39,1494.9,0,947
1,3054,58.24,0.5257,95.25,1494.7,0,946
1,3055,55.16,0.565,97.0,1501.3,0,945
1,3056,55.56,0.5486,96.28,1485.3,0,944
1,3057,56.5,0.5328,94.85,1476.0,0,943
1,3058,54.85,0.5504,96.71,1500.2,0,942
1,3059,55.85,0.5021,97.84,1489.0,0,941
1,3060,56.74,0.5445,98.05,1488.6,0,940
1,3061,55.99,0.5448,101.34,1480.4,0,939
1,3062,56.32,0.477,97.93,1480.1,0,938
1,3063,55.83,0.5753,99.3,1494.3,0,937
1,3064,54.68,0.4984,97.13,1495.3,0,936
1,3065,56.92,0.5354,100.36,1492.9,0,935
1,3066,58.68,0.5764,101.8,1492.6,0,934
1,3067,56.63,0.5648,98.07,1490.0,0,933
1,3068,56.91,0.527,95.03,1485.2,0,932
1,3069,57.51,0.5089,95.92,1481.8,0,931
1,3070,55.2,0.5591,97.59,1495.3,0,930
1,3071,58.8,0.5459,97.95,1479.2,0,929
1,3072,57.04,0.4918,98.44,1486.3,0,928
1,3073,58.79,0.4824,97.98,1474.3,0,927
1,3074,55.99,0.4289,97.09,1475.5,0,926
1,3075,59.09,0.5155,95.81,1479.4,0,925
1,3076,57.88,0.5036,97.9,1473.5,0,924
1,3077,57.65,0.5498,100.83,1489.3,0,923
1,3078,57.31,0.5163,99.17,1467.6,0,922
1,3079,56.77,0.5528,98.22,1481.9,0,921
1,3080,58.55,0.469,99.23,1482.1,0,920
1,3081,57.32,0.5399,96.45,1462.5,0,919
1,3082,54.83,0.4708,96.2,1476.1,0,918
1,3083,55.89,0.5206,95.74,1482.9,0,917
1,3084,57.05,0.4287,97.01,1484.5,0,916
1,3085,57.69,0.4941,96.44,1478.1,0,915
1,3086,57.29,0.4029,99.73,1486.9,0,914
1,3087,58.87,0.4693,96.39,1479.0,0,913
1,3088,55.11,0.4953,95.76,1480.2,0,912
1,3089,57.66,0.4547,101.28,1482.5,0,911
1,3090,55.35,0.4313,96.52,1489.3,0,910
1,3091,58.49,0.5051,97.76,1473.3,0,909
1,3092,57.51,0.4651,98.39,1475.2,0,908
1,3093,58.17,0.4478,95.25,1473.4,0,907
1,3094,56.67,0.4672,100.03,1476.9,0,906
1,3095,59.29,0.5692,98.87,1494.6,0,905
1,3096,59.05,0.5082,100.74,1486.1,0,904
1,3097,58.54,0.507,96.31,1469.2,0,903
1,3098,57.73,0.4764,97.9,1474.7,0,902
1,3099,58.63,0.4643,97.82,1484.6,0,901
1,3100,57.13,0.3605,98.31,1472.0,0,900
1,3101,59.05,0.428,94.91,1474.0,0,899
1,3102,60.05,0.4349,98.09,1494.9,0,898
1,3103,59.4,0.3782,95.05,1475.5,0,897
1,3104,57.29,0.4061,98.67,1491.5,0,896
1,3105,58.64,0.3724,93.74,1494.7,0,895
1,3106,56.71,0.4496,94.34,1475.1,0,894
1,3107,58.99,0.4834,99.72,1473.9,0,893
1,3108,58.89,0.4946,97.04,1480.3,0,892
1,3109,56.16,0.4667,96.2,1472.5,0,891
1,3110,57.05,0.4115,100.77,1485.0,0,890
1,3111,58.15,0.3728,98.93,1482.1,0,889
1,3112,58.18,0.3799,100.07,1488.1,0,888
1,3113,57.14,0.3997,98.04,1498.8,0,887
1,3114,59.1,0.4154,103.79,1493.4,0,886
1,3115,58.99,0.4451,97.27,1490.6,0,885
1,3116,58.5,0.4115,102.02,1466.4,0,884
1,3117,57.88,0.4664,98.46,1491.0,0,883
1,3118,60.09,0.4445,95.33,1504.2,0,882
1,3119,60.87,0.4552,99.66,1457.4,0,881
1,3120,58.35,0.5015,99.37,1494.8,0,880
1,3121,58.24,0.4099,96.7,1486.8,0,879
1,3122,59.62,0.4752,97.01,1480.4,0,878
1,3123,58.65,0.4594,98.86,1497.4,0,877
1,3124,58.96,0.4481,99.67,1507.0,0,876
1,3125,60.06,0.4985,94.08,1498.2,0,875
1,3126,56.93,0.5,101.19,1487.3,0,874
1,3127,60.85,0.4288,98.15,1482.1,0,873
1,3128,59.41,0.4613,96.53,1493.5,0,872
1,3129,58.88,0.4818,101.13,1501.4,0,871
1,3130,59.31,0.4617,99.26,1489.3,0,870
1,3131,59.43,0.4981,101.8,1490.8,0,869
1,3132,57.44,0.4882,100.3,1522.5,0,868
1,3133,61.36,0.5525,99.48,1505.7,0,867
1,3134,59.67,0.4203,99.24,1507.0,0,866
1,3135,60.2,0.4789,100.57,1481.5,0,865
1,3136,60.86,0.4499,98.84,1489.6,0,864
1,3137,58.55,0.5128,98.02,1498.0,0,863
1,3138,60.39,0.4264,101.0,1487.8,0,862
1,3139,59.55,0.5074,99.56,1514.4,0,861
1,3140,60.94,0.4708,99.97,1513.1,0,860
1,3141,57.42,0.4692,102.14,1494.3,0,859
1,3142,59.9,0.4432,99.8,1518.1,0,858
1,3143,59.35,0.4849,100.11,1500.8,0,857
1,3144,60.64,0.5494,98.95,1527.3,0,856
1,3145,60.73,0.5075,101.07,1503.5,0,855
1,3146,59.37,0.536,100.96,1508.4,0,854
1,3147,59.42,0.5799,102.13,1517.2,0,853
1,3148,60.19,0.5263,99.23,1516.6,0,852
1,3149,59.29,0.4957,99.53,1509.5,0,851
1,3150,61.43,0.5391,102.09,1503.6,0,850
1,3151,60.03,0.5009,101.07,1510.7,0,849
1,3152,57.03,0.5047,98.81,1498.0,0,848
1,3153,60.12,0.4662,103.29,1508.2,0,847
1,3154,59.37,0.5661,97.34,1496.2,0,846
1,3155,58.71,0.5156,102.36,1490.0,0,845
1,3156,59.23,0.5403,98.32,1508.9,0,844
1,3157,60.9,0.4934,104.68,1521.5,0,843
1,3158,62.41,0.554,97.88,1518.7,0,842
1,3159,61.24,0.5078,103.33,1509.2,0,841
1,3160,60.19,0.5341,100.92,1528.0,0,840
1,3161,61.51,0.5764,100.4,1505.3,0,839
1,3162,60.46,0.5742,101.56,1492.3,0,838
1,3163,60.23,0.543,102.51,1490.2,0,837
1,3164,59.73,0.4743,99.49,1500.6,0,836
1,3165,59.06,0.6658,99.72,1521.1,0,835
1,3166,60.74,0.6168,102.71,1507.0,0,834
1,3167,61.45,0.5767,98.04,1518.4,0,833
1,3168,61.19,0.5183,100.34,1530.7,0,832
1,3169,60.85,0.5445,107.64,1503.7,0,831
1,3170,60.27,0.5277,99.68,1519.8,0,830
1,3171,62.18,0.6003,103.96,1520.8,0,829
1,3172,59.92,0.5604,100.54,1507.2,0,828
1,3173,62.48,0.5186,102.78,1529.7,0,827
1,3174,60.39,0.5311,103.12,1513.6,0,826
1,3175,60.74,0.5946,104.12,1513.0,0,825
1,3176,59.93,0.6134,101.5,1538.3,0,824
1,3177,61.13,0.6101,105.93,1522.7,0,823
1,3178,62.95,0.5787,100.82,1527.0,0,822
1,3179,62.45,0.5377,102.51,1531.6,0,821
1,3180,63.05,0.4173,102.57,1511.8,0,820
1,3181,62.55,0.5579,99.88,1531.0,0,819
1,3182,60.64,0.545,101.6,1513.7,0,818
1,3183,61.61,0.5495,102.53,1513.5,0,817
1,3184,61.12,0.5448,101.39,1516.4,0,816
1,3185,63.7,0.4882,107.17,1513.1,0,815
1,3186,60.71,0.5621,100.65,1527.7,0,814
1,3187,63.27,0.5635,104.72,1522.2,0,813
1,3188,63.31,0.5639,104.11,1514.8,0,812
1,3189,64.48,0.5727,102.41,1526.5,0,811
1,3190,61.84,0.5572,100.74,1517.1,0,810
1,3191,63.23,0.5147,100.97,1516.6,0,809
1,3192,65.15,0.5263,101.5,1520.5,0,808
1,3193,61.72,0.5307,99.0,1524.6,0,807
1,3194,60.66,0.5292,100.59,1523.9,0,806
1,3195,60.29,0.5626,99.66,1516.4,0,805
1,3196,63.44,0.5462,105.35,1528.4,0,804
1,3197,60.37,0.6012,103.92,1517.7,0,803
1,3198,62.23,0.604,104.28,1513.3,0,802
1,3199,63.24,0.5166,103.91,1505.1,0,801
1,3200,62.98,0.3575,103.09,1529.5,0,800
1,3201,63.31,0.558,105.7,1519.7,0,799
1,3202,63.11,0.4844,101.58,1521.5,0,798
1,3203,64.42,0.4715,103.04,1529.7,0,797
1,3204,61.78,0.4851,104.34,1514.3,0,796
1,3205,62.15,0.4807,100.22,1505.2,0,795
1,3206,62.08,0.5206,109.07,1519.4,0,794
1,3207,64.04,0.4312,102.95,1521.6,0,793
1,3208,64.16,0.448,103.2,1515.6,0,792
1,3209,63.66,0.5024,105.44,1532.7,0,791
1,3210,64.58,0.5112,104.77,1492.9,0,790
1,3211,61.78,0.5095,103.03,1528.6,0,789
1,3212,65.24,0.45,103.22,1525.1,0,788
1,3213,65.1,0.4401,99.96,1521.4,0,787
1,3214,64.19,0.4567,101.86,1483.1,0,786
1,3215,65.49,0.4844,104.02,1529.0,0,785
1,3216,61.4,0.5321,103.88,1505.5,0,784
1,3217,62.79,0.3887,105.44,1510.3,0,783
1,3218,62.58,0.4598,102.76,1513.3,0,782
1,3219,64.36,0.4134,100.22,1518.7,0,781
1,3220,62.27,0.3988,105.11,1520.6,0,780
1,3221,64.48,0.5018,105.87,1522.7,0,779
1,3222,65.25,0.4833,104.79,1521.5,0,778
1,3223,64.47,0.4779,102.67,1515.4,0,777
1,3224,64.01,0.4954,105.08,1516.6,0,776
1,3225,62.52,0.438,109.84,1501.0,0,775
1,3226,62.72,0.4386,103.21,1503.9,0,774
1,3227,65.27,0.5422,100.35,1519.9,0,773
1,3228,64.74,0.4439,101.79,1518.8,0,772
1,3229,63.79,0.4823,104.2,1517.2,0,771
1,3230,63.37,0.4524,99.73,1504.3,0,770
1,3231,61.47,0.3775,103.27,1518.0,0,769
1,3232,62.64,0.3691,103.68,1496.7,0,768
1,3233,66.25,0.4273,105.97,1518.6,0,767
1,3234,62.45,0.4925,105.51,1504.6,0,766
1,3235,64.25,0.4816,104.6,1523.5,0,765
1,3236,65.26,0.4866,98.52,1490.9,0,764
1,3237,62.57,0.4106,104.67,1523.1,0,763
1,3238,64.33,0.5149,104.22,1501.3,0,762
1,3239,65.26,0.412,103.3,1500.6,0,761
1,3240,64.18,0.4596,99.31,1505.7,0,760
1,3241,67.63,0.4512,101.19,1496.2,0,759
1,3242,62.22,0.4454,100.38,1501.9,0,758
1,3243,65.52,0.5067,98.66,1494.6,0,757
1,3244,64.06,0.4259,102.66,1494.4,0,756
1,3245,65.22,0.4012,101.04,1505.7,0,755
1,3246,64.85,0.4571,107.86,1491.2,0,754
1,3247,63.47,0.4416,102.24,1491.9,0,753
1,3248,64.65,0.5941,105.13,1485.3,0,752
1,3249,62.17,0.4875,99.38,1493.3,0,751
1,3250,65.14,0.4456,101.42,1510.9,0,750
1,3251,64.8,0.4214,102.64,1488.7,0,749
1,3252,65.23,0.3902,100.59,1489.3,0,748
1,3253,65.76,0.4263,101.53,1498.0,0,747
1,3254,64.95,0.4738,101.9,1491.7,0,746
1,3255,64.71,0.5283,101.83,1517.1,0,745
1,3256,63.49,0.5182,105.97,1492.6,0,744
1,3257,63.72,0.4846,102.98,1497.0,0,743
1,3258,66.02,0.4647,103.14,1502.6,0,742
1,3259,66.34,0.4907,103.22,1501.8,0,741
1,3260,64.35,0.4615,103.32,1494.3,0,740
1,3261,64.7,0.5533,101.89,1489.9,0,739
1,3262,63.58,0.4794,101.37,1511.2,0,738
1,3263,66.09,0.486,102.3,1489.4,0,737
1,3264,65.5,0.4033,104.23,1485.5,0,736
1,3265,67.05,0.4866,104.12,1482.9,0,735
1,3266,63.68,0.5303,101.34,1471.6,0,734
1,3267,64.3,0.4567,103.31,1496.6,0,733
1,3268,65.04,0.4718,101.34,1464.4,0,732
1,3269,65.56,0.5361,101.75,1487.4,0,731
1,3270,64.54,0.4478,100.68,1484.9,0,730
1,3271,63.76,0.5516,101.21,1508.9,0,729
1,3272,65.88,0.4905,104.21,1467.8,0,728
1,3273,65.7,0.4986,101.66,1476.6,0,727
1,3274,63.75,0.4716,101.69,1483.9,0,726
1,3275,66.49,0.534,98.47,1482.9,0,725
1,3276,66.28,0.6196,100.7,1479.0,0,724
1,3277,65.04,0.5547,100.78,1483.3,0,723
1,3278,64.99,0.491,99.55,1471.1,0,722
1,3279,65.57,0.5731,101.19,1487.0,0,721
1,3280,63.88,0.5171,100.24,1459.8,0,720
1,3281,64.96,0.5867,101.2,1482.5,0,719
1,3282,62.35,0.5659,101.22,1476.4,0,718
1,3283,65.99,0.4177,99.01,1492.3,0,717
1,3284,63.07,0.497,100.07,1499.5,0,716
1,3285,66.76,0.5765,100.96,1478.3,0,715
1,3286,64.56,0.5464,103.12,1495.3,0,714
1,3287,64.71,0.5008,101.21,1478.1,0,713
1,3288,64.22,0.5177,99.31,1471.4,0,712
1,3289,64.63,0.468,101.37,1498.3,0,711
1,3290,66.68,0.5418,103.93,1485.9,0,710
1,3291,62.0,0.6348,102.29,1480.6,0,709
1,3292,66.52,0.5794,101.49,1487.3,0,708
1,3293,65.4,0.6356,101.79,1483.0,0,707
1,3294,63.55,0.5839,103.16,1479.5,0,706
1,3295,63.71,0.5903,102.37,1466.9,0,705
1,3296,67.01,0.6285,101.29,1477.4,0,704
1,3297,63.86,0.5649,102.24,1486.3,0,703
1,3298,63.62,0.5425,97.88,1478.8,0,702
1,3299,66.36,0.5913,96.98,1489.0,0,701
1,3300,65.41,0.608,100.23,1483.9,0,700
1,3301,63.87,0.5305,100.0,1471.3,0,699
1,3302,65.26,0.5204,98.71,1466.9,0,698
1,3303,63.76,0.5544,101.39,1478.6,0,697
1,3304,66.31,0.5815,95.96,1475.0,0,696
1,3305,66.26,0.5794,98.55,1483.7,0,695
1,3306,65.62,0.4897,98.59,1473.3,0,694
1,3307,65.42,0.6222,96.23,1474.5,0,693
1,3308,67.09,0.519,102.43,1491.3,0,692
1,3309,64.97,0.5329,96.67,1482.4,0,691
1,3310,63.55,0.5061,98.15,1474.1,0,690
1,3311,65.5,0.6487,101.08,1481.5,0,689
1,3312,67.46,0.549,100.5,1495.4,0,688
1,3313,63.73,0.5037,96.94,1484.8,0,687
1,3314,64.51,0.5706,100.46,1488.0,0,686
1,3315,65.43,0.565,99.62,1474.8,0,685
1,3316,64.86,0.5249,103.65,1492.9,0,684
1,3317,63.74,0.5641,99.73,1506.1,0,683
1,3318,66.25,0.4954,98.59,1475.4,0,682
1,3319,67.68,0.5066,97.1,1471.8,0,681
1,3320,65.12,0.4438,97.27,1485.7,0,680
1,3321,63.79,0.469,97.05,1493.1,0,679
1,3322,63.01,0.592,101.39,1483.8,0,678
1,3323,65.16,0.583,98.63,1474.6,0,677
1,3324,66.17,0.5176,99.67,1484.4,0,676
1,3325,65.4,0.5791,101.52,1491.9,0,675
1,3326,64.81,0.5037,93.72,1482.3,0,674
1,3327,64.09,0.498,100.95,1492.9,0,673
1,3328,63.48,0.5075,98.45,1498.9,0,672
1,3329,65.77,0.4977,99.16,1490.1,0,671
1,3330,65.85,0.4916,96.58,1487.9,0,670
1,3331,62.89,0.5435,96.68,1497.0,0,669
1,3332,66.63,0.5012,99.12,1480.6,0,668
1,3333,65.4,0.5212,102.87,1480.2,0,667
1,3334,66.37,0.5315,100.06,1487.6,0,666
1,3335,63.06,0.5034,100.54,1485.8,0,665
1,3336,63.02,0.4466,97.58,1483.2,0,664
1,3337,64.46,0.4289,96.72,1510.1,0,663
1,3338,65.22,0.4867,96.31,1514.1,0,662
1,3339,66.75,0.4716,96.86,1489.4,0,661
1,3340,65.43,0.4797,93.69,1494.4,0,660
1,3341,64.27,0.4734,96.3,1492.2,0,659
1,3342,63.31,0.5753,96.59,1505.7,0,658
1,3343,65.99,0.4167,97.32,1508.3,0,657
1,3344,63.34,0.3884,97.9,1478.0,0,656
1,3345,66.43,0.4794,98.33,1501.2,0,655
1,3346,64.11,0.4492,97.54,1483.9,0,654
1,3347,66.34,0.4752,96.37,1515.2,0,653
1,3348,65.22,0.4843,93.57,1502.6,0,652
1,3349,64.22,0.5108,96.31,1490.5,0,651
1,3350,63.73,0.3978,95.49,1497.0,0,650
1,3351,63.92,0.4345,98.34,1497.1,0,649
1,3352,64.82,0.4727,99.19,1505.8,0,648
1,3353,64.37,0.4853,99.22,1511.6,0,647
1,3354,63.54,0.5412,98.83,1490.3,0,646
1,3355,64.03,0.4908,97.02,1520.8,0,645
1,3356,64.29,0.4496,96.22,1519.0,0,644
1,3357,61.62,0.4156,95.75,1494.8,0,643
1,3358,64.7,0.4282,94.2,1504.9,0,642
1,3359,62.94,0.4267,99.18,1521.8,0,641
1,3360,62.7,0.4764,96.83,1517.6,0,640
1,3361,62.04,0.4603,94.66,1502.5,0,639
1,3362,61.88,0.3971,95.48,1514.6,0,638
1,3363,62.37,0.4327,95.39,1537.0,0,637
1,3364,63.12,0.4855,97.19,1508.6,0,636
1,3365,66.28,0.4648,99.22,1501.8,0,635
1,3366,63.28,0.474,96.38,1510.4,0,634
1,3367,64.09,0.4672,92.56,1511.7,0,633
1,3368,64.33,0.5177,96.67,1504.5,0,632
1,3369,63.97,0.4629,96.73,1514.7,0,631
1,3370,63.69,0.439,96.58,1498.2,0,630
1,3371,62.31,0.4189,95.77,1504.6,0,629
1,3372,65.46,0.4667,97.45,1519.3,0,628
1,3373,65.85,0.3604,97.14,1494.7,0,627
1,3374,61.63,0.4521,96.96,1521.7,0,626
1,3375,62.38,0.4527,97.83,1493.1,0,625
1,3376,63.24,0.408,96.14,1496.3,0,624
1,3377,62.39,0.4271,96.03,1509.1,0,623
1,3378,64.11,0.4985,99.76,1517.3,0,622
1,3379,62.6,0.4772,98.12,1528.1,0,621
1,3380,66.03,0.474,98.66,1515.9,0,620
1,3381,64.83,0.4842,99.46,1513.2,0,619
1,3382,63.62,0.4777,98.07,1521.8,0,618
1,3383,64.56,0.5259,98.88,1507.7,0,617
1,3384,64.61,0.4834,93.87,1518.1,0,616
1,3385,62.57,0.4224,97.44,1505.0,0,615
1,3386,62.23,0.5482,96.68,1518.2,0,614
1,3387,63.27,0.5002,100.41,1516.3,0,613
1,3388,64.17,0.4643,98.92,1509.9,0,612
1,3389,63.26,0.4401,95.82,1519.8,0,611
1,3390,61.16,0.5086,97.84,1520.0,0,610
1,3391,62.05,0.4905,97.45,1530.4,0,609
1,3392,62.89,0.5607,98.04,1502.8,0,608
1,3393,62.84,0.4864,95.11,1518.3,0,607
1,3394,65.26,0.4692,97.89,1511.6,0,606
1,3395,61.19,0.541,96.73,1528.1,0,605
1,3396,63.42,0.5447,97.77,1527.0,0,604
1,3397,64.56,0.5169,95.78,1524.7,0,603
1,3398,65.46,0.5396,96.09,1512.7,0,602
1,3399,62.2,0.5135,99.63,1528.7,0,601
1,3400,63.24,0.5267,95.2,1504.6,0,600
1,3401,63.29,0.5663,95.38,1502.6,0,599
1,3402,62.79,0.5469,97.26,1507.2,0,598
1,3403,62.4,0.5174,95.85,1519.7,0,597
1,3404,63.0,0.5804,95.65,1526.7,0,596
1,3405,59.39,0.4338,97.66,1490.2,0,595
1,3406,63.2,0.6125,94.47,1533.2,0,594
1,3407,62.49,0.4641,95.5,1521.2,0,593
1,3408,62.03,0.5091,101.66,1504.1,0,592
1,3409,64.71,0.5344,98.51,1520.7,0,591
1,3410,61.4,0.5318,96.13,1530.5,0,590
1,3411,61.68,0.5795,98.5,1525.5,0,589
1,3412,64.51,0.4985,98.83,1530.3,0,588
1,3413,61.07,0.5526,99.73,1505.5,0,587
1,3414,61.37,0.5203,97.52,1514.9,0,586
1,3415,61.81,0.5565,99.77,1509.6,0,585
1,3416,62.94,0.5431,93.78,1535.8,0,584
1,3417,62.14,0.5504,95.79,1524.8,0,583
1,3418,60.29,0.5255,98.27,1546.6,0,582
1,3419,61.16,0.5278,98.65,1513.2,0,581
1,3420,61.02,0.5603,96.21,1510.3,0,580
1,3421,61.61,0.5871,98.6,1515.8,0,579
1,3422,62.17,0.5257,96.88,1530.7,0,578
1,3423,62.11,0.5151,97.62,1513.0,0,577
1,3424,59.43,0.5745,100.27,1517.5,0,576
1,3425,62.79,0.5487,100.09,1516.9,0,575
1,3426,61.77,0.583,96.32,1516.0,0,574
1,3427,63.08,0.5133,96.25,1508.7,0,573
1,3428,61.9,0.478,97.6,1513.4,0,572
1,3429,62.64,0.5273,98.42,1512.6,0,571
1,3430,61.83,0.5174,97.21,1513.9,0,570
1,3431,62.84,0.5441,100.66,1523.0,0,569
1,3432,61.8,0.5209,99.32,1530.7,0,568
1,3433,61.01,0.575,99.49,1504.2,0,567
1,3434,63.81,0.5327,96.2,1508.2,0,566
1,3435,62.1,0.5491,101.12,1503.4,0,565
1,3436,61.67,0.548,93.21,1513.0,0,564
1,3437,59.4,0.5481,100.57,1505.3,0,563
1,3438,59.34,0.5378,100.83,1512.6,0,562
1,3439,61.18,0.5576,98.15,1520.7,0,561
1,3440,60.96,0.5036,101.62,1483.8,0,560
1,3441,60.0,0.5896,99.0,1513.5,0,559
1,3442,60.85,0.5223,99.31,1503.4,0,558
1,3443,62.54,0.4773,99.92,1512.1,0,557
1,3444,61.42,0.5352,105.67,1497.9,0,556
1,3445,59.17,0.4916,102.05,1518.3,0,555
1,3446,60.35,0.55,100.82,1514.9,0,554
1,3447,59.47,0.6096,97.65,1510.9,0,553
1,3448,59.92,0.4874,99.82,1512.5,0,552
1,3449,59.84,0.5299,97.97,1496.6,0,551
1,3450,59.71,0.444,101.3,1497.2,0,550
1,3451,58.73,0.5299,100.0,1510.4,0,549
1,3452,60.03,0.4739,97.53,1494.6,0,548
1,3453,59.46,0.4819,100.0,1516.1,0,547
1,3454,56.57,0.4603,98.2,1497.8,0,546
1,3455,62.5,0.5312,100.26,1505.5,0,545
1,3456,61.29,0.5397,98.3,1520.8,0,544
1,3457,59.49,0.4978,100.13,1492.2,0,543
1,3458,59.91,0.4598,101.64,1499.3,0,542
1,3459,58.43,0.5555,100.09,1508.6,0,541
1,3460,61.82,0.4594,99.47,1507.0,0,540
1,3461,62.01,0.4005,100.72,1493.6,0,539
1,3462,59.88,0.503,101.77,1491.1,0,538
1,3463,60.87,0.4381,98.22,1493.4,0,537
1,3464,59.8,0.5195,101.01,1509.6,0,536
1,3465,57.93,0.4624,103.19,1491.7,0,535
1,3466,58.99,0.4996,101.76,1494.7,0,534
1,3467,59.6,0.5294,100.78,1489.1,0,533
1,3468,58.84,0.4229,102.01,1499.9,0,532
1,3469,59.08,0.4466,101.69,1493.8,0,531
1,3470,59.18,0.4643,102.35,1481.7,0,530
1,3471,59.14,0.527,96.85,1481.5,0,529
1,3472,59.25,0.4374,97.85,1470.6,0,528
1,3473,57.87,0.4382,103.02,1481.8,0,527
1,3474,58.23,0.4796,98.06,1497.5,0,526
1,3475,57.5,0.4359,101.93,1502.3,0,525
1,3476,60.17,0.4637,100.48,1495.4,0,524
1,3477,56.42,0.3943,99.24,1493.6,0,523
1,3478,60.28,0.5437,101.99,1486.4,0,522
1,3479,60.51,0.4002,101.75,1494.9,0,521
1,3480,58.44,0.4403,105.62,1489.6,0,520
1,3481,55.63,0.4511,100.2,1504.3,0,519
1,3482,58.27,0.5282,104.38,1484.8,0,518
1,3483,58.58,0.3981,102.26,1498.8,0,517
1,3484,57.39,0.53,100.28,1493.7,0,516
1,3485,57.94,0.4806,103.25,1492.0,0,515
1,3486,60.35,0.4668,102.84,1464.1,0,514
1,3487,59.26,0.4106,101.83,1493.2,0,513
1,3488,57.31,0.4729,102.34,1482.3,0,512
1,3489,56.45,0.4213,100.66,1478.8,0,511
1,3490,57.93,0.5012,100.25,1468.1,0,510
1,3491,58.02,0.4121,103.46,1482.5,0,509
1,3492,58.82,0.4469,101.54,1482.6,0,508
1,3493,57.54,0.4299,101.87,1469.0,0,507
1,3494,58.75,0.4134,102.64,1467.0,0,506
1,3495,60.41,0.4834,102.65,1486.4,0,505
1,3496,59.02,0.4762,99.3,1490.0,0,504
1,3497,57.94,0.5043,104.78,1483.0,0,503
1,3498,57.73,0.386,102.49,1492.4,0,502
1,3499,57.48,0.5011,101.88,1479.9,0,501
1,3500,59.28,0.5602,103.18,1480.0,0,500
1,3501,57.06,0.4434,102.83,1471.3,0,499
1,3502,57.82,0.5389,103.93,1464.7,0,498
1,3503,57.79,0.4543,103.51,1498.8,0,497
1,3504,57.08,0.4118,103.9,1491.5,0,496
1,3505,55.99,0.4564,105.2,1466.2,0,495
1,3506,57.98,0.5125,104.3,1481.6,0,494
1,3507,57.48,0.4391,102.24,1479.0,0,493
1,3508,58.11,0.4507,100.35,1477.3,0,492
1,3509,56.82,0.5007,105.96,1475.9,0,491
1,3510,58.88,0.4793,102.18,1483.8,0,490
1,3511,56.32,0.5049,101.73,1488.3,0,489
1,3512,59.39,0.4933,99.23,1484.2,0,488
1,3513,55.19,0.5054,103.41,1479.0,0,487
1,3514,57.77,0.4713,103.05,1478.7,0,486
1,3515,57.78,0.5004,99.75,1489.8,0,485
1,3516,56.21,0.4565,103.71,1485.2,0,484
1,3517,57.63,0.5476,101.83,1481.4,0,483
1,3518,58.62,0.4732,108.22,1480.5,0,482
1,3519,54.38,0.5462,101.72,1484.5,0,481
1,3520,57.61,0.4942,102.01,1476.6,0,480
1,3521,53.97,0.5141,101.15,1489.7,0,479
1,3522,55.77,0.4887,105.47,1471.0,0,478
1,3523,58.84,0.4703,102.18,1477.8,0,477
1,3524,56.15,0.4436,101.49,1488.3,0,476
1,3525,55.4,0.4736,104.36,1471.2,0,475
1,3526,56.53,0.5052,100.2,1467.1,0,474
1,3527,59.21,0.5289,104.22,1483.8,0,473
1,3528,54.5,0.5631,106.54,1466.5,0,472
1,3529,55.39,0.507,104.12,1470.8,0,471
1,3530,58.42,0.4917,104.26,1491.7,0,470
1,3531,58.81,0.4714,104.73,1482.5,0,469
1,3532,56.42,0.5503,106.42,1497.8,0,468
1,3533,55.02,0.5883,105.42,1473.3,0,467
1,3534,58.99,0.5855,103.88,1484.8,0,466
1,3535,58.35,0.565,104.81,1490.2,0,465
1,3536,57.22,0.5638,101.23,1474.9,0,464
1,3537,55.4,0.6077,104.55,1497.4,0,463
1,3538,56.28,0.5546,100.98,1492.6,0,462
1,3539,56.11,0.5685,102.25,1471.9,0,461
1,3540,56.67,0.531,96.82,1488.1,0,460
1,3541,57.98,0.4905,103.78,1492.8,0,459
1,3542,57.26,0.5187,101.68,1483.6,0,458
1,3543,54.88,0.5466,105.18,1475.2,0,457
1,3544,57.79,0.5502,103.72,1493.3,0,456
1,3545,56.48,0.6255,105.18,1513.2,0,455
1,3546,56.9,0.5523,100.75,1487.7,0,454
1,3547,57.8,0.5966,104.98,1507.8,0,453
1,3548,54.68,0.5323,107.1,1485.2,0,452
1,3549,55.94,0.5375,104.4,1495.4,0,451
1,3550,55.32,0.4968,104.43,1501.5,0,450
1,3551,54.04,0.5202,103.17,1494.3,0,449
1,3552,56.31,0.5708,101.76,1492.0,0,448
1,3553,58.88,0.5497,104.31,1502.8,0,447
1,3554,53.63,0.5867,99.76,1515.1,0,446
1,3555,55.77,0.5557,101.91,1499.7,0,445
1,3556,56.55,0.5337,99.18,1492.2,0,444
1,3557,55.91,0.6329,101.29,1496.0,0,443
1,3558,55.6,0.5423,103.95,1523.7,0,442
1,3559,54.15,0.5915,103.65,1500.5,0,441
1,3560,55.96,0.5278,102.71,1493.8,0,440
1,3561,54.75,0.571,102.92,1488.9,0,439
1,3562,53.0,0.5784,98.78,1482.7,0,438
1,3563,57.04,0.5481,101.77,1505.2,0,437
1,3564,56.73,0.4441,101.12,1508.7,0,436
1,3565,55.62,0.5373,101.13,1498.7,0,435
1,3566,55.81,0.5841,103.62,1503.2,0,434
1,3567,56.81,0.5541,100.66,1492.2,0,433
1,3568,55.76,0.5489,101.13,1505.8,0,432
1,3569,56.56,0.4602,98.13,1509.9,0,431
1,3570,55.09,0.4982,101.68,1500.3,0,430
1,3571,57.01,0.5413,100.05,1523.1,0,429
1,3572,55.8,0.5391,102.34,1498.4,0,428
1,3573,55.62,0.569,100.24,1510.2,0,427
1,3574,53.85,0.5123,102.31,1516.4,0,426
1,3575,55.7,0.532,101.77,1507.7,0,425
1,3576,54.34,0.514,105.36,1507.1,0,424
1,3577,54.55,0.4715,102.96,1495.2,0,423
1,3578,54.32,0.4183,98.25,1523.6,0,422
1,3579,54.0,0.5233,99.35,1508.9,0,421
1,3580,57.82,0.5105,101.94,1516.4,0,420
1,3581,56.85,0.4763,99.92,1518.3,0,419
1,3582,57.54,0.4338,95.8,1505.8,0,418
1,3583,53.75,0.5212,104.38,1510.5,0,417
1,3584,55.29,0.4829,103.08,1526.3,0,416
1,3585,53.64,0.5134,102.63,1502.3,0,415
1,3586,54.34,0.5632,100.32,1535.1,0,414
1,3587,54.06,0.4006,102.34,1506.8,0,413
1,3588,56.64,0.4559,100.02,1502.9,0,412
1,3589,54.67,0.4731,101.79,1516.4,0,411
1,3590,56.41,0.5374,99.48,1537.6,0,410
1,3591,55.84,0.4115,104.3,1496.8,0,409
1,3592,57.87,0.5522,98.07,1514.8,0,408
1,3593,53.32,0.4781,103.62,1521.3,0,407
1,3594,56.6,0.4667,101.18,1517.2,0,406
1,3595,56.46,0.4607,100.07,1521.0,0,405
1,3596,53.9,0.4492,101.32,1510.3,0,404
1,3597,56.27,0.5068,102.4,1511.8,0,403
1,3598,55.46,0.4204,103.61,1516.6,0,402
1,3599,54.77,0.4753,101.45,1507.0,0,401
1,3600,54.05,0.4446,98.98,1518.1,0,400
1,3601,54.17,0.428,100.81,1514.9,0,399
1,3602,57.49,0.5606,104.28,1514.3,0,398
1,3603,55.02,0.4727,103.28,1522.3,0,397
1,3604,55.96,0.4793,102.34,1501.1,0,396
1,3605,54.07,0.4993,102.06,1517.2,0,395
1,3606,54.08,0.396,101.81,1542.8,0,394
1,3607,56.31,0.5222,102.67,1508.8,0,393
1,3608,53.39,0.3511,99.38,1532.6,0,392
1,3609,54.51,0.4202,97.52,1520.4,0,391
1,3610,55.04,0.4321,100.31,1513.9,0,390
1,3611,55.13,0.4735,98.47,1506.8,0,389
1,3612,54.79,0.4588,97.94,1521.4,0,388
1,3613,55.47,0.4433,98.55,1534.5,0,387
1,3614,55.83,0.4496,104.9,1516.1,0,386
1,3615,55.88,0.4112,100.14,1519.1,0,385
1,3616,53.82,0.3907,100.53,1530.0,0,384
1,3617,54.66,0.4801,97.31,1523.3,0,383
1,3618,56.44,0.4794,96.0,1504.0,0,382
1,3619,56.08,0.5157,97.99,1520.6,0,381
1,3620,53.37,0.4216,102.45,1534.7,0,380
1,3621,55.44,0.4818,100.18,1519.0,0,379
1,3622,52.65,0.4438,100.65,1491.8,0,378
1,3623,55.08,0.5039,100.87,1523.0,0,377
1,3624,57.31,0.4985,98.15,1516.9,0,376
1,3625,53.9,0.4674,102.05,1500.4,0,375
1,3626,54.04,0.4469,97.95,1501.7,0,374
1,3627,55.97,0.5005,101.97,1528.0,0,373
1,3628,53.21,0.4896,99.99,1510.6,0,372
1,3629,54.31,0.4381,95.47,1508.6,0,371
1,3630,55.79,0.4142,97.49,1517.0,0,370
1,3631,54.32,0.4577,95.36,1510.7,0,369
1,3632,54.81,0.5319,101.2,1517.8,0,368
1,3633,55.99,0.5192,98.77,1514.4,0,367
1,3634,55.62,0.431,94.31,1504.1,0,366
1,3635,55.44,0.431,99.46,1510.6,0,365
1,3636,54.73,0.5309,97.58,1519.8,0,364
1,3637,55.59,0.4368,95.64,1515.4,0,363
1,3638,55.01,0.505,101.91,1513.7,0,362
1,3639,55.72,0.4624,98.72,1533.5,0,361
1,3640,54.59,0.5541,97.86,1521.0,0,360
1,3641,54.98,0.4611,97.6,1521.8,0,359
1,3642,54.02,0.5401,95.32,1511.2,0,358
1,3643,55.18,0.5043,95.69,1514.6,0,357
1,3644,54.27,0.5095,100.82,1507.6,0,356
1,3645,53.92,0.4231,97.25,1519.2,0,355
1,3646,55.58,0.4163,98.2,1509.8,0,354
1,3647,55.54,0.498,94.02,1512.6,0,353
1,3648,56.25,0.5192,95.42,1511.5,0,352
1,3649,54.81,0.4668,99.23,1509.2,0,351
1,3650,55.83,0.4706,98.73,1538.2,0,350
1,3651,56.02,0.539,101.43,1501.6,0,349
1,3652,55.91,0.5414,100.57,1501.0,0,348
1,3653,54.41,0.5157,97.38,1514.1,0,347
1,3654,55.6,0.5546,98.75,1500.6,0,346
1,3655,55.87,0.4786,97.13,1503.1,0,345
1,3656,55.47,0.5135,101.83,1494.6,0,344
1,3657,52.98,0.5957,99.98,1509.8,0,343
1,3658,55.69,0.5345,97.98,1509.3,0,342
1,3659,58.18,0.5387,98.01,1500.5,0,341
1,3660,55.11,0.6277,100.46,1510.3,0,340
1,3661,54.7,0.4812,98.7,1483.9,0,339
1,3662,56.04,0.5706,100.62,1494.8,0,338
1,3663,55.99,0.6069,93.08,1499.6,0,337
1,3664,57.07,0.5287,98.36,1489.0,0,336
1,3665,54.16,0.5774,96.38,1482.6,0,335
1,3666,56.57,0.505,100.89,1496.4,0,334
1,3667,56.42,0.5179,100.44,1505.9,0,333
1,3668,55.57,0.5618,97.39,1511.1,0,332
1,3669,56.17,0.5792,100.37,1492.2,0,331
1,3670,57.03,0.5928,100.84,1504.5,0,330
1,3671,56.87,0.6114,97.39,1502.9,0,329
1,3672,54.48,0.5465,102.17,1508.1,0,328
1,3673,56.86,0.5973,97.14,1491.9,0,327
1,3674,55.83,0.5361,96.75,1476.8,0,326
1,3675,56.02,0.5861,98.89,1494.9,0,325
1,3676,56.05,0.5583,96.43,1483.5,0,324
1,3677,55.81,0.5677,97.29,1485.8,0,323
1,3678,57.45,0.5666,99.93,1489.5,0,322
1,3679,55.95,0.4851,97.13,1488.6,0,321
1,3680,54.74,0.5039,93.69,1492.8,0,320
1,3681,55.65,0.5523,97.8,1497.9,0,319
1,3682,56.36,0.48,95.66,1486.7,0,318
1,3683,57.66,0.5799,98.77,1493.8,0,317
1,3684,56.94,0.5806,98.42,1489.5,0,316
1,3685,55.23,0.5577,99.97,1498.2,0,315
1,3686,59.26,0.4986,98.83,1486.4,0,314
1,3687,56.63,0.5974,99.19,1487.0,0,313
1,3688,57.88,0.6223,95.67,1483.6,0,312
1,3689,56.2,0.5452,98.61,1485.3,0,311
1,3690,57.06,0.5581,100.94,1478.6,0,310
1,3691,57.46,0.5441,95.62,1477.2,0,309
1,3692,57.95,0.5554,100.6,1493.4,0,308
1,3693,57.79,0.5276,95.9,1474.4,0,307
1,3694,57.61,0.529,95.3,1481.6,0,306
1,3695,56.22,0.5646,97.6,1494.6,0,305
1,3696,55.95,0.6201,98.44,1480.5,0,304
1,3697,57.07,0.4681,98.84,1492.0,0,303
1,3698,57.83,0.5178,95.1,1477.4,0,302
1,3699,56.48,0.4724,97.9,1472.5,0,301
1,3700,58.06,0.581,95.67,1466.8,0,300
1,3701,58.56,0.4915,94.08,1495.5,0,299
1,3702,55.76,0.4548,95.21,1470.8,0,298
1,3703,55.89,0.5357,95.58,1489.3,0,297
1,3704,56.77,0.5774,98.14,1471.6,0,296
1,3705,57.35,0.5317,99.42,1494.6,0,295
1,3706,56.39,0.5109,94.18,1503.3,0,294
1,3707,58.68,0.5166,97.85,1464.1,0,293
1,3708,57.61,0.5543,94.81,1470.0,0,292
1,3709,57.19,0.4602,98.44,1488.4,0,291
1,3710,55.46,0.4883,95.96,1485.6,0,290
1,3711,55.64,0.4722,95.13,1488.2,0,289
1,3712,57.6,0.4411,98.85,1474.5,0,288
1,3713,54.75,0.4723,96.1,1500.1,0,287
1,3714,58.56,0.5274,96.67,1481.3,0,286
1,3715,57.2,0.5034,92.89,1467.9,0,285
1,3716,61.32,0.5042,99.25,1477.5,0,284
1,3717,60.25,0.4821,99.03,1468.0,0,283
1,3718,57.3,0.495,97.43,1495.9,0,282
1,3719,57.44,0.4399,94.39,1473.4,0,281
1,3720,58.8,0.4575,99.9,1485.0,0,280
1,3721,59.69,0.4756,96.18,1475.4,0,279
1,3722,55.73,0.4772,96.64,1474.0,0,278
1,3723,55.6,0.4771,102.2,1461.2,0,277
1,3724,57.04,0.457,96.21,1486.4,0,276
1,3725,58.53,0.4459,99.14,1493.5,0,275
1,3726,58.47,0.5858,98.82,1471.5,0,274
1,3727,59.2,0.4943,98.51,1465.3,0,273
1,3728,56.53,0.4733,98.33,1489.0,0,272
1,3729,55.23,0.4462,98.56,1464.7,0,271
1,3730,59.09,0.4364,98.4,1493.6,0,270
1,3731,57.11,0.4482,97.79,1472.6,0,269
1,3732,55.73,0.4643,100.96,1470.8,0,268
1,3733,58.37,0.3767,95.36,1484.6,0,267
1,3734,59.19,0.3885,100.07,1472.0,0,266
1,3735,58.14,0.4253,99.72,1475.6,0,265
1,3736,57.79,0.4587,99.51,1486.5,0,264
1,3737,58.19,0.4406,100.4,1459.0,0,263
1,3738,57.99,0.5091,98.03,1500.1,0,262
1,3739,56.86,0.3907,94.52,1484.4,0,261
1,3740,57.67,0.4201,98.17,1471.4,0,260
1,3741,59.2,0.5112,96.38,1474.6,0,259
1,3742,59.01,0.456,96.95,1495.1,0,258
1,3743,58.87,0.4867,95.98,1491.6,0,257
1,3744,57.52,0.5339,97.56,1499.8,0,256
1,3745,58.55,0.4249,97.37,1479.6,0,255
1,3746,56.2,0.4495,93.86,1489.8,0,254
1,3747,59.08,0.4436,100.07,1491.6,0,253
1,3748,60.63,0.3774,103.17,1494.7,0,252
1,3749,57.19,0.4443,99.99,1499.5,0,251
1,3750,58.31,0.4933,98.43,1481.6,0,250
1,3751,59.45,0.4811,98.78,1488.1,0,249
1,3752,60.61,0.4857,98.11,1483.7,0,248
1,3753,58.62,0.4476,99.18,1489.8,0,247
1,3754,58.38,0.438,98.99,1497.8,0,246
1,3755,56.89,0.5169,97.44,1474.8,0,245
1,3756,59.43,0.4481,102.54,1503.0,0,244
1,3757,61.81,0.4817,96.26,1481.1,0,243
1,3758,59.74,0.4785,100.73,1489.9,0,242
1,3759,59.43,0.5325,99.15,1506.0,0,241
1,3760,59.89,0.5151,103.21,1497.4,0,240
1,3761,59.54,0.4266,100.15,1498.1,0,239
1,3762,58.63,0.4332,98.81,1483.5,0,238
1,3763,60.64,0.5062,99.09,1485.4,0,237
1,3764,59.98,0.4829,99.73,1505.9,0,236
1,3765,59.78,0.4696,97.42,1491.2,0,235
1,3766,58.63,0.5309,98.23,1492.7,0,234
1,3767,61.42,0.5002,96.26,1507.9,0,233
1,3768,60.7,0.4973,98.04,1488.4,0,232
1,3769,59.29,0.5289,100.13,1502.1,0,231
1,3770,61.21,0.4852,100.61,1500.5,0,230
1,3771,59.46,0.5655,96.11,1500.6,0,229
1,3772,59.17,0.4737,99.85,1496.1,0,228
1,3773,59.24,0.534,101.31,1496.1,0,227
1,3774,58.08,0.5675,99.92,1491.7,0,226
1,3775,60.82,0.4575,99.04,1507.9,0,225
1,3776,58.11,0.5013,99.54,1497.0,0,224
1,3777,58.88,0.563,99.34,1513.9,0,223
1,3778,57.91,0.566,99.21,1502.6,0,222
1,3779,60.35,0.5151,100.89,1494.8,0,221
1,3780,60.32,0.4948,105.22,1503.6,0,220
1,3781,60.16,0.5646,99.17,1502.4,0,219
1,3782,59.35,0.5758,100.08,1517.2,0,218
1,3783,59.25,0.4838,100.67,1504.0,0,217
1,3784,61.26,0.4842,99.46,1505.4,0,216
1,3785,60.09,0.5433,103.09,1522.9,0,215
1,3786,61.18,0.5612,96.21,1514.4,0,214
1,3787,59.79,0.5257,99.94,1526.4,0,213
1,3788,61.12,0.5665,102.7,1522.9,0,212
1,3789,62.51,0.5124,100.53,1502.0,0,211
1,3790,61.7,0.4576,99.53,1521.2,0,210
1,3791,60.55,0.5265,102.11,1527.1,0,209
1,3792,61.4,0.5472,103.1,1527.6,0,208
1,3793,60.86,0.5347,101.76,1522.7,0,207
1,3794,61.2,0.5003,99.79,1522.9,0,206
1,3795,60.85,0.4749,102.36,1510.6,0,205
1,3796,61.09,0.5277,100.69,1505.7,0,204
1,3797,61.59,0.5847,103.04,1511.0,0,203
1,3798,60.19,0.5996,104.56,1498.3,0,202
1,3799,60.21,0.5972,96.44,1528.7,0,201
1,3800,59.82,0.5173,101.92,1512.9,0,200
1,3801,59.63,0.5055,98.29,1528.8,0,199
1,3802,60.16,0.5732,106.7,1503.8,0,198
1,3803,61.88,0.5802,100.94,1527.1,0,197
1,3804,60.68,0.5722,103.43,1511.5,0,196
1,3805,62.44,0.4769,101.93,1503.7,0,195
1,3806,61.93,0.524,100.45,1532.9,0,194
1,3807,59.6,0.5585,100.27,1527.8,0,193
1,3808,62.81,0.5801,105.34,1519.0,0,192
1,3809,63.07,0.5921,104.14,1517.3,0,191
1,3810,60.97,0.5678,106.17,1521.4,0,190
1,3811,62.73,0.5758,102.45,1519.0,0,189
1,3812,61.27,0.5665,102.96,1509.1,0,188
1,3813,62.48,0.5908,101.91,1512.9,0,187
1,3814,60.91,0.5762,101.92,1536.7,0,186
1,3815,60.34,0.5664,100.46,1543.7,0,185
1,3816,62.1,0.5531,102.76,1532.6,0,184
1,3817,62.47,0.567,101.06,1521.7,0,183
1,3818,62.21,0.583,103.57,1513.5,0,182
1,3819,61.33,0.5741,103.07,1508.8,0,181
1,3820,62.34,0.5783,103.35,1509.3,0,180
1,3821,63.21,0.6164,106.17,1510.9,0,179
1,3822,62.89,0.5729,102.79,1537.8,0,178
1,3823,63.23,0.5358,104.42,1534.2,0,177
1,3824,62.27,0.5965,107.05,1523.4,0,176
1,3825,64.54,0.5059,105.6,1506.2,0,175
1,3826,61.79,0.5167,105.33,1524.5,0,174
1,3827,63.85,0.5726,102.45,1512.9,0,173
1,3828,64.75,0.5791,103.56,1493.5,0,172
1,3829,63.97,0.5079,100.5,1517.6,0,171
1,3830,63.21,0.5416,104.17,1506.0,0,170
1,3831,62.88,0.5318,103.76,1506.1,0,169
1,3832,64.82,0.5358,103.29,1511.3,0,168
1,3833,61.93,0.5921,105.33,1508.5,0,167
1,3834,62.53,0.5818,100.89,1512.8,0,166
1,3835,63.28,0.552,106.6,1511.9,0,165
1,3836,65.3,0.5301,105.16,1493.6,0,164
1,3837,64.34,0.4972,103.24,1527.1,0,163
1,3838,62.78,0.6072,103.11,1501.6,0,162
1,3839,63.63,0.5734,104.4,1501.5,0,161
1,3840,63.32,0.5207,106.5,1507.3,0,160
1,3841,63.27,0.5771,103.68,1509.0,0,159
1,3842,65.35,0.5449,103.79,1524.2,0,158
1,3843,62.59,0.5357,103.56,1511.8,0,157
1,3844,66.22,0.5641,107.1,1514.2,0,156
1,3845,65.34,0.5166,102.82,1510.8,0,155
1,3846,65.72,0.5322,103.51,1509.8,0,154
1,3847,63.91,0.5506,106.51,1510.0,0,153
1,3848,64.34,0.5255,103.89,1487.0,0,152
1,3849,62.86,0.5722,105.89,1503.2,0,151
1,3850,64.0,0.6202,101.8,1516.8,0,150
1,3851,65.28,0.5153,103.22,1543.9,0,149
1,3852,66.3,0.4791,106.61,1491.8,0,148
1,3853,63.47,0.4659,102.3,1507.5,0,147
1,3854,64.41,0.5404,103.35,1496.9,0,146
1,3855,64.72,0.5204,104.18,1522.4,0,145
1,3856,63.28,0.5558,101.69,1487.7,0,144
1,3857,65.72,0.5536,102.84,1506.8,0,143
1,3858,64.2,0.485,103.9,1485.8,0,142
1,3859,64.88,0.4775,103.76,1496.0,0,141
1,3860,64.63,0.563,106.23,1498.1,0,140
1,3861,64.27,0.5578,106.75,1508.5,0,139
1,3862,65.26,0.5367,101.95,1486.3,0,138
1,3863,65.07,0.4889,103.88,1503.0,0,137
1,3864,64.93,0.5756,105.01,1495.8,0,136
1,3865,64.55,0.6093,106.68,1497.6,0,135
1,3866,65.86,0.5714,105.08,1503.7,0,134
1,3867,67.51,0.5284,104.22,1480.5,0,133
1,3868,65.74,0.5661,104.96,1500.7,0,132
1,3869,66.82,0.5119,104.96,1486.2,0,131
1,3870,64.0,0.6112,101.75,1502.1,0,130
1,3871,65.91,0.5746,103.97,1493.7,0,129
1,3872,64.45,0.5032,106.49,1487.5,0,128
1,3873,64.04,0.5645,103.14,1482.9,0,127
1,3874,64.97,0.5979,103.8,1496.3,0,126
1,3875,67.33,0.5689,103.04,1499.9,0,125
1,3876,67.09,0.5742,98.88,1481.2,0,124
1,3877,66.29,0.5394,103.53,1474.4,0,123
1,3878,64.2,0.6143,104.07,1491.9,0,122
1,3879,65.85,0.569,102.42,1469.7,0,121
1,3880,66.49,0.5121,101.11,1470.4,0,120
1,3881,66.38,0.587,101.64,1472.1,0,119
1,3882,64.0,0.6446,104.9,1477.8,0,118
1,3883,65.19,0.5936,107.3,1467.8,0,117
1,3884,66.22,0.6823,106.09,1461.1,0,116
1,3885,66.98,0.6337,100.61,1468.3,0,115
1,3886,63.74,0.634,104.98,1485.4,0,114
1,3887,66.22,0.6192,101.91,1465.5,0,113
1,3888,66.63,0.6256,102.05,1474.1,0,112
1,3889,67.52,0.6218,102.26,1496.3,0,111
1,3890,67.37,0.6243,104.56,1475.6,0,110
1,3891,67.28,0.6617,105.03,1478.8,0,109
1,3892,65.66,0.6071,102.89,1465.2,0,108
1,3893,64.36,0.6057,102.89,1495.6,0,107
1,3894,66.22,0.6079,103.94,1467.9,0,106
1,3895,67.93,0.7389,104.12,1470.4,0,105
1,3896,68.44,0.6824,105.3,1485.2,0,104
1,3897,67.65,0.6775,100.34,1469.6,0,103
1,3898,67.35,0.6272,102.91,1471.2,0,102
1,3899,67.33,0.6986,100.7,1467.3,0,101
1,3900,66.24,0.6731,102.69,1466.8,0,100
1,3901,66.78,0.6904,102.3,1472.6,0,99
1,3902,68.97,0.6469,102.62,1473.9,0,98
1,3903,65.87,0.6964,101.07,1461.3,0,97
1,3904,68.97,0.677,99.66,1459.6,0,96
1,3905,66.68,0.6672,98.4,1460.6,0,95
1,3906,68.69,0.7311,102.29,1452.1,0,94
1,3907,65.44,0.644,101.64,1449.7,0,93
1,3908,67.87,0.7318,101.11,1468.1,0,92
1,3909,66.31,0.7403,105.07,1474.0,0,91
1,3910,65.52,0.6813,100.66,1472.9,0,90
1,3911,67.51,0.6872,105.17,1439.9,0,89
1,3912,68.49,0.7145,105.53,1460.9,0,88
1,3913,66.29,0.738,98.34,1451.9,0,87
1,3914,65.54,0.7239,102.38,1463.9,0,86
1,3915,67.25,0.7504,101.35,1457.9,0,85
1,3916,67.28,0.8067,96.28,1467.6,0,84
1,3917,68.07,0.7187,99.17,1461.2,0,83
1,3918,68.58,0.6733,103.56,1442.1,0,82
1,3919,67.39,0.7776,106.0,1451.1,0,81
1,3920,69.72,0.8145,103.72,1460.5,0,80
1,3921,67.78,0.7653,102.52,1461.0,0,79
1,3922,67.12,0.7084,101.78,1445.8,0,78
1,3923,65.63,0.7492,105.14,1444.3,0,77
1,3924,67.27,0.7115,106.03,1460.0,0,76
1,3925,67.2,0.784,100.51,1445.1,0,75
1,3926,68.78,0.7061,97.64,1442.3,0,74
1,3927,68.2,0.7498,97.39,1454.4,0,73
1,3928,66.25,0.7233,104.18,1453.8,0,72
1,3929,67.9,0.77,101.4,1449.7,0,71
1,3930,68.51,0.7516,101.81,1451.4,0,70
1,3931,69.56,0.7746,97.82,1458.4,0,69
1,3932,68.81,0.7695,99.84,1451.0,0,68
1,3933,68.68,0.7301,100.71,1458.8,0,67
1,3934,67.85,0.7956,101.67,1454.3,0,66
1,3935,68.26,0.7693,100.41,1459.7,0,65
1,3936,69.31,0.7323,99.09,1466.8,0,64
1,3937,66.23,0.862,99.55,1466.4,0,63
1,3938,67.43,0.7919,103.49,1470.9,0,62
1,3939,66.94,0.767,101.51,1466.5,0,61
1,3940,68.33,0.8299,102.2,1460.5,0,60
1,3941,69.37,0.8471,99.14,1453.9,0,59
1,3942,67.19,0.7676,94.98,1454.4,0,58
1,3943,65.05,0.7872,99.8,1449.6,0,57
1,3944,67.44,0.7337,99.07,1458.6,0,56
1,3945,69.04,0.767,101.45,1465.6,0,55
1,3946,68.6,0.7646,107.28,1451.6,0,54
1,3947,68.48,0.7796,102.06,1458.6,0,53
1,3948,67.64,0.785,106.1,1452.4,0,52
1,3949,66.45,0.7936,101.72,1461.4,0,51
1,3950,68.61,0.7801,99.28,1454.1,0,50
1,3951,67.0,0.7215,101.2,1452.4,0,49
1,3952,70.63,0.7318,104.02,1453.2,0,48
1,3953,68.71,0.7467,104.08,1465.3,0,47
1,3954,67.33,0.7565,99.23,1459.6,0,46
1,3955,67.3,0.8091,100.85,1456.5,0,45
1,3956,67.93,0.7197,97.45,1463.7,0,44
1,3957,67.76,0.7511,101.92,1457.2,0,43
1,3958,69.4,0.8027,103.34,1473.0,0,42
1,3959,68.28,0.7517,100.28,1452.3,0,41
1,3960,67.19,0.7813,98.83,1460.5,0,40
1,3961,70.34,0.7565,100.85,1448.6,0,39
1,3962,68.13,0.7716,100.93,1459.6,0,38
1,3963,69.0,0.7514,100.22,1446.6,0,37
1,3964,67.35,0.7864,100.39,1471.2,0,36
1,3965,68.52,0.6972,99.65,1471.8,0,35
1,3966,68.46,0.7438,101.96,1472.4,0,34
1,3967,65.82,0.7696,101.41,1465.2,0,33
1,3968,70.51,0.7785,97.94,1456.5,0,32
1,3969,69.64,0.8164,97.86,1457.7,0,31
1,3970,67.61,0.7405,99.34,1481.4,0,30
1,3971,66.77,0.815,101.3,1480.9,0,29
1,3972,68.51,0.7291,100.1,1468.2,0,28
1,3973,68.19,0.8084,98.49,1462.2,0,27
1,3974,68.51,0.7878,100.28,1481.5,0,26
1,3975,68.31,0.7185,99.07,1461.3,0,25
1,3976,68.69,0.7673,101.47,1470.9,0,24
1,3977,69.82,0.7531,100.36,1482.6,0,23
1,3978,68.76,0.7804,99.04,1461.1,0,22
1,3979,66.81,0.7468,100.11,1478.2,0,21
1,3980,69.7,0.7439,102.26,1475.6,0,20
1,3981,70.03,0.8115,98.48,1470.4,0,19
1,3982,71.84,0.7534,100.41,1461.3,0,18
1,3983,66.7,0.7912,99.45,1464.4,0,17
1,3984,68.34,0.75,100.43,1475.0,0,16
1,3985,65.54,0.8267,98.25,1458.3,0,15
1,3986,68.7,0.734,99.77,1474.2,0,14
1,3987,67.37,0.7379,101.76,1478.8,0,13
1,3988,70.33,0.8248,97.66,1483.6,0,12
1,3989,67.08,0.7475,96.87,1460.2,0,11
1,3990,65.97,0.831,96.94,1487.8,0,10
1,3991,67.43,0.8044,97.17,1491.9,0,9
1,3992,65.61,0.7644,100.7,1479.5,0,8
1,3993,68.88,0.7,96.7,1465.4,0,7
1,3994,65.49,0.7739,98.91,1472.9,0,6
1,3995,67.99,0.781,100.74,1476.0,0,5
1,3996,65.45,0.826,100.34,1479.6,0,4
1,3997,67.55,0.8453,98.74,1477.5,0,3
1,3998,69.89,0.757,99.89,1480.4,0,2
1,3999,68.34,0.8192,99.73,1477.0,0,1
1,4000,66.86,0.8206,99.07,1480.9,1,0
1,4001,67.85,0.8358,99.11,1474.0,1,0
1,4002,67.89,0.8159,104.01,1475.5,1,0
1,4003,68.42,0.7214,101.16,1473.4,1,0
1,4004,66.2,0.7961,104.51,1498.6,1,0
1,4005,68.54,0.7594,98.57,1494.4,1,0
1,4006,64.57,0.801,99.41,1485.5,1,0
1,4007,67.04,0.8518,96.93,1493.5,1,0
1,4008,67.2,0.8284,97.99,1488.4,1,0
1,4009,68.53,0.8658,103.43,1482.5,1,0
1,4010,67.78,0.8373,98.6,1465.8,1,0
1,4011,66.05,0.7755,103.5,1478.4,1,0
1,4012,66.54,0.7305,97.19,1477.9,1,0
1,4013,67.94,0.8412,97.59,1470.1,1,0
1,4014,67.59,0.8307,99.04,1466.7,1,0
1,4015,66.97,0.8042,99.62,1486.6,1,0
1,4016,67.07,0.7793,101.61,1485.0,1,0
1,4017,68.47,0.8221,100.69,1470.2,1,0
1,4018,66.99,0.8478,98.99,1474.5,1,0
1,4019,67.49,0.8864,99.58,1493.6,1,0
1,4020,70.18,0.8714,99.24,1473.3,1,0
1,4021,65.85,0.9324,98.08,1483.8,1,0
1,4022,65.31,0.8308,98.16,1480.2,1,0
1,4023,68.46,0.9116,102.03,1487.2,1,0
1,4024,66.68,0.8824,96.35,1473.5,1,0
1,4025,67.09,0.9124,103.27,1483.0,1,0
1,4026,66.52,0.8713,99.39,1483.7,1,0
1,4027,67.12,0.9357,98.57,1484.2,1,0
1,4028,69.33,0.9087,101.63,1482.6,1,0
1,4029,68.35,0.8737,103.16,1485.2,1,0
1,4030,68.4,0.9044,102.46,1503.5,1,0
1,4031,65.65,0.8992,101.27,1507.1,1,0
1,4032,65.94,0.9322,102.49,1474.9,1,0
1,4033,63.9,0.8692,96.92,1457.9,1,0
1,4034,66.31,0.9189,99.36,1486.9,1,0
1,4035,68.4,0.9396,98.62,1482.6,1,0
1,4036,67.85,0.9286,102.94,1491.1,1,0
1,4037,66.94,0.9847,99.77,1483.1,1,0
1,4038,67.16,0.9651,102.28,1480.5,1,0
1,4039,66.33,0.9372,101.71,1490.9,1,0
1,4040,67.38,0.9493,98.96,1492.0,1,0
1,4041,68.03,0.9556,99.56,1465.2,1,0
1,4042,65.15,0.9629,103.38,1470.5,1,0
1,4043,67.42,0.8766,99.29,1477.3,1,0
1,4044,68.16,0.9403,101.15,1478.9,1,0
1,4045,66.51,0.8957,99.39,1475.3,1,0
1,4046,67.83,1.0087,100.38,1481.5,1,0
1,4047,70.34,0.9576,100.97,1486.7,1,0
1,4048,66.81,0.9546,99.56,1493.5,1,0
1,4049,67.38,1.0004,99.26,1481.6,1,0
1,4050,66.0,0.9835,101.81,1466.8,1,0
1,4051,67.07,0.9234,99.61,1473.4,1,0
1,4052,67.38,0.9675,99.74,1473.6,1,0
1,4053,67.04,0.9586,99.54,1479.0,1,0
1,4054,65.55,0.9038,101.32,1477.2,1,0
1,4055,67.0,0.9474,103.43,1493.3,1,0
1,4056,68.48,0.969,104.62,1467.6,1,0
1,4057,67.23,0.9729,100.22,1475.5,1,0
1,4058,67.82,0.9193,106.03,1494.6,1,0
1,4059,66.36,1.0256,99.79,1464.6,1,0
1,4060,67.51,0.9763,104.03,1471.3,1,0
1,4061,66.92,0.9826,100.49,1459.8,1,0
1,4062,65.42,0.9977,100.25,1469.4,1,0
1,4063,66.91,0.9506,100.57,1460.1,1,0
1,4064,65.31,1.0008,102.03,1477.8,1,0
1,4065,65.71,0.9681,103.36,1468.1,1,0
1,4066,66.67,0.9471,103.61,1456.6,1,0
1,4067,66.77,1.006,100.45,1473.7,1,0
1,4068,64.96,1.0427,100.43,1466.4,1,0
1,4069,67.62,1.0119,100.64,1473.4,1,0
1,4070,67.02,1.0196,102.32,1451.7,1,0
1,4071,65.46,0.9616,102.19,1466.1,1,0
1,4072,64.43,0.9182,100.79,1469.4,1,0
1,4073,66.07,1.0413,103.3,1456.7,1,0
1,4074,65.68,1.0634,107.35,1447.7,1,0
1,4075,66.32,1.0423,101.89,1459.1,1,0
1,4076,65.72,0.9666,102.1,1471.0,1,0
1,4077,63.72,0.9332,104.16,1469.3,1,0
1,4078,65.63,0.936,102.0,1453.0,1,0
1,4079,65.7,0.9106,104.52,1443.7,1,0
1,4080,66.8,0.9729,101.82,1451.4,1,0
1,4081,65.17,1.0406,107.0,1450.3,1,0
1,4082,68.0,0.9699,104.09,1458.7,1,0
1,4083,63.66,0.9868,102.24,1452.4,1,0
1,4084,67.5,1.0289,102.37,1445.1,1,0
1,4085,65.63,0.9569,102.59,1462.9,1,0
1,4086,66.9,1.0537,106.44,1452.5,1,0
1,4087,65.93,1.0511,101.23,1454.7,1,0
1,4088,67.18,0.9654,102.5,1432.4,1,0
1,4089,65.31,0.9468,102.79,1424.6,1,0
1,4090,64.43,0.997,103.95,1433.7,1,0
1,4091,67.43,0.9545,103.51,1442.5,1,0
1,4092,65.56,0.9215,101.14,1452.3,1,0
1,4093,65.93,1.0184,103.4,1422.4,1,0
1,4094,67.12,1.0153,104.07,1461.0,1,0
1,4095,64.37,0.9723,103.08,1446.1,1,0
1,4096,66.29,0.9151,105.79,1457.2,1,0
1,4097,64.84,0.9161,106.32,1434.0,1,0
1,4098,65.36,0.9693,104.4,1447.2,1,0
1,4099,65.58,0.9448,105.08,1442.3,1,0
1,4100,63.66,0.951,100.37,1448.9,1,0
1,4101,64.5,1.0055,103.92,1437.7,1,0
1,4102,67.03,0.994,106.84,1444.1,1,0
1,4103,66.44,1.02,104.05,1449.7,1,0
1,4104,65.27,0.9255,103.49,1431.5,1,0
1,4105,65.61,0.9517,109.59,1439.8,1,0
1,4106,64.94,0.9963,108.74,1417.8,1,0
1,4107,66.89,0.9845,106.1,1443.1,1,0
1,4108,65.0,1.0285,107.51,1455.0,1,0
1,4109,65.49,0.9849,100.85,1422.4,1,0
1,4110,66.56,1.0429,103.79,1433.3,1,0
1,4111,64.22,0.9916,104.49,1442.5,1,0
1,4112,67.0,1.0137,105.02,1433.4,1,0
1,4113,63.26,0.9595,104.58,1434.2,1,0
1,4114,67.03,0.9745,100.52,1428.1,1,0
1,4115,64.6,1.0119,106.45,1427.2,1,0
1,4116,64.73,1.0416,106.83,1430.1,1,0
1,4117,62.72,1.0081,109.01,1430.8,1,0
1,4118,64.42,0.9775,104.28,1418.1,1,0
1,4119,63.69,1.038,104.18,1428.8,1,0
1,4120,64.18,0.8974,100.62,1444.7,1,0
1,4121,64.72,0.9304,105.45,1424.4,1,0
1,4122,66.01,1.017,107.89,1415.8,1,0
1,4123,65.09,0.9928,104.92,1426.2,1,0
1,4124,65.18,1.0191,110.49,1420.2,1,0
1,4125,63.47,1.0002,105.74,1413.6,1,0
1,4126,63.7,1.0234,106.6,1428.0,1,0
1,4127,66.9,0.9709,103.64,1419.1,1,0
1,4128,63.83,1.0294,106.99,1419.7,1,0
1,4129,66.68,1.0496,102.5,1427.2,1,0
1,4130,64.37,1.0619,107.9,1410.0,1,0
1,4131,64.64,1.097,108.01,1407.6,1,0
1,4132,65.9,1.0297,109.33,1431.5,1,0
1,4133,66.12,1.0344,104.62,1405.3,1,0
1,4134,64.44,0.9661,107.02,1414.6,1,0
1,4135,64.08,1.0095,107.87,1406.1,1,0
1,4136,64.46,1.0268,107.67,1419.1,1,0
1,4137,64.91,1.0804,105.1,1428.1,1,0
1,4138,65.55,1.0178,102.09,1424.8,1,0
1,4139,64.46,1.0781,107.61,1447.4,1,0
1,4140,65.18,1.0502,106.65,1434.3,1,0
1,4141,66.38,1.0472,105.86,1414.0,1,0
1,4142,64.85,1.0683,108.56,1411.3,1,0
1,4143,64.75,1.0468,106.97,1450.2,1,0
1,4144,62.53,1.0494,104.46,1433.8,1,0
1,4145,61.18,1.0025,103.27,1429.0,1,0
1,4146,64.78,1.065,104.91,1423.9,1,0
1,4147,64.18,1.0599,111.98,1425.9,1,0
1,4148,63.66,1.0626,108.67,1408.3,1,0
1,4149,64.55,1.1041,107.63,1424.8,1,0
1,4150,64.16,1.1179,106.92,1424.0,1,0
1,4151,65.57,1.1049,106.82,1414.3,1,0
1,4152,64.3,1.1396,109.67,1418.0,1,0
1,4153,63.28,1.1269,106.38,1438.7,1,0
1,4154,65.35,1.0961,108.54,1422.4,1,0
1,4155,63.88,1.0933,106.71,1444.5,1,0
1,4156,64.76,1.1283,111.31,1406.6,1,0
1,4157,63.54,1.1426,108.93,1418.9,1,0
1,4158,63.32,1.1794,109.96,1408.9,1,0
1,4159,64.18,1.1749,106.31,1412.4,1,0
1,4160,64.08,1.1093,109.62,1416.5,1,0
1,4161,64.62,1.1305,106.89,1428.1,1,0
1,4162,63.71,1.1649,107.75,1427.9,1,0
1,4163,61.82,1.1843,110.81,1418.7,1,0
1,4164,63.49,1.1825,105.47,1403.5,1,0
1,4165,64.94,1.1456,107.97,1440.8,1,0
1,4166,63.62,1.1012,108.45,1423.5,1,0
1,4167,63.67,1.1144,108.62,1415.5,1,0
1,4168,65.14,1.1682,106.68,1429.7,1,0
1,4169,63.09,1.1739,111.76,1429.3,1,0
1,4170,62.08,1.119,105.01,1424.4,1,0
1,4171,63.72,1.1673,110.52,1429.4,1,0
1,4172,63.32,1.1933,110.03,1416.7,1,0
1,4173,62.73,1.1244,111.4,1436.3,1,0
1,4174,63.67,1.2169,104.42,1419.1,1,0
1,4175,64.46,1.1597,105.86,1423.4,1,0
1,4176,63.85,1.2272,110.58,1436.3,1,0
1,4177,64.22,1.1574,103.84,1442.2,1,0
1,4178,66.02,1.1395,104.38,1446.4,1,0
1,4179,63.43,1.1638,106.61,1441.5,1,0
1,4180,64.16,1.1799,107.96,1428.2,1,0
1,4181,63.21,1.1695,110.75,1416.4,1,0
1,4182,62.8,1.1777,107.19,1446.3,1,0
1,4183,63.11,1.2009,106.33,1446.4,1,0
1,4184,63.23,1.1817,108.16,1426.4,1,0
1,4185,64.23,1.1868,108.46,1442.7,1,0
1,4186,66.61,1.1219,108.39,1430.6,1,0
1,4187,62.93,1.2066,107.14,1449.4,1,0
1,4188,63.28,1.1879,103.57,1429.7,1,0
1,4189,63.7,1.2563,105.62,1455.0,1,0
1,4190,64.25,1.1547,110.28,1443.5,1,0
1,4191,64.08,1.1202,107.79,1454.1,1,0
1,4192,65.31,1.2174,106.76,1431.9,1,0
1,4193,60.85,1.2065,109.62,1441.0,1,0
1,4194,60.9,1.1523,105.1,1427.7,1,0
1,4195,63.16,1.1313,106.88,1446.3,1,0
1,4196,65.07,1.2537,107.59,1447.2,1,0
1,4197,61.88,1.2485,106.4,1462.6,1,0
1,4198,60.15,1.0921,107.46,1443.9,1,0
1,4199,64.44,1.1728,106.86,1446.7,1,0
1,4200,64.05,1.2572,104.41,1435.2,1,0
1,4201,62.45,1.171,107.54,1445.7,1,0
1,4202,62.58,1.1698,104.49,1436.9,1,0
1,4203,62.6,1.1774,107.45,1442.2,1,0
1,4204,63.9,1.1432,109.83,1443.2,1,0
1,4205,63.02,1.1191,106.49,1438.3,1,0
1,4206,64.36,1.2286,104.68,1442.8,1,0
1,4207,60.35,1.112,106.73,1438.7,1,0
1,4208,62.75,1.1948,105.29,1439.0,1,0
1,4209,62.43,1.2195,108.1,1453.9,1,0
1,4210,63.48,1.1252,106.58,1445.2,1,0
1,4211,63.15,1.1454,110.26,1447.3,1,0
1,4212,64.76,1.2301,109.13,1429.5,1,0
1,4213,61.58,1.2021,106.46,1448.6,1,0
1,4214,63.87,1.1553,108.16,1450.0,1,0
1,4215,64.49,1.2273,105.9,1440.9,1,0
1,4216,66.06,1.2268,106.72,1466.0,1,0
1,4217,63.26,1.1886,105.89,1422.5,1,0
1,4218,64.24,1.1412,108.1,1453.5,1,0
1,4219,61.69,1.16,109.39,1453.0,1,0
1,4220,61.0,1.1875,108.08,1451.5,1,0
1,4221,64.89,1.168,108.29,1448.0,1,0
1,4222,63.88,1.2127,108.25,1451.9,1,0
1,4223,65.32,1.1136,107.46,1455.2,1,0
1,4224,62.27,1.1148,104.03,1439.4,1,0
1,4225,64.55,1.1816,109.67,1449.8,1,0
1,4226,66.18,1.1546,109.83,1445.1,1,0
1,4227,64.46,1.1492,105.71,1436.1,1,0
1,4228,64.3,1.1036,105.39,1454.2,1,0
1,4229,63.99,1.1753,107.31,1441.5,1,0
1,4230,62.11,1.1727,107.14,1432.2,1,0
1,4231,65.64,1.2014,105.59,1441.8,1,0
1,4232,63.3,1.1785,103.45,1439.2,1,0
1,4233,64.65,1.1711,106.52,1457.5,1,0
1,4234,62.19,1.2242,106.96,1448.7,1,0
1,4235,62.66,1.1255,107.26,1460.9,1,0
1,4236,65.82,1.2004,106.46,1440.4,1,0
1,4237,63.7,1.1132,105.17,1455.7,1,0
1,4238,65.88,1.1477,107.66,1475.2,1,0
1,4239,64.06,1.1341,105.75,1450.3,1,0
1,4240,61.96,1.2153,104.64,1455.2,1,0
1,4241,65.27,1.183,105.16,1453.4,1,0
1,4242,63.51,1.1868,101.99,1432.0,1,0
1,4243,65.08,1.1449,105.07,1451.9,1,0
1,4244,64.29,1.1791,106.76,1448.9,1,0
1,4245,62.43,1.1627,106.02,1443.0,1,0
1,4246,64.5,1.2108,108.33,1436.6,1,0
1,4247,66.96,1.1581,104.72,1452.1,1,0
1,4248,64.94,1.2534,106.17,1435.1,1,0
1,4249,64.31,1.1357,106.73,1465.9,1,0
1,4250,65.69,1.1732,109.79,1445.4,1,0
1,4251,64.68,1.2753,105.34,1431.7,1,0
1,4252,64.71,1.1937,102.92,1438.4,1,0
1,4253,63.17,1.1616,106.66,1440.4,1,0
1,4254,64.79,1.226,108.65,1466.9,1,0
1,4255,65.78,1.2015,104.23,1433.6,1,0
1,4256,63.56,1.1904,106.51,1440.8,1,0
1,4257,66.3,1.1834,107.24,1436.2,1,0
1,4258,64.51,1.3414,106.77,1446.1,1,0
1,4259,63.58,1.2242,104.95,1435.4,1,0
1,4260,65.88,1.1609,103.25,1428.8,1,0
1,4261,64.37,1.3014,104.44,1437.7,1,0
1,4262,65.65,1.2699,105.48,1436.2,1,0
1,4263,64.42,1.2186,106.34,1432.7,1,0
1,4264,64.73,1.2159,105.15,1432.7,1,0
1,4265,65.43,1.2841,103.68,1449.4,1,0
1,4266,65.22,1.2513,105.51,1433.8,1,0
1,4267,62.51,1.1882,106.08,1425.0,1,0
1,4268,63.59,1.3408,105.08,1431.2,1,0
1,4269,66.09,1.2561,102.61,1435.7,1,0
1,4270,64.85,1.3374,103.88,1421.2,1,0
1,4271,64.41,1.3329,106.1,1450.2,1,0
1,4272,63.45,1.2459,101.4,1442.0,1,0
1,4273,63.82,1.3314,99.95,1446.9,1,0
1,4274,62.72,1.2682,107.11,1435.9,1,0
1,4275,65.07,1.2237,105.09,1410.4,1,0
1,4276,64.51,1.2856,105.24,1446.0,1,0
1,4277,64.1,1.3226,101.84,1421.3,1,0
1,4278,65.22,1.2922,105.44,1421.4,1,0
1,4279,65.78,1.3025,104.48,1430.1,1,0
1,4280,67.89,1.3646,100.73,1441.6,1,0
1,4281,63.61,1.3271,106.72,1437.6,1,0
1,4282,66.85,1.293,104.16,1435.4,1,0
1,4283,66.67,1.3587,103.02,1422.5,1,0
1,4284,64.61,1.3423,103.03,1421.6,1,0
1,4285,65.83,1.2373,99.73,1427.6,1,0
1,4286,65.08,1.3589,104.92,1422.1,1,0
1,4287,65.89,1.361,104.23,1431.5,1,0
1,4288,67.52,1.3497,103.3,1430.2,1,0
1,4289,66.48,1.388,106.22,1427.0,1,0
1,4290,66.41,1.3287,100.88,1395.1,1,0
1,4291,65.33,1.3723,102.43,1420.9,1,0
1,4292,64.11,1.2993,101.9,1417.7,1,0
1,4293,65.69,1.3813,103.03,1419.8,1,0
1,4294,67.43,1.446,103.7,1409.8,1,0
1,4295,64.2,1.3309,104.41,1403.3,1,0
1,4296,64.81,1.343,102.84,1420.4,1,0
1,4297,66.27,1.3476,101.77,1411.4,1,0
1,4298,64.99,1.3837,106.88,1420.0,1,0
1,4299,65.27,1.3383,108.32,1406.8,1,0
1,4300,65.76,1.3999,103.77,1426.9,1,0
1,4301,64.68,1.419,101.96,1422.0,1,0
1,4302,65.2,1.4085,106.42,1414.2,1,0
1,4303,67.26,1.3182,100.56,1408.3,1,0
1,4304,64.9,1.4305,102.78,1418.3,1,0
1,4305,64.6,1.4298,102.05,1412.9,1,0
1,4306,65.81,1.427,101.12,1410.7,1,0
1,4307,67.5,1.4101,102.88,1418.0,1,0
1,4308,66.43,1.4052,101.71,1421.1,1,0
1,4309,66.16,1.4388,103.46,1393.6,1,0
1,4310,66.83,1.4754,103.49,1394.9,1,0
1,4311,64.73,1.3612,102.2,1396.9,1,0
1,4312,67.47,1.4432,102.7,1389.0,1,0
1,4313,67.39,1.3973,102.98,1402.8,1,0
1,4314,66.5,1.3961,105.07,1408.7,1,0
1,4315,68.25,1.3402,103.16,1401.9,1,0
1,4316,65.74,1.3906,105.11,1396.1,1,0
1,4317,68.5,1.3623,104.64,1412.1,1,0
1,4318,67.39,1.3837,104.63,1401.6,1,0
1,4319,66.86,1.3583,106.27,1403.0,1,0
1,4320,67.29,1.3842,101.27,1410.5,1,0
1,4321,67.25,1.3858,102.57,1397.2,1,0
1,4322,68.9,1.4056,107.06,1418.4,1,0
1,4323,66.2,1.3369,103.03,1392.8,1,0
1,4324,66.63,1.3432,97.94,1416.7,1,0
1,4325,68.85,1.415,103.18,1386.5,1,0
1,4326,66.95,1.3681,103.87,1400.9,1,0
1,4327,68.8,1.4424,98.39,1388.8,1,0
1,4328,69.82,1.4078,106.31,1405.9,1,0
1,4329,67.36,1.4224,102.24,1389.5,1,0
1,4330,68.72,1.4538,104.35,1396.7,1,0
1,4331,66.57,1.3843,103.27,1386.9,1,0
1,4332,68.92,1.3729,101.17,1402.3,1,0
1,4333,68.32,1.4299,101.63,1386.0,1,0
1,4334,68.71,1.4146,101.93,1409.0,1,0
1,4335,67.43,1.3859,106.0,1381.9,1,0
1,4336,66.27,1.4482,103.57,1378.0,1,0
1,4337,68.93,1.3833,102.85,1400.6,1,0
1,4338,65.91,1.3922,102.06,1384.9,1,0
1,4339,68.07,1.391,106.36,1390.4,1,0
1,4340,69.64,1.352,106.93,1387.0,1,0
1,4341,68.8,1.3917,106.41,1376.8,1,0
1,4342,70.97,1.4437,105.06,1389.0,1,0
1,4343,69.93,1.405,104.69,1402.1,1,0
1,4344,67.98,1.3878,101.72,1399.3,1,0
1,4345,68.86,1.3795,103.7,1391.4,1,0
1,4346,68.83,1.3987,102.87,1400.0,1,0
1,4347,67.06,1.415,100.63,1378.2,1,0
1,4348,67.89,1.409,106.44,1385.4,1,0
1,4349,68.41,1.371,102.98,1392.5,1,0
1,4350,66.71,1.3971,106.81,1387.1,1,0
1,4351,69.27,1.4031,106.23,1385.9,1,0
1,4352,68.98,1.3436,105.62,1376.3,1,0
1,4353,67.34,1.3906,105.79,1367.4,1,0
1,4354,69.9,1.2976,103.38,1396.4,1,0
1,4355,70.34,1.4035,108.38,1390.6,1,0
1,4356,69.82,1.411,104.8,1397.2,1,0
1,4357,69.22,1.4149,105.37,1383.8,1,0
1,4358,70.39,1.3698,103.52,1381.1,1,0
1,4359,70.56,1.3986,103.01,1388.4,1,0
1,4360,70.18,1.4439,105.88,1396.9,1,0
1,4361,68.89,1.4444,105.42,1386.1,1,0
1,4362,70.28,1.3877,103.46,1396.6,1,0
1,4363,71.45,1.3956,102.22,1378.6,1,0
1,4364,69.37,1.4357,102.62,1387.2,1,0
1,4365,72.67,1.3326,107.61,1388.3,1,0
1,4366,69.59,1.3812,104.05,1401.4,1,0
1,4367,70.33,1.4492,104.66,1391.4,1,0
1,4368,69.55,1.4366,108.3,1407.0,1,0
1,4369,70.69,1.4142,103.22,1376.2,1,0
1,4370,68.4,1.3412,104.07,1391.2,1,0
1,4371,69.91,1.4016,104.05,1392.0,1,0
1,4372,69.32,1.3822,108.89,1396.6,1,0
1,4373,70.86,1.4214,109.7,1382.6,1,0
1,4374,71.96,1.3783,107.29,1407.8,1,0
1,4375,71.61,1.3722,107.42,1391.4,1,0
1,4376,68.06,1.3334,104.76,1380.7,1,0
1,4377,73.43,1.4677,109.88,1391.7,1,0
1,4378,71.4,1.4058,106.59,1389.0,1,0
1,4379,70.19,1.4311,107.82,1420.3,1,0
1,4380,71.38,1.4279,105.98,1403.4,1,0
1,4381,71.47,1.3885,105.72,1393.7,1,0
1,4382,70.53,1.3842,109.65,1392.4,1,0
1,4383,71.63,1.3978,107.47,1403.4,1,0
1,4384,70.74,1.4126,109.37,1404.3,1,0
1,4385,71.05,1.4598,107.04,1365.6,1,0
1,4386,70.79,1.4169,104.91,1401.5,1,0
1,4387,69.96,1.5224,105.51,1395.8,1,0
1,4388,71.92,1.4974,106.95,1382.8,1,0
1,4389,72.52,1.4926,105.56,1405.1,1,0
1,4390,72.51,1.4594,104.67,1419.2,1,0
1,4391,72.95,1.5287,109.36,1402.7,1,0
1,4392,72.42,1.4634,105.94,1408.5,1,0
1,4393,71.46,1.475,107.38,1416.0,1,0
1,4394,73.18,1.4871,107.77,1390.1,1,0
1,4395,70.62,1.5125,106.07,1380.2,1,0
1,4396,71.23,1.5141,110.22,1405.8,1,0
1,4397,71.23,1.4738,105.16,1397.2,1,0
1,4398,73.75,1.4756,107.99,1386.4,1,0
1,4399,73.66,1.5267,108.03,1399.8,1,0
1,4400,73.18,1.5339,107.5,1408.3,1,0
1,4401,73.96,1.4937,105.09,1399.9,1,0
1,4402,71.69,1.4501,109.5,1394.0,1,0
1,4403,73.23,1.5094,109.32,1400.0,1,0
1,4404,72.73,1.5467,106.55,1402.5,1,0
1,4405,73.97,1.598,109.39,1383.8,1,0
1,4406,72.89,1.4819,108.8,1402.1,1,0
1,4407,72.63,1.5167,105.56,1390.5,1,0
1,4408,73.81,1.5221,106.48,1411.0,1,0
1,4409,74.29,1.5957,110.54,1389.2,1,0
1,4410,72.5,1.5439,108.95,1415.3,1,0
1,4411,73.3,1.5127,107.27,1401.5,1,0
1,4412,72.18,1.575,106.76,1400.5,1,0
1,4413,70.52,1.54,107.51,1409.3,1,0
1,4414,73.83,1.5107,107.72,1398.0,1,0
1,4415,74.39,1.5273,106.99,1409.8,1,0
1,4416,74.04,1.6357,105.27,1400.1,1,0
1,4417,71.46,1.5849,111.1,1402.2,1,0
1,4418,73.45,1.5769,110.83,1412.1,1,0
1,4419,71.28,1.5656,106.41,1397.0,1,0
1,4420,75.65,1.5902,109.29,1396.1,1,0
1,4421,72.77,1.5925,107.28,1411.5,1,0
1,4422,75.65,1.5956,108.63,1409.1,1,0
1,4423,75.35,1.5911,108.53,1411.3,1,0
1,4424,73.2,1.6236,108.43,1413.2,1,0
1,4425,72.99,1.5921,113.36,1410.7,1,0
1,4426,74.84,1.5543,108.53,1416.5,1,0
1,4427,73.48,1.5709,107.86,1411.6,1,0
1,4428,74.68,1.5182,108.01,1390.8,1,0
1,4429,74.05,1.6803,111.69,1393.6,1,0
1,4430,72.56,1.6354,106.36,1430.5,1,0
1,4431,72.09,1.5692,108.2,1411.4,1,0
1,4432,75.11,1.5926,112.68,1421.1,1,0
1,4433,74.23,1.5797,110.33,1408.2,1,0
1,4434,74.31,1.6681,110.28,1411.2,1,0
1,4435,75.87,1.5506,114.22,1407.4,1,0
1,4436,76.51,1.613,110.51,1436.7,1,0
1,4437,74.85,1.6049,108.65,1414.6,1,0
1,4438,74.83,1.643,109.56,1406.8,1,0
1,4439,75.91,1.6064,107.91,1395.7,1,0
1,4440,73.74,1.5407,112.74,1432.0,1,0
1,4441,75.71,1.6013,111.43,1410.6,1,0
1,4442,76.17,1.5728,112.58,1419.7,1,0
1,4443,76.39,1.615,112.81,1420.8,1,0
1,4444,73.31,1.6693,109.61,1407.6,1,0
1,4445,74.79,1.5423,108.59,1418.9,1,0
1,4446,74.71,1.5798,110.43,1406.0,1,0
1,4447,75.95,1.5895,108.83,1402.1,1,0
1,4448,76.48,1.596,110.95,1423.5,1,0
1,4449,77.76,1.6405,112.93,1410.1,1,0
1,4450,75.43,1.6036,110.38,1416.8,1,0
1,4451,75.49,1.6266,111.05,1415.5,1,0
1,4452,77.54,1.5844,110.61,1417.6,1,0
1,4453,76.58,1.6181,112.44,1395.5,1,0
1,4454,77.8,1.6393,109.54,1405.0,1,0
1,4455,76.69,1.5782,106.52,1407.3,1,0
1,4456,75.02,1.638,111.89,1402.0,1,0
1,4457,74.87,1.6081,112.96,1414.3,1,0
1,4458,74.67,1.647,111.92,1421.6,1,0
1,4459,77.39,1.5963,109.78,1422.9,1,0
1,4460,78.08,1.6188,108.82,1405.7,1,0
1,4461,78.94,1.6011,112.11,1411.7,1,0
1,4462,77.79,1.5981,111.43,1412.9,1,0
1,4463,78.24,1.6114,110.93,1414.3,1,0
1,4464,76.21,1.6217,114.85,1398.9,1,0
1,4465,75.57,1.5495,109.34,1425.4,1,0
1,4466,78.04,1.6561,114.81,1416.1,1,0
1,4467,77.58,1.5236,111.35,1415.9,1,0
1,4468,77.27,1.5699,107.64,1417.9,1,0
1,4469,77.66,1.5928,110.97,1410.8,1,0
1,4470,77.65,1.6125,113.27,1394.7,1,0
1,4471,78.86,1.6585,110.64,1403.1,1,0
1,4472,78.93,1.5206,108.44,1387.4,1,0
1,4473,78.09,1.5742,111.08,1407.5,1,0
1,4474,78.5,1.5091,109.71,1401.1,1,0
1,4475,78.16,1.5951,112.43,1401.9,1,0
1,4476,77.05,1.6045,113.0,1413.7,1,0
1,4477,78.57,1.6571,109.36,1396.5,1,0
1,4478,76.04,1.5983,110.07,1398.0,1,0
1,4479,79.04,1.6353,113.0,1400.1,1,0
1,4480,76.39,1.6171,109.78,1380.9,1,0
1,4481,78.22,1.5765,109.34,1396.0,1,0
1,4482,76.92,1.538,109.16,1373.1,1,0
1,4483,78.65,1.6058,112.23,1391.5,1,0
1,4484,78.0,1.5357,112.14,1405.2,1,0
1,4485,76.18,1.6479,110.16,1400.5,1,0
1,4486,78.65,1.5904,111.54,1389.4,1,0
1,4487,77.51,1.6456,114.59,1395.0,1,0
1,4488,79.31,1.5797,109.58,1383.2,1,0
1,4489,78.31,1.6108,107.63,1393.2,1,0
1,4490,78.83,1.6097,112.44,1421.8,1,0
1,4491,77.26,1.601,111.3,1410.2,1,0
1,4492,77.75,1.587,110.1,1391.5,1,0
1,4493,77.96,1.6217,112.82,1391.9,1,0
1,4494,79.59,1.5707,113.18,1379.7,1,0
1,4495,80.62,1.5613,107.08,1380.8,1,0
1,4496,77.69,1.6615,110.18,1391.7,1,0
1,4497,80.0,1.643,116.11,1382.0,1,0
1,4498,76.15,1.6188,112.63,1395.6,1,0
1,4499,77.37,1.6852,112.81,1401.5,1,0
1,4500,77.7,1.6104,113.79,1388.3,1,0
1,4501,77.27,1.6767,111.46,1385.3,1,0
1,4502,77.04,1.6336,113.0,1366.7,1,0
1,4503,79.49,1.5884,112.83,1390.2,1,0
1,4504,78.78,1.7063,112.45,1370.5,1,0
1,4505,79.54,1.6751,110.71,1377.0,1,0
1,4506,79.95,1.6338,111.68,1390.0,1,0
1,4507,79.49,1.671,110.14,1389.9,1,0
1,4508,80.0,1.6292,111.32,1374.2,1,0
1,4509,79.17,1.6819,108.93,1374.0,1,0
1,4510,77.88,1.5567,109.66,1370.4,1,0
1,4511,80.61,1.6151,110.65,1364.6,1,0
1,4512,78.68,1.6988,109.31,1369.5,1,0
1,4513,78.3,1.6534,110.16,1359.0,1,0
1,4514,79.25,1.6756,110.81,1381.2,1,0
1,4515,78.41,1.6173,111.91,1377.6,1,0
1,4516,79.05,1.749,112.98,1378.5,1,0
1,4517,80.0,1.7267,110.12,1362.7,1,0
1,4518,80.04,1.6751,113.69,1359.6,1,0
1,4519,78.59,1.671,112.86,1371.3,1,0
1,4520,79.12,1.7325,111.96,1370.8,1,0
1,4521,81.03,1.7748,111.23,1368.0,1,0
1,4522,80.38,1.7378,111.52,1365.9,1,0
1,4523,82.31,1.7906,113.23,1385.2,1,0
1,4524,81.27,1.671,113.26,1371.7,1,0
1,4525,81.26,1.6793,113.45,1386.5,1,0
1,4526,78.26,1.6687,110.82,1378.8,1,0
1,4527,80.88,1.7381,111.81,1382.6,1,0
1,4528,79.93,1.7316,113.35,1354.2,1,0
1,4529,79.37,1.7226,109.38,1370.2,1,0
1,4530,80.26,1.7651,109.95,1359.4,1,0
1,4531,81.23,1.786,110.58,1346.5,1,0
1,4532,80.73,1.6797,112.31,1377.6,1,0
1,4533,79.11,1.7208,112.3,1359.1,1,0
1,4534,81.08,1.7814,109.96,1351.0,1,0
1,4535,79.46,1.7337,107.36,1356.9,1,0
1,4536,80.51,1.7242,110.83,1352.5,1,0
1,4537,79.92,1.8006,108.46,1353.1,1,0
1,4538,80.05,1.7119,107.27,1357.3,1,0
1,4539,81.26,1.7549,107.68,1376.4,1,0
1,4540,79.12,1.7836,110.81,1352.0,1,0
1,4541,82.73,1.7508,112.84,1374.8,1,0
1,4542,78.24,1.8084,110.15,1366.3,1,0
1,4543,79.74,1.7574,110.45,1361.4,1,0
1,4544,80.93,1.8396,112.35,1364.5,1,0
1,4545,81.21,1.7812,106.85,1356.8,1,0
1,4546,80.41,1.8159,110.93,1369.2,1,0
1,4547,80.49,1.8216,109.82,1361.7,1,0
1,4548,81.08,1.7693,110.93,1339.1,1,0
1,4549,80.33,1.7148,108.78,1358.4,1,0
1,4550,82.3,1.8137,108.06,1363.0,1,0
1,4551,81.66,1.8044,109.93,1352.0,1,0
1,4552,81.72,1.8259,112.9,1355.9,1,0
1,4553,79.54,1.7967,111.28,1348.3,1,0
1,4554,80.63,1.7904,108.5,1340.5,1,0
1,4555,80.38,1.8897,106.78,1338.6,1,0
1,4556,79.56,1.7521,106.05,1338.5,1,0
1,4557,81.22,1.8419,112.0,1360.4,1,0
1,4558,80.16,1.791,107.41,1328.7,1,0
1,4559,81.61,1.8018,108.62,1346.9,1,0
1,4560,79.56,1.8037,111.87,1345.8,1,0
1,4561,82.92,1.7852,105.95,1350.5,1,0
1,4562,79.8,1.8411,112.12,1334.7,1,0
1,4563,81.16,1.8747,108.58,1357.3,1,0
1,4564,81.86,1.8385,106.74,1340.5,1,0
1,4565,80.24,1.8244,108.5,1364.6,1,0
1,4566,81.97,1.7813,107.5,1347.0,1,0
1,4567,79.48,1.8418,109.78,1352.3,1,0
1,4568,82.72,1.9076,107.56,1353.4,1,0
1,4569,81.0,1.8062,104.99,1355.8,1,0
1,4570,80.29,1.8065,108.32,1353.8,1,0
1,4571,80.66,1.799,106.01,1349.3,1,0
1,4572,82.0,1.8017,109.08,1357.1,1,0
1,4573,80.34,1.7113,106.26,1358.5,1,0
1,4574,80.15,1.837,107.61,1346.3,1,0
1,4575,80.8,1.7866,108.91,1358.4,1,0
1,4576,79.66,1.7555,108.08,1366.2,1,0
1,4577,83.27,1.8496,108.96,1361.5,1,0
1,4578,80.41,1.7756,109.78,1364.0,1,0
1,4579,82.1,1.8047,106.06,1356.6,1,0
1,4580,81.36,1.8762,108.21,1345.8,1,0
1,4581,79.94,1.7605,101.64,1347.3,1,0
1,4582,81.12,1.7548,108.75,1358.8,1,0
1,4583,82.08,1.8261,107.62,1365.3,1,0
1,4584,80.92,1.8605,106.21,1384.0,1,0
1,4585,82.58,1.7508,108.77,1366.3,1,0
1,4586,82.38,1.8292,110.45,1345.1,1,0
1,4587,82.26,1.8353,107.12,1349.4,1,0
1,4588,80.61,1.7289,106.14,1380.2,1,0
1,4589,79.87,1.8424,108.33,1355.6,1,0
1,4590,80.44,1.8447,105.29,1358.6,1,0
1,4591,81.41,1.7964,106.61,1348.9,1,0
1,4592,81.84,1.8582,110.34,1374.5,1,0
1,4593,78.58,1.8528,107.99,1364.2,1,0
1,4594,81.18,1.8108,104.08,1351.8,1,0
1,4595,81.38,1.7879,104.21,1350.0,1,0
1,4596,80.86,1.7665,108.1,1363.4,1,0
1,4597,82.74,1.8034,109.47,1361.2,1,0
1,4598,81.7,1.8272,104.49,1369.5,1,0
1,4599,82.76,1.791,108.59,1367.0,1,0
1,4600,80.93,1.7157,110.33,1359.3,1,0
1,4601,82.31,1.8541,111.42,1357.0,1,0
1,4602,83.15,1.8108,108.28,1361.2,1,0
1,4603,82.76,1.7879,108.61,1357.8,1,0
1,4604,79.87,1.8374,103.31,1362.4,1,0
1,4605,80.88,1.8642,111.76,1364.3,1,0
1,4606,80.76,1.6913,106.39,1355.6,1,0
1,4607,81.76,1.8211,105.65,1371.3,1,0
1,4608,81.99,1.747,106.99,1361.7,1,0
1,4609,80.16,1.8246,110.51,1357.4,1,0
1,4610,81.24,1.8103,111.88,1362.8,1,0
1,4611,78.73,1.8314,107.7,1369.1,1,0
1,4612,82.88,1.7868,109.44,1368.0,1,0
1,4613,80.53,1.7328,107.51,1371.8,1,0
1,4614,81.2,1.7909,105.34,1377.0,1,0
1,4615,80.76,1.8264,110.36,1381.5,1,0
1,4616,82.5,1.852,106.15,1371.7,1,0
1,4617,77.71,1.766,110.46,1358.6,1,0
1,4618,81.09,1.8556,109.98,1367.0,1,0
1,4619,80.97,1.7903,108.61,1360.0,1,0
1,4620,80.54,1.8325,111.03,1387.4,1,0
1,4621,83.15,1.7996,111.83,1390.7,1,0
1,4622,80.0,1.8294,107.02,1377.7,1,0
1,4623,81.98,1.86,105.75,1380.2,1,0
1,4624,81.47,1.7775,103.64,1374.5,1,0
1,4625,82.55,1.8019,111.86,1376.0,1,0
1,4626,80.22,1.839,106.49,1356.7,1,0
1,4627,80.13,1.9304,109.64,1372.3,1,0
1,4628,82.32,1.8026,105.9,1364.5,1,0
1,4629,81.5,1.9216,110.46,1376.5,1,0
1,4630,79.12,1.9232,105.99,1373.4,1,0
1,4631,80.31,1.8422,105.02,1393.7,1,0
1,4632,81.41,1.8374,106.99,1383.7,1,0
1,4633,81.94,1.825,106.36,1377.7,1,0
1,4634,80.1,1.8533,108.63,1372.4,1,0
1,4635,77.41,1.8033,107.34,1392.1,1,0
1,4636,81.52,1.8601,108.72,1375.3,1,0
1,4637,79.41,1.9267,106.9,1379.1,1,0
1,4638,78.44,1.8461,106.16,1376.4,1,0
1,4639,77.44,1.8647,106.35,1372.2,1,0
1,4640,81.8,1.8101,111.62,1376.7,1,0
1,4641,80.96,1.8971,108.0,1356.9,1,0
1,4642,80.52,1.8966,103.61,1361.2,1,0
1,4643,82.44,1.8926,106.56,1380.3,1,0
1,4644,81.52,1.8855,107.81,1392.6,1,0
1,4645,82.68,1.8865,111.34,1380.5,1,0
1,4646,79.05,1.9224,109.73,1369.9,1,0
1,4647,80.66,1.9053,105.86,1362.8,1,0
1,4648,78.74,1.9232,112.56,1385.1,1,0
1,4649,80.39,1.9234,107.7,1371.6,1,0
1,4650,80.35,1.9639,110.28,1383.7,1,0
1,4651,81.38,1.9502,105.51,1381.2,1,0
1,4652,80.66,1.935,103.06,1382.1,1,0
1,4653,81.33,1.9922,105.07,1377.6,1,0
1,4654,81.41,1.9523,101.42,1381.1,1,0
1,4655,83.13,1.9918,112.19,1376.0,1,0
1,4656,80.14,1.968,108.43,1370.7,1,0
1,4657,79.37,1.874,106.19,1367.3,1,0
1,4658,80.77,2.0039,108.98,1353.0,1,0
1,4659,79.49,1.961,108.5,1374.9,1,0
1,4660,82.21,1.9574,109.4,1391.7,1,0
1,4661,80.07,1.9745,110.62,1383.7,1,0
1,4662,79.71,1.9532,107.67,1378.5,1,0
1,4663,79.8,1.9797,106.53,1368.6,1,0
1,4664,81.2,1.9506,109.99,1385.7,1,0
1,4665,80.13,2.0287,109.99,1374.3,1,0
1,4666,79.52,1.9766,108.63,1391.0,1,0
1,4667,82.27,1.9692,112.84,1365.1,1,0
1,4668,79.22,1.9507,107.66,1367.1,1,0
1,4669,80.26,2.0016,106.78,1365.9,1,0
1,4670,80.98,2.0014,109.47,1359.2,1,0
1,4671,78.21,2.0123,107.34,1364.3,1,0
1,4672,80.72,1.9585,109.73,1374.3,1,0
1,4673,78.86,1.9382,107.13,1365.8,1,0
1,4674,81.08,2.0299,108.05,1333.9,1,0
1,4675,78.92,2.0667,112.69,1382.8,1,0
1,4676,80.88,1.9686,108.15,1354.8,1,0
1,4677,81.35,2.0755,107.42,1377.1,1,0
1,4678,81.03,2.0254,111.42,1371.0,1,0
1,4679,80.27,2.0157,107.04,1391.4,1,0
1,4680,79.66,2.0019,107.81,1379.7,1,0
1,4681,79.22,1.9642,110.41,1364.2,1,0
1,4682,81.65,2.0607,111.2,1361.7,1,0
1,4683,79.02,1.9916,111.82,1383.2,1,0
1,4684,78.59,1.9928,107.95,1352.8,1,0
1,4685,80.6,2.0649,110.7,1368.9,1,0
1,4686,78.82,1.951,108.64,1365.1,1,0
1,4687,78.61,1.9664,108.43,1362.4,1,0
1,4688,77.99,2.0275,112.11,1368.8,1,0
1,4689,79.12,2.0407,108.67,1366.5,1,0
1,4690,79.57,2.049,110.39,1368.6,1,0
1,4691,79.93,2.018,110.21,1364.7,1,0
1,4692,80.75,2.1317,107.83,1366.9,1,0
1,4693,80.22,2.0217,111.97,1363.0,1,0
1,4694,79.33,2.0218,111.23,1354.8,1,0
1,4695,79.29,1.9992,106.2,1360.7,1,0
1,4696,80.11,2.0361,110.8,1352.8,1,0
1,4697,81.0,2.0556,108.77,1351.5,1,0
1,4698,79.59,2.079,112.58,1355.2,1,0
1,4699,78.85,1.971,107.56,1356.7,1,0
1,4700,78.19,2.0204,109.81,1357.5,1,0
1,4701,77.62,2.0477,111.32,1365.6,1,0
1,4702,80.13,2.0529,110.77,1350.7,1,0
1,4703,79.99,2.0291,112.26,1356.9,1,0
1,4704,79.96,2.05,107.77,1355.4,1,0
1,4705,79.08,1.9953,114.18,1347.4,1,0
1,4706,80.9,2.0893,112.0,1353.4,1,0
1,4707,78.6,2.0659,113.74,1362.0,1,0
1,4708,80.3,1.9717,112.84,1353.0,1,0
1,4709,79.08,1.9817,111.15,1352.7,1,0
1,4710,78.36,1.982,108.67,1342.6,1,0
1,4711,79.78,2.0502,110.19,1368.6,1,0
1,4712,79.53,1.9709,114.57,1341.6,1,0
1,4713,79.43,2.0082,114.23,1330.7,1,0
1,4714,79.07,2.0388,110.29,1355.2,1,0
1,4715,78.9,2.0171,105.97,1344.7,1,0
1,4716,81.78,2.0293,111.25,1342.0,1,0
1,4717,80.31,1.9756,111.17,1338.8,1,0
1,4718,79.73,2.0412,111.32,1362.2,1,0
1,4719,78.97,1.9922,112.95,1346.3,1,0
1,4720,80.01,2.0031,113.72,1347.5,1,0
1,4721,79.4,2.0249,114.02,1342.9,1,0
1,4722,78.78,2.019,113.0,1343.2,1,0
1,4723,78.35,2.0153,108.58,1353.8,1,0
1,4724,78.59,1.9838,111.57,1336.5,1,0
1,4725,74.85,2.0015,116.93,1323.7,1,0
1,4726,78.88,2.0132,113.14,1346.3,1,0
1,4727,78.01,1.9579,113.2,1341.8,1,0
1,4728,80.48,1.9943,113.25,1337.3,1,0
1,4729,78.57,2.0282,113.43,1340.2,1,0
1,4730,77.09,1.9616,107.9,1331.1,1,0
1,4731,78.43,2.0591,112.26,1334.3,1,0
1,4732,77.2,2.0639,112.73,1332.1,1,0
1,4733,79.0,1.9636,115.44,1326.9,1,0
1,4734,78.75,2.0682,113.04,1344.0,1,0
1,4735,79.52,2.0087,109.72,1317.4,1,0
1,4736,77.4,2.0318,113.93,1354.5,1,0
1,4737,78.36,1.996,111.53,1339.0,1,0
1,4738,76.65,2.0537,110.77,1311.9,1,0
1,4739,79.11,2.034,111.6,1326.8,1,0
1,4740,78.86,1.9863,114.42,1326.8,1,0
1,4741,78.8,1.9735,115.91,1331.8,1,0
1,4742,78.18,1.9631,114.43,1317.5,1,0
1,4743,78.65,2.0305,114.79,1327.1,1,0
1,4744,80.05,2.0475,114.53,1325.1,1,0
1,4745,77.76,2.0524,113.85,1318.4,1,0
1,4746,78.24,2.0236,115.1,1316.5,1,0
1,4747,76.75,1.984,108.92,1334.0,1,0
1,4748,76.98,2.0051,114.04,1307.4,1,0
1,4749,78.11,2.0808,111.79,1328.7,1,0
1,4750,79.3,2.0176,116.26,1331.4,1,0
1,4751,77.64,2.0453,113.7,1320.9,1,0
1,4752,77.64,1.9991,114.11,1323.2,1,0
1,4753,77.41,2.0583,111.09,1333.9,1,0
1,4754,77.23,2.0294,116.19,1314.8,1,0
1,4755,78.2,2.0925,115.46,1315.5,1,0
1,4756,76.02,2.0846,115.37,1316.3,1,0
1,4757,79.33,2.037,112.68,1332.6,1,0
1,4758,76.97,2.055,112.81,1333.5,1,0
1,4759,78.62,2.0414,114.85,1306.4,1,0
1,4760,76.2,2.0101,113.07,1330.1,1,0
1,4761,78.5,2.0361,115.37,1328.0,1,0
1,4762,78.48,2.0819,110.22,1335.1,1,0
1,4763,78.12,2.0907,113.62,1323.2,1,0
1,4764,76.44,2.0873,118.23,1318.8,1,0
1,4765,77.91,2.0732,115.56,1330.5,1,0
1,4766,76.17,2.1264,115.05,1325.9,1,0
1,4767,77.26,2.0956,118.73,1341.2,1,0
1,4768,78.78,2.1251,110.13,1328.2,1,0
1,4769,78.48,2.0301,113.21,1320.1,1,0
1,4770,77.52,1.9482,114.07,1306.7,1,0
1,4771,76.31,2.1206,116.63,1312.6,1,0
1,4772,78.23,2.0563,116.7,1304.0,1,0
1,4773,77.46,2.109,113.25,1316.2,1,0
1,4774,74.63,2.1096,117.01,1327.6,1,0
1,4775,78.34,2.1893,114.24,1318.3,1,0
1,4776,77.35,2.146,117.5,1328.5,1,0
1,4777,78.8,2.1408,113.04,1321.7,1,0
1,4778,76.03,2.1718,114.89,1314.4,1,0
1,4779,73.51,2.1572,114.18,1319.4,1,0
1,4780,77.64,2.1282,117.3,1323.3,1,0
1,4781,77.64,2.1935,114.17,1320.1,1,0
1,4782,75.24,2.1103,115.15,1320.3,1,0
1,4783,76.08,2.1716,116.27,1311.3,1,0
1,4784,80.54,2.1007,116.37,1314.8,1,0
1,4785,76.85,2.1747,117.08,1341.9,1,0
1,4786,78.08,2.1781,115.74,1331.7,1,0
1,4787,76.4,2.2412,114.5,1304.9,1,0
1,4788,74.66,2.1153,114.66,1296.2,1,0
1,4789,76.95,2.1575,115.42,1320.9,1,0
1,4790,76.82,2.218,115.88,1329.3,1,0
1,4791,76.65,2.2019,115.1,1315.4,1,0
1,4792,76.97,2.1991,115.45,1331.1,1,0
1,4793,77.41,2.157,112.39,1321.7,1,0
1,4794,76.9,2.1748,116.76,1319.8,1,0
1,4795,75.55,2.2513,115.8,1329.3,1,0
1,4796,77.64,2.2024,117.45,1316.7,1,0
1,4797,74.71,2.2224,115.45,1319.5,1,0
1,4798,74.57,2.2055,111.98,1329.4,1,0
1,4799,77.91,2.1655,114.74,1322.7,1,0
1,4800,77.62,2.2527,115.06,1342.5,1,0
1,4801,76.93,2.2379,116.95,1330.7,1,0
1,4802,75.31,2.3123,111.32,1330.4,1,0
1,4803,76.13,2.1816,115.54,1324.0,1,0
1,4804,76.65,2.2572,116.49,1333.6,1,0
1,4805,75.04,2.1738,114.13,1322.0,1,0
1,4806,76.06,2.2343,115.6,1328.5,1,0
1,4807,77.72,2.2688,114.19,1316.9,1,0
1,4808,78.65,2.1484,113.98,1336.9,1,0
1,4809,76.42,2.2245,114.61,1329.8,1,0
1,4810,77.83,2.2115,114.0,1347.1,1,0
1,4811,74.61,2.2071,116.78,1351.6,1,0
1,4812,77.7,2.2517,113.93,1335.8,1,0
1,4813,75.93,2.2821,113.58,1329.3,1,0
1,4814,77.26,2.2327,118.91,1319.5,1,0
1,4815,76.59,2.247,117.28,1338.5,1,0
1,4816,78.47,2.2439,111.62,1332.0,1,0
1,4817,75.83,2.2399,113.79,1335.7,1,0
1,4818,77.63,2.1967,115.79,1348.0,1,0
1,4819,76.53,2.2848,115.94,1322.9,1,0
1,4820,76.68,2.2525,112.29,1322.3,1,0
1,4821,76.64,2.2565,117.56,1329.7,1,0
1,4822,75.85,2.2085,116.88,1340.7,1,0
1,4823,76.84,2.2222,116.17,1338.4,1,0
1,4824,76.78,2.2334,117.89,1324.3,1,0
1,4825,77.15,2.1788,116.06,1341.3,1,0
1,4826,76.96,2.1722,116.02,1322.1,1,0
1,4827,77.82,2.2153,118.22,1326.2,1,0
1,4828,77.97,2.2597,117.28,1333.8,1,0
1,4829,75.6,2.2122,113.36,1329.8,1,0
1,4830,77.9,2.1969,116.28,1344.6,1,0
1,4831,75.44,2.2044,113.66,1339.0,1,0
1,4832,77.57,2.2181,115.96,1354.2,1,0
1,4833,77.61,2.2214,115.88,1334.4,1,0
1,4834,74.58,2.3215,112.12,1336.0,1,0
1,4835,76.99,2.2762,114.61,1349.7,1,0
1,4836,76.32,2.2742,115.35,1337.0,1,0
1,4837,75.97,2.2791,113.91,1353.2,1,0
1,4838,78.51,2.1916,115.38,1344.0,1,0
1,4839,76.11,2.1818,116.33,1315.4,1,0
1,4840,75.93,2.1856,114.62,1351.0,1,0
1,4841,77.0,2.2825,115.09,1348.6,1,0
1,4842,77.74,2.2064,117.37,1349.3,1,0
1,4843,76.75,2.1775,115.51,1320.9,1,0
1,4844,78.33,2.2096,114.93,1333.7,1,0
1,4845,77.58,2.2166,112.57,1334.7,1,0
1,4846,74.33,2.2362,115.78,1332.4,1,0
1,4847,76.32,2.2349,115.06,1358.4,1,0
1,4848,76.29,2.1911,116.93,1341.1,1,0
1,4849,77.55,2.2512,114.41,1341.0,1,0
1,4850,73.84,2.1978,110.64,1347.1,1,0
1,4851,80.06,2.2167,110.83,1347.4,1,0
1,4852,77.65,2.2502,115.66,1308.5,1,0
1,4853,77.2,2.1968,113.0,1335.5,1,0
1,4854,78.45,2.1996,114.97,1327.9,1,0
1,4855,79.86,2.246,114.28,1346.2,1,0
1,4856,78.11,2.1881,113.68,1339.4,1,0
1,4857,78.22,2.2072,113.77,1342.5,1,0
1,4858,77.25,2.245,112.19,1321.6,1,0
1,4859,76.94,2.3053,113.84,1339.3,1,0
1,4860,76.55,2.2479,112.66,1353.5,1,0
1,4861,76.15,2.2431,113.03,1356.5,1,0
1,4862,76.33,2.2462,113.09,1349.5,1,0
1,4863,75.55,2.1828,113.23,1329.0,1,0
1,4864,77.1,2.2313,115.48,1354.8,1,0
1,4865,75.19,2.2265,113.33,1349.4,1,0
1,4866,77.46,2.2418,115.59,1340.9,1,0
1,4867,77.21,2.2349,116.57,1321.7,1,0
1,4868,77.45,2.2468,115.16,1351.4,1,0
1,4869,76.66,2.2207,114.47,1335.8,1,0
1,4870,81.0,2.2372,114.01,1345.0,1,0
1,4871,78.96,2.1875,115.04,1342.0,1,0
1,4872,75.86,2.2258,113.44,1356.5,1,0
1,4873,77.66,2.2962,115.18,1339.7,1,0
1,4874,76.67,2.2555,114.39,1340.5,1,0
1,4875,76.2,2.2442,112.4,1356.2,1,0
1,4876,75.84,2.3233,114.86,1333.6,1,0
1,4877,77.99,2.1956,113.21,1348.0,1,0
1,4878,76.68,2.2083,112.76,1337.5,1,0
1,4879,78.68,2.3239,111.98,1329.2,1,0
1,4880,78.74,2.2601,113.22,1338.9,1,0
1,4881,79.22,2.2515,114.83,1345.4,1,0
1,4882,76.58,2.2164,114.57,1351.7,1,0
1,4883,78.2,2.2854,113.45,1352.5,1,0
1,4884,78.41,2.2926,113.9,1334.4,1,0
1,4885,77.11,2.2304,115.2,1327.0,1,0
1,4886,76.79,2.272,112.31,1333.3,1,0
1,4887,79.67,2.2678,110.34,1324.2,1,0
1,4888,78.04,2.2951,115.13,1333.3,1,0
1,4889,78.56,2.2438,111.42,1331.6,1,0
1,4890,76.85,2.3424,111.06,1341.8,1,0
1,4891,76.4,2.3328,108.8,1311.9,1,0
1,4892,77.21,2.2855,113.5,1326.1,1,0
1,4893,77.78,2.2953,109.07,1325.6,1,0
1,4894,76.68,2.3025,110.77,1344.2,1,0
1,4895,77.98,2.2809,113.41,1320.6,1,0
1,4896,76.0,2.2984,113.64,1333.4,1,0
1,4897,76.72,2.3094,110.85,1329.3,1,0
1,4898,78.9,2.3889,111.85,1340.4,1,0
1,4899,78.86,2.3664,110.33,1335.3,1,0
1,4900,77.7,2.37,110.94,1329.9,1,0
1,4901,76.98,2.3516,112.54,1322.5,1,0
1,4902,77.01,2.2963,110.97,1308.9,1,0
1,4903,77.83,2.3435,111.45,1329.2,1,0
1,4904,79.09,2.3881,108.97,1331.3,1,0
1,4905,79.47,2.3031,114.13,1309.6,1,0
1,4906,77.79,2.383,112.85,1312.3,1,0
1,4907,77.05,2.4545,113.39,1326.5,1,0
1,4908,78.79,2.4081,114.35,1326.6,1,0
1,4909,77.52,2.4262,110.09,1312.6,1,0
1,4910,77.93,2.3823,111.0,1316.1,1,0
1,4911,80.18,2.4162,107.89,1302.7,1,0
1,4912,79.62,2.3525,117.94,1334.1,1,0
1,4913,78.86,2.4169,111.33,1306.6,1,0
1,4914,77.19,2.4149,113.68,1324.3,1,0
1,4915,79.01,2.4039,109.1,1317.7,1,0
1,4916,80.08,2.4485,113.55,1330.2,1,0
1,4917,78.39,2.3777,115.25,1308.6,1,0
1,4918,80.51,2.3952,111.39,1316.4,1,0
1,4919,80.48,2.4097,109.47,1298.1,1,0
1,4920,80.97,2.3679,111.19,1294.9,1,0
1,4921,79.39,2.4212,107.0,1319.5,1,0
1,4922,79.77,2.3463,111.36,1294.9,1,0
1,4923,80.81,2.4598,113.06,1309.7,1,0
1,4924,79.7,2.4225,111.33,1321.3,1,0
1,4925,78.61,2.4024,110.82,1317.9,1,0
1,4926,78.72,2.3924,112.43,1303.0,1,0
1,4927,79.59,2.4188,112.57,1293.0,1,0
1,4928,77.8,2.4579,108.03,1313.3,1,0
1,4929,79.23,2.4545,111.52,1320.8,1,0
1,4930,80.77,2.4064,116.2,1300.0,1,0
1,4931,76.87,2.4026,108.65,1297.9,1,0
1,4932,81.39,2.4645,111.14,1299.9,1,0
1,4933,80.95,2.411,115.19,1310.1,1,0
1,4934,79.1,2.4438,113.51,1316.0,1,0
1,4935,80.35,2.4477,110.27,1290.6,1,0
1,4936,79.76,2.4565,111.71,1287.3,1,0
1,4937,81.28,2.4795,111.29,1325.0,1,0
1,4938,81.04,2.3957,109.8,1299.1,1,0
1,4939,78.23,2.3707,111.15,1302.7,1,0
1,4940,80.67,2.4252,110.74,1292.6,1,0
1,4941,79.77,2.5207,111.53,1303.7,1,0
1,4942,80.17,2.53,109.81,1307.7,1,0
1,4943,79.25,2.5228,108.76,1300.5,1,0
1,4944,82.28,2.4422,111.24,1314.2,1,0
1,4945,81.48,2.3789,114.76,1292.9,1,0
1,4946,79.4,2.3566,111.5,1292.9,1,0
1,4947,78.74,2.4258,110.69,1297.3,1,0
1,4948,79.94,2.4424,112.87,1299.0,1,0
1,4949,80.98,2.5022,111.06,1296.1,1,0
1,4950,80.8,2.4846,115.13,1280.4,1,0
1,4951,82.07,2.4587,111.4,1295.8,1,0
1,4952,81.58,2.4137,112.82,1288.4,1,0
1,4953,81.85,2.4104,109.93,1285.8,1,0
1,4954,81.14,2.4584,112.46,1291.4,1,0
1,4955,79.14,2.4756,112.03,1280.9,1,0
1,4956,80.63,2.4628,111.39,1278.7,1,0
1,4957,82.19,2.405,110.52,1263.5,1,0
1,4958,80.92,2.4717,110.27,1306.6,1,0
1,4959,81.64,2.462,112.14,1294.3,1,0
1,4960,80.72,2.4014,112.86,1287.1,1,0
1,4961,79.92,2.412,111.37,1281.2,1,0
1,4962,81.07,2.4701,112.23,1258.7,1,0
1,4963,81.65,2.4324,111.61,1279.8,1,0
1,4964,80.56,2.5045,111.91,1293.9,1,0
1,4965,81.12,2.4601,111.35,1295.8,1,0
1,4966,80.34,2.4198,111.82,1292.5,1,0
1,4967,82.87,2.438,117.21,1287.4,1,0
1,4968,81.24,2.4402,112.47,1298.6,1,0
1,4969,83.4,2.4078,113.18,1282.0,1,0
1,4970,83.55,2.3997,112.8,1295.8,1,0
1,4971,81.68,2.4635,111.44,1280.9,1,0
1,4972,80.63,2.4687,114.59,1275.7,1,0
1,4973,79.4,2.4584,111.46,1274.3,1,0
1,4974,80.2,2.4943,114.19,1273.5,1,0
1,4975,80.39,2.4116,111.46,1290.6,1,0
1,4976,83.75,2.4998,110.25,1276.4,1,0
1,4977,82.3,2.3964,112.95,1273.4,1,0
1,4978,82.7,2.3917,110.05,1290.8,1,0
1,4979,79.63,2.3616,113.38,1286.8,1,0
1,4980,80.92,2.4141,109.97,1293.1,1,0
1,4981,83.49,2.4118,111.77,1288.5,1,0
1,4982,82.84,2.4531,109.59,1275.9,1,0
1,4983,82.38,2.442,118.15,1284.1,1,0
1,4984,83.3,2.3848,109.25,1284.6,1,0
1,4985,84.65,2.4172,112.63,1274.2,1,0
1,4986,82.49,2.4186,114.95,1272.4,1,0
1,4987,82.91,2.363,114.79,1276.7,1,0
1,4988,83.12,2.3956,114.47,1303.9,1,0
1,4989,85.83,2.4048,112.19,1279.5,1,0
1,4990,80.51,2.494,115.59,1296.0,1,0
1,4991,83.91,2.4454,114.77,1279.1,1,0
1,4992,83.02,2.4654,113.43,1292.8,1,0
1,4993,83.91,2.3803,113.54,1293.1,1,0
1,4994,82.51,2.4895,112.51,1293.8,1,0
1,4995,83.31,2.4954,111.36,1288.3,1,0
1,4996,84.29,2.3651,115.72,1298.4,1,0
1,4997,87.24,2.4187,115.93,1288.6,1,0
1,4998,84.54,2.4687,111.6,1302.2,1,0
1,4999,82.62,2.4767,113.12,1269.1,1,0
2,0,60.31,0.5006,101.4,1502.4,0,4200
2,1,58.96,0.5197,102.04,1511.1,0,4199
2,2,59.65,0.5906,98.94,1511.6,0,4198
2,3,59.51,0.5303,101.86,1497.0,0,4197
2,4,61.23,0.5189,100.47,1510.0,0,4196
2,5,59.75,0.5164,98.67,1479.3,0,4195
2,6,60.9,0.5326,100.55,1494.3,0,4194
2,7,62.76,0.5629,95.81,1499.6,0,4193
2,8,61.92,0.5105,103.96,1513.3,0,4192
2,9,59.92,0.5119,101.48,1512.2,0,4191
2,10,60.08,0.5078,104.62,1490.4,0,4190
2,11,61.1,0.5616,100.06,1515.9,0,4189
2,12,58.6,0.6031,99.16,1498.9,0,4188
2,13,59.61,0.5199,100.87,1486.8,0,4187
2,14,61.29,0.536,101.34,1515.2,0,4186
2,15,60.6,0.4877,101.58,1501.1,0,4185
2,16,63.12,0.5381,98.39,1522.5,0,4184
2,17,60.1,0.4625,97.22,1506.2,0,4183
2,18,59.64,0.548,99.42,1507.6,0,4182
2,19,59.88,0.5061,101.22,1498.7,0,4181
2,20,61.01,0.5864,97.14,1509.2,0,4180
2,21,60.85,0.5239,103.16,1501.3,0,4179
2,22,63.77,0.5275,103.77,1511.9,0,4178
2,23,60.66,0.5898,101.29,1544.4,0,4177
2,24,61.25,0.5417,98.09,1514.6,0,4176
2,25,62.3,0.5706,98.89,1518.6,0,4175
2,26,61.16,0.6119,102.85,1514.0,0,4174
2,27,62.0,0.5941,97.25,1514.8,0,4173
2,28,61.86,0.4774,99.66,1523.8,0,4172
2,29,62.43,0.5942,103.78,1523.2,0,4171
2,30,59.79,0.6342,99.36,1487.2,0,4170
2,31,62.49,0.5475,99.93,1506.2,0,4169
2,32,61.41,0.5774,98.0,1522.3,0,4168
2,33,61.84,0.5258,103.3,1519.0,0,4167
2,34,61.2,0.5753,99.08,1513.0,0,4166
2,35,63.71,0.5585,104.24,1518.9,0,4165
2,36,59.3,0.5323,99.83,1508.4,0,4164
2,37,63.49,0.5042,103.68,1513.2,0,4163
2,38,61.04,0.6177,104.77,1517.9,0,4162
2,39,63.74,0.5433,103.89,1538.8,0,4161
2,40,63.41,0.598,106.53,1527.7,0,4160
2,41,63.21,0.5962,97.68,1517.2,0,4159
2,42,63.03,0.5749,102.17,1531.1,0,4158
2,43,64.8,0.529,101.38,1521.7,0,4157
2,44,61.42,0.5549,100.91,1520.0,0,4156
2,45,61.48,0.5304,99.15,1510.9,0,4155
2,46,61.43,0.5197,102.11,1523.8,0,4154
2,47,63.37,0.5511,100.35,1536.1,0,4153
2,48,60.75,0.5472,102.24,1517.9,0,4152
2,49,63.57,0.5712,97.79,1519.2,0,4151
2,50,62.05,0.5214,102.53,1526.4,0,4150
2,51,61.16,0.5475,100.57,1528.4,0,4149
2,52,61.19,0.5264,104.65,1518.2,0,4148
2,53,61.57,0.5353,105.02,1528.3,0,4147
2,54,60.79,0.4883,102.86,1533.8,0,4146
2,55,63.23,0.5747,102.27,1532.0,0,4145
2,56,63.68,0.5644,100.79,1524.1,0,4144
2,57,63.85,0.565,105.22,1505.8,0,4143
2,58,61.99,0.544,103.09,1525.4,0,4142
2,59,63.15,0.5267,102.54,1497.4,0,4141
2,60,62.83,0.4851,102.63,1519.1,0,4140
2,61,63.69,0.4764,103.3,1526.5,0,4139
2,62,63.44,0.5052,99.88,1507.8,0,4138
2,63,63.05,0.4983,103.59,1491.6,0,4137
2,64,60.76,0.505,103.11,1519.8,0,4136
2,65,62.83,0.519,101.13,1526.7,0,4135
2,66,63.2,0.4891,103.36,1516.3,0,4134
2,67,62.27,0.5526,101.47,1516.6,0,4133
2,68,62.82,0.4915,102.77,1520.4,0,4132
2,69,61.62,0.4875,103.51,1521.1,0,4131
2,70,62.84,0.4703,102.33,1513.9,0,4130
2,71,63.87,0.4669,103.67,1532.3,0,4129
2,72,65.8,0.502,102.8,1525.4,0,4128
2,73,62.12,0.4761,103.0,1522.0,0,4127
2,74,63.34,0.5178,102.17,1524.6,0,4126
2,75,62.25,0.4321,100.35,1517.0,0,4125
2,76,63.33,0.4735,107.71,1511.2,0,4124
2,77,63.21,0.4928,105.19,1524.0,0,4123
2,78,64.52,0.4592,100.04,1510.7,0,4122
2,79,64.72,0.4781,103.87,1499.4,0,4121
2,80,63.78,0.4235,102.25,1499.8,0,4120
2,81,63.48,0.4749,103.57,1507.6,0,4119
2,82,65.08,0.4329,103.75,1503.6,0,4118
2,83,63.91,0.43,100.93,1515.2,0,4117
2,84,65.54,0.3841,104.49,1504.5,0,4116
2,85,61.8,0.4713,103.57,1501.4,0,4115
2,86,65.93,0.4531,100.97,1515.0,0,4114
2,87,63.08,0.4407,108.64,1504.7,0,4113
2,88,62.55,0.5069,103.66,1507.1,0,4112
2,89,63.83,0.4189,101.47,1511.9,0,4111
2,90,62.52,0.4602,104.5,1509.6,0,4110
2,91,64.63,0.494,105.0,1515.9,0,4109
2,92,63.42,0.4974,101.57,1488.6,0,4108
2,93,64.35,0.5256,103.14,1496.3,0,4107
2,94,62.86,0.4884,101.38,1490.3,0,4106
2,95,63.8,0.3842,105.0,1515.7,0,4105
2,96,64.21,0.3945,104.79,1519.4,0,4104
2,97,63.9,0.457,104.4,1503.6,0,4103
2,98,66.06,0.4176,104.0,1517.7,0,4102
2,99,64.88,0.4644,101.84,1512.8,0,4101
2,100,64.45,0.4725,102.94,1495.7,0,4100
2,101,62.01,0.4966,102.05,1495.0,0,4099
2,102,64.71,0.4394,105.52,1490.8,0,4098
2,103,65.77,0.4317,98.58,1504.7,0,4097
2,104,63.48,0.4985,104.29,1494.4,0,4096
2,105,64.1,0.5132,103.68,1486.2,0,4095
2,106,60.73,0.4578,100.94,1499.9,0,4094
2,107,62.89,0.4208,102.66,1510.9,0,4093
2,108,61.91,0.509,105.9,1493.4,0,4092
2,109,64.56,0.4704,108.05,1511.0,0,4091
2,110,64.28,0.4637,102.53,1491.6,0,4090
2,111,64.35,0.4046,99.77,1510.0,0,4089
2,112,63.98,0.5181,102.5,1486.4,0,4088
2,113,65.75,0.4788,103.01,1489.3,0,4087
2,114,63.06,0.5222,99.94,1485.5,0,4086
2,115,64.47,0.4884,105.13,1480.0,0,4085
2,116,65.3,0.4327,100.8,1495.6,0,4084
2,117,64.39,0.4133,105.01,1496.5,0,4083
2,118,64.51,0.4672,99.47,1479.3,0,4082
2,119,63.65,0.4855,97.88,1495.0,0,4081
2,120,64.26,0.4817,102.84,1492.7,0,4080
2,121,65.54,0.4249,99.44,1476.7,0,4079
2,122,62.27,0.473,100.44,1474.7,0,4078
2,123,64.52,0.5458,103.74,1505.4,0,4077
2,124,64.03,0.5249,104.35,1486.4,0,4076
2,125,64.66,0.5246,101.46,1475.1,0,4075
2,126,66.89,0.5147,103.25,1483.3,0,4074
2,127,64.24,0.4658,99.53,1485.5,0,4073
2,128,66.58,0.4805,100.75,1496.2,0,4072
2,129,66.12,0.5743,97.87,1486.5,0,4071
2,130,64.85,0.5069,98.83,1480.6,0,4070
2,131,64.94,0.5046,100.03,1493.2,0,4069
2,132,65.06,0.5829,104.81,1484.4,0,4068
2,133,63.87,0.5373,96.47,1481.8,0,4067
2,134,65.62,0.5053,98.61,1477.4,0,4066
2,135,64.14,0.5444,100.78,1492.8,0,4065
2,136,64.93,0.5162,99.7,1482.2,0,4064
2,137,62.26,0.4562,101.02,1477.8,0,4063
2,138,63.87,0.495,99.48,1480.0,0,4062
2,139,65.56,0.5889,102.82,1493.4,0,4061
2,140,63.58,0.5883,103.41,1462.0,0,4060
2,141,65.34,0.5246,103.22,1481.5,0,4059
2,142,64.33,0.5506,101.54,1470.1,0,4058
2,143,66.14,0.4711,99.37,1480.1,0,4057
2,144,66.47,0.5718,100.7,1483.1,0,4056
2,145,65.18,0.5269,99.04,1453.6,0,4055
2,146,64.95,0.4842,98.06,1492.1,0,4054
2,147,65.02,0.5011,100.78,1497.5,0,4053
2,148,64.95,0.5466,98.53,1477.2,0,4052
2,149,66.41,0.5787,102.36,1481.8,0,4051
2,150,67.99,0.5582,96.54,1496.1,0,4050
2,151,63.39,0.5427,99.93,1478.8,0,4049
2,152,63.76,0.5699,97.83,1481.8,0,4048
2,153,66.63,0.5663,101.83,1500.5,0,4047
2,154,63.63,0.5328,101.55,1470.2,0,4046
2,155,63.35,0.5712,100.74,1472.1,0,4045
2,156,67.54,0.5337,101.36,1481.8,0,4044
2,157,64.67,0.5368,99.63,1483.8,0,4043
2,158,64.7,0.4846,98.93,1496.9,0,4042
2,159,64.39,0.5424,102.22,1467.0,0,4041
2,160,65.7,0.6531,95.9,1491.6,0,4040
2,161,63.64,0.5662,98.74,1500.8,0,4039
2,162,67.12,0.4317,100.33,1458.4,0,4038
2,163,65.89,0.6273,100.4,1484.6,0,4037
2,164,64.93,0.5903,97.6,1478.2,0,4036
2,165,64.32,0.5488,103.48,1477.5,0,4035
2,166,65.11,0.55,98.74,1488.2,0,4034
2,167,66.23,0.5643,100.25,1468.1,0,4033
2,168,68.11,0.5331,98.29,1480.6,0,4032
2,169,66.78,0.5673,99.6,1499.6,0,4031
2,170,66.17,0.5779,101.86,1477.0,0,4030
2,171,65.0,0.5561,102.09,1480.8,0,4029
2,172,66.42,0.5157,100.54,1484.1,0,4028
2,173,64.52,0.545,100.53,1480.4,0,4027
2,174,65.33,0.5093,99.34,1457.4,0,4026
2,175,66.32,0.541,99.03,1485.0,0,4025
2,176,65.64,0.523,99.62,1473.6,0,4024
2,177,64.1,0.5462,101.46,1484.8,0,4023
2,178,63.05,0.5338,99.65,1494.3,0,4022
2,179,65.48,0.5496,99.08,1489.8,0,4021
2,180,65.03,0.4788,100.99,1475.3,0,4020
2,181,65.97,0.4949,96.54,1473.5,0,4019
2,182,64.92,0.5984,101.16,1485.6,0,4018
2,183,64.38,0.5448,102.88,1495.3,0,4017
2,184,66.08,0.575,98.78,1507.8,0,4016
2,185,66.0,0.4337,96.22,1477.9,0,4015
2,186,62.26,0.4798,98.53,1489.5,0,4014
2,187,62.95,0.5635,100.93,1490.2,0,4013
2,188,64.92,0.5183,97.53,1481.7,0,4012
2,189,64.67,0.5143,99.55,1475.5,0,4011
2,190,64.51,0.4808,96.8,1481.7,0,4010
2,191,65.7,0.5333,99.4,1489.7,0,4009
2,192,67.12,0.5105,96.58,1488.1,0,4008
2,193,63.44,0.4457,102.07,1499.6,0,4007
2,194,64.58,0.467,98.6,1474.1,0,4006
2,195,64.61,0.5616,98.52,1488.5,0,4005
2,196,64.87,0.5189,99.48,1489.1,0,4004
2,197,63.14,0.4725,99.81,1482.3,0,4003
2,198,65.15,0.4924,100.95,1494.4,0,4002
2,199,64.61,0.482,97.73,1487.0,0,4001
2,200,66.99,0.4497,97.75,1478.3,0,4000
2,201,64.99,0.4326,97.97,1500.3,0,3999
2,202,63.66,0.5447,94.5,1491.0,0,3998
2,203,62.69,0.43,97.8,1488.9,0,3997
2,204,64.34,0.502,96.72,1492.2,0,3996
2,205,63.54,0.4787,96.3,1492.1,0,3995
2,206,63.91,0.4585,98.61,1485.4,0,3994
2,207,64.8,0.4438,97.98,1506.2,0,3993
2,208,64.65,0.4408,94.18,1508.2,0,3992
2,209,64.57,0.4443,99.27,1497.4,0,3991
2,210,65.99,0.4452,97.28,1494.1,0,3990
2,211,64.78,0.4613,95.65,1507.9,0,3989
2,212,67.52,0.4052,94.46,1497.5,0,3988
2,213,64.43,0.4686,95.67,1485.4,0,3987
2,214,63.72,0.4336,97.6,1496.9,0,3986
2,215,62.39,0.4069,97.73,1524.9,0,3985
2,216,62.58,0.4998,97.57,1494.4,0,3984
2,217,65.22,0.4714,97.04,1520.4,0,3983
2,218,64.88,0.3611,102.12,1508.9,0,3982
2,219,63.96,0.5439,95.52,1496.0,0,3981
2,220,63.77,0.4381,98.03,1510.9,0,3980
2,221,62.95,0.4811,94.9,1517.5,0,3979
2,222,63.78,0.495,96.83,1496.2,0,3978
2,223,64.1,0.4183,96.12,1504.7,0,3977
2,224,61.5,0.4531,94.83,1502.3,0,3976
2,225,64.76,0.3941,99.93,1506.7,0,3975
2,226,61.43,0.5461,97.82,1523.5,0,3974
2,227,64.23,0.4651,96.76,1490.3,0,3973
2,228,63.74,0.4412,98.57,1511.2,0,3972
2,229,64.11,0.5569,96.19,1507.6,0,3971
2,230,62.95,0.5101,96.22,1510.6,0,3970
2,231,65.73,0.4799,98.05,1506.0,0,3969
2,232,64.52,0.438,95.67,1507.6,0,3968
2,233,64.39,0.4648,96.88,1512.5,0,3967
2,234,63.38,0.4415,95.87,1519.9,0,3966
2,235,63.47,0.4571,93.12,1521.5,0,3965
2,236,64.58,0.3598,97.63,1517.1,0,3964
2,237,65.05,0.4539,98.66,1511.5,0,3963
2,238,65.13,0.4939,91.73,1500.5,0,3962
2,239,63.36,0.4539,96.73,1528.4,0,3961
2,240,63.45,0.4204,97.89,1503.3,0,3960
2,241,63.74,0.4267,101.3,1495.0,0,3959
2,242,62.99,0.503,96.66,1530.2,0,3958
2,243,62.41,0.4623,92.62,1541.2,0,3957
2,244,63.43,0.4614,96.57,1523.6,0,3956
2,245,63.76,0.4764,98.59,1508.9,0,3955
2,246,63.78,0.4893,96.16,1525.1,0,3954
2,247,63.02,0.5187,94.04,1519.8,0,3953
2,248,62.28,0.5727,98.46,1527.9,0,3952
2,249,63.63,0.5199,98.84,1521.4,0,3951
2,250,63.47,0.5489,98.42,1513.9,0,3950
2,251,61.85,0.4657,99.85,1514.5,0,3949
2,252,64.05,0.4831,96.42,1513.9,0,3948
2,253,63.78,0.5651,97.42,1536.9,0,3947
2,254,62.78,0.4924,99.5,1508.2,0,3946
2,255,61.28,0.5685,99.74,1524.4,0,3945
2,256,61.29,0.5746,97.87,1516.0,0,3944
2,257,63.23,0.4311,96.02,1515.3,0,3943
2,258,62.03,0.5311,97.57,1521.6,0,3942
2,259,62.29,0.5505,94.14,1527.1,0,3941
2,260,61.22,0.5185,98.87,1530.4,0,3940
2,261,63.52,0.4994,95.26,1507.3,0,3939
2,262,60.22,0.4619,95.67,1522.9,0,3938
2,263,62.39,0.5052,95.7,1515.1,0,3937
2,264,62.83,0.5712,98.21,1534.5,0,3936
2,265,63.09,0.5473,96.66,1511.1,0,3935
2,266,62.89,0.6196,97.92,1527.1,0,3934
2,267,60.81,0.5147,93.81,1501.6,0,3933
2,268,61.73,0.5532,103.39,1522.9,0,3932
2,269,61.29,0.506,97.5,1527.4,0,3931
2,270,60.73,0.5291,95.3,1517.5,0,3930
2,271,59.98,0.5683,98.76,1531.9,0,3929
2,272,62.62,0.5047,95.99,1526.9,0,3928
2,273,63.42,0.6226,95.34,1529.0,0,3927
2,274,61.27,0.5599,100.17,1524.9,0,3926
2,275,62.83,0.5506,97.26,1510.1,0,3925
2,276,62.51,0.5061,99.76,1510.1,0,3924
2,277,60.73,0.5114,97.38,1524.0,0,3923
2,278,61.63,0.5761,96.03,1532.6,0,3922
2,279,61.77,0.629,97.06,1512.8,0,3921
2,280,62.56,0.5386,98.51,1518.8,0,3920
2,281,61.76,0.5886,99.17,1518.2,0,3919
2,282,59.49,0.5562,101.9,1491.5,0,3918
2,283,63.73,0.5297,100.54,1511.1,0,3917
2,284,61.95,0.5317,101.68,1521.5,0,3916
2,285,60.24,0.6029,101.01,1530.4,0,3915
2,286,59.54,0.4677,97.63,1510.5,0,3914
2,287,60.3,0.5039,96.74,1515.0,0,3913
2,288,60.87,0.4818,97.35,1491.5,0,3912
2,289,60.43,0.5193,99.95,1501.7,0,3911
2,290,60.63,0.5796,98.68,1506.3,0,3910
2,291,59.92,0.5205,99.54,1502.5,0,3909
2,292,61.77,0.5222,97.68,1512.5,0,3908
2,293,59.79,0.4909,98.51,1501.5,0,3907
2,294,61.65,0.5582,99.22,1511.5,0,3906
2,295,61.77,0.4946,100.95,1512.5,0,3905
2,296,59.1,0.5484,97.59,1506.2,0,3904
2,297,60.29,0.4998,101.74,1515.6,0,3903
2,298,61.9,0.5499,98.6,1490.9,0,3902
2,299,60.94,0.5924,98.59,1516.1,0,3901
2,300,61.75,0.5239,98.77,1506.0,0,3900
2,301,61.96,0.5589,99.65,1510.2,0,3899
2,302,59.25,0.4796,101.11,1504.8,0,3898
2,303,60.03,0.4949,96.82,1506.3,0,3897
2,304,60.85,0.5107,99.4,1519.9,0,3896
2,305,60.12,0.468,97.68,1495.3,0,3895
2,306,60.8,0.5527,99.61,1514.6,0,3894
2,307,62.11,0.5343,101.87,1496.6,0,3893
2,308,60.06,0.492,97.11,1502.5,0,3892
2,309,60.51,0.6146,96.2,1494.8,0,3891
2,310,60.05,0.4868,96.95,1487.8,0,3890
2,311,57.68,0.5074,96.98,1503.4,0,3889
2,312,59.09,0.5066,98.05,1513.6,0,3888
2,313,59.79,0.4504,99.2,1509.5,0,3887
2,314,59.44,0.492,100.94,1521.4,0,3886
2,315,60.9,0.4794,100.2,1497.9,0,3885
2,316,61.19,0.4572,100.08,1495.6,0,3884
2,317,59.01,0.5388,98.83,1488.4,0,3883
2,318,61.07,0.4876,101.7,1501.6,0,3882
2,319,59.11,0.4765,104.59,1494.0,0,3881
2,320,60.06,0.5644,100.05,1503.4,0,3880
2,321,59.17,0.4626,104.75,1486.6,0,3879
2,322,57.98,0.4775,99.8,1499.0,0,3878
2,323,58.6,0.5125,98.69,1488.4,0,3877
2,324,57.51,0.4647,103.05,1491.1,0,3876
2,325,60.42,0.5114,99.97,1504.2,0,3875
2,326,61.03,0.4784,104.77,1514.2,0,3874
2,327,60.44,0.5273,99.68,1503.7,0,3873
2,328,58.93,0.5108,99.12,1495.9,0,3872
2,329,60.09,0.4855,97.5,1480.1,0,3871
2,330,56.86,0.4282,101.9,1495.2,0,3870
2,331,60.39,0.3784,96.7,1488.5,0,3869
2,332,61.33,0.4276,100.93,1503.2,0,3868
2,333,59.86,0.4107,102.68,1489.8,0,3867
2,334,58.4,0.4327,98.9,1493.5,0,3866
2,335,59.96,0.5356,98.55,1484.3,0,3865
2,336,58.98,0.4553,100.32,1475.2,0,3864
2,337,57.62,0.4831,102.71,1487.7,0,3863
2,338,57.19,0.5032,100.73,1488.9,0,3862
2,339,58.49,0.4462,106.25,1474.7,0,3861
2,340,58.75,0.4563,102.11,1480.2,0,3860
2,341,55.58,0.421,100.97,1476.6,0,3859
2,342,62.12,0.4928,101.34,1492.8,0,3858
2,343,58.04,0.4308,100.55,1485.8,0,3857
2,344,60.08,0.5002,100.59,1497.1,0,3856
2,345,58.51,0.4755,99.95,1479.8,0,3855
2,346,59.96,0.4305,100.71,1480.7,0,3854
2,347,61.05,0.4401,104.51,1462.4,0,3853
2,348,57.68,0.4433,99.6,1472.3,0,3852
2,349,57.88,0.47,102.07,1491.3,0,3851
2,350,58.96,0.4764,104.25,1504.2,0,3850
2,351,59.37,0.55,100.4,1501.1,0,3849
2,352,58.41,0.4423,102.4,1507.4,0,3848
2,353,57.91,0.4783,100.54,1470.2,0,3847
2,354,56.38,0.4853,101.38,1489.0,0,3846
2,355,58.12,0.4496,102.3,1494.6,0,3845
2,356,56.73,0.4863,104.59,1472.8,0,3844
2,357,57.93,0.4384,103.09,1481.8,0,3843
2,358,59.33,0.5345,100.87,1477.8,0,3842
2,359,58.29,0.4653,101.99,1470.3,0,3841
2,360,58.21,0.5286,101.3,1494.6,0,3840
2,361,55.88,0.4701,104.35,1475.2,0,3839
2,362,58.27,0.4405,100.3,1494.1,0,3838
2,363,57.01,0.4972,102.44,1483.4,0,3837
2,364,55.27,0.4983,104.57,1484.0,0,3836
2,365,59.15,0.45,102.7,1485.5,0,3835
2,366,57.22,0.4179,105.0,1468.5,0,3834
2,367,57.53,0.4389,102.47,1476.9,0,3833
2,368,58.0,0.4815,101.12,1466.7,0,3832
2,369,58.9,0.3761,100.19,1488.4,0,3831
2,370,56.44,0.4454,103.68,1481.5,0,3830
2,371,59.06,0.4979,101.0,1484.9,0,3829
2,372,57.21,0.5541,99.93,1483.4,0,3828
2,373,56.26,0.5137,101.08,1496.6,0,3827
2,374,57.31,0.4905,100.27,1485.5,0,3826
2,375,56.38,0.4109,106.26,1485.3,0,3825
2,376,56.98,0.5325,106.22,1481.9,0,3824
2,377,58.87,0.4609,102.2,1475.2,0,3823
2,378,54.75,0.5282,103.37,1472.6,0,3822
2,379,57.06,0.4559,104.7,1482.2,0,3821
2,380,56.92,0.5081,104.83,1483.4,0,3820
2,381,56.52,0.5037,105.09,1491.6,0,3819
2,382,56.3,0.524,104.53,1490.2,0,3818
2,383,57.64,0.5666,102.78,1501.3,0,3817
2,384,56.06,0.55,105.4,1491.5,0,3816
2,385,53.27,0.5101,105.18,1465.8,0,3815
2,386,54.9,0.5528,103.62,1497.2,0,3814
2,387,56.3,0.4787,101.79,1472.5,0,3813
2,388,57.72,0.5445,104.16,1487.8,0,3812
2,389,57.26,0.6032,102.46,1478.7,0,3811
2,390,53.97,0.5391,102.85,1476.5,0,3810
2,391,57.19,0.4655,100.1,1474.0,0,3809
2,392,56.62,0.5841,102.33,1465.7,0,3808
2,393,55.82,0.5408,103.16,1485.5,0,3807
2,394,55.81,0.5119,102.34,1483.2,0,3806
2,395,57.09,0.5198,101.29,1478.6,0,3805
2,396,56.7,0.5176,107.32,1494.2,0,3804
2,397,55.1,0.5335,100.38,1489.1,0,3803
2,398,54.98,0.5628,101.45,1471.7,0,3802
2,399,56.38,0.5784,104.61,1499.4,0,3801
2,400,58.44,0.6013,103.4,1488.6,0,3800
2,401,57.44,0.4855,104.7,1506.7,0,3799
2,402,56.86,0.5437,103.1,1486.9,0,3798
2,403,54.84,0.539,106.17,1490.3,0,3797
2,404,55.11,0.542,104.11,1493.1,0,3796
2,405,56.85,0.4804,102.07,1499.4,0,3795
2,406,56.99,0.5491,103.81,1460.4,0,3794
2,407,55.03,0.5207,103.03,1486.9,0,3793
2,408,55.77,0.5525,98.51,1497.3,0,3792
2,409,54.93,0.5448,102.55,1487.1,0,3791
2,410,55.21,0.4585,103.07,1488.6,0,3790
2,411,57.09,0.5829,100.91,1499.8,0,3789
2,412,55.51,0.5785,104.43,1490.2,0,3788
2,413,54.71,0.5139,101.5,1497.7,0,3787
2,414,54.01,0.6249,104.6,1490.0,0,3786
2,415,55.59,0.6019,101.62,1503.2,0,3785
2,416,55.37,0.6116,103.6,1506.6,0,3784
2,417,57.45,0.5958,104.4,1512.4,0,3783
2,418,54.67,0.5584,100.28,1496.1,0,3782
2,419,54.52,0.4936,100.58,1493.1,0,3781
2,420,56.39,0.5128,102.19,1494.4,0,3780
2,421,55.88,0.5898,102.79,1496.7,0,3779
2,422,55.59,0.5632,101.54,1507.3,0,3778
2,423,55.76,0.4723,101.22,1490.9,0,3777
2,424,54.99,0.4491,103.44,1518.5,0,3776
2,425,55.62,0.5066,100.26,1494.2,0,3775
2,426,56.42,0.5508,102.83,1492.9,0,3774
2,427,54.14,0.5146,104.91,1503.7,0,3773
2,428,56.52,0.5424,102.27,1499.6,0,3772
2,429,56.72,0.5379,101.34,1515.0,0,3771
2,430,54.8,0.4931,103.62,1505.6,0,3770
2,431,58.88,0.5447,102.64,1527.4,0,3769
2,432,57.64,0.5291,100.49,1514.5,0,3768
2,433,53.32,0.5157,98.83,1518.7,0,3767
2,434,56.57,0.5157,100.08,1523.7,0,3766
2,435,56.23,0.5015,105.36,1516.3,0,3765
2,436,54.01,0.4286,103.71,1502.4,0,3764
2,437,55.91,0.5195,100.8,1521.3,0,3763
2,438,54.71,0.543,101.75,1510.2,0,3762
2,439,56.33,0.5433,100.84,1532.8,0,3761
2,440,54.08,0.5314,103.34,1491.5,0,3760
2,441,54.04,0.4929,100.92,1504.5,0,3759
2,442,57.48,0.5407,103.34,1500.5,0,3758
2,443,55.24,0.5196,100.03,1513.7,0,3757
2,444,56.12,0.4744,99.5,1512.3,0,3756
2,445,56.36,0.4715,101.95,1509.2,0,3755
2,446,55.0,0.4716,102.37,1515.3,0,3754
2,447,54.65,0.5056,104.3,1523.7,0,3753
2,448,55.75,0.4428,99.26,1523.3,0,3752
2,449,57.27,0.5029,99.68,1523.1,0,3751
2,450,55.3,0.5078,98.63,1526.9,0,3750
2,451,55.62,0.4712,101.43,1502.9,0,3749
2,452,54.87,0.4637,99.99,1538.1,0,3748
2,453,55.5,0.5089,103.79,1520.1,0,3747
2,454,54.48,0.4521,105.12,1535.1,0,3746
2,455,55.51,0.4813,98.99,1517.5,0,3745
2,456,56.25,0.4124,99.79,1506.1,0,3744
2,457,56.78,0.4295,101.36,1533.6,0,3743
2,458,56.18,0.4996,104.16,1516.4,0,3742
2,459,55.6,0.4062,100.21,1508.0,0,3741
2,460,57.41,0.4513,101.05,1504.1,0,3740
2,461,54.96,0.5094,101.66,1507.8,0,3739
2,462,54.82,0.4712,99.65,1522.9,0,3738
2,463,52.83,0.3812,100.0,1527.0,0,3737
2,464,55.41,0.4842,100.54,1526.2,0,3736
2,465,55.83,0.4641,99.63,1523.3,0,3735
2,466,56.36,0.4464,103.39,1498.8,0,3734
2,467,54.88,0.4113,100.63,1518.6,0,3733
2,468,57.8,0.397,100.52,1538.3,0,3732
2,469,56.07,0.4623,99.87,1514.9,0,3731
2,470,53.73,0.4942,105.01,1516.4,0,3730
2,471,55.48,0.4695,102.72,1536.3,0,3729
2,472,54.99,0.4156,102.1,1498.7,0,3728
2,473,56.62,0.4555,95.76,1516.8,0,3727
2,474,55.07,0.4622,98.71,1512.1,0,3726
2,475,54.01,0.4982,103.47,1522.8,0,3725
2,476,55.4,0.4428,99.36,1508.3,0,3724
2,477,54.37,0.4178,100.91,1523.1,0,3723
2,478,52.92,0.4896,100.9,1526.6,0,3722
2,479,54.01,0.5232,99.05,1519.1,0,3721
2,480,55.21,0.4955,102.56,1540.9,0,3720
2,481,54.38,0.4588,99.09,1524.5,0,3719
2,482,56.6,0.466,103.9,1507.4,0,3718
2,483,53.46,0.4542,97.92,1518.2,0,3717
2,484,54.12,0.4497,96.4,1521.2,0,3716
2,485,53.85,0.4561,100.54,1525.5,0,3715
2,486,55.26,0.4844,98.16,1514.9,0,3714
2,487,56.73,0.482,99.37,1511.9,0,3713
2,488,55.1,0.521,100.11,1500.1,0,3712
2,489,54.85,0.4873,97.32,1503.9,0,3711
2,490,56.6,0.4822,101.36,1531.4,0,3710
2,491,57.88,0.5172,98.88,1518.0,0,3709
2,492,55.59,0.4851,97.36,1513.8,0,3708
2,493,52.8,0.5268,95.77,1521.8,0,3707
2,494,53.62,0.5206,98.3,1517.7,0,3706
2,495,55.8,0.4159,96.65,1516.1,0,3705
2,496,55.61,0.5339,96.6,1513.5,0,3704
2,497,52.61,0.537,95.64,1514.5,0,3703
2,498,55.8,0.5105,95.91,1515.1,0,3702
2,499,55.97,0.4755,98.7,1509.3,0,3701
2,500,53.6,0.505,97.51,1507.6,0,3700
2,501,57.19,0.441,97.64,1519.6,0,3699
2,502,55.45,0.4778,94.16,1492.8,0,3698
2,503,55.93,0.5266,100.42,1494.9,0,3697
2,504,54.62,0.4907,97.82,1491.2,0,3696
2,505,57.34,0.5059,98.88,1517.9,0,3695
2,506,58.13,0.5975,94.23,1513.9,0,3694
2,507,55.56,0.4851,102.4,1496.6,0,3693
2,508,57.17,0.4307,98.17,1518.0,0,3692
2,509,54.04,0.5273,98.67,1498.9,0,3691
2,510,55.46,0.5726,97.7,1515.0,0,3690
2,511,54.29,0.5735,99.17,1506.0,0,3689
2,512,55.23,0.5175,96.64,1514.0,0,3688
2,513,54.36,0.5241,100.75,1493.8,0,3687
2,514,55.13,0.5681,97.58,1505.0,0,3686
2,515,56.29,0.533,100.91,1507.4,0,3685
2,516,53.56,0.474,96.76,1501.2,0,3684
2,517,54.04,0.5145,98.16,1484.4,0,3683
2,518,55.08,0.5304,95.88,1509.6,0,3682
2,519,56.32,0.5524,95.59,1493.9,0,3681
2,520,57.71,0.5144,96.92,1501.6,0,3680
2,521,55.17,0.5166,98.08,1485.6,0,3679
2,522,55.58,0.5215,96.61,1495.5,0,3678
2,523,55.12,0.5394,96.29,1503.1,0,3677
2,524,54.97,0.6043,97.38,1497.9,0,3676
2,525,55.89,0.5023,98.75,1515.3,0,3675
2,526,55.18,0.5741,100.75,1491.7,0,3674
2,527,56.72,0.5728,96.38,1487.1,0,3673
2,528,55.55,0.5258,95.56,1504.3,0,3672
2,529,56.56,0.5563,97.2,1491.1,0,3671
2,530,57.15,0.547,93.5,1506.7,0,3670
2,531,56.77,0.5509,99.12,1496.6,0,3669
2,532,55.02,0.5935,101.33,1495.5,0,3668
2,533,56.47,0.5718,97.64,1493.0,0,3667
2,534,56.82,0.6137,99.48,1484.7,0,3666
2,535,55.76,0.5941,100.46,1476.8,0,3665
2,536,57.81,0.5219,99.07,1487.3,0,3664
2,537,55.88,0.5783,98.21,1491.9,0,3663
2,538,55.46,0.5854,94.72,1486.2,0,3662
2,539,55.38,0.5358,95.17,1512.9,0,3661
2,540,56.49,0.5691,95.25,1496.1,0,3660
2,541,57.06,0.5665,97.66,1478.0,0,3659
2,542,55.97,0.5571,94.31,1507.0,0,3658
2,543,57.5,0.5633,93.43,1494.8,0,3657
2,544,58.62,0.6119,95.95,1485.2,0,3656
2,545,55.34,0.5405,93.74,1469.9,0,3655
2,546,57.18,0.5438,100.89,1499.4,0,3654
2,547,58.09,0.5623,96.18,1486.5,0,3653
2,548,55.76,0.5417,98.86,1507.5,0,3652
2,549,54.97,0.5457,94.02,1496.1,0,3651
2,550,57.2,0.5787,97.83,1498.5,0,3650
2,551,57.02,0.6073,99.53,1501.8,0,3649
2,552,55.76,0.5372,98.01,1479.3,0,3648
2,553,57.24,0.6691,99.32,1489.4,0,3647
2,554,57.05,0.5806,95.12,1473.6,0,3646
2,555,56.47,0.5213,98.51,1487.1,0,3645
2,556,57.42,0.4579,101.54,1483.6,0,3644
2,557,56.41,0.5724,95.76,1483.1,0,3643
2,558,57.46,0.5281,94.11,1487.0,0,3642
2,559,53.81,0.5954,97.14,1487.7,0,3641
2,560,56.31,0.5296,98.51,1491.8,0,3640
2,561,56.97,0.5166,101.11,1486.5,0,3639
2,562,55.56,0.4631,93.89,1486.7,0,3638
2,563,56.67,0.5137,96.21,1472.0,0,3637
2,564,56.28,0.4547,97.65,1485.1,0,3636
2,565,57.1,0.492,100.83,1476.2,0,3635
2,566,55.52,0.4795,98.17,1475.0,0,3634
2,567,55.55,0.4638,98.6,1473.5,0,3633
2,568,55.82,0.4931,96.86,1503.4,0,3632
2,569,56.0,0.5504,96.14,1480.0,0,3631
2,570,55.88,0.4475,95.82,1472.3,0,3630
2,571,57.19,0.4899,98.45,1461.6,0,3629
2,572,59.58,0.4966,97.15,1488.0,0,3628
2,573,58.4,0.5123,96.22,1480.1,0,3627
2,574,55.49,0.5374,97.54,1496.1,0,3626
2,575,58.97,0.4829,97.71,1472.3,0,3625
2,576,58.3,0.4407,97.65,1474.4,0,3624
2,577,57.41,0.4433,97.74,1481.9,0,3623
2,578,56.25,0.4494,103.29,1467.4,0,3622
2,579,59.57,0.4869,96.91,1473.6,0,3621
2,580,56.51,0.5172,99.26,1478.9,0,3620
2,581,57.32,0.4726,101.08,1470.2,0,3619
2,582,59.78,0.4476,97.18,1465.2,0,3618
2,583,58.19,0.4215,98.47,1471.6,0,3617
2,584,58.73,0.4525,98.81,1495.3,0,3616
2,585,57.9,0.3766,98.64,1495.5,0,3615
2,586,57.76,0.4692,94.08,1487.7,0,3614
2,587,58.15,0.4722,95.5,1492.8,0,3613
2,588,59.65,0.4647,96.33,1488.4,0,3612
2,589,58.13,0.479,100.06,1471.3,0,3611
2,590,58.93,0.4883,97.84,1469.9,0,3610
2,591,56.64,0.4222,98.75,1492.5,0,3609
2,592,58.86,0.3896,97.4,1478.4,0,3608
2,593,58.71,0.5132,98.26,1488.6,0,3607
2,594,58.48,0.4482,97.48,1487.9,0,3606
2,595,59.81,0.5043,98.7,1477.9,0,3605
2,596,60.23,0.4642,100.71,1474.4,0,3604
2,597,59.74,0.5468,94.13,1495.5,0,3603
2,598,58.71,0.4338,96.43,1482.2,0,3602
2,599,58.86,0.386,98.57,1487.3,0,3601
2,600,58.9,0.503,98.44,1492.5,0,3600
2,601,59.79,0.4353,99.83,1485.5,0,3599
2,602,57.51,0.4754,99.82,1498.6,0,3598
2,603,56.82,0.5042,94.85,1488.4,0,3597
2,604,60.17,0.4759,97.56,1484.5,0,3596
2,605,57.05,0.392,97.11,1485.3,0,3595
2,606,56.42,0.4343,95.82,1478.0,0,3594
2,607,60.73,0.4412,101.1,1484.8,0,3593
2,608,58.27,0.5195,93.9,1496.6,0,3592
2,609,57.01,0.4694,99.78,1482.8,0,3591
2,610,60.4,0.4235,98.27,1490.6,0,3590
2,611,59.07,0.4349,99.32,1499.5,0,3589
2,612,58.8,0.5007,101.47,1495.1,0,3588
2,613,59.0,0.4817,95.5,1486.8,0,3587
2,614,59.25,0.5137,99.5,1478.6,0,3586
2,615,59.76,0.433,99.72,1481.5,0,3585
2,616,58.71,0.4915,96.29,1476.9,0,3584
2,617,59.69,0.4127,99.41,1509.1,0,3583
2,618,59.48,0.4553,104.54,1500.8,0,3582
2,619,56.65,0.4396,97.6,1481.7,0,3581
2,620,57.84,0.4951,99.25,1500.3,0,3580
2,621,58.4,0.4861,96.22,1491.7,0,3579
2,622,59.41,0.6169,97.16,1494.3,0,3578
2,623,60.24,0.4724,100.4,1496.1,0,3577
2,624,61.98,0.5238,99.56,1505.3,0,3576
2,625,58.35,0.4593,97.38,1484.4,0,3575
2,626,60.2,0.499,96.35,1493.5,0,3574
2,627,60.56,0.5679,99.57,1493.3,0,3573
2,628,61.19,0.4396,101.02,1489.8,0,3572
2,629,59.78,0.5435,100.9,1517.3,0,3571
2,630,60.47,0.5016,101.72,1503.4,0,3570
2,631,60.42,0.5793,100.51,1507.1,0,3569
2,632,60.94,0.4529,100.13,1497.5,0,3568
2,633,60.91,0.45,98.58,1505.3,0,3567
2,634,56.73,0.4369,98.25,1522.8,0,3566
2,635,60.0,0.4864,104.36,1512.3,0,3565
2,636,60.71,0.4895,97.72,1502.4,0,3564
2,637,58.46,0.5377,101.64,1511.1,0,3563
2,638,62.22,0.6219,97.93,1500.1,0,3562
2,639,60.05,0.5024,100.51,1499.1,0,3561
2,640,61.92,0.5321,101.2,1513.4,0,3560
2,641,59.32,0.4855,103.91,1520.8,0,3559
2,642,60.54,0.5313,101.51,1514.1,0,3558
2,643,60.8,0.5704,101.94,1492.7,0,3557
2,644,60.15,0.5696,98.19,1515.0,0,3556
2,645,59.85,0.5999,97.83,1504.7,0,3555
2,646,61.42,0.558,99.77,1499.9,0,3554
2,647,61.23,0.4818,101.03,1517.0,0,3553
2,648,60.58,0.4794,100.37,1511.5,0,3552
2,649,62.28,0.5601,102.0,1516.7,0,3551
2,650,61.63,0.5318,98.07,1521.4,0,3550
2,651,60.68,0.5504,101.28,1508.5,0,3549
2,652,59.4,0.5637,100.54,1494.0,0,3548
2,653,62.41,0.5392,101.71,1500.6,0,3547
2,654,61.35,0.5612,101.16,1511.9,0,3546
2,655,60.24,0.5806,103.94,1523.9,0,3545
2,656,59.32,0.6091,100.15,1500.1,0,3544
2,657,63.34,0.5807,101.49,1510.7,0,3543
2,658,61.68,0.5282,99.57,1516.8,0,3542
2,659,60.53,0.5118,106.03,1522.1,0,3541
2,660,61.24,0.5593,102.69,1505.0,0,3540
2,661,59.33,0.5331,102.05,1510.8,0,3539
2,662,62.82,0.5958,98.47,1486.8,0,3538
2,663,61.92,0.4868,101.78,1524.7,0,3537
2,664,62.74,0.5418,101.11,1513.7,0,3536
2,665,59.7,0.5025,105.2,1517.4,0,3535
2,666,62.23,0.5192,101.43,1511.5,0,3534
2,667,61.43,0.551,98.2,1526.5,0,3533
2,668,62.58,0.4961,104.34,1508.8,0,3532
2,669,62.08,0.5127,102.24,1505.3,0,3531
2,670,61.63,0.5076,98.84,1517.1,0,3530
2,671,61.04,0.5316,103.73,1523.3,0,3529
2,672,61.51,0.4874,103.9,1545.4,0,3528
2,673,60.52,0.5266,103.16,1517.6,0,3527
2,674,62.01,0.4418,103.33,1505.7,0,3526
2,675,64.59,0.5218,100.99,1522.9,0,3525
2,676,63.34,0.5877,103.86,1534.1,0,3524
2,677,63.49,0.5689,108.15,1522.0,0,3523
2,678,62.78,0.4709,101.77,1512.4,0,3522
2,679,63.2,0.4592,98.71,1504.5,0,3521
2,680,62.42,0.5546,101.39,1526.7,0,3520
2,681,61.29,0.5727,102.75,1511.9,0,3519
2,682,61.5,0.514,102.34,1528.3,0,3518
2,683,63.91,0.5554,102.0,1528.3,0,3517
2,684,61.91,0.5101,102.76,1516.2,0,3516
2,685,62.62,0.4316,105.49,1525.7,0,3515
2,686,63.72,0.3763,100.43,1512.9,0,3514
2,687,62.28,0.5244,104.61,1508.8,0,3513
2,688,63.36,0.5234,99.67,1511.5,0,3512
2,689,61.59,0.5489,105.55,1512.8,0,3511
2,690,62.48,0.5217,102.5,1512.4,0,3510
2,691,62.27,0.4953,101.88,1509.1,0,3509
2,692,63.74,0.4803,100.21,1528.9,0,3508
2,693,63.67,0.478,103.21,1519.5,0,3507
2,694,63.66,0.4586,104.53,1527.5,0,3506
2,695,63.03,0.483,103.76,1526.8,0,3505
2,696,63.72,0.5114,101.22,1528.2,0,3504
2,697,62.39,0.5602,102.66,1511.1,0,3503
2,698,62.7,0.4843,102.08,1521.7,0,3502
2,699,64.08,0.481,105.2,1489.2,0,3501
2,700,63.14,0.5326,106.15,1511.2,0,3500
2,701,62.31,0.4918,105.07,1509.9,0,3499
2,702,63.35,0.4766,101.42,1530.8,0,3498
2,703,65.09,0.5277,103.94,1499.3,0,3497
2,704,63.13,0.4792,97.8,1502.6,0,3496
2,705,63.49,0.4911,103.76,1521.3,0,3495
2,706,64.42,0.4069,105.88,1514.6,0,3494
2,707,64.9,0.4389,103.64,1515.2,0,3493
2,708,64.04,0.4896,102.44,1510.3,0,3492
2,709,63.17,0.3968,102.49,1508.7,0,3491
2,710,64.68,0.5098,102.36,1534.0,0,3490
2,711,62.91,0.4014,104.6,1507.4,0,3489
2,712,66.22,0.4419,101.44,1516.5,0,3488
2,713,62.8,0.5309,103.73,1503.6,0,3487
2,714,64.75,0.4768,104.36,1519.1,0,3486
2,715,62.76,0.4343,105.17,1520.5,0,3485
2,716,65.41,0.5034,104.08,1514.2,0,3484
2,717,60.99,0.419,100.34,1491.1,0,3483
2,718,63.02,0.4481,103.12,1504.5,0,3482
2,719,61.76,0.3852,103.25,1512.1,0,3481
2,720,62.61,0.5144,105.72,1517.3,0,3480
2,721,64.57,0.4045,105.31,1507.4,0,3479
2,722,66.15,0.445,103.55,1524.9,0,3478
2,723,63.09,0.4169,100.84,1487.2,0,3477
2,724,63.76,0.4468,106.44,1500.9,0,3476
2,725,65.46,0.4731,101.68,1497.3,0,3475
2,726,63.83,0.4014,101.25,1507.9,0,3474
2,727,64.35,0.4281,102.16,1494.5,0,3473
2,728,61.77,0.439,102.29,1513.9,0,3472
2,729,64.89,0.4942,102.48,1497.7,0,3471
2,730,62.81,0.4612,101.48,1494.4,0,3470
2,731,64.06,0.4611,104.8,1494.3,0,3469
2,732,64.25,0.4382,101.29,1496.5,0,3468
2,733,62.88,0.4826,102.29,1508.3,0,3467
2,734,65.52,0.4856,100.36,1491.6,0,3466
2,735,64.84,0.4709,101.56,1509.9,0,3465
2,736,64.63,0.4335,104.46,1496.0,0,3464
2,737,64.85,0.4233,101.56,1489.9,0,3463
2,738,63.29,0.438,100.38,1494.8,0,3462
2,739,62.37,0.4646,101.89,1489.4,0,3461
2,740,66.19,0.4245,103.17,1494.2,0,3460
2,741,65.3,0.4251,104.48,1505.8,0,3459
2,742,67.0,0.4832,104.05,1494.0,0,3458
2,743,64.36,0.4606,101.94,1476.9,0,3457
2,744,63.58,0.4336,100.91,1490.0,0,3456
2,745,64.04,0.545,103.76,1490.8,0,3455
2,746,63.93,0.4075,102.15,1484.3,0,3454
2,747,64.51,0.4436,103.26,1500.9,0,3453
2,748,63.07,0.4338,101.05,1496.7,0,3452
2,749,62.92,0.5481,104.56,1499.8,0,3451
2,750,64.49,0.4933,102.2,1484.2,0,3450
2,751,65.19,0.4757,99.76,1490.7,0,3449
2,752,64.39,0.5002,98.93,1493.6,0,3448
2,753,66.04,0.4459,103.06,1479.1,0,3447
2,754,64.83,0.4611,101.94,1495.4,0,3446
2,755,64.22,0.4882,99.85,1493.8,0,3445
2,756,65.04,0.4866,102.02,1484.4,0,3444
2,757,65.13,0.4811,103.3,1483.7,0,3443
2,758,66.79,0.4925,100.7,1476.2,0,3442
2,759,63.19,0.4779,103.89,1486.4,0,3441
2,760,65.8,0.5344,100.9,1489.1,0,3440
2,761,62.87,0.5151,103.94,1485.4,0,3439
2,762,62.22,0.5488,102.53,1504.8,0,3438
2,763,62.93,0.5518,101.65,1487.6,0,3437
2,764,65.44,0.4989,99.37,1478.9,0,3436
2,765,65.59,0.5433,102.33,1476.1,0,3435
2,766,66.19,0.5014,102.42,1490.4,0,3434
2,767,62.65,0.5671,97.44,1489.8,0,3433
2,768,63.82,0.5637,102.68,1462.2,0,3432
2,769,63.63,0.5085,102.54,1488.4,0,3431
2,770,63.74,0.5562,102.73,1479.8,0,3430
2,771,64.03,0.4943,99.47,1500.6,0,3429
2,772,63.93,0.5581,101.32,1470.3,0,3428
2,773,65.76,0.5302,102.15,1484.0,0,3427
2,774,64.62,0.5693,100.96,1488.6,0,3426
2,775,64.57,0.4943,101.94,1485.8,0,3425
2,776,64.49,0.5586,100.93,1496.6,0,3424
2,777,65.53,0.5366,99.16,1476.0,0,3423
2,778,65.61,0.5093,98.31,1488.1,0,3422
2,779,66.14,0.4744,99.15,1464.6,0,3421
2,780,65.4,0.5546,99.95,1477.5,0,3420
2,781,66.07,0.5488,104.49,1490.4,0,3419
2,782,67.19,0.6127,95.29,1475.2,0,3418
2,783,65.11,0.5749,99.56,1481.1,0,3417
2,784,63.79,0.5259,99.35,1475.2,0,3416
2,785,63.14,0.5826,100.25,1478.8,0,3415
2,786,63.77,0.5674,102.3,1464.7,0,3414
2,787,65.06,0.5523,99.45,1483.8,0,3413
2,788,67.14,0.5761,98.79,1483.0,0,3412
2,789,64.45,0.5218,99.72,1481.9,0,3411
2,790,67.24,0.5079,102.36,1466.8,0,3410
2,791,65.09,0.5855,102.52,1466.9,0,3409
2,792,63.67,0.6005,98.36,1464.7,0,3408
2,793,63.99,0.53,98.79,1482.2,0,3407
2,794,64.55,0.5581,95.21,1479.2,0,3406
2,795,65.01,0.4551,100.8,1478.1,0,3405
2,796,64.53,0.577,99.99,1476.0,0,3404
2,797,64.98,0.5325,95.29,1462.7,0,3403
2,798,66.86,0.5881,99.97,1474.1,0,3402
2,799,66.26,0.5191,103.81,1472.4,0,3401
2,800,64.77,0.5055,100.33,1481.1,0,3400
2,801,62.49,0.5538,98.97,1476.6,0,3399
2,802,65.25,0.5615,95.28,1484.7,0,3398
2,803,65.22,0.4956,101.92,1488.6,0,3397
2,804,66.08,0.4954,98.35,1450.8,0,3396
2,805,64.9,0.5311,98.97,1480.8,0,3395
2,806,63.33,0.4929,97.99,1487.1,0,3394
2,807,64.79,0.4913,102.83,1490.4,0,3393
2,808,65.2,0.6119,97.97,1487.0,0,3392
2,809,63.32,0.4086,98.08,1482.7,0,3391
2,810,64.16,0.5125,101.15,1482.6,0,3390
2,811,63.49,0.5397,98.82,1485.2,0,3389
2,812,67.0,0.4966,100.81,1469.4,0,3388
2,813,63.56,0.4751,101.72,1491.9,0,3387
2,814,64.07,0.5082,100.33,1477.9,0,3386
2,815,65.03,0.4395,95.36,1488.7,0,3385
2,816,64.2,0.5571,97.6,1499.9,0,3384
2,817,64.86,0.5646,99.13,1491.9,0,3383
2,818,64.44,0.5046,98.19,1491.0,0,3382
2,819,64.92,0.5409,100.64,1485.1,0,3381
2,820,65.67,0.4874,100.88,1478.1,0,3380
2,821,65.09,0.3839,97.98,1490.0,0,3379
2,822,65.62,0.4999,96.82,1495.4,0,3378
2,823,64.61,0.4258,98.73,1486.3,0,3377
2,824,64.66,0.4644,95.47,1506.6,0,3376
2,825,63.94,0.4242,96.15,1494.8,0,3375
2,826,63.94,0.4804,95.53,1486.9,0,3374
2,827,63.77,0.526,97.61,1500.7,0,3373
2,828,65.16,0.4764,94.55,1495.6,0,3372
2,829,65.67,0.4745,95.17,1503.6,0,3371
2,830,65.24,0.4544,96.13,1492.1,0,3370
2,831,65.37,0.4724,96.02,1510.9,0,3369
2,832,64.58,0.4818,98.98,1493.9,0,3368
2,833,63.83,0.4254,97.5,1497.8,0,3367
2,834,65.92,0.4406,100.4,1497.0,0,3366
2,835,64.62,0.4461,97.67,1480.2,0,3365
2,836,61.87,0.5069,97.26,1505.1,0,3364
2,837,64.13,0.4372,102.63,1520.6,0,3363
2,838,63.77,0.4777,95.76,1483.9,0,3362
2,839,64.14,0.4688,94.34,1502.2,0,3361
2,840,62.25,0.4548,95.54,1493.8,0,3360
2,841,64.72,0.392,94.58,1501.0,0,3359
2,842,63.65,0.36,93.65,1520.4,0,3358
2,843,65.66,0.5028,97.44,1511.6,0,3357
2,844,61.94,0.433,94.54,1511.5,0,3356
2,845,65.54,0.5231,96.47,1510.8,0,3355
2,846,63.66,0.3949,96.97,1501.3,0,3354
2,847,64.63,0.4249,95.63,1488.1,0,3353
2,848,63.0,0.4179,97.47,1499.9,0,3352
2,849,64.49,0.4878,93.87,1513.3,0,3351
2,850,62.4,0.4802,95.26,1512.3,0,3350
2,851,64.55,0.4905,94.99,1491.8,0,3349
2,852,62.93,0.4824,95.58,1513.2,0,3348
2,853,62.02,0.4749,96.88,1518.0,0,3347
2,854,64.25,0.4017,94.62,1502.9,0,3346
2,855,64.51,0.5784,96.06,1515.7,0,3345
2,856,63.52,0.3776,98.73,1509.5,0,3344
2,857,64.63,0.5116,97.15,1513.4,0,3343
2,858,65.68,0.3639,95.28,1505.9,0,3342
2,859,64.97,0.4225,98.27,1508.8,0,3341
2,860,62.37,0.4322,96.83,1533.6,0,3340
2,861,61.12,0.5049,98.31,1495.0,0,3339
2,862,62.84,0.4155,96.1,1521.9,0,3338
2,863,62.11,0.458,99.9,1507.1,0,3337
2,864,64.93,0.4878,95.72,1513.9,0,3336
2,865,62.93,0.4977,97.66,1514.4,0,3335
2,866,62.16,0.4443,96.17,1525.7,0,3334
2,867,64.71,0.4298,93.53,1509.4,0,3333
2,868,63.75,0.4995,99.85,1510.5,0,3332
2,869,62.81,0.524,94.54,1538.5,0,3331
2,870,65.71,0.4287,95.02,1508.8,0,3330
2,871,63.79,0.4724,94.05,1516.4,0,3329
2,872,61.56,0.4589,94.84,1511.1,0,3328
2,873,61.4,0.5509,96.15,1525.0,0,3327
2,874,62.16,0.447,97.44,1531.2,0,3326
2,875,64.41,0.4349,96.74,1519.3,0,3325
2,876,65.07,0.4671,96.59,1533.3,0,3324
2,877,62.98,0.4996,98.15,1514.4,0,3323
2,878,62.32,0.4452,94.62,1497.4,0,3322
2,879,63.81,0.5319,97.31,1526.7,0,3321
2,880,64.57,0.4373,98.18,1512.1,0,3320
2,881,60.87,0.5409,97.79,1515.4,0,3319
2,882,62.39,0.5117,95.95,1514.5,0,3318
2,883,63.58,0.5263,96.87,1536.2,0,3317
2,884,63.88,0.5377,97.08,1503.1,0,3316
2,885,62.21,0.4974,99.79,1511.6,0,3315
2,886,63.12,0.5218,98.66,1492.7,0,3314
2,887,64.36,0.4947,95.71,1508.0,0,3313
2,888,59.73,0.4908,97.9,1518.8,0,3312
2,889,63.33,0.5117,94.4,1511.7,0,3311
2,890,64.34,0.4303,97.1,1524.7,0,3310
2,891,61.68,0.5684,98.02,1532.5,0,3309
2,892,61.55,0.5988,96.6,1519.0,0,3308
2,893,61.05,0.5677,96.36,1507.1,0,3307
2,894,62.27,0.5122,96.75,1529.1,0,3306
2,895,63.03,0.4846,92.07,1508.6,0,3305
2,896,61.14,0.5176,95.14,1493.7,0,3304
2,897,62.96,0.5763,98.71,1501.6,0,3303
2,898,63.87,0.4885,96.96,1519.0,0,3302
2,899,63.6,0.5963,99.67,1526.5,0,3301
2,900,64.53,0.5199,93.0,1516.4,0,3300
2,901,62.57,0.6016,98.88,1542.9,0,3299
2,902,62.19,0.5142,94.25,1515.3,0,3298
2,903,63.27,0.528,98.39,1500.1,0,3297
2,904,60.55,0.5268,97.13,1521.1,0,3296
2,905,60.54,0.5716,98.24,1515.1,0,3295
2,906,61.11,0.5825,98.85,1517.4,0,3294
2,907,60.33,0.5612,96.87,1521.2,0,3293
2,908,62.62,0.5357,96.57,1518.3,0,3292
2,909,61.85,0.4866,98.74,1531.7,0,3291
2,910,60.97,0.592,99.5,1530.4,0,3290
2,911,59.15,0.5764,96.88,1536.5,0,3289
2,912,60.27,0.6082,96.12,1517.7,0,3288
2,913,63.21,0.5576,103.29,1538.2,0,3287
2,914,63.76,0.5482,100.57,1516.5,0,3286
2,915,63.48,0.605,94.09,1512.4,0,3285
2,916,61.62,0.605,100.63,1523.1,0,3284
2,917,59.82,0.5326,98.26,1514.7,0,3283
2,918,60.4,0.5201,98.47,1526.5,0,3282
2,919,62.07,0.6081,100.6,1513.2,0,3281
2,920,63.91,0.4982,97.27,1516.5,0,3280
2,921,62.02,0.5434,98.56,1508.7,0,3279
2,922,61.01,0.5449,99.01,1530.9,0,3278
2,923,61.14,0.5389,101.32,1512.8,0,3277
2,924,59.44,0.4721,98.11,1493.9,0,3276
2,925,59.17,0.5069,98.8,1516.8,0,3275
2,926,60.01,0.5394,99.83,1503.9,0,3274
2,927,60.61,0.5069,101.04,1508.6,0,3273
2,928,59.46,0.4752,101.97,1485.2,0,3272
2,929,62.73,0.4817,100.13,1510.9,0,3271
2,930,59.63,0.5608,97.82,1501.4,0,3270
2,931,60.33,0.5951,100.42,1506.6,0,3269
2,932,59.49,0.5484,100.44,1498.4,0,3268
2,933,59.09,0.5034,103.45,1508.6,0,3267
2,934,59.47,0.5243,101.61,1509.0,0,3266
2,935,62.34,0.4951,98.83,1496.2,0,3265
2,936,61.02,0.5082,99.27,1498.4,0,3264
2,937,60.27,0.5746,105.19,1503.8,0,3263
2,938,59.94,0.5089,97.24,1505.6,0,3262
2,939,61.64,0.5692,99.16,1479.2,0,3261
2,940,60.46,0.5483,100.96,1531.8,0,3260
2,941,59.73,0.502,100.85,1503.4,0,3259
2,942,60.54,0.4699,100.67,1497.5,0,3258
2,943,58.82,0.5625,101.17,1502.7,0,3257
2,944,59.43,0.503,98.88,1484.1,0,3256
2,945,61.48,0.4571,106.04,1489.8,0,3255
2,946,62.16,0.5375,97.81,1503.0,0,3254
2,947,58.52,0.4641,97.06,1491.1,0,3253
2,948,59.49,0.4889,99.69,1498.3,0,3252
2,949,59.91,0.4872,102.78,1494.5,0,3251
2,950,59.45,0.4581,97.88,1504.3,0,3250
2,951,60.8,0.4293,98.05,1493.9,0,3249
2,952,58.22,0.4907,100.11,1494.8,0,3248
2,953,59.9,0.4228,100.9,1508.0,0,3247
2,954,60.45,0.487,100.1,1494.2,0,3246
2,955,61.54,0.4087,97.17,1499.4,0,3245
2,956,57.78,0.4346,100.04,1499.6,0,3244
2,957,59.13,0.4412,102.09,1495.6,0,3243
2,958,59.59,0.4287,98.66,1497.5,0,3242
2,959,58.93,0.414,97.11,1482.7,0,3241
2,960,57.96,0.5219,98.05,1472.9,0,3240
2,961,57.4,0.4914,99.37,1509.4,0,3239
2,962,60.14,0.4587,100.65,1502.3,0,3238
2,963,59.67,0.4906,99.63,1487.7,0,3237
2,964,60.41,0.4288,103.8,1476.9,0,3236
2,965,57.8,0.4606,104.61,1503.0,0,3235
2,966,58.18,0.4247,99.75,1501.1,0,3234
2,967,60.87,0.4651,105.41,1473.8,0,3233
2,968,59.83,0.4198,100.68,1492.1,0,3232
2,969,59.63,0.3948,102.07,1482.2,0,3231
2,970,59.39,0.4131,100.94,1503.1,0,3230
2,971,56.27,0.4403,99.69,1476.8,0,3229
2,972,59.93,0.3665,99.65,1476.6,0,3228
2,973,56.44,0.4252,100.67,1496.8,0,3227
2,974,57.64,0.4315,100.6,1496.5,0,3226
2,975,58.79,0.4816,99.8,1475.0,0,3225
2,976,58.58,0.4143,101.22,1483.9,0,3224
2,977,57.78,0.4689,102.02,1483.1,0,3223
2,978,58.23,0.4152,104.91,1484.9,0,3222
2,979,58.09,0.3801,99.11,1479.4,0,3221
2,980,58.82,0.482,106.66,1483.7,0,3220
2,981,58.7,0.4891,104.09,1486.3,0,3219
2,982,58.28,0.4162,102.66,1490.1,0,3218
2,983,58.59,0.4595,101.57,1482.3,0,3217
2,984,58.31,0.4962,101.04,1483.5,0,3216
2,985,58.3,0.4397,101.79,1492.4,0,3215
2,986,58.44,0.4623,104.74,1477.6,0,3214
2,987,57.67,0.4064,104.21,1481.4,0,3213
2,988,57.66,0.4794,103.96,1472.7,0,3212
2,989,58.98,0.4599,101.22,1479.8,0,3211
2,990,56.96,0.5058,104.3,1476.8,0,3210
2,991,56.32,0.4675,102.49,1476.6,0,3209
2,992,58.3,0.5656,99.73,1493.6,0,3208
2,993,58.17,0.4834,99.59,1462.7,0,3207
2,994,58.86,0.4964,102.71,1496.3,0,3206
2,995,57.59,0.518,102.71,1469.6,0,3205
2,996,57.72,0.4496,97.91,1474.8,0,3204
2,997,57.1,0.5373,103.26,1480.4,0,3203
2,998,55.61,0.4495,98.16,1488.5,0,3202
2,999,57.09,0.4595,103.34,1491.8,0,3201
2,1000,58.24,0.5232,101.72,1476.2,0,3200
2,1001,57.5,0.468,97.08,1481.6,0,3199
2,1002,58.4,0.5376,103.59,1489.7,0,3198
2,1003,57.92,0.5196,103.95,1472.0,0,3197
2,1004,56.94,0.4491,105.51,1483.7,0,3196
2,1005,59.89,0.5289,105.81,1468.2,0,3195
2,1006,58.99,0.5253,103.73,1485.4,0,3194
2,1007,56.51,0.4692,105.18,1491.2,0,3193
2,1008,56.87,0.5444,107.07,1471.6,0,3192
2,1009,58.73,0.491,100.18,1474.5,0,3191
2,1010,59.25,0.4951,105.92,1482.1,0,3190
2,1011,59.0,0.4798,102.7,1489.3,0,3189
2,1012,55.33,0.5241,103.25,1488.3,0,3188
2,1013,57.33,0.4844,103.55,1497.1,0,3187
2,1014,58.7,0.5033,103.63,1489.9,0,3186
2,1015,56.73,0.5127,104.27,1480.2,0,3185
2,1016,58.65,0.5008,103.81,1480.3,0,3184
2,1017,56.64,0.5359,100.29,1482.6,0,3183
2,1018,57.26,0.5016,105.06,1481.4,0,3182
2,1019,56.05,0.5652,102.77,1485.6,0,3181
2,1020,56.02,0.5602,105.01,1486.1,0,3180
2,1021,55.69,0.5802,99.89,1496.8,0,3179
2,1022,56.49,0.5063,101.82,1483.9,0,3178
2,1023,55.49,0.5371,103.78,1475.2,0,3177
2,1024,58.13,0.5253,105.47,1502.9,0,3176
2,1025,55.99,0.5445,98.44,1502.9,0,3175
2,1026,56.71,0.567,101.32,1472.4,0,3174
2,1027,56.0,0.5758,97.74,1486.9,0,3173
2,1028,57.77,0.6282,103.11,1495.6,0,3172
2,1029,56.46,0.5723,103.28,1477.8,0,3171
2,1030,57.09,0.5631,100.76,1497.4,0,3170
2,1031,56.47,0.5067,104.04,1473.2,0,3169
2,1032,57.83,0.5756,103.49,1494.6,0,3168
2,1033,55.99,0.4752,101.68,1482.9,0,3167
2,1034,53.93,0.5959,101.89,1491.1,0,3166
2,1035,56.53,0.6381,104.08,1487.8,0,3165
2,1036,56.36,0.5319,105.15,1490.1,0,3164
2,1037,55.69,0.4523,101.94,1494.6,0,3163
2,1038,55.56,0.5211,100.7,1491.6,0,3162
2,1039,55.91,0.5084,103.18,1488.6,0,3161
2,1040,56.0,0.5843,102.56,1495.0,0,3160
2,1041,57.02,0.6053,101.78,1508.8,0,3159
2,1042,55.55,0.5693,104.1,1509.4,0,3158
2,1043,56.78,0.4719,105.12,1498.7,0,3157
2,1044,53.6,0.5583,104.56,1512.7,0,3156
2,1045,56.09,0.5863,100.65,1510.6,0,3155
2,1046,53.93,0.6317,100.85,1512.5,0,3154
2,1047,56.61,0.4965,105.99,1485.0,0,3153
2,1048,58.68,0.6045,104.38,1490.8,0,3152
2,1049,54.3,0.568,102.0,1513.4,0,3151
2,1050,57.39,0.495,104.73,1510.1,0,3150
2,1051,54.7,0.5295,101.29,1479.6,0,3149
2,1052,55.53,0.5229,104.04,1511.5,0,3148
2,1053,56.57,0.4558,101.74,1491.8,0,3147
2,1054,54.54,0.4868,103.08,1494.9,0,3146
2,1055,55.61,0.5262,102.71,1493.8,0,3145
2,1056,54.22,0.5449,103.1,1490.7,0,3144
2,1057,56.77,0.5848,102.01,1521.0,0,3143
2,1058,55.06,0.5266,101.7,1525.2,0,3142
2,1059,54.84,0.5089,103.27,1499.8,0,3141
2,1060,54.92,0.576,97.6,1500.8,0,3140
2,1061,54.29,0.4708,100.46,1513.6,0,3139
2,1062,55.13,0.4274,102.48,1506.2,0,3138
2,1063,52.93,0.4521,102.06,1523.9,0,3137
2,1064,57.57,0.4313,103.66,1504.0,0,3136
2,1065,56.17,0.443,97.36,1506.2,0,3135
2,1066,55.32,0.5045,100.9,1513.7,0,3134
2,1067,53.35,0.4651,101.82,1509.1,0,3133
2,1068,55.92,0.4634,101.75,1495.2,0,3132
2,1069,55.63,0.4548,97.2,1533.1,0,3131
2,1070,54.02,0.4005,101.2,1530.6,0,3130
2,1071,55.25,0.5607,101.46,1514.1,0,3129
2,1072,54.88,0.5086,102.34,1516.1,0,3128
2,1073,51.89,0.4776,103.09,1506.0,0,3127
2,1074,55.36,0.5133,100.64,1509.2,0,3126
2,1075,56.06,0.5188,97.99,1509.7,0,3125
2,1076,53.72,0.4563,101.78,1527.0,0,3124
2,1077,54.64,0.4994,99.53,1512.4,0,3123
2,1078,55.19,0.4044,99.3,1505.4,0,3122
2,1079,54.14,0.5108,103.47,1511.4,0,3121
2,1080,55.32,0.5424,101.23,1533.1,0,3120
2,1081,56.07,0.4828,101.47,1505.7,0,3119
2,1082,55.05,0.422,100.43,1511.2,0,3118
2,1083,54.85,0.5335,99.61,1518.7,0,3117
2,1084,53.92,0.4274,100.12,1514.0,0,3116
2,1085,54.68,0.4808,98.63,1518.1,0,3115
2,1086,54.26,0.4711,101.64,1518.0,0,3114
2,1087,57.3,0.4365,101.35,1512.4,0,3113
2,1088,55.72,0.4799,102.9,1521.9,0,3112
2,1089,56.82,0.4801,103.03,1517.7,0,3111
2,1090,56.73,0.4525,99.85,1521.7,0,3110
2,1091,53.51,0.5639,100.39,1513.4,0,3109
2,1092,57.17,0.4348,100.8,1522.6,0,3108
2,1093,54.9,0.3776,99.29,1535.8,0,3107
2,1094,55.64,0.4138,102.89,1528.7,0,3106
2,1095,54.26,0.4514,104.21,1521.6,0,3105
2,1096,54.94,0.3949,100.85,1528.4,0,3104
2,1097,53.54,0.4082,102.24,1526.8,0,3103
2,1098,56.11,0.455,97.82,1513.2,0,3102
2,1099,54.96,0.4476,98.96,1523.4,0,3101
2,1100,55.32,0.4304,99.35,1517.8,0,3100
2,1101,54.17,0.4493,98.52,1517.1,0,3099
2,1102,55.0,0.4236,105.93,1509.6,0,3098
2,1103,54.86,0.5185,94.9,1504.8,0,3097
2,1104,54.56,0.4441,98.29,1509.3,0,3096
2,1105,53.42,0.4449,101.94,1532.8,0,3095
2,1106,55.11,0.4689,101.85,1525.6,0,3094
2,1107,56.41,0.4563,100.14,1506.9,0,3093
2,1108,54.52,0.5247,101.58,1523.2,0,3092
2,1109,57.34,0.4906,100.85,1533.2,0,3091
2,1110,55.27,0.4374,98.37,1511.2,0,3090
2,1111,56.22,0.4847,100.1,1532.3,0,3089
2,1112,55.73,0.461,99.51,1517.5,0,3088
2,1113,54.28,0.4667,96.21,1534.6,0,3087
2,1114,55.56,0.4208,101.51,1520.9,0,3086
2,1115,54.6,0.4207,99.0,1518.0,0,3085
2,1116,55.41,0.5607,97.67,1509.0,0,3084
2,1117,55.98,0.4314,103.03,1506.9,0,3083
2,1118,54.2,0.4955,97.0,1507.4,0,3082
2,1119,56.52,0.5336,96.37,1530.6,0,3081
2,1120,54.64,0.4694,98.61,1508.9,0,3080
2,1121,53.95,0.4389,100.33,1500.5,0,3079
2,1122,55.21,0.5374,99.68,1522.1,0,3078
2,1123,53.93,0.4708,99.34,1527.3,0,3077
2,1124,53.81,0.4382,98.36,1512.0,0,3076
2,1125,53.67,0.4848,101.24,1520.3,0,3075
2,1126,57.81,0.4777,101.01,1506.9,0,3074
2,1127,56.13,0.4537,96.82,1502.0,0,3073
2,1128,55.82,0.4424,100.32,1499.2,0,3072
2,1129,55.87,0.4502,97.56,1499.0,0,3071
2,1130,55.97,0.3648,98.28,1508.7,0,3070
2,1131,56.67,0.4977,99.05,1524.8,0,3069
2,1132,55.62,0.5054,95.11,1511.7,0,3068
2,1133,55.49,0.5032,100.91,1524.6,0,3067
2,1134,53.85,0.4175,99.13,1523.2,0,3066
2,1135,54.44,0.5464,100.51,1515.0,0,3065
2,1136,55.81,0.5706,93.39,1504.0,0,3064
2,1137,53.74,0.5106,99.41,1509.5,0,3063
2,1138,56.36,0.4937,98.17,1524.4,0,3062
2,1139,55.34,0.5381,98.6,1496.5,0,3061
2,1140,54.99,0.5008,94.52,1489.3,0,3060
2,1141,57.38,0.5471,96.86,1494.6,0,3059
2,1142,54.38,0.5132,99.3,1519.8,0,3058
2,1143,55.54,0.5614,99.27,1488.6,0,3057
2,1144,55.03,0.5361,94.34,1503.4,0,3056
2,1145,57.54,0.57,97.29,1495.9,0,3055
2,1146,54.62,0.5513,97.92,1500.6,0,3054
2,1147,55.52,0.5349,93.95,1505.4,0,3053
2,1148,54.91,0.4387,94.34,1496.3,0,3052
2,1149,56.23,0.4594,94.87,1505.0,0,3051
2,1150,56.62,0.5056,94.03,1512.5,0,3050
2,1151,53.92,0.5146,99.24,1504.6,0,3049
2,1152,55.18,0.4506,96.31,1498.6,0,3048
2,1153,55.99,0.5157,100.75,1511.1,0,3047
2,1154,56.36,0.5235,97.06,1504.5,0,3046
2,1155,55.33,0.5552,95.37,1513.5,0,3045
2,1156,55.8,0.4873,97.62,1516.5,0,3044
2,1157,56.79,0.6452,98.82,1506.1,0,3043
2,1158,56.98,0.5435,98.93,1494.5,0,3042
2,1159,53.18,0.5218,97.29,1485.0,0,3041
2,1160,55.74,0.6273,93.53,1509.7,0,3040
2,1161,55.34,0.5984,95.91,1490.0,0,3039
2,1162,56.19,0.5401,97.34,1489.4,0,3038
2,1163,56.74,0.5706,96.19,1510.5,0,3037
2,1164,55.07,0.5703,93.42,1498.4,0,3036
2,1165,55.68,0.5049,97.56,1473.6,0,3035
2,1166,56.22,0.5913,95.01,1478.1,0,3034
2,1167,56.78,0.5521,97.66,1488.2,0,3033
2,1168,55.25,0.5899,96.84,1502.5,0,3032
2,1169,56.11,0.5424,96.62,1489.9,0,3031
2,1170,54.78,0.5241,99.62,1494.9,0,3030
2,1171,56.22,0.5437,97.82,1484.7,0,3029
2,1172,56.34,0.5789,96.86,1479.9,0,3028
2,1173,54.83,0.5222,96.01,1495.7,0,3027
2,1174,57.56,0.5452,96.25,1493.4,0,3026
2,1175,57.09,0.5387,98.48,1482.7,0,3025
2,1176,55.29,0.4693,96.28,1500.4,0,3024
2,1177,56.74,0.5105,95.24,1486.9,0,3023
2,1178,56.77,0.5189,97.85,1478.8,0,3022
2,1179,54.32,0.505,97.14,1492.2,0,3021
2,1180,55.99,0.4929,95.16,1480.4,0,3020
2,1181,56.91,0.5537,94.81,1478.8,0,3019
2,1182,54.79,0.4894,92.67,1474.9,0,3018
2,1183,56.02,0.5041,95.74,1480.3,0,3017
2,1184,57.38,0.5205,97.1,1470.1,0,3016
2,1185,57.2,0.4867,96.2,1477.7,0,3015
2,1186,55.18,0.4681,98.57,1485.5,0,3014
2,1187,58.11,0.5294,96.7,1469.6,0,3013
2,1188,57.48,0.4473,100.03,1482.1,0,3012
2,1189,57.59,0.4762,95.81,1485.3,0,3011
2,1190,59.66,0.464,93.54,1466.9,0,3010
2,1191,56.71,0.534,95.87,1495.3,0,3009
2,1192,58.17,0.4786,100.24,1468.8,0,3008
2,1193,55.21,0.5636,96.76,1462.9,0,3007
2,1194,57.8,0.4774,94.18,1472.0,0,3006
2,1195,59.95,0.4356,93.91,1486.0,0,3005
2,1196,58.07,0.4825,99.51,1472.1,0,3004
2,1197,56.75,0.4689,99.86,1480.1,0,3003
2,1198,55.34,0.4687,97.33,1477.8,0,3002
2,1199,56.73,0.4186,97.29,1510.8,0,3001
2,1200,57.82,0.4796,101.76,1491.5,0,3000
2,1201,55.0,0.4901,95.16,1486.3,0,2999
2,1202,57.67,0.5087,96.03,1472.9,0,2998
2,1203,56.84,0.4964,101.56,1466.7,0,2997
2,1204,56.49,0.493,96.83,1493.2,0,2996
2,1205,57.92,0.5186,94.26,1494.3,0,2995
2,1206,56.89,0.4299,97.28,1495.9,0,2994
2,1207,56.91,0.4473,97.47,1490.1,0,2993
2,1208,57.03,0.4674,101.74,1472.3,0,2992
2,1209,56.43,0.4808,95.58,1485.7,0,2991
2,1210,58.13,0.4819,96.72,1472.8,0,2990
2,1211,55.63,0.5323,95.25,1478.6,0,2989
2,1212,58.06,0.4659,97.92,1480.7,0,2988
2,1213,58.6,0.4383,98.3,1493.3,0,2987
2,1214,59.12,0.3335,100.23,1486.1,0,2986
2,1215,58.49,0.3092,96.92,1472.3,0,2985
2,1216,59.51,0.4761,101.62,1503.6,0,2984
2,1217,56.57,0.4574,95.01,1474.5,0,2983
2,1218,57.72,0.45,97.63,1454.3,0,2982
2,1219,57.2,0.4417,95.27,1458.6,0,2981
2,1220,56.01,0.4268,100.27,1478.2,0,2980
2,1221,58.83,0.3626,97.09,1491.6,0,2979
2,1222,59.25,0.4858,98.77,1494.8,0,2978
2,1223,58.28,0.4816,97.0,1490.5,0,2977
2,1224,59.79,0.4569,100.18,1473.9,0,2976
2,1225,58.18,0.5074,94.05,1490.5,0,2975
2,1226,57.99,0.4463,96.8,1499.4,0,2974
2,1227,59.19,0.4859,97.93,1463.7,0,2973
2,1228,59.01,0.4239,99.48,1496.5,0,2972
2,1229,59.77,0.5193,97.49,1484.8,0,2971
2,1230,57.87,0.5096,99.01,1489.2,0,2970
2,1231,56.98,0.4529,98.44,1489.3,0,2969
2,1232,57.69,0.4915,100.88,1486.9,0,2968
2,1233,57.6,0.4935,98.51,1491.8,0,2967
2,1234,59.31,0.4369,98.83,1480.0,0,2966
2,1235,59.83,0.4805,97.29,1474.1,0,2965
2,1236,60.18,0.5149,94.62,1491.7,0,2964
2,1237,58.05,0.5014,99.32,1498.5,0,2963
2,1238,58.61,0.4434,100.36,1478.4,0,2962
2,1239,58.28,0.5039,98.71,1495.5,0,2961
2,1240,59.64,0.4936,96.16,1481.7,0,2960
2,1241,59.46,0.4469,98.33,1494.3,0,2959
2,1242,59.68,0.5411,101.81,1506.6,0,2958
2,1243,58.35,0.472,99.35,1498.8,0,2957
2,1244,58.12,0.3801,102.39,1484.9,0,2956
2,1245,59.12,0.4784,100.27,1483.5,0,2955
2,1246,58.18,0.5143,97.47,1493.1,0,2954
2,1247,61.41,0.4651,97.4,1498.2,0,2953
2,1248,60.13,0.4797,97.38,1492.8,0,2952
2,1249,58.14,0.5066,97.66,1512.0,0,2951
2,1250,61.01,0.4745,100.19,1501.0,0,2950
2,1251,59.41,0.4596,97.83,1500.0,0,2949
2,1252,59.86,0.4596,101.04,1493.9,0,2948
2,1253,61.01,0.4562,97.76,1507.9,0,2947
2,1254,60.38,0.5193,100.27,1497.9,0,2946
2,1255,59.32,0.5271,98.68,1491.8,0,2945
2,1256,60.49,0.5126,101.77,1499.0,0,2944
2,1257,58.18,0.5266,95.6,1516.5,0,2943
2,1258,58.46,0.4376,103.41,1500.3,0,2942
2,1259,60.81,0.4975,103.16,1495.0,0,2941
2,1260,60.07,0.6031,99.43,1497.7,0,2940
2,1261,59.06,0.5047,102.09,1501.9,0,2939
2,1262,60.39,0.5255,99.64,1521.5,0,2938
2,1263,60.84,0.4778,98.58,1493.0,0,2937
2,1264,59.14,0.4963,103.49,1502.6,0,2936
2,1265,61.6,0.5665,101.45,1517.2,0,2935
2,1266,61.8,0.6066,98.98,1489.6,0,2934
2,1267,61.19,0.4955,100.7,1499.7,0,2933
2,1268,59.16,0.5796,103.58,1506.3,0,2932
2,1269,60.85,0.5801,98.35,1519.1,0,2931
2,1270,61.88,0.5026,100.54,1505.0,0,2930
2,1271,59.92,0.5271,99.43,1517.9,0,2929
2,1272,59.82,0.5481,101.33,1512.9,0,2928
2,1273,59.56,0.5487,104.95,1509.5,0,2927
2,1274,59.81,0.537,101.13,1501.2,0,2926
2,1275,60.2,0.5847,99.33,1489.8,0,2925
2,1276,61.64,0.588,99.98,1528.2,0,2924
2,1277,62.29,0.4876,100.1,1519.7,0,2923
2,1278,59.46,0.5057,97.95,1507.1,0,2922
2,1279,61.76,0.5703,104.76,1512.8,0,2921
2,1280,61.99,0.598,98.14,1522.8,0,2920
2,1281,62.02,0.57,102.05,1513.7,0,2919
2,1282,62.52,0.5417,99.86,1517.8,0,2918
2,1283,59.86,0.5655,106.7,1509.8,0,2917
2,1284,60.09,0.5357,104.22,1524.7,0,2916
2,1285,62.59,0.5872,101.44,1533.6,0,2915
2,1286,62.67,0.5664,101.95,1497.6,0,2914
2,1287,59.46,0.5181,101.48,1517.3,0,2913
2,1288,60.51,0.5485,102.96,1504.2,0,2912
2,1289,62.62,0.5557,103.8,1534.2,0,2911
2,1290,61.62,0.5504,101.66,1523.1,0,2910
2,1291,62.67,0.5926,103.1,1498.7,0,2909
2,1292,61.85,0.5475,103.64,1528.1,0,2908
2,1293,62.56,0.5577,97.35,1519.1,0,2907
2,1294,60.49,0.5308,101.74,1512.5,0,2906
2,1295,60.98,0.5363,100.93,1531.7,0,2905
2,1296,61.13,0.6284,100.76,1514.3,0,2904
2,1297,62.41,0.581,100.14,1505.8,0,2903
2,1298,62.8,0.4549,98.88,1513.5,0,2902
2,1299,62.35,0.5929,105.15,1514.0,0,2901
2,1300,61.6,0.6036,102.08,1529.0,0,2900
2,1301,62.17,0.5538,104.39,1508.5,0,2899
2,1302,61.94,0.4617,101.67,1520.2,0,2898
2,1303,62.29,0.5444,102.87,1534.2,0,2897
2,1304,62.72,0.5118,103.32,1525.1,0,2896
2,1305,62.59,0.607,102.23,1518.3,0,2895
2,1306,62.26,0.5073,98.2,1530.9,0,2894
2,1307,60.84,0.5161,101.58,1510.9,0,2893
2,1308,61.37,0.5227,101.34,1515.2,0,2892
2,1309,62.12,0.6051,102.37,1529.4,0,2891
2,1310,60.73,0.5027,100.48,1499.1,0,2890
2,1311,63.81,0.6122,103.7,1516.9,0,2889
2,1312,62.94,0.5892,104.15,1510.9,0,2888
2,1313,64.82,0.5378,101.24,1509.0,0,2887
2,1314,63.82,0.5194,100.1,1526.0,0,2886
2,1315,63.12,0.4291,101.74,1498.7,0,2885
2,1316,63.6,0.4522,101.72,1500.1,0,2884
2,1317,64.4,0.5203,105.56,1519.0,0,2883
2,1318,62.36,0.5175,101.08,1527.7,0,2882
2,1319,63.27,0.5144,102.23,1500.5,0,2881
2,1320,62.9,0.5026,105.17,1528.2,0,2880
2,1321,63.21,0.5704,104.89,1531.1,0,2879
2,1322,63.32,0.4695,101.68,1530.3,0,2878
2,1323,63.46,0.5665,104.57,1505.7,0,2877
2,1324,64.25,0.4641,101.25,1514.4,0,2876
2,1325,65.26,0.4098,102.14,1522.5,0,2875
2,1326,62.85,0.4568,101.72,1501.6,0,2874
2,1327,62.12,0.457,103.51,1525.6,0,2873
2,1328,62.76,0.526,101.87,1533.7,0,2872
2,1329,64.4,0.4945,102.0,1515.2,0,2871
2,1330,63.24,0.5301,104.47,1505.4,0,2870
2,1331,61.76,0.5099,104.09,1531.5,0,2869
2,1332,63.98,0.5416,104.45,1509.1,0,2868
2,1333,63.05,0.5399,105.29,1514.7,0,2867
2,1334,62.97,0.4651,102.66,1518.9,0,2866
2,1335,63.27,0.4547,101.16,1507.9,0,2865
2,1336,62.58,0.5242,101.53,1526.3,0,2864
2,1337,63.27,0.4239,105.67,1510.0,0,2863
2,1338,64.4,0.3966,102.05,1493.4,0,2862
2,1339,66.08,0.4349,105.11,1515.4,0,2861
2,1340,65.73,0.4589,105.73,1522.6,0,2860
2,1341,61.83,0.321,103.57,1517.4,0,2859
2,1342,63.77,0.4886,102.61,1521.7,0,2858
2,1343,64.84,0.4289,105.5,1514.1,0,2857
2,1344,64.99,0.4221,102.62,1502.5,0,2856
2,1345,63.43,0.4636,98.48,1512.1,0,2855
2,1346,63.22,0.5249,103.59,1500.7,0,2854
2,1347,65.65,0.4793,97.4,1511.1,0,2853
2,1348,65.39,0.5325,100.72,1503.8,0,2852
2,1349,63.19,0.4163,101.76,1496.0,0,2851
2,1350,64.61,0.4485,104.54,1534.1,0,2850
2,1351,64.38,0.4069,103.06,1500.5,0,2849
2,1352,64.02,0.3966,105.7,1505.6,0,2848
2,1353,65.09,0.4451,102.94,1526.6,0,2847
2,1354,64.64,0.4859,102.61,1505.7,0,2846
2,1355,62.83,0.3689,103.72,1518.2,0,2845
2,1356,62.42,0.4466,102.06,1512.6,0,2844
2,1357,65.43,0.4301,100.71,1506.4,0,2843
2,1358,63.58,0.4782,101.96,1515.6,0,2842
2,1359,65.05,0.4765,104.56,1522.9,0,2841
2,1360,64.64,0.4647,103.3,1503.1,0,2840
2,1361,67.12,0.4554,101.07,1490.4,0,2839
2,1362,63.96,0.4857,100.23,1500.2,0,2838
2,1363,65.06,0.3917,103.45,1508.3,0,2837
2,1364,65.31,0.5256,99.69,1488.3,0,2836
2,1365,64.31,0.4518,106.53,1485.9,0,2835
2,1366,64.71,0.433,103.42,1500.0,0,2834
2,1367,64.02,0.4528,101.12,1504.5,0,2833
2,1368,64.14,0.4224,101.66,1486.8,0,2832
2,1369,64.42,0.4322,100.77,1496.2,0,2831
2,1370,65.16,0.4368,101.01,1496.0,0,2830
2,1371,65.76,0.4551,98.86,1497.2,0,2829
2,1372,63.1,0.4168,104.48,1476.2,0,2828
2,1373,65.69,0.54,105.06,1488.3,0,2827
2,1374,65.21,0.4823,102.46,1486.6,0,2826
2,1375,65.75,0.5545,100.65,1494.5,0,2825
2,1376,63.56,0.4916,100.74,1493.2,0,2824
2,1377,63.4,0.49,103.85,1504.6,0,2823
2,1378,64.56,0.4865,99.45,1478.5,0,2822
2,1379,63.77,0.4643,98.6,1492.2,0,2821
2,1380,64.33,0.397,102.28,1508.0,0,2820
2,1381,64.58,0.4476,100.41,1484.6,0,2819
2,1382,66.7,0.4793,101.02,1485.3,0,2818
2,1383,65.83,0.547,101.74,1467.1,0,2817
2,1384,65.22,0.4437,103.31,1485.3,0,2816
2,1385,62.89,0.4857,99.95,1507.4,0,2815
2,1386,67.0,0.4997,96.88,1480.0,0,2814
2,1387,62.43,0.5102,102.67,1503.0,0,2813
2,1388,64.24,0.5368,98.82,1481.3,0,2812
2,1389,65.66,0.5055,103.43,1490.2,0,2811
2,1390,67.69,0.5133,100.52,1481.0,0,2810
2,1391,65.62,0.529,100.37,1488.2,0,2809
2,1392,64.4,0.5353,103.28,1473.8,0,2808
2,1393,63.69,0.5585,100.08,1482.8,0,2807
2,1394,66.99,0.4972,99.36,1485.3,0,2806
2,1395,64.36,0.4682,103.94,1494.5,0,2805
2,1396,67.19,0.5342,97.16,1480.1,0,2804
2,1397,65.83,0.4775,100.37,1488.7,0,2803
2,1398,65.22,0.5189,103.39,1483.5,0,2802
2,1399,65.73,0.5254,102.24,1470.3,0,2801
2,1400,66.36,0.5813,99.54,1486.1,0,2800
2,1401,65.77,0.5584,100.89,1476.0,0,2799
2,1402,62.8,0.4298,99.64,1497.6,0,2798
2,1403,66.29,0.61,100.57,1490.7,0,2797
2,1404,62.18,0.5078,99.71,1492.5,0,2796
2,1405,65.19,0.589,99.49,1482.3,0,2795
2,1406,63.87,0.6,98.61,1471.6,0,2794
2,1407,64.22,0.5676,98.76,1467.5,0,2793
2,1408,64.16,0.5926,102.27,1478.6,0,2792
2,1409,64.42,0.5701,102.76,1479.2,0,2791
2,1410,65.19,0.5508,98.97,1469.6,0,2790
2,1411,64.32,0.6139,102.01,1488.3,0,2789
2,1412,65.59,0.5359,98.99,1467.8,0,2788
2,1413,64.41,0.5508,97.9,1474.2,0,2787
2,1414,61.6,0.5499,98.95,1475.7,0,2786
2,1415,63.17,0.5871,98.66,1503.6,0,2785
2,1416,64.0,0.5076,96.88,1485.2,0,2784
2,1417,64.13,0.5638,102.55,1451.2,0,2783
2,1418,63.85,0.5104,102.42,1475.6,0,2782
2,1419,64.28,0.5266,100.41,1475.4,0,2781
2,1420,65.47,0.5069,101.38,1470.2,0,2780
2,1421,64.9,0.4774,97.57,1474.2,0,2779
2,1422,66.37,0.5434,98.21,1494.4,0,2778
2,1423,64.59,0.5281,102.45,1490.0,0,2777
2,1424,63.59,0.5307,95.73,1476.9,0,2776
2,1425,65.02,0.5575,97.98,1486.8,0,2775
2,1426,64.94,0.5495,96.63,1485.1,0,2774
2,1427,66.05,0.5061,101.74,1466.3,0,2773
2,1428,64.41,0.4937,95.05,1480.9,0,2772
2,1429,66.28,0.5541,100.5,1463.2,0,2771
2,1430,63.3,0.563,96.18,1481.3,0,2770
2,1431,64.46,0.5028,98.54,1498.7,0,2769
2,1432,65.05,0.4761,100.79,1485.2,0,2768
2,1433,67.82,0.5719,99.99,1479.2,0,2767
2,1434,65.87,0.5028,98.45,1492.2,0,2766
2,1435,63.15,0.5583,96.56,1484.1,0,2765
2,1436,65.64,0.547,101.07,1497.3,0,2764
2,1437,66.83,0.5861,99.88,1488.9,0,2763
2,1438,64.23,0.5806,97.54,1481.2,0,2762
2,1439,65.27,0.4434,99.65,1468.7,0,2761
2,1440,67.56,0.5394,98.95,1494.2,0,2760
2,1441,67.07,0.5378,97.07,1502.5,0,2759
2,1442,64.01,0.4791,97.51,1493.0,0,2758
2,1443,64.06,0.4562,98.09,1478.6,0,2757
2,1444,66.61,0.5568,98.51,1480.4,0,2756
2,1445,66.22,0.4847,98.05,1468.6,0,2755
2,1446,63.33,0.5068,96.6,1491.3,0,2754
2,1447,65.54,0.4967,99.34,1500.6,0,2753
2,1448,66.68,0.5012,100.65,1498.0,0,2752
2,1449,67.93,0.4168,98.73,1494.1,0,2751
2,1450,63.6,0.482,98.5,1505.1,0,2750
2,1451,63.88,0.5233,95.13,1486.6,0,2749
2,1452,66.75,0.5052,99.97,1484.6,0,2748
2,1453,63.39,0.5385,100.64,1484.0,0,2747
2,1454,64.52,0.4543,97.99,1479.7,0,2746
2,1455,64.45,0.4684,97.77,1493.2,0,2745
2,1456,63.77,0.4798,98.02,1482.6,0,2744
2,1457,63.66,0.4377,95.51,1496.9,0,2743
2,1458,63.4,0.4509,97.17,1489.7,0,2742
2,1459,64.18,0.4652,99.26,1497.2,0,2741
2,1460,63.92,0.4534,97.59,1495.3,0,2740
2,1461,63.61,0.4449,97.93,1500.7,0,2739
2,1462,62.58,0.4861,97.82,1511.1,0,2738
2,1463,66.49,0.4183,98.66,1510.5,0,2737
2,1464,65.05,0.403,93.28,1510.0,0,2736
2,1465,64.75,0.485,98.09,1494.8,0,2735
2,1466,65.5,0.507,97.36,1505.3,0,2734
2,1467,63.17,0.4293,96.64,1494.3,0,2733
2,1468,64.34,0.5118,98.44,1496.9,0,2732
2,1469,66.1,0.4719,99.3,1517.1,0,2731
2,1470,66.0,0.4233,97.39,1495.5,0,2730
2,1471,63.94,0.3951,99.4,1497.2,0,2729
2,1472,65.24,0.455,98.61,1496.7,0,2728
2,1473,64.1,0.4013,96.42,1533.1,0,2727
2,1474,64.8,0.4463,96.31,1486.8,0,2726
2,1475,64.31,0.4249,98.73,1510.0,0,2725
2,1476,61.21,0.4234,96.73,1521.2,0,2724
2,1477,66.09,0.4627,96.4,1503.5,0,2723
2,1478,64.81,0.4407,95.71,1512.4,0,2722
2,1479,63.14,0.4591,98.75,1502.2,0,2721
2,1480,63.66,0.5072,95.39,1502.3,0,2720
2,1481,63.84,0.4505,93.6,1495.5,0,2719
2,1482,64.99,0.4126,95.68,1504.5,0,2718
2,1483,65.31,0.4833,94.07,1515.4,0,2717
2,1484,65.19,0.4341,96.93,1488.2,0,2716
2,1485,64.8,0.5016,96.49,1506.4,0,2715
2,1486,62.45,0.4151,93.29,1503.7,0,2714
2,1487,64.63,0.4665,97.28,1508.9,0,2713
2,1488,64.25,0.4793,96.11,1519.7,0,2712
2,1489,63.53,0.4328,93.52,1516.2,0,2711
2,1490,63.51,0.4897,98.01,1502.5,0,2710
2,1491,64.7,0.4643,104.64,1506.2,0,2709
2,1492,64.51,0.4341,94.49,1505.4,0,2708
2,1493,63.54,0.4217,94.37,1507.3,0,2707
2,1494,61.19,0.4992,99.12,1496.9,0,2706
2,1495,61.38,0.5308,97.83,1525.0,0,2705
2,1496,61.63,0.4513,100.94,1523.4,0,2704
2,1497,63.33,0.5465,96.37,1536.7,0,2703
2,1498,63.86,0.5103,97.54,1529.0,0,2702
2,1499,64.17,0.4734,94.82,1526.8,0,2701
2,1500,65.04,0.564,93.91,1525.8,0,2700
2,1501,63.79,0.4658,98.69,1510.1,0,2699
2,1502,61.3,0.5014,96.42,1513.9,0,2698
2,1503,64.87,0.5518,94.67,1511.3,0,2697
2,1504,65.72,0.4828,92.41,1522.0,0,2696
2,1505,64.41,0.496,95.99,1524.6,0,2695
2,1506,63.86,0.4943,95.57,1530.7,0,2694
2,1507,65.0,0.4671,96.65,1511.4,0,2693
2,1508,62.33,0.5227,98.82,1518.2,0,2692
2,1509,64.1,0.483,100.6,1538.8,0,2691
2,1510,63.21,0.4737,97.0,1529.2,0,2690
2,1511,62.65,0.5206,96.48,1522.8,0,2689
2,1512,59.71,0.516,95.11,1544.3,0,2688
2,1513,61.3,0.4646,96.48,1519.2,0,2687
2,1514,63.3,0.5133,95.62,1519.0,0,2686
2,1515,63.77,0.4955,97.48,1532.5,0,2685
2,1516,62.35,0.575,102.1,1502.1,0,2684
2,1517,63.34,0.5084,93.26,1536.2,0,2683
2,1518,62.17,0.5137,97.25,1511.2,0,2682
2,1519,62.25,0.5411,97.43,1523.9,0,2681
2,1520,61.62,0.5598,98.43,1516.3,0,2680
2,1521,62.31,0.56,98.99,1522.8,0,2679
2,1522,63.08,0.4422,98.05,1509.1,0,2678
2,1523,63.17,0.4952,95.88,1527.0,0,2677
2,1524,62.95,0.5536,94.88,1510.0,0,2676
2,1525,61.64,0.5261,95.97,1521.7,0,2675
2,1526,61.64,0.5257,96.1,1517.6,0,2674
2,1527,62.08,0.5848,97.53,1532.6,0,2673
2,1528,61.27,0.5285,96.32,1533.5,0,2672
2,1529,61.37,0.5762,94.77,1533.0,0,2671
2,1530,62.3,0.5834,100.93,1496.8,0,2670
2,1531,61.31,0.6271,96.36,1527.8,0,2669
2,1532,61.7,0.5017,94.3,1525.3,0,2668
2,1533,60.73,0.5043,95.79,1514.1,0,2667
2,1534,62.4,0.5529,96.81,1504.6,0,2666
2,1535,62.03,0.5729,96.52,1529.0,0,2665
2,1536,62.2,0.5179,98.05,1511.4,0,2664
2,1537,60.99,0.5761,97.11,1510.1,0,2663
2,1538,63.02,0.5797,101.98,1507.5,0,2662
2,1539,61.95,0.4805,96.31,1500.2,0,2661
2,1540,61.9,0.5247,99.75,1522.7,0,2660
2,1541,62.41,0.5178,96.62,1512.6,0,2659
2,1542,63.99,0.5496,96.59,1515.9,0,2658
2,1543,59.01,0.5587,95.84,1520.3,0,2657
2,1544,61.62,0.5458,99.23,1511.6,0,2656
2,1545,60.83,0.5643,98.79,1511.6,0,2655
2,1546,60.18,0.5531,98.19,1509.8,0,2654
2,1547,59.23,0.4958,97.86,1511.7,0,2653
2,1548,63.71,0.4649,100.6,1497.5,0,2652
2,1549,61.15,0.5334,98.34,1493.4,0,2651
2,1550,62.75,0.4653,96.84,1516.3,0,2650
2,1551,61.99,0.4613,99.8,1520.3,0,2649
2,1552,59.81,0.5361,93.69,1508.6,0,2648
2,1553,61.22,0.5298,101.68,1525.1,0,2647
2,1554,61.39,0.5134,98.74,1512.5,0,2646
2,1555,61.31,0.4657,96.21,1510.9,0,2645
2,1556,61.65,0.5376,102.16,1506.0,0,2644
2,1557,59.01,0.4979,102.36,1506.5,0,2643
2,1558,61.94,0.4675,100.28,1505.8,0,2642
2,1559,61.38,0.4768,103.04,1514.9,0,2641
2,1560,60.38,0.4821,99.89,1501.2,0,2640
2,1561,62.12,0.5198,97.48,1511.9,0,2639
2,1562,61.41,0.5757,99.32,1513.4,0,2638
2,1563,60.52,0.563,98.06,1513.0,0,2637
2,1564,61.83,0.5221,105.72,1509.0,0,2636
2,1565,60.45,0.504,100.45,1507.4,0,2635
2,1566,61.45,0.5235,99.47,1499.5,0,2634
2,1567,61.3,0.4902,99.64,1494.3,0,2633
2,1568,58.04,0.3955,100.41,1513.7,0,2632
2,1569,62.32,0.4945,99.38,1488.1,0,2631
2,1570,61.2,0.456,98.87,1511.5,0,2630
2,1571,60.95,0.4427,97.41,1482.2,0,2629
2,1572,59.44,0.4709,100.42,1498.2,0,2628
2,1573,61.16,0.5006,99.47,1492.8,0,2627
2,1574,57.2,0.5431,102.21,1494.1,0,2626
2,1575,59.63,0.4909,101.19,1488.1,0,2625
2,1576,59.54,0.4669,98.35,1492.4,0,2624
2,1577,60.7,0.4984,100.58,1493.8,0,2623
2,1578,58.21,0.3819,98.34,1487.9,0,2622
2,1579,59.67,0.5095,102.36,1481.6,0,2621
2,1580,59.54,0.5132,98.45,1483.4,0,2620
2,1581,59.08,0.4667,103.56,1497.9,0,2619
2,1582,58.43,0.4201,99.51,1502.7,0,2618
2,1583,59.65,0.4803,102.17,1506.0,0,2617
2,1584,58.04,0.4047,103.59,1473.5,0,2616
2,1585,58.97,0.5175,101.44,1494.7,0,2615
2,1586,56.96,0.4569,102.22,1487.1,0,2614
2,1587,57.81,0.4428,101.32,1473.3,0,2613
2,1588,58.31,0.5004,100.98,1489.6,0,2612
2,1589,59.99,0.4106,98.4,1476.9,0,2611
2,1590,58.15,0.4514,102.92,1499.9,0,2610
2,1591,57.82,0.5005,102.56,1484.7,0,2609
2,1592,58.52,0.4397,102.38,1490.2,0,2608
2,1593,59.97,0.4723,97.55,1500.6,0,2607
2,1594,60.88,0.4323,103.87,1492.0,0,2606
2,1595,59.11,0.5074,101.48,1483.9,0,2605
2,1596,57.16,0.4861,99.74,1485.2,0,2604
2,1597,57.03,0.4803,101.89,1473.2,0,2603
2,1598,58.34,0.4788,100.77,1488.2,0,2602
2,1599,56.25,0.4252,101.14,1483.9,0,2601
2,1600,58.8,0.4579,102.8,1502.1,0,2600
2,1601,59.24,0.4234,101.24,1480.4,0,2599
2,1602,56.16,0.4629,100.81,1489.5,0,2598
2,1603,57.88,0.4371,98.92,1462.8,0,2597
2,1604,58.31,0.4898,101.3,1479.2,0,2596
2,1605,59.37,0.44,98.1,1466.6,0,2595
2,1606,58.95,0.4088,100.65,1479.8,0,2594
2,1607,57.04,0.4602,99.79,1489.3,0,2593
2,1608,60.1,0.4634,103.81,1480.2,0,2592
2,1609,56.93,0.4344,101.77,1464.9,0,2591
2,1610,58.51,0.4709,101.37,1491.3,0,2590
2,1611,58.11,0.4563,105.85,1487.0,0,2589
2,1612,58.69,0.4392,100.36,1489.2,0,2588
2,1613,58.32,0.4611,101.88,1478.2,0,2587
2,1614,59.62,0.4818,101.29,1465.1,0,2586
2,1615,57.3,0.5162,101.65,1486.0,0,2585
2,1616,56.53,0.4932,103.9,1475.2,0,2584
2,1617,59.92,0.4262,101.97,1482.6,0,2583
2,1618,58.53,0.4313,102.22,1470.1,0,2582
2,1619,56.26,0.547,101.91,1477.0,0,2581
2,1620,55.25,0.4949,102.32,1476.4,0,2580
2,1621,58.59,0.4041,103.03,1491.6,0,2579
2,1622,56.83,0.4589,100.91,1504.2,0,2578
2,1623,60.26,0.4487,101.81,1479.9,0,2577
2,1624,58.25,0.5235,100.95,1477.1,0,2576
2,1625,57.72,0.4737,102.56,1468.1,0,2575
2,1626,58.6,0.5278,101.74,1487.5,0,2574
2,1627,59.37,0.4928,104.14,1481.2,0,2573
2,1628,55.81,0.5457,103.62,1464.3,0,2572
2,1629,55.97,0.463,102.12,1497.4,0,2571
2,1630,56.56,0.4781,100.21,1468.3,0,2570
2,1631,57.97,0.5303,99.34,1473.2,0,2569
2,1632,55.7,0.4517,98.57,1469.1,0,2568
2,1633,57.13,0.4896,100.79,1485.6,0,2567
2,1634,54.71,0.5243,104.0,1488.4,0,2566
2,1635,57.26,0.4875,101.64,1485.7,0,2565
2,1636,57.44,0.5242,104.71,1490.6,0,2564
2,1637,55.92,0.5026,101.23,1480.9,0,2563
2,1638,56.85,0.5752,101.53,1468.2,0,2562
2,1639,57.71,0.4726,104.87,1475.9,0,2561
2,1640,55.71,0.5115,105.97,1483.3,0,2560
2,1641,57.47,0.5002,102.93,1495.9,0,2559
2,1642,58.45,0.5188,106.22,1484.5,0,2558
2,1643,58.36,0.5743,102.02,1482.6,0,2557
2,1644,55.34,0.5833,105.25,1495.4,0,2556
2,1645,56.69,0.5441,99.22,1491.2,0,2555
2,1646,56.07,0.5537,104.59,1488.7,0,2554
2,1647,56.45,0.5528,103.05,1475.9,0,2553
2,1648,57.63,0.5493,98.98,1497.5,0,2552
2,1649,52.67,0.5519,100.82,1497.1,0,2551
2,1650,55.51,0.5567,101.89,1487.9,0,2550
2,1651,55.71,0.5396,101.61,1479.3,0,2549
2,1652,57.24,0.5491,100.64,1480.3,0,2548
2,1653,58.84,0.4245,106.3,1489.0,0,2547
2,1654,56.96,0.5541,100.14,1480.2,0,2546
2,1655,57.61,0.5076,106.9,1494.8,0,2545
2,1656,56.95,0.4931,104.44,1475.5,0,2544
2,1657,57.65,0.557,102.12,1480.0,0,2543
2,1658,56.1,0.5499,103.22,1484.4,0,2542
2,1659,56.48,0.5431,103.6,1504.9,0,2541
2,1660,58.04,0.5465,101.98,1489.4,0,2540
2,1661,57.74,0.493,104.19,1484.8,0,2539
2,1662,58.14,0.5883,106.08,1481.8,0,2538
2,1663,55.78,0.5014,102.04,1507.0,0,2537
2,1664,55.27,0.4915,99.95,1506.7,0,2536
2,1665,56.32,0.5366,104.35,1496.4,0,2535
2,1666,54.04,0.5361,102.99,1494.9,0,2534
2,1667,53.28,0.5305,97.9,1506.8,0,2533
2,1668,56.5,0.5824,104.11,1500.3,0,2532
2,1669,56.78,0.5923,104.07,1474.2,0,2531
2,1670,55.55,0.639,102.19,1497.2,0,2530
2,1671,53.69,0.5244,103.13,1507.3,0,2529
2,1672,57.91,0.4814,101.41,1497.4,0,2528
2,1673,54.31,0.5342,103.78,1487.7,0,2527
2,1674,57.0,0.4773,103.8,1506.8,0,2526
2,1675,55.78,0.5449,99.5,1501.2,0,2525
2,1676,55.54,0.5547,104.36,1509.5,0,2524
2,1677,57.23,0.5515,105.94,1493.7,0,2523
2,1678,55.95,0.5311,102.76,1505.5,0,2522
2,1679,57.92,0.5801,101.6,1489.3,0,2521
2,1680,52.95,0.5656,101.11,1510.7,0,2520
2,1681,55.44,0.5495,106.81,1490.5,0,2519
2,1682,55.88,0.5,101.08,1488.3,0,2518
2,1683,55.47,0.5124,103.17,1514.2,0,2517
2,1684,57.37,0.4791,99.72,1522.3,0,2516
2,1685,56.85,0.5107,104.12,1515.6,0,2515
2,1686,55.67,0.4366,104.15,1489.3,0,2514
2,1687,54.12,0.5225,101.76,1503.7,0,2513
2,1688,56.16,0.5407,102.29,1507.6,0,2512
2,1689,55.37,0.5659,104.82,1523.1,0,2511
2,1690,53.84,0.5044,98.7,1499.0,0,2510
2,1691,53.81,0.4249,103.51,1502.3,0,2509
2,1692,56.33,0.485,100.32,1498.0,0,2508
2,1693,54.28,0.4543,102.69,1511.0,0,2507
2,1694,56.66,0.4731,104.22,1512.6,0,2506
2,1695,55.64,0.5053,97.99,1493.5,0,2505
2,1696,54.45,0.5398,104.41,1511.6,0,2504
2,1697,54.79,0.4749,100.87,1491.1,0,2503
2,1698,57.0,0.4904,100.99,1505.9,0,2502
2,1699,52.12,0.4528,100.41,1516.5,0,2501
2,1700,55.44,0.4547,102.97,1501.7,0,2500
2,1701,55.5,0.4812,98.99,1509.4,0,2499
2,1702,57.43,0.5406,101.65,1523.4,0,2498
2,1703,53.98,0.4875,99.42,1514.5,0,2497
2,1704,55.74,0.5298,103.08,1521.9,0,2496
2,1705,55.88,0.4963,100.96,1511.3,0,2495
2,1706,54.0,0.4291,102.38,1521.4,0,2494
2,1707,53.84,0.536,100.19,1527.5,0,2493
2,1708,54.59,0.4349,103.69,1530.5,0,2492
2,1709,56.17,0.4397,100.64,1525.9,0,2491
2,1710,55.22,0.5102,102.42,1518.0,0,2490
2,1711,54.82,0.4718,97.6,1526.8,0,2489
2,1712,55.5,0.4497,98.45,1519.9,0,2488
2,1713,55.92,0.4894,103.62,1529.6,0,2487
2,1714,56.49,0.5081,102.08,1542.7,0,2486
2,1715,54.35,0.4462,101.49,1518.1,0,2485
2,1716,54.88,0.4632,98.52,1529.9,0,2484
2,1717,55.77,0.4386,101.36,1529.2,0,2483
2,1718,56.8,0.4584,101.42,1501.3,0,2482
2,1719,56.76,0.4632,98.83,1524.4,0,2481
2,1720,58.31,0.42,99.93,1504.3,0,2480
2,1721,53.71,0.4493,97.41,1510.1,0,2479
2,1722,55.95,0.5357,103.63,1525.2,0,2478
2,1723,52.89,0.4889,98.64,1522.2,0,2477
2,1724,54.78,0.4625,96.63,1526.5,0,2476
2,1725,55.93,0.4291,104.61,1521.4,0,2475
2,1726,55.99,0.3868,100.01,1516.4,0,2474
2,1727,54.05,0.4513,96.48,1521.5,0,2473
2,1728,54.53,0.512,96.97,1508.7,0,2472
2,1729,54.79,0.4176,103.77,1518.9,0,2471
2,1730,55.54,0.4716,99.73,1513.6,0,2470
2,1731,53.55,0.521,98.51,1516.3,0,2469
2,1732,56.53,0.4654,96.95,1526.5,0,2468
2,1733,53.21,0.4975,97.44,1535.9,0,2467
2,1734,54.34,0.4521,102.21,1527.8,0,2466
2,1735,55.56,0.4373,100.37,1493.4,0,2465
2,1736,55.19,0.5456,99.59,1521.1,0,2464
2,1737,53.44,0.385,98.9,1518.6,0,2463
2,1738,56.07,0.4643,98.14,1525.7,0,2462
2,1739,57.4,0.4628,95.58,1511.8,0,2461
2,1740,58.76,0.4346,99.6,1515.9,0,2460
2,1741,54.26,0.5165,102.92,1520.5,0,2459
2,1742,55.32,0.404,100.84,1512.7,0,2458
2,1743,56.26,0.4797,101.84,1516.0,0,2457
2,1744,53.42,0.3871,100.54,1541.1,0,2456
2,1745,55.0,0.4476,99.18,1523.0,0,2455
2,1746,57.21,0.4281,99.5,1523.5,0,2454
2,1747,54.11,0.503,99.17,1522.8,0,2453
2,1748,53.74,0.4043,100.36,1528.2,0,2452
2,1749,55.68,0.4491,99.61,1502.4,0,2451
2,1750,55.0,0.4441,99.31,1502.6,0,2450
2,1751,54.04,0.4662,96.83,1502.9,0,2449
2,1752,55.24,0.4991,99.06,1505.1,0,2448
2,1753,54.7,0.4911,102.97,1519.2,0,2447
2,1754,52.68,0.4769,101.99,1525.2,0,2446
2,1755,53.58,0.5082,100.86,1506.4,0,2445
2,1756,54.12,0.4928,94.69,1519.8,0,2444
2,1757,56.3,0.4561,101.48,1509.5,0,2443
2,1758,54.74,0.4708,99.65,1532.9,0,2442
2,1759,56.4,0.4997,97.84,1528.0,0,2441
2,1760,55.15,0.5524,100.03,1500.2,0,2440
2,1761,54.48,0.4866,100.33,1524.0,0,2439
2,1762,55.3,0.514,98.78,1516.2,0,2438
2,1763,56.34,0.5031,96.62,1526.5,0,2437
2,1764,54.97,0.6069,97.95,1518.1,0,2436
2,1765,55.28,0.4637,98.53,1502.3,0,2435
2,1766,54.2,0.432,99.0,1513.7,0,2434
2,1767,54.59,0.5283,97.44,1506.6,0,2433
2,1768,54.05,0.564,95.95,1510.5,0,2432
2,1769,56.54,0.4903,93.05,1499.6,0,2431
2,1770,55.79,0.5778,98.33,1508.6,0,2430
2,1771,55.39,0.4717,95.4,1514.9,0,2429
2,1772,54.42,0.5422,95.68,1500.2,0,2428
2,1773,56.93,0.5152,97.21,1493.6,0,2427
2,1774,56.4,0.521,97.37,1501.1,0,2426
2,1775,56.75,0.5597,97.17,1507.7,0,2425
2,1776,57.12,0.5409,100.0,1500.2,0,2424
2,1777,54.46,0.548,95.77,1502.8,0,2423
2,1778,55.64,0.5491,93.03,1491.3,0,2422
2,1779,55.3,0.6101,99.2,1496.1,0,2421
2,1780,57.69,0.5328,94.83,1491.6,0,2420
2,1781,55.15,0.5228,92.25,1516.6,0,2419
2,1782,56.01,0.5554,98.98,1474.4,0,2418
2,1783,55.93,0.5211,95.83,1499.1,0,2417
2,1784,54.06,0.5862,93.33,1508.4,0,2416
2,1785,54.34,0.4944,96.56,1488.1,0,2415
2,1786,55.02,0.5491,98.54,1495.0,0,2414
2,1787,54.81,0.5085,96.56,1503.1,0,2413
2,1788,57.03,0.5503,95.0,1492.3,0,2412
2,1789,54.45,0.5888,98.3,1505.3,0,2411
2,1790,56.56,0.5579,94.77,1488.5,0,2410
2,1791,57.31,0.5664,99.23,1497.0,0,2409
2,1792,55.24,0.4639,94.47,1496.0,0,2408
2,1793,55.88,0.6056,98.28,1475.5,0,2407
2,1794,58.31,0.511,96.08,1486.9,0,2406
2,1795,56.68,0.5929,92.2,1496.8,0,2405
2,1796,57.49,0.5682,100.39,1492.7,0,2404
2,1797,55.42,0.5195,97.56,1507.2,0,2403
2,1798,56.63,0.5381,97.53,1498.0,0,2402
2,1799,56.33,0.5351,95.63,1483.2,0,2401
2,1800,55.91,0.5519,98.61,1480.6,0,2400
2,1801,54.93,0.5296,100.0,1484.5,0,2399
2,1802,55.78,0.6082,97.3,1488.7,0,2398
2,1803,56.71,0.5407,98.26,1504.0,0,2397
2,1804,57.31,0.566,96.78,1499.3,0,2396
2,1805,56.71,0.5131,96.06,1487.6,0,2395
2,1806,55.68,0.4933,97.03,1469.9,0,2394
2,1807,57.41,0.4416,98.38,1489.0,0,2393
2,1808,56.12,0.5354,102.7,1488.1,0,2392
2,1809,57.96,0.4756,98.62,1496.2,0,2391
2,1810,57.43,0.5353,96.2,1486.3,0,2390
2,1811,56.9,0.5276,95.5,1482.8,0,2389
2,1812,56.75,0.5687,93.55,1475.4,0,2388
2,1813,56.97,0.5184,97.19,1471.8,0,2387
2,1814,57.21,0.515,94.34,1493.9,0,2386
2,1815,57.16,0.5385,99.58,1488.2,0,2385
2,1816,55.84,0.5176,94.56,1468.4,0,2384
2,1817,57.9,0.5711,96.02,1480.5,0,2383
2,1818,57.37,0.4344,96.24,1480.6,0,2382
2,1819,56.95,0.4736,97.83,1480.6,0,2381
2,1820,56.08,0.4805,99.09,1489.6,0,2380
2,1821,55.93,0.504,99.67,1466.3,0,2379
2,1822,57.4,0.5112,94.91,1486.4,0,2378
2,1823,57.04,0.5113,94.58,1485.2,0,2377
2,1824,56.06,0.5706,97.61,1476.8,0,2376
2,1825,57.64,0.4529,94.91,1484.0,0,2375
2,1826,57.48,0.4889,98.03,1487.7,0,2374
2,1827,58.52,0.4713,95.68,1459.3,0,2373
2,1828,56.24,0.5311,95.63,1485.1,0,2372
2,1829,58.17,0.3708,97.46,1482.6,0,2371
2,1830,56.54,0.4517,97.83,1462.0,0,2370
2,1831,59.29,0.4568,99.95,1490.2,0,2369
2,1832,58.58,0.4833,100.8,1501.9,0,2368
2,1833,57.23,0.4084,97.08,1479.2,0,2367
2,1834,57.22,0.4994,96.28,1461.5,0,2366
2,1835,56.64,0.5511,98.57,1482.0,0,2365
2,1836,59.59,0.3892,95.23,1480.4,0,2364
2,1837,59.98,0.5584,100.56,1480.0,0,2363
2,1838,54.78,0.4136,97.83,1491.7,0,2362
2,1839,59.15,0.4238,99.54,1464.4,0,2361
2,1840,56.83,0.4544,95.54,1473.9,0,2360
2,1841,58.64,0.4545,99.01,1467.5,0,2359
2,1842,57.91,0.4507,96.61,1471.8,0,2358
2,1843,57.2,0.456,98.82,1473.3,0,2357
2,1844,57.93,0.4838,95.92,1478.8,0,2356
2,1845,58.75,0.4546,96.28,1473.1,0,2355
2,1846,58.7,0.505,98.66,1489.5,0,2354
2,1847,58.8,0.4363,100.5,1488.4,0,2353
2,1848,56.06,0.4805,94.29,1478.6,0,2352
2,1849,60.08,0.509,95.85,1490.8,0,2351
2,1850,59.22,0.4953,98.27,1475.0,0,2350
2,1851,58.39,0.4769,98.43,1491.1,0,2349
2,1852,58.19,0.4484,98.81,1469.4,0,2348
2,1853,60.72,0.4526,101.3,1471.9,0,2347
2,1854,57.77,0.4538,98.02,1492.7,0,2346
2,1855,59.22,0.4687,100.56,1498.8,0,2345
2,1856,57.26,0.4951,98.66,1469.0,0,2344
2,1857,59.41,0.4205,101.03,1484.5,0,2343
2,1858,56.42,0.4177,97.82,1487.2,0,2342
2,1859,57.74,0.392,101.75,1494.2,0,2341
2,1860,59.66,0.3704,97.04,1477.1,0,2340
2,1861,59.42,0.4142,99.24,1480.4,0,2339
2,1862,59.72,0.4166,95.12,1480.7,0,2338
2,1863,59.98,0.4006,100.32,1506.3,0,2337
2,1864,57.8,0.4101,97.28,1486.4,0,2336
2,1865,59.72,0.461,98.83,1482.3,0,2335
2,1866,60.59,0.4818,99.7,1484.9,0,2334
2,1867,60.15,0.5281,100.14,1498.1,0,2333
2,1868,59.46,0.5412,97.72,1492.0,0,2332
2,1869,58.08,0.4238,100.53,1503.3,0,2331
2,1870,59.73,0.4696,97.84,1495.8,0,2330
2,1871,58.24,0.4832,96.81,1489.3,0,2329
2,1872,60.21,0.432,97.17,1489.9,0,2328
2,1873,57.98,0.5193,100.91,1480.1,0,2327
2,1874,58.48,0.4973,100.24,1479.2,0,2326
2,1875,58.97,0.4252,100.75,1485.6,0,2325
2,1876,60.96,0.472,99.76,1503.1,0,2324
2,1877,57.91,0.4542,99.57,1489.6,0,2323
2,1878,58.27,0.5173,100.84,1476.3,0,2322
2,1879,59.41,0.526,101.96,1500.1,0,2321
2,1880,60.63,0.4484,101.39,1494.5,0,2320
2,1881,62.9,0.5557,96.75,1499.6,0,2319
2,1882,59.18,0.4886,96.64,1491.4,0,2318
2,1883,60.64,0.4773,99.9,1512.0,0,2317
2,1884,58.94,0.4315,100.73,1514.6,0,2316
2,1885,57.32,0.532,97.86,1490.5,0,2315
2,1886,60.02,0.5094,101.51,1507.0,0,2314
2,1887,58.13,0.4943,99.21,1519.6,0,2313
2,1888,61.12,0.5277,102.73,1507.9,0,2312
2,1889,61.1,0.5378,99.81,1500.3,0,2311
2,1890,59.68,0.4893,99.18,1506.4,0,2310
2,1891,62.33,0.5332,96.15,1489.0,0,2309
2,1892,59.01,0.5646,99.76,1503.8,0,2308
2,1893,60.05,0.5296,103.48,1504.7,0,2307
2,1894,58.67,0.5384,100.47,1510.9,0,2306
2,1895,60.32,0.5146,103.65,1521.1,0,2305
2,1896,60.16,0.5125,102.94,1505.4,0,2304
2,1897,60.66,0.4668,99.0,1515.7,0,2303
2,1898,58.74,0.552,105.37,1517.8,0,2302
2,1899,62.4,0.4879,102.17,1520.0,0,2301
2,1900,62.16,0.5128,99.17,1510.5,0,2300
2,1901,61.06,0.5161,100.12,1505.5,0,2299
2,1902,59.93,0.517,103.58,1521.7,0,2298
2,1903,61.49,0.5514,97.43,1485.8,0,2297
2,1904,60.07,0.5237,104.47,1504.4,0,2296
2,1905,62.07,0.5857,99.02,1507.6,0,2295
2,1906,58.68,0.4971,101.29,1514.7,0,2294
2,1907,61.16,0.5489,102.7,1513.1,0,2293
2,1908,60.8,0.5365,102.86,1502.5,0,2292
2,1909,61.74,0.4445,103.43,1520.7,0,2291
2,1910,60.69,0.515,96.94,1514.1,0,2290
2,1911,59.45,0.5783,101.37,1508.9,0,2289
2,1912,59.4,0.5095,100.4,1515.0,0,2288
2,1913,61.68,0.5539,106.33,1514.2,0,2287
2,1914,61.05,0.5932,103.5,1521.8,0,2286
2,1915,62.24,0.5699,100.92,1511.0,0,2285
2,1916,62.11,0.607,100.89,1514.1,0,2284
2,1917,63.39,0.585,105.61,1521.3,0,2283
2,1918,63.14,0.6102,101.48,1528.7,0,2282
2,1919,61.82,0.5291,102.28,1508.5,0,2281
2,1920,59.74,0.5394,104.34,1506.2,0,2280
2,1921,60.54,0.5198,102.49,1499.4,0,2279
2,1922,63.12,0.5558,95.96,1520.5,0,2278
2,1923,61.35,0.4929,99.33,1518.9,0,2277
2,1924,60.55,0.5725,99.14,1526.4,0,2276
2,1925,61.17,0.5618,99.79,1518.9,0,2275
2,1926,61.46,0.5869,100.29,1530.1,0,2274
2,1927,63.42,0.6425,102.89,1520.7,0,2273
2,1928,62.56,0.597,102.56,1494.4,0,2272
2,1929,60.56,0.5551,102.47,1512.8,0,2271
2,1930,63.77,0.5174,102.65,1513.1,0,2270
2,1931,61.05,0.5911,102.13,1510.3,0,2269
2,1932,62.92,0.6185,99.75,1525.2,0,2268
2,1933,62.22,0.5237,101.31,1542.5,0,2267
2,1934,62.95,0.5014,103.64,1517.2,0,2266
2,1935,60.96,0.5256,102.59,1538.0,0,2265
2,1936,62.28,0.5112,102.12,1522.1,0,2264
2,1937,62.27,0.5702,105.22,1511.7,0,2263
2,1938,63.03,0.5913,101.85,1533.0,0,2262
2,1939,63.4,0.5597,102.49,1522.6,0,2261
2,1940,60.43,0.5462,106.94,1515.0,0,2260
2,1941,62.07,0.5408,102.16,1537.8,0,2259
2,1942,63.19,0.5322,103.75,1498.5,0,2258
2,1943,61.07,0.4748,99.64,1513.0,0,2257
2,1944,61.74,0.413,104.51,1512.4,0,2256
2,1945,63.33,0.5192,104.06,1510.5,0,2255
2,1946,63.49,0.4996,104.71,1530.0,0,2254
2,1947,62.99,0.549,104.2,1516.0,0,2253
2,1948,63.05,0.4067,101.02,1522.4,0,2252
2,1949,63.35,0.5656,101.0,1503.3,0,2251
2,1950,62.92,0.4854,105.03,1525.3,0,2250
2,1951,63.13,0.4008,103.23,1519.9,0,2249
2,1952,63.53,0.5489,102.13,1523.3,0,2248
2,1953,62.78,0.4916,102.29,1514.8,0,2247
2,1954,63.46,0.4648,101.64,1521.2,0,2246
2,1955,64.95,0.4694,103.97,1518.0,0,2245
2,1956,60.75,0.4567,103.6,1493.7,0,2244
2,1957,64.24,0.5397,102.39,1517.4,0,2243
2,1958,61.22,0.4408,102.79,1525.5,0,2242
2,1959,62.0,0.4825,103.47,1513.9,0,2241
2,1960,65.38,0.5122,104.69,1522.3,0,2240
2,1961,62.81,0.4359,103.49,1519.2,0,2239
2,1962,63.72,0.4245,100.51,1510.4,0,2238
2,1963,64.06,0.4398,103.76,1508.3,0,2237
2,1964,64.3,0.36,104.8,1502.5,0,2236
2,1965,61.82,0.485,105.77,1516.7,0,2235
2,1966,63.52,0.4529,107.08,1515.0,0,2234
2,1967,62.86,0.4088,100.71,1518.6,0,2233
2,1968,64.23,0.4963,103.61,1517.8,0,2232
2,1969,63.9,0.462,101.51,1514.3,0,2231
2,1970,65.3,0.5334,104.91,1529.4,0,2230
2,1971,63.15,0.4361,104.66,1515.7,0,2229
2,1972,64.17,0.4275,107.08,1525.4,0,2228
2,1973,62.98,0.4377,101.29,1517.6,0,2227
2,1974,64.48,0.458,101.16,1508.1,0,2226
2,1975,65.15,0.5495,102.24,1478.5,0,2225
2,1976,63.5,0.4902,101.45,1508.2,0,2224
2,1977,61.68,0.421,103.5,1508.6,0,2223
2,1978,64.3,0.4203,103.34,1493.5,0,2222
2,1979,61.63,0.4162,103.58,1501.8,0,2221
2,1980,64.32,0.4407,105.01,1512.5,0,2220
2,1981,63.6,0.3809,105.75,1501.8,0,2219
2,1982,64.48,0.438,103.02,1507.5,0,2218
2,1983,65.34,0.4712,106.41,1510.6,0,2217
2,1984,63.05,0.4262,103.17,1514.3,0,2216
2,1985,62.11,0.4689,104.12,1507.6,0,2215
2,1986,64.37,0.4803,106.34,1499.8,0,2214
2,1987,66.53,0.4919,102.56,1498.3,0,2213
2,1988,62.93,0.4381,102.85,1487.5,0,2212
2,1989,62.67,0.4211,103.95,1490.6,0,2211
2,1990,63.84,0.4901,107.77,1513.2,0,2210
2,1991,63.31,0.4845,104.9,1496.9,0,2209
2,1992,64.61,0.4286,103.8,1498.9,0,2208
2,1993,64.5,0.4896,98.78,1504.6,0,2207
2,1994,62.91,0.4737,101.59,1509.7,0,2206
2,1995,66.82,0.4417,101.69,1479.1,0,2205
2,1996,63.19,0.4164,101.55,1508.4,0,2204
2,1997,64.35,0.5248,99.55,1487.6,0,2203
2,1998,64.56,0.4837,101.35,1498.8,0,2202
2,1999,65.19,0.4628,100.19,1485.4,0,2201
2,2000,63.84,0.4477,102.49,1489.8,0,2200
2,2001,63.92,0.4959,105.15,1495.8,0,2199
2,2002,64.45,0.4117,99.78,1503.1,0,2198
2,2003,66.33,0.4834,102.04,1491.9,0,2197
2,2004,64.51,0.4855,103.52,1497.1,0,2196
2,2005,65.83,0.4812,101.33,1502.4,0,2195
2,2006,63.53,0.5186,105.34,1503.6,0,2194
2,2007,65.14,0.5631,103.28,1506.8,0,2193
2,2008,64.98,0.4533,98.29,1483.0,0,2192
2,2009,65.09,0.4271,105.55,1496.1,0,2191
2,2010,67.39,0.4449,102.92,1483.3,0,2190
2,2011,65.58,0.5418,103.77,1491.4,0,2189
2,2012,64.38,0.4639,100.11,1497.5,0,2188
2,2013,63.1,0.5224,103.45,1488.3,0,2187
2,2014,65.83,0.4883,102.22,1481.3,0,2186
2,2015,65.99,0.5021,98.19,1495.0,0,2185
2,2016,64.2,0.501,100.38,1479.7,0,2184
2,2017,62.47,0.5065,100.8,1468.4,0,2183
2,2018,66.13,0.5232,102.34,1499.1,0,2182
2,2019,64.87,0.4518,103.95,1477.8,0,2181
2,2020,65.26,0.4839,102.2,1485.9,0,2180
2,2021,63.4,0.5433,102.32,1494.9,0,2179
2,2022,65.07,0.596,100.26,1485.2,0,2178
2,2023,64.93,0.5275,100.48,1477.4,0,2177
2,2024,65.53,0.5302,100.19,1492.4,0,2176
2,2025,63.82,0.4959,99.88,1496.0,0,2175
2,2026,66.61,0.4661,102.36,1487.0,0,2174
2,2027,63.89,0.5413,101.24,1491.0,0,2173
2,2028,65.29,0.5427,101.18,1490.3,0,2172
2,2029,64.22,0.6035,96.71,1480.7,0,2171
2,2030,64.34,0.5265,99.78,1494.0,0,2170
2,2031,63.71,0.5752,101.97,1469.8,0,2169
2,2032,65.45,0.5509,99.65,1502.1,0,2168
2,2033,65.52,0.573,99.4,1486.8,0,2167
2,2034,65.04,0.5718,102.19,1471.5,0,2166
2,2035,65.92,0.5582,99.92,1485.9,0,2165
2,2036,65.64,0.553,99.2,1484.6,0,2164
2,2037,64.81,0.5551,100.92,1489.0,0,2163
2,2038,66.36,0.4761,101.52,1475.8,0,2162
2,2039,64.88,0.5616,96.68,1466.3,0,2161
2,2040,66.03,0.4924,95.33,1462.3,0,2160
2,2041,64.69,0.6005,102.5,1461.7,0,2159
2,2042,64.67,0.5494,96.71,1484.3,0,2158
2,2043,66.52,0.5687,102.62,1482.0,0,2157
2,2044,63.84,0.6262,98.74,1482.0,0,2156
2,2045,64.35,0.465,105.27,1479.4,0,2155
2,2046,62.66,0.5461,101.83,1489.3,0,2154
2,2047,64.01,0.5052,96.73,1463.0,0,2153
2,2048,63.79,0.517,96.34,1473.1,0,2152
2,2049,64.01,0.5678,97.55,1452.9,0,2151
2,2050,64.77,0.6518,100.12,1478.9,0,2150
2,2051,64.37,0.4852,97.98,1477.7,0,2149
2,2052,66.08,0.5479,99.16,1486.7,0,2148
2,2053,67.61,0.5574,99.1,1478.7,0,2147
2,2054,64.11,0.5084,100.73,1498.1,0,2146
2,2055,66.12,0.5693,101.42,1481.3,0,2145
2,2056,65.18,0.5442,98.21,1478.7,0,2144
2,2057,64.15,0.5539,93.96,1479.1,0,2143
2,2058,64.66,0.5776,99.19,1475.7,0,2142
2,2059,63.99,0.5037,99.21,1496.1,0,2141
2,2060,64.21,0.4844,101.49,1476.4,0,2140
2,2061,67.31,0.5129,98.38,1486.8,0,2139
2,2062,65.62,0.5078,99.15,1485.0,0,2138
2,2063,63.49,0.5121,98.05,1466.2,0,2137
2,2064,64.2,0.5595,99.85,1489.5,0,2136
2,2065,65.24,0.5449,102.32,1501.4,0,2135
2,2066,63.42,0.4884,97.61,1487.0,0,2134
2,2067,64.35,0.4702,98.88,1490.0,0,2133
2,2068,64.68,0.4785,96.86,1479.0,0,2132
2,2069,65.94,0.5427,96.77,1482.3,0,2131
2,2070,65.15,0.5572,97.9,1480.7,0,2130
2,2071,67.19,0.5212,97.77,1483.2,0,2129
2,2072,61.79,0.5192,97.51,1483.7,0,2128
2,2073,63.13,0.5544,95.1,1486.0,0,2127
2,2074,64.48,0.5102,96.03,1507.1,0,2126
2,2075,64.78,0.5007,96.23,1485.7,0,2125
2,2076,63.59,0.5183,96.0,1492.7,0,2124
2,2077,63.47,0.5031,100.57,1493.1,0,2123
2,2078,65.48,0.5301,98.95,1498.1,0,2122
2,2079,65.06,0.5146,96.56,1502.4,0,2121
2,2080,65.63,0.5285,99.82,1501.4,0,2120
2,2081,66.2,0.4263,101.23,1486.7,0,2119
2,2082,64.33,0.4761,96.35,1489.4,0,2118
2,2083,63.57,0.5312,99.06,1479.1,0,2117
2,2084,64.84,0.4435,98.74,1500.3,0,2116
2,2085,65.71,0.4627,98.6,1502.1,0,2115
2,2086,65.0,0.4638,97.35,1483.1,0,2114
2,2087,62.57,0.4424,99.4,1488.5,0,2113
2,2088,64.09,0.4165,98.08,1490.7,0,2112
2,2089,63.81,0.4246,95.76,1503.7,0,2111
2,2090,63.67,0.4301,94.28,1509.3,0,2110
2,2091,62.56,0.4312,95.18,1518.0,0,2109
2,2092,64.75,0.4005,97.52,1494.8,0,2108
2,2093,65.75,0.4768,95.72,1504.8,0,2107
2,2094,64.63,0.4586,94.64,1490.8,0,2106
2,2095,63.22,0.4568,98.49,1506.3,0,2105
2,2096,65.62,0.459,98.21,1499.4,0,2104
2,2097,63.42,0.3737,96.89,1494.4,0,2103
2,2098,64.09,0.4274,101.56,1487.7,0,2102
2,2099,65.12,0.4806,94.19,1483.1,0,2101
2,2100,64.25,0.4185,96.53,1494.2,0,2100
2,2101,63.84,0.4383,98.73,1504.8,0,2099
2,2102,64.12,0.4519,96.25,1500.6,0,2098
2,2103,63.98,0.475,96.09,1495.2,0,2097
2,2104,63.56,0.4586,97.87,1498.1,0,2096
2,2105,65.24,0.5254,95.48,1491.5,0,2095
2,2106,63.81,0.4676,97.26,1502.5,0,2094
2,2107,63.32,0.4556,95.87,1508.9,0,2093
2,2108,63.66,0.3985,93.64,1492.4,0,2092
2,2109,65.16,0.444,97.65,1514.1,0,2091
2,2110,63.17,0.4674,96.95,1508.6,0,2090
2,2111,64.17,0.453,100.13,1486.8,0,2089
2,2112,64.6,0.4461,99.12,1512.3,0,2088
2,2113,63.32,0.4568,95.15,1520.8,0,2087
2,2114,63.05,0.5127,93.36,1510.8,0,2086
2,2115,62.86,0.4744,100.8,1515.9,0,2085
2,2116,63.41,0.4672,96.85,1516.3,0,2084
2,2117,63.72,0.5059,96.34,1509.2,0,2083
2,2118,65.05,0.4543,96.17,1519.6,0,2082
2,2119,63.54,0.5071,98.88,1513.5,0,2081
2,2120,64.71,0.3937,95.37,1530.4,0,2080
2,2121,64.05,0.4762,97.18,1513.4,0,2079
2,2122,62.94,0.4819,98.8,1523.8,0,2078
2,2123,64.43,0.4463,96.94,1520.3,0,2077
2,2124,62.83,0.4328,96.83,1514.3,0,2076
2,2125,63.56,0.5079,96.67,1522.1,0,2075
2,2126,63.6,0.3881,94.67,1511.3,0,2074
2,2127,63.34,0.377,98.56,1525.2,0,2073
2,2128,62.84,0.5018,97.89,1528.0,0,2072
2,2129,64.86,0.4546,99.2,1513.7,0,2071
2,2130,64.02,0.4762,94.2,1512.8,0,2070
2,2131,64.27,0.502,94.67,1512.9,0,2069
2,2132,61.84,0.5475,100.2,1530.9,0,2068
2,2133,63.85,0.5178,96.92,1511.8,0,2067
2,2134,62.76,0.4747,93.72,1500.5,0,2066
2,2135,63.86,0.477,99.58,1518.2,0,2065
2,2136,65.88,0.469,95.95,1520.3,0,2064
2,2137,63.05,0.5235,98.15,1513.1,0,2063
2,2138,62.96,0.4991,98.51,1526.6,0,2062
2,2139,60.89,0.5254,92.84,1517.9,0,2061
2,2140,64.34,0.5811,99.33,1509.6,0,2060
2,2141,61.17,0.5324,94.64,1526.5,0,2059
2,2142,61.06,0.5232,95.11,1518.0,0,2058
2,2143,63.43,0.5734,96.16,1512.8,0,2057
2,2144,61.15,0.5002,94.7,1520.4,0,2056
2,2145,63.56,0.5043,99.07,1520.9,0,2055
2,2146,61.41,0.5005,100.05,1508.2,0,2054
2,2147,62.21,0.5765,94.12,1506.9,0,2053
2,2148,64.07,0.5513,96.73,1527.7,0,2052
2,2149,62.58,0.495,98.72,1522.6,0,2051
2,2150,61.2,0.4869,96.85,1521.4,0,2050
2,2151,63.26,0.5454,94.57,1512.4,0,2049
2,2152,61.07,0.5742,98.76,1517.1,0,2048
2,2153,63.56,0.5477,95.9,1530.5,0,2047
2,2154,63.74,0.6089,97.18,1510.0,0,2046
2,2155,62.17,0.5365,99.19,1527.3,0,2045
2,2156,61.23,0.5342,96.62,1519.5,0,2044
2,2157,62.1,0.5377,97.36,1512.5,0,2043
2,2158,60.6,0.5207,95.33,1522.2,0,2042
2,2159,63.11,0.5079,96.72,1512.1,0,2041
2,2160,60.84,0.5912,96.56,1497.0,0,2040
2,2161,61.47,0.5248,98.14,1524.2,0,2039
2,2162,62.73,0.5799,97.28,1504.2,0,2038
2,2163,60.83,0.5064,97.63,1526.9,0,2037
2,2164,63.22,0.4986,96.66,1527.0,0,2036
2,2165,61.01,0.5543,97.21,1513.1,0,2035
2,2166,61.56,0.6521,100.59,1525.2,0,2034
2,2167,60.37,0.5592,101.69,1516.9,0,2033
2,2168,62.74,0.5353,98.48,1507.6,0,2032
2,2169,62.34,0.5546,98.69,1510.8,0,2031
2,2170,61.05,0.5866,98.29,1513.4,0,2030
2,2171,61.22,0.5714,98.31,1514.4,0,2029
2,2172,62.8,0.5612,97.45,1503.8,0,2028
2,2173,61.79,0.5334,97.46,1508.6,0,2027
2,2174,61.63,0.5947,98.13,1516.0,0,2026
2,2175,62.12,0.5126,101.85,1512.7,0,2025
2,2176,61.67,0.5509,99.28,1508.8,0,2024
2,2177,61.29,0.5056,98.17,1500.8,0,2023
2,2178,61.28,0.6508,97.99,1503.3,0,2022
2,2179,58.79,0.5458,100.16,1506.6,0,2021
2,2180,60.12,0.426,97.5,1524.3,0,2020
2,2181,57.45,0.514,98.66,1511.0,0,2019
2,2182,61.71,0.5477,100.03,1510.4,0,2018
2,2183,60.11,0.5427,99.13,1510.3,0,2017
2,2184,62.08,0.5245,99.69,1526.0,0,2016
2,2185,58.53,0.5626,102.67,1507.0,0,2015
2,2186,59.81,0.5205,100.43,1504.2,0,2014
2,2187,60.05,0.619,95.79,1517.5,0,2013
2,2188,61.55,0.5051,98.86,1506.7,0,2012
2,2189,60.92,0.4718,98.72,1491.5,0,2011
2,2190,62.06,0.5401,102.13,1509.6,0,2010
2,2191,61.47,0.5125,96.97,1512.4,0,2009
2,2192,58.68,0.4876,99.1,1492.7,0,2008
2,2193,62.74,0.5912,101.87,1494.9,0,2007
2,2194,62.16,0.5075,94.44,1497.0,0,2006
2,2195,61.11,0.5115,98.13,1503.9,0,2005
2,2196,60.02,0.4987,100.2,1496.7,0,2004
2,2197,58.91,0.4369,102.37,1494.1,0,2003
2,2198,56.98,0.4634,100.48,1476.7,0,2002
2,2199,58.3,0.5396,99.33,1492.4,0,2001
2,2200,56.98,0.4923,101.26,1503.1,0,2000
2,2201,60.25,0.5308,102.88,1483.3,0,1999
2,2202,61.75,0.4805,101.58,1512.5,0,1998
2,2203,60.49,0.5189,96.56,1494.4,0,1997
2,2204,59.74,0.5099,100.29,1498.0,0,1996
2,2205,59.28,0.4108,97.47,1483.0,0,1995
2,2206,61.2,0.4322,100.42,1498.0,0,1994
2,2207,59.31,0.4834,102.33,1477.6,0,1993
2,2208,60.69,0.4245,101.63,1503.1,0,1992
2,2209,59.45,0.4486,101.03,1482.8,0,1991
2,2210,60.09,0.4421,98.68,1482.5,0,1990
2,2211,57.84,0.4508,102.25,1500.4,0,1989
2,2212,60.12,0.4803,99.89,1480.3,0,1988
2,2213,60.16,0.4984,102.96,1485.4,0,1987
2,2214,59.26,0.4647,103.26,1481.4,0,1986
2,2215,60.14,0.4844,97.44,1520.9,0,1985
2,2216,58.32,0.4411,101.76,1477.5,0,1984
2,2217,59.02,0.3803,97.3,1480.4,0,1983
2,2218,59.49,0.5169,98.65,1488.6,0,1982
2,2219,60.82,0.4991,98.66,1486.7,0,1981
2,2220,58.72,0.3849,99.1,1487.9,0,1980
2,2221,59.46,0.4891,100.3,1485.6,0,1979
2,2222,58.95,0.4886,98.11,1489.8,0,1978
2,2223,56.54,0.4275,100.32,1484.9,0,1977
2,2224,59.13,0.4657,102.49,1471.7,0,1976
2,2225,58.7,0.4315,102.86,1474.9,0,1975
2,2226,59.17,0.4498,105.05,1496.7,0,1974
2,2227,58.82,0.3812,96.9,1494.6,0,1973
2,2228,59.44,0.4974,99.22,1476.0,0,1972
2,2229,56.87,0.4047,106.15,1487.7,0,1971
2,2230,56.75,0.5167,100.1,1482.7,0,1970
2,2231,57.17,0.4722,103.75,1482.7,0,1969
2,2232,57.81,0.389,100.98,1501.3,0,1968
2,2233,58.29,0.4154,104.53,1477.8,0,1967
2,2234,60.64,0.51,100.14,1501.9,0,1966
2,2235,58.43,0.5045,103.47,1487.0,0,1965
2,2236,56.61,0.4317,102.4,1493.3,0,1964
2,2237,57.67,0.3718,103.19,1482.0,0,1963
2,2238,58.73,0.4866,101.63,1480.2,0,1962
2,2239,58.24,0.5169,102.34,1477.4,0,1961
2,2240,57.24,0.4256,105.72,1482.1,0,1960
2,2241,57.81,0.5173,102.51,1480.7,0,1959
2,2242,58.38,0.4506,104.65,1493.6,0,1958
2,2243,57.8,0.4248,97.92,1470.6,0,1957
2,2244,59.91,0.4514,100.77,1479.1,0,1956
2,2245,58.57,0.5382,102.77,1485.5,0,1955
2,2246,57.87,0.4473,103.28,1481.3,0,1954
2,2247,59.21,0.4283,106.97,1484.2,0,1953
2,2248,59.73,0.4797,99.4,1490.4,0,1952
2,2249,58.18,0.4542,101.62,1484.6,0,1951
2,2250,57.54,0.4528,101.19,1468.4,0,1950
2,2251,56.72,0.4464,102.01,1492.7,0,1949
2,2252,57.73,0.458,101.24,1485.3,0,1948
2,2253,57.22,0.4565,102.6,1490.6,0,1947
2,2254,58.12,0.4916,104.49,1497.9,0,1946
2,2255,55.89,0.5376,103.0,1499.1,0,1945
2,2256,56.55,0.4694,100.51,1481.3,0,1944
2,2257,56.38,0.4522,99.73,1462.1,0,1943
2,2258,57.1,0.5775,102.58,1487.8,0,1942
2,2259,55.44,0.5187,101.72,1480.3,0,1941
2,2260,57.72,0.4482,103.82,1489.1,0,1940
2,2261,56.58,0.5392,105.78,1504.9,0,1939
2,2262,57.55,0.4489,101.79,1479.1,0,1938
2,2263,54.89,0.4705,99.11,1493.9,0,1937
2,2264,55.83,0.4637,101.38,1468.1,0,1936
2,2265,58.46,0.5827,100.54,1499.6,0,1935
2,2266,56.64,0.5018,103.4,1493.2,0,1934
2,2267,59.17,0.5246,101.57,1489.6,0,1933
2,2268,55.37,0.4981,104.73,1481.7,0,1932
2,2269,56.82,0.5721,100.99,1493.4,0,1931
2,2270,55.44,0.5029,103.93,1488.4,0,1930
2,2271,56.62,0.5642,102.77,1476.7,0,1929
2,2272,53.03,0.5001,102.61,1483.6,0,1928
2,2273,57.64,0.5716,102.96,1481.0,0,1927
2,2274,57.34,0.5436,97.93,1479.5,0,1926
2,2275,58.15,0.5913,106.77,1469.7,0,1925
2,2276,57.21,0.5755,102.96,1468.0,0,1924
2,2277,56.88,0.5621,101.98,1466.2,0,1923
2,2278,55.64,0.5613,99.36,1489.3,0,1922
2,2279,55.22,0.5831,105.5,1496.4,0,1921
2,2280,53.47,0.509,100.97,1481.1,0,1920
2,2281,58.26,0.5679,105.41,1467.4,0,1919
2,2282,54.98,0.4843,99.76,1474.5,0,1918
2,2283,55.84,0.5361,102.52,1495.2,0,1917
2,2284,55.31,0.577,103.4,1485.3,0,1916
2,2285,57.33,0.4761,105.54,1485.7,0,1915
2,2286,56.08,0.4675,103.14,1490.2,0,1914
2,2287,55.54,0.5946,102.53,1490.4,0,1913
2,2288,57.11,0.467,102.31,1489.3,0,1912
2,2289,55.87,0.5092,104.42,1495.0,0,1911
2,2290,57.12,0.5915,104.98,1484.5,0,1910
2,2291,56.73,0.5639,102.05,1485.9,0,1909
2,2292,55.61,0.5671,103.26,1505.3,0,1908
2,2293,55.44,0.4592,102.69,1483.2,0,1907
2,2294,55.99,0.5973,105.25,1476.8,0,1906
2,2295,54.93,0.5633,104.4,1501.4,0,1905
2,2296,56.1,0.6179,99.5,1479.0,0,1904
2,2297,54.82,0.4872,103.57,1490.7,0,1903
2,2298,56.17,0.5618,101.4,1484.8,0,1902
2,2299,55.73,0.5645,100.96,1500.3,0,1901
2,2300,55.01,0.5774,105.21,1512.3,0,1900
2,2301,54.31,0.6087,103.46,1498.9,0,1899
2,2302,56.52,0.5886,104.77,1495.5,0,1898
2,2303,55.12,0.5527,102.99,1502.1,0,1897
2,2304,54.32,0.5458,102.15,1511.4,0,1896
2,2305,55.92,0.5604,100.94,1496.6,0,1895
2,2306,55.88,0.5612,102.01,1486.7,0,1894
2,2307,54.93,0.5569,101.16,1501.6,0,1893
2,2308,57.23,0.484,102.77,1511.8,0,1892
2,2309,55.78,0.5898,99.24,1494.0,0,1891
2,2310,56.13,0.5111,105.69,1498.5,0,1890
2,2311,55.2,0.509,106.99,1529.0,0,1889
2,2312,56.02,0.5582,98.74,1505.7,0,1888
2,2313,56.98,0.5063,99.52,1504.3,0,1887
2,2314,52.58,0.5415,104.65,1490.2,0,1886
2,2315,57.65,0.544,99.89,1517.4,0,1885
2,2316,54.26,0.5172,100.75,1529.0,0,1884
2,2317,57.84,0.562,102.07,1505.5,0,1883
2,2318,55.95,0.539,102.16,1506.1,0,1882
2,2319,54.11,0.4923,101.77,1514.7,0,1881
2,2320,54.26,0.4944,99.6,1500.7,0,1880
2,2321,57.15,0.4531,100.88,1498.7,0,1879
2,2322,53.6,0.5595,106.6,1529.1,0,1878
2,2323,54.5,0.5069,102.33,1525.6,0,1877
2,2324,54.34,0.4931,100.81,1505.7,0,1876
2,2325,55.78,0.4833,101.12,1521.1,0,1875
2,2326,54.83,0.511,102.55,1515.3,0,1874
2,2327,57.12,0.4319,102.83,1506.8,0,1873
2,2328,55.15,0.4104,100.45,1510.9,0,1872
2,2329,56.0,0.4307,102.22,1523.1,0,1871
2,2330,56.09,0.4943,100.81,1509.0,0,1870
2,2331,54.57,0.5625,99.97,1517.3,0,1869
2,2332,56.95,0.5551,100.25,1528.0,0,1868
2,2333,55.44,0.5473,102.09,1501.7,0,1867
2,2334,56.79,0.4979,102.07,1522.2,0,1866
2,2335,54.85,0.5138,98.06,1516.1,0,1865
2,2336,56.33,0.5286,100.8,1516.1,0,1864
2,2337,54.51,0.457,98.8,1523.2,0,1863
2,2338,54.88,0.4681,99.36,1514.1,0,1862
2,2339,53.45,0.5057,102.91,1528.2,0,1861
2,2340,54.35,0.4355,102.5,1517.7,0,1860
2,2341,54.31,0.4857,101.35,1525.4,0,1859
2,2342,54.63,0.4609,102.47,1530.7,0,1858
2,2343,55.09,0.4026,99.85,1509.3,0,1857
2,2344,55.96,0.4808,102.45,1518.9,0,1856
2,2345,55.13,0.4342,99.91,1529.9,0,1855
2,2346,55.37,0.5275,103.48,1517.1,0,1854
2,2347,55.27,0.4406,101.76,1526.1,0,1853
2,2348,55.05,0.4549,98.83,1514.5,0,1852
2,2349,55.61,0.4469,96.81,1522.0,0,1851
2,2350,53.95,0.4057,98.01,1521.7,0,1850
2,2351,55.47,0.4207,100.56,1529.6,0,1849
2,2352,53.49,0.447,101.13,1499.2,0,1848
2,2353,55.67,0.5576,99.3,1513.1,0,1847
2,2354,54.84,0.438,101.36,1531.3,0,1846
2,2355,56.75,0.4312,95.01,1526.3,0,1845
2,2356,53.48,0.4156,97.8,1516.5,0,1844
2,2357,53.02,0.4276,99.38,1522.8,0,1843
2,2358,56.19,0.4831,99.2,1504.3,0,1842
2,2359,55.76,0.4735,98.14,1534.5,0,1841
2,2360,55.09,0.3993,97.02,1516.3,0,1840
2,2361,56.42,0.4752,98.22,1511.8,0,1839
2,2362,55.97,0.4102,100.76,1517.2,0,1838
2,2363,53.9,0.3741,101.38,1522.7,0,1837
2,2364,54.6,0.374,94.21,1507.2,0,1836
2,2365,55.4,0.502,102.8,1521.0,0,1835
2,2366,54.82,0.4724,97.05,1531.3,0,1834
2,2367,54.41,0.4985,100.77,1520.6,0,1833
2,2368,56.31,0.4185,97.02,1503.0,0,1832
2,2369,54.67,0.4356,101.26,1517.9,0,1831
2,2370,55.8,0.44,99.98,1523.8,0,1830
2,2371,54.65,0.5111,99.18,1521.9,0,1829
2,2372,54.43,0.4972,100.78,1514.5,0,1828
2,2373,56.03,0.4449,97.74,1520.6,0,1827
2,2374,55.41,0.4046,95.25,1518.0,0,1826
2,2375,54.09,0.4969,98.83,1518.7,0,1825
2,2376,56.16,0.5031,97.01,1497.2,0,1824
2,2377,56.54,0.4659,99.98,1518.3,0,1823
2,2378,53.82,0.5424,98.93,1509.0,0,1822
2,2379,54.32,0.4767,98.48,1515.9,0,1821
2,2380,58.08,0.5523,95.56,1508.5,0,1820
2,2381,54.05,0.4686,98.77,1498.1,0,1819
2,2382,55.18,0.4827,96.19,1520.7,0,1818
2,2383,53.45,0.4211,99.56,1500.7,0,1817
2,2384,55.2,0.4489,94.89,1515.2,0,1816
2,2385,54.68,0.5456,97.71,1512.1,0,1815
2,2386,54.84,0.4753,102.42,1524.8,0,1814
2,2387,55.0,0.5342,99.55,1515.5,0,1813
2,2388,56.09,0.5477,98.11,1511.2,0,1812
2,2389,53.57,0.4898,96.28,1500.2,0,1811
2,2390,53.52,0.5677,97.62,1526.1,0,1810
2,2391,55.25,0.4957,99.65,1516.2,0,1809
2,2392,53.09,0.4935,95.67,1512.7,0,1808
2,2393,55.07,0.4892,98.88,1525.3,0,1807
2,2394,53.67,0.5675,98.51,1505.1,0,1806
2,2395,56.25,0.4512,96.52,1510.2,0,1805
2,2396,53.66,0.5592,97.54,1482.6,0,1804
2,2397,56.77,0.4891,99.37,1510.6,0,1803
2,2398,55.23,0.4891,95.45,1506.1,0,1802
2,2399,56.61,0.5011,99.63,1506.5,0,1801
2,2400,57.59,0.5265,98.09,1501.6,0,1800
2,2401,57.79,0.5089,99.99,1518.8,0,1799
2,2402,55.97,0.5478,97.71,1530.1,0,1798
2,2403,57.95,0.4732,94.7,1514.0,0,1797
2,2404,55.83,0.5267,97.96,1508.6,0,1796
2,2405,55.15,0.5886,95.11,1517.4,0,1795
2,2406,55.55,0.6127,98.92,1487.9,0,1794
2,2407,56.76,0.5459,99.78,1506.4,0,1793
2,2408,54.75,0.5373,97.47,1512.5,0,1792
2,2409,54.45,0.5144,100.63,1499.6,0,1791
2,2410,54.28,0.5847,97.33,1500.3,0,1790
2,2411,56.5,0.5892,95.95,1499.8,0,1789
2,2412,55.56,0.5828,95.6,1485.9,0,1788
2,2413,56.51,0.5436,97.05,1521.7,0,1787
2,2414,53.97,0.5794,98.32,1490.1,0,1786
2,2415,55.44,0.5341,98.09,1502.8,0,1785
2,2416,55.99,0.5878,98.17,1495.0,0,1784
2,2417,54.63,0.5431,96.78,1501.7,0,1783
2,2418,56.48,0.5643,98.86,1510.9,0,1782
2,2419,54.94,0.5384,96.23,1493.5,0,1781
2,2420,56.94,0.5606,97.59,1496.2,0,1780
2,2421,57.14,0.5881,95.62,1500.8,0,1779
2,2422,56.6,0.5551,95.75,1498.3,0,1778
2,2423,56.58,0.5403,96.26,1472.2,0,1777
2,2424,54.54,0.5325,96.74,1493.4,0,1776
2,2425,56.17,0.5605,96.11,1484.2,0,1775
2,2426,58.51,0.5379,93.62,1485.6,0,1774
2,2427,53.11,0.531,98.3,1506.6,0,1773
2,2428,57.15,0.4855,98.9,1487.4,0,1772
2,2429,56.04,0.5335,97.72,1471.0,0,1771
2,2430,56.51,0.5036,94.9,1498.7,0,1770
2,2431,57.48,0.5375,96.14,1498.1,0,1769
2,2432,57.54,0.5525,96.8,1493.2,0,1768
2,2433,57.16,0.4535,96.5,1481.7,0,1767
2,2434,57.65,0.5299,95.74,1479.3,0,1766
2,2435,57.8,0.5521,102.0,1498.7,0,1765
2,2436,57.1,0.4788,99.62,1485.8,0,1764
2,2437,57.02,0.5116,93.62,1484.5,0,1763
2,2438,55.57,0.5707,97.4,1487.0,0,1762
2,2439,57.87,0.551,97.42,1470.2,0,1761
2,2440,57.12,0.5288,94.19,1484.8,0,1760
2,2441,57.87,0.5374,95.56,1485.4,0,1759
2,2442,56.64,0.5567,99.64,1499.4,0,1758
2,2443,58.17,0.5156,96.94,1494.3,0,1757
2,2444,54.98,0.4481,97.59,1484.7,0,1756
2,2445,56.96,0.4973,98.14,1477.1,0,1755
2,2446,58.9,0.4979,96.69,1487.0,0,1754
2,2447,55.96,0.5021,96.59,1469.8,0,1753
2,2448,55.27,0.4936,96.09,1488.7,0,1752
2,2449,58.72,0.5056,93.61,1487.6,0,1751
2,2450,56.49,0.5023,98.83,1477.4,0,1750
2,2451,58.09,0.5276,95.41,1487.9,0,1749
2,2452,59.01,0.4544,97.43,1477.9,0,1748
2,2453,58.8,0.4812,97.36,1492.2,0,1747
2,2454,56.87,0.4431,99.96,1494.0,0,1746
2,2455,59.21,0.4582,96.84,1491.6,0,1745
2,2456,57.11,0.4599,93.14,1480.1,0,1744
2,2457,59.55,0.4595,96.4,1475.9,0,1743
2,2458,60.56,0.5058,97.53,1459.8,0,1742
2,2459,55.45,0.5058,96.05,1480.7,0,1741
2,2460,59.06,0.4618,100.17,1483.4,0,1740
2,2461,56.69,0.5012,100.77,1469.4,0,1739
2,2462,56.08,0.4501,100.38,1486.2,0,1738
2,2463,59.15,0.4836,94.66,1491.8,0,1737
2,2464,58.85,0.4851,98.57,1488.3,0,1736
2,2465,54.79,0.4894,92.03,1481.5,0,1735
2,2466,56.54,0.3685,98.96,1485.7,0,1734
2,2467,56.98,0.4814,100.72,1478.1,0,1733
2,2468,56.97,0.4577,95.52,1475.8,0,1732
2,2469,57.79,0.4897,97.86,1487.7,0,1731
2,2470,57.28,0.4252,97.98,1477.9,0,1730
2,2471,59.17,0.5131,94.27,1488.1,0,1729
2,2472,58.56,0.4979,95.71,1474.3,0,1728
2,2473,58.44,0.4295,96.19,1494.2,0,1727
2,2474,59.64,0.5158,97.15,1479.5,0,1726
2,2475,59.93,0.4978,98.7,1478.7,0,1725
2,2476,57.01,0.4187,104.2,1501.2,0,1724
2,2477,56.6,0.5037,98.33,1489.8,0,1723
2,2478,58.05,0.5178,94.91,1488.8,0,1722
2,2479,60.01,0.5025,97.38,1500.4,0,1721
2,2480,56.55,0.4667,95.8,1471.0,0,1720
2,2481,57.96,0.5173,99.14,1470.2,0,1719
2,2482,58.42,0.4644,97.47,1492.6,0,1718
2,2483,59.15,0.4708,95.04,1491.2,0,1717
2,2484,59.37,0.3909,99.48,1491.8,0,1716
2,2485,60.27,0.4913,97.65,1488.7,0,1715
2,2486,57.03,0.4901,100.07,1497.7,0,1714
2,2487,59.23,0.3847,99.95,1488.8,0,1713
2,2488,59.72,0.4414,102.1,1500.0,0,1712
2,2489,58.57,0.4474,98.37,1498.7,0,1711
2,2490,59.14,0.3953,99.78,1486.4,0,1710
2,2491,59.45,0.4247,97.82,1480.0,0,1709
2,2492,58.16,0.4624,99.1,1493.7,0,1708
2,2493,57.74,0.4383,99.23,1505.5,0,1707
2,2494,59.58,0.4559,101.75,1496.9,0,1706
2,2495,57.96,0.5042,95.3,1485.7,0,1705
2,2496,59.53,0.4944,97.83,1502.9,0,1704
2,2497,58.9,0.4645,98.52,1490.1,0,1703
2,2498,60.17,0.4181,100.74,1485.7,0,1702
2,2499,59.26,0.3831,96.52,1489.9,0,1701
2,2500,58.27,0.4969,97.21,1497.7,0,1700
2,2501,61.32,0.4607,98.5,1486.7,0,1699
2,2502,59.18,0.4517,99.35,1510.7,0,1698
2,2503,60.79,0.4925,95.99,1510.3,0,1697
2,2504,59.42,0.5617,99.58,1487.6,0,1696
2,2505,60.49,0.4713,98.09,1489.9,0,1695
2,2506,58.41,0.4728,100.1,1501.0,0,1694
2,2507,59.52,0.4838,100.76,1485.0,0,1693
2,2508,58.94,0.4705,98.77,1503.7,0,1692
2,2509,57.94,0.5023,101.13,1498.4,0,1691
2,2510,57.72,0.4077,102.54,1490.6,0,1690
2,2511,61.89,0.4749,100.23,1502.9,0,1689
2,2512,58.54,0.4135,102.48,1497.2,0,1688
2,2513,59.83,0.5169,102.77,1486.3,0,1687
2,2514,61.59,0.4273,102.07,1489.2,0,1686
2,2515,61.02,0.467,98.0,1509.4,0,1685
2,2516,60.25,0.5244,100.9,1524.9,0,1684
2,2517,60.18,0.4515,98.89,1506.3,0,1683
2,2518,62.0,0.5481,102.14,1504.2,0,1682
2,2519,59.98,0.5402,104.65,1505.8,0,1681
2,2520,59.96,0.4755,99.38,1490.7,0,1680
2,2521,60.89,0.5759,100.78,1499.0,0,1679
2,2522,60.06,0.5841,99.29,1512.0,0,1678
2,2523,61.8,0.5367,97.9,1512.2,0,1677
2,2524,58.89,0.4871,98.55,1509.4,0,1676
2,2525,59.66,0.5117,101.11,1509.1,0,1675
2,2526,62.46,0.5981,102.16,1523.6,0,1674
2,2527,60.23,0.4929,100.79,1519.5,0,1673
2,2528,61.52,0.5806,100.41,1513.2,0,1672
2,2529,61.08,0.5398,105.9,1505.5,0,1671
2,2530,61.23,0.5594,99.43,1498.8,0,1670
2,2531,59.71,0.5292,105.87,1511.9,0,1669
2,2532,61.4,0.5296,96.4,1514.5,0,1668
2,2533,61.91,0.4991,97.06,1525.7,0,1667
2,2534,62.68,0.5605,101.88,1506.6,0,1666
2,2535,61.51,0.5478,100.2,1514.6,0,1665
2,2536,61.49,0.545,102.14,1498.3,0,1664
2,2537,60.38,0.5752,102.69,1512.7,0,1663
2,2538,61.77,0.5746,100.33,1509.7,0,1662
2,2539,58.84,0.5793,100.65,1509.9,0,1661
2,2540,62.17,0.5431,102.51,1515.1,0,1660
2,2541,62.22,0.5599,101.03,1526.7,0,1659
2,2542,62.95,0.6037,101.4,1507.7,0,1658
2,2543,60.14,0.5683,101.95,1504.2,0,1657
2,2544,60.71,0.5539,101.16,1508.9,0,1656
2,2545,60.1,0.5402,103.41,1513.9,0,1655
2,2546,63.85,0.5422,104.36,1525.8,0,1654
2,2547,61.04,0.5327,100.49,1525.4,0,1653
2,2548,62.56,0.5835,99.97,1523.0,0,1652
2,2549,61.76,0.539,98.25,1511.6,0,1651
2,2550,61.2,0.5777,103.82,1502.8,0,1650
2,2551,64.14,0.547,100.86,1512.4,0,1649
2,2552,62.99,0.5405,101.82,1533.1,0,1648
2,2553,62.54,0.5194,101.21,1516.4,0,1647
2,2554,62.32,0.5303,102.36,1540.3,0,1646
2,2555,62.86,0.5552,98.39,1516.1,0,1645
2,2556,62.44,0.6151,101.49,1513.2,0,1644
2,2557,62.9,0.5159,107.09,1515.8,0,1643
2,2558,61.43,0.5761,103.05,1522.1,0,1642
2,2559,61.13,0.5613,102.89,1528.6,0,1641
2,2560,59.58,0.5147,100.55,1538.3,0,1640
2,2561,60.71,0.539,98.05,1515.2,0,1639
2,2562,61.5,0.593,101.17,1524.4,0,1638
2,2563,63.45,0.5061,101.7,1506.9,0,1637
2,2564,63.87,0.5218,101.61,1524.3,0,1636
2,2565,63.39,0.4883,104.24,1501.1,0,1635
2,2566,63.58,0.4846,106.72,1511.2,0,1634
2,2567,61.98,0.5556,106.17,1512.6,0,1633
2,2568,62.46,0.5388,107.58,1514.2,0,1632
2,2569,61.46,0.5416,103.34,1519.2,0,1631
2,2570,63.98,0.4735,100.89,1511.1,0,1630
2,2571,62.4,0.5137,103.56,1509.8,0,1629
2,2572,62.92,0.5434,99.67,1511.2,0,1628
2,2573,63.09,0.52,106.77,1515.7,0,1627
2,2574,64.78,0.4836,102.6,1521.1,0,1626
2,2575,63.23,0.4884,103.99,1528.2,0,1625
2,2576,64.15,0.5371,102.5,1516.6,0,1624
2,2577,63.86,0.5808,102.25,1515.5,0,1623
2,2578,61.79,0.513,103.15,1514.9,0,1622
2,2579,61.98,0.4866,102.05,1497.7,0,1621
2,2580,63.78,0.531,100.78,1519.7,0,1620
2,2581,62.02,0.5351,104.66,1521.4,0,1619
2,2582,62.01,0.4892,101.15,1512.5,0,1618
2,2583,64.63,0.5023,103.07,1507.6,0,1617
2,2584,63.5,0.4893,103.73,1514.2,0,1616
2,2585,62.57,0.5179,109.9,1516.0,0,1615
2,2586,62.13,0.5307,101.92,1509.0,0,1614
2,2587,62.41,0.4285,108.42,1507.3,0,1613
2,2588,62.09,0.4943,102.89,1522.8,0,1612
2,2589,64.4,0.4496,101.35,1523.0,0,1611
2,2590,62.56,0.501,106.26,1526.3,0,1610
2,2591,62.79,0.4775,105.62,1521.1,0,1609
2,2592,61.62,0.485,102.49,1508.9,0,1608
2,2593,63.49,0.4632,107.25,1512.1,0,1607
2,2594,65.87,0.4867,100.31,1507.6,0,1606
2,2595,63.23,0.4512,105.21,1515.4,0,1605
2,2596,63.45,0.4817,100.13,1519.5,0,1604
2,2597,61.77,0.4604,101.31,1495.9,0,1603
2,2598,64.6,0.4225,105.43,1516.5,0,1602
2,2599,65.9,0.3827,100.09,1491.2,0,1601
2,2600,66.54,0.465,99.75,1495.8,0,1600
2,2601,64.14,0.4492,104.86,1513.5,0,1599
2,2602,64.86,0.4324,104.12,1519.9,0,1598
2,2603,66.57,0.3825,101.68,1524.1,0,1597
2,2604,64.6,0.4675,107.41,1502.6,0,1596
2,2605,67.6,0.451,100.57,1506.1,0,1595
2,2606,63.44,0.4824,105.1,1505.1,0,1594
2,2607,63.63,0.4273,102.52,1485.7,0,1593
2,2608,65.6,0.4602,102.32,1517.5,0,1592
2,2609,61.28,0.4271,100.98,1506.9,0,1591
2,2610,63.35,0.419,104.85,1502.7,0,1590
2,2611,65.65,0.4771,101.4,1530.6,0,1589
2,2612,64.26,0.448,105.35,1482.9,0,1588
2,2613,66.76,0.4021,104.36,1506.5,0,1587
2,2614,60.46,0.4418,104.71,1492.6,0,1586
2,2615,61.64,0.3354,101.4,1497.4,0,1585
2,2616,61.96,0.4085,102.45,1492.0,0,1584
2,2617,64.89,0.5732,102.15,1508.6,0,1583
2,2618,64.03,0.4076,101.03,1500.2,0,1582
2,2619,64.54,0.4227,101.72,1498.9,0,1581
2,2620,64.51,0.4115,101.61,1489.0,0,1580
2,2621,65.18,0.424,101.82,1513.2,0,1579
2,2622,62.44,0.5116,103.85,1476.0,0,1578
2,2623,66.15,0.4997,99.83,1474.9,0,1577
2,2624,63.64,0.4324,99.04,1492.0,0,1576
2,2625,65.61,0.4041,102.06,1481.3,0,1575
2,2626,63.99,0.4502,99.97,1479.2,0,1574
2,2627,65.15,0.4443,101.43,1495.5,0,1573
2,2628,64.78,0.4283,102.65,1497.7,0,1572
2,2629,63.88,0.5187,101.98,1498.1,0,1571
2,2630,63.65,0.5302,102.78,1506.3,0,1570
2,2631,65.88,0.4692,101.38,1490.4,0,1569
2,2632,65.03,0.4845,103.62,1487.1,0,1568
2,2633,65.91,0.499,100.92,1493.8,0,1567
2,2634,64.5,0.5181,100.08,1483.0,0,1566
2,2635,61.98,0.4754,103.78,1474.1,0,1565
2,2636,66.84,0.5498,104.37,1489.7,0,1564
2,2637,65.44,0.4628,101.91,1465.8,0,1563
2,2638,65.1,0.5008,101.13,1507.9,0,1562
2,2639,64.98,0.4868,100.73,1500.4,0,1561
2,2640,63.88,0.4968,102.04,1487.3,0,1560
2,2641,63.79,0.4633,102.08,1483.5,0,1559
2,2642,64.8,0.5666,102.78,1495.2,0,1558
2,2643,68.0,0.4593,96.9,1489.7,0,1557
2,2644,62.97,0.4959,101.32,1492.3,0,1556
2,2645,65.33,0.5326,105.4,1476.2,0,1555
2,2646,65.23,0.4637,102.13,1496.1,0,1554
2,2647,65.2,0.5457,100.18,1485.8,0,1553
2,2648,63.86,0.4764,101.74,1498.4,0,1552
2,2649,65.81,0.5166,100.77,1486.1,0,1551
2,2650,61.86,0.4982,100.43,1484.1,0,1550
2,2651,64.04,0.5473,102.52,1482.6,0,1549
2,2652,63.72,0.5169,100.19,1485.2,0,1548
2,2653,63.44,0.5485,99.4,1492.6,0,1547
2,2654,67.22,0.442,100.41,1497.9,0,1546
2,2655,66.2,0.5571,102.18,1468.6,0,1545
2,2656,66.44,0.592,100.17,1463.0,0,1544
2,2657,65.98,0.5164,99.86,1480.5,0,1543
2,2658,63.35,0.5469,103.04,1485.1,0,1542
2,2659,65.67,0.6127,102.71,1478.6,0,1541
2,2660,64.9,0.5746,101.49,1474.9,0,1540
2,2661,66.76,0.5201,100.85,1472.6,0,1539
2,2662,64.74,0.5146,100.79,1478.0,0,1538
2,2663,64.5,0.5717,99.6,1499.0,0,1537
2,2664,64.5,0.5252,101.02,1482.3,0,1536
2,2665,65.13,0.5466,98.68,1483.4,0,1535
2,2666,64.82,0.5498,99.55,1466.6,0,1534
2,2667,66.48,0.4393,99.49,1477.8,0,1533
2,2668,65.87,0.6497,99.22,1479.3,0,1532
2,2669,66.62,0.4697,103.49,1487.9,0,1531
2,2670,66.76,0.5434,103.09,1474.7,0,1530
2,2671,66.06,0.5796,100.5,1483.3,0,1529
2,2672,65.77,0.5467,98.06,1485.9,0,1528
2,2673,65.01,0.5726,97.23,1501.1,0,1527
2,2674,64.61,0.5409,99.66,1490.8,0,1526
2,2675,64.96,0.5483,100.24,1476.8,0,1525
2,2676,65.82,0.5624,97.92,1460.7,0,1524
2,2677,64.01,0.5385,98.36,1488.7,0,1523
2,2678,66.23,0.5036,94.65,1504.7,0,1522
2,2679,61.65,0.4779,99.53,1472.0,0,1521
2,2680,64.84,0.4947,95.51,1479.9,0,1520
2,2681,65.79,0.4976,99.02,1479.0,0,1519
2,2682,63.16,0.4877,98.18,1485.3,0,1518
2,2683,65.14,0.6165,102.87,1497.5,0,1517
2,2684,66.12,0.5383,100.22,1482.6,0,1516
2,2685,63.16,0.565,99.05,1480.3,0,1515
2,2686,63.58,0.5902,99.49,1492.2,0,1514
2,2687,65.14,0.5591,97.14,1476.2,0,1513
2,2688,64.15,0.551,101.12,1485.8,0,1512
2,2689,64.41,0.5613,101.49,1471.3,0,1511
2,2690,65.82,0.5789,98.77,1486.9,0,1510
2,2691,64.98,0.5276,98.36,1482.4,0,1509
2,2692,66.14,0.5298,99.71,1486.3,0,1508
2,2693,65.53,0.5384,99.03,1474.4,0,1507
2,2694,65.02,0.5165,99.91,1490.0,0,1506
2,2695,67.31,0.5629,102.14,1485.4,0,1505
2,2696,63.76,0.5155,99.23,1485.4,0,1504
2,2697,65.35,0.5129,96.81,1496.4,0,1503
2,2698,61.07,0.5544,99.23,1490.7,0,1502
2,2699,65.92,0.5092,98.88,1493.9,0,1501
2,2700,64.16,0.5211,92.52,1499.7,0,1500
2,2701,66.45,0.4257,98.73,1487.7,0,1499
2,2702,62.52,0.478,98.16,1507.3,0,1498
2,2703,65.25,0.4544,98.77,1485.6,0,1497
2,2704,64.64,0.4911,102.12,1495.7,0,1496
2,2705,64.53,0.5566,99.21,1484.1,0,1495
2,2706,65.74,0.4964,97.66,1489.8,0,1494
2,2707,64.48,0.5055,95.23,1482.7,0,1493
2,2708,63.51,0.4822,97.48,1484.3,0,1492
2,2709,64.76,0.4439,95.04,1497.3,0,1491
2,2710,63.69,0.5117,98.03,1484.9,0,1490
2,2711,63.72,0.4473,98.93,1489.2,0,1489
2,2712,63.84,0.5042,97.61,1487.1,0,1488
2,2713,64.83,0.4975,102.11,1501.6,0,1487
2,2714,63.29,0.4774,99.04,1489.9,0,1486
2,2715,64.5,0.4058,98.1,1485.1,0,1485
2,2716,61.87,0.4934,99.29,1508.7,0,1484
2,2717,64.55,0.4566,97.46,1492.4,0,1483
2,2718,65.74,0.451,94.35,1497.9,0,1482
2,2719,66.78,0.3859,98.13,1491.7,0,1481
2,2720,63.83,0.4725,94.83,1515.1,0,1480
2,2721,62.18,0.4876,95.03,1493.2,0,1479
2,2722,64.06,0.3307,99.49,1489.0,0,1478
2,2723,64.86,0.4406,97.54,1505.5,0,1477
2,2724,63.0,0.4616,94.63,1498.4,0,1476
2,2725,62.07,0.4736,99.68,1500.1,0,1475
2,2726,66.29,0.4748,98.6,1503.3,0,1474
2,2727,64.39,0.3957,92.73,1516.1,0,1473
2,2728,64.5,0.4864,95.67,1491.7,0,1472
2,2729,64.8,0.4066,96.72,1518.2,0,1471
2,2730,64.1,0.4124,98.72,1501.8,0,1470
2,2731,65.19,0.4515,94.45,1510.8,0,1469
2,2732,65.12,0.4207,97.62,1504.8,0,1468
2,2733,63.81,0.5226,98.95,1492.3,0,1467
2,2734,62.36,0.4768,96.01,1496.1,0,1466
2,2735,63.17,0.3811,94.73,1537.7,0,1465
2,2736,67.45,0.5133,92.03,1517.0,0,1464
2,2737,62.85,0.4636,95.49,1522.2,0,1463
2,2738,65.71,0.454,98.53,1520.5,0,1462
2,2739,64.25,0.4786,98.74,1512.4,0,1461
2,2740,63.72,0.4468,92.81,1521.8,0,1460
2,2741,63.47,0.4203,96.38,1519.7,0,1459
2,2742,62.89,0.4548,97.86,1518.2,0,1458
2,2743,61.86,0.4455,95.4,1508.6,0,1457
2,2744,63.66,0.4232,98.17,1507.8,0,1456
2,2745,64.09,0.4993,97.47,1515.3,0,1455
2,2746,60.92,0.3796,98.14,1511.6,0,1454
2,2747,64.72,0.5557,100.61,1514.1,0,1453
2,2748,63.62,0.4241,99.24,1528.8,0,1452
2,2749,64.72,0.4075,94.75,1522.4,0,1451
2,2750,62.1,0.4423,95.9,1518.7,0,1450
2,2751,63.78,0.4492,101.28,1519.1,0,1449
2,2752,63.45,0.4936,97.76,1516.2,0,1448
2,2753,62.4,0.4808,94.84,1513.4,0,1447
2,2754,64.79,0.4994,97.85,1518.0,0,1446
2,2755,62.43,0.5624,94.21,1498.2,0,1445
2,2756,62.22,0.431,97.62,1519.2,0,1444
2,2757,63.17,0.4656,97.76,1524.8,0,1443
2,2758,64.12,0.4662,95.45,1520.5,0,1442
2,2759,64.75,0.4402,98.62,1520.3,0,1441
2,2760,64.24,0.4398,93.94,1533.0,0,1440
2,2761,63.14,0.4122,100.42,1500.8,0,1439
2,2762,63.96,0.4504,98.29,1521.5,0,1438
2,2763,62.07,0.5481,96.76,1513.2,0,1437
2,2764,65.38,0.4845,95.72,1511.2,0,1436
2,2765,64.84,0.5239,99.13,1511.9,0,1435
2,2766,62.58,0.5819,94.87,1522.4,0,1434
2,2767,62.64,0.5042,100.73,1517.4,0,1433
2,2768,61.32,0.5395,97.2,1517.4,0,1432
2,2769,62.58,0.5266,95.81,1522.2,0,1431
2,2770,62.74,0.516,96.46,1510.6,0,1430
2,2771,60.82,0.5334,97.48,1513.5,0,1429
2,2772,64.43,0.5394,98.75,1534.1,0,1428
2,2773,61.78,0.5202,97.99,1501.1,0,1427
2,2774,62.87,0.4816,97.32,1520.2,0,1426
2,2775,62.46,0.5391,101.25,1512.7,0,1425
2,2776,63.42,0.5267,98.87,1527.9,0,1424
2,2777,62.47,0.5586,93.3,1511.5,0,1423
2,2778,64.41,0.5551,99.27,1529.3,0,1422
2,2779,62.33,0.4881,95.14,1524.8,0,1421
2,2780,60.54,0.5767,98.78,1507.9,0,1420
2,2781,60.73,0.5401,100.92,1516.2,0,1419
2,2782,60.86,0.4887,100.51,1519.8,0,1418
2,2783,60.74,0.4752,95.72,1517.5,0,1417
2,2784,62.35,0.5106,95.62,1509.2,0,1416
2,2785,60.44,0.5147,103.2,1509.0,0,1415
2,2786,63.32,0.5815,94.76,1515.2,0,1414
2,2787,60.99,0.5811,98.57,1538.1,0,1413
2,2788,62.2,0.5962,101.35,1515.6,0,1412
2,2789,60.98,0.4963,101.1,1491.4,0,1411
2,2790,60.34,0.5003,97.38,1523.7,0,1410
2,2791,58.45,0.5519,96.55,1518.5,0,1409
2,2792,61.05,0.5291,101.17,1522.9,0,1408
2,2793,61.57,0.4813,97.33,1512.7,0,1407
2,2794,60.83,0.5829,93.93,1519.7,0,1406
2,2795,62.57,0.5933,96.87,1524.4,0,1405
2,2796,61.91,0.5175,97.19,1511.2,0,1404
2,2797,61.92,0.4776,93.33,1511.3,0,1403
2,2798,62.24,0.5453,99.62,1507.9,0,1402
2,2799,61.91,0.5514,98.08,1526.7,0,1401
2,2800,63.57,0.5149,99.87,1513.9,0,1400
2,2801,61.85,0.561,94.96,1518.4,0,1399
2,2802,62.77,0.5385,101.06,1513.9,0,1398
2,2803,61.24,0.5887,95.34,1503.9,0,1397
2,2804,63.8,0.5373,101.97,1501.4,0,1396
2,2805,62.1,0.5029,97.76,1508.6,0,1395
2,2806,61.15,0.5499,100.46,1504.4,0,1394
2,2807,64.02,0.5778,98.63,1512.0,0,1393
2,2808,60.58,0.5847,96.58,1518.3,0,1392
2,2809,61.78,0.5445,97.39,1519.4,0,1391
2,2810,59.68,0.5665,99.2,1512.7,0,1390
2,2811,59.18,0.4849,100.0,1502.0,0,1389
2,2812,61.27,0.5217,98.88,1514.2,0,1388
2,2813,62.54,0.5584,99.18,1519.6,0,1387
2,2814,59.74,0.5392,98.89,1503.7,0,1386
2,2815,60.04,0.543,100.23,1499.2,0,1385
2,2816,58.07,0.5881,96.63,1495.8,0,1384
2,2817,59.48,0.4929,98.6,1490.8,0,1383
2,2818,60.58,0.545,99.82,1498.3,0,1382
2,2819,60.76,0.5411,99.16,1505.2,0,1381
2,2820,60.0,0.5205,96.54,1519.8,0,1380
2,2821,60.72,0.5604,98.7,1512.4,0,1379
2,2822,63.19,0.5229,97.5,1502.2,0,1378
2,2823,60.75,0.5,99.85,1511.1,0,1377
2,2824,59.81,0.4949,101.91,1514.0,0,1376
2,2825,59.18,0.4977,100.19,1503.0,0,1375
2,2826,59.12,0.5178,100.33,1482.8,0,1374
2,2827,60.53,0.4585,99.72,1484.0,0,1373
2,2828,59.86,0.4903,101.58,1495.5,0,1372
2,2829,58.86,0.4252,99.29,1502.8,0,1371
2,2830,59.24,0.4388,97.1,1499.1,0,1370
2,2831,59.13,0.5521,97.66,1499.4,0,1369
2,2832,58.01,0.4462,99.51,1501.2,0,1368
2,2833,59.49,0.5001,100.46,1501.9,0,1367
2,2834,61.32,0.4394,99.46,1510.6,0,1366
2,2835,58.77,0.5208,100.38,1500.9,0,1365
2,2836,59.73,0.4261,101.84,1490.8,0,1364
2,2837,60.17,0.4975,103.45,1500.4,0,1363
2,2838,59.65,0.4881,98.68,1486.1,0,1362
2,2839,58.78,0.4503,101.73,1511.4,0,1361
2,2840,61.33,0.4825,100.85,1504.5,0,1360
2,2841,57.42,0.4733,101.24,1496.4,0,1359
2,2842,59.35,0.4598,103.83,1481.5,0,1358
2,2843,58.54,0.507,99.54,1493.8,0,1357
2,2844,62.43,0.4409,100.65,1491.2,0,1356
2,2845,58.55,0.4159,97.39,1509.0,0,1355
2,2846,59.37,0.5129,101.13,1476.3,0,1354
2,2847,58.4,0.4563,103.23,1487.5,0,1353
2,2848,58.04,0.4672,102.65,1484.9,0,1352
2,2849,59.71,0.461,97.95,1488.2,0,1351
2,2850,60.4,0.4336,100.16,1479.4,0,1350
2,2851,61.25,0.4754,101.24,1500.3,0,1349
2,2852,59.44,0.4321,102.64,1488.4,0,1348
2,2853,56.35,0.465,104.68,1487.9,0,1347
2,2854,58.7,0.4704,102.74,1506.2,0,1346
2,2855,58.78,0.4674,100.81,1468.5,0,1345
2,2856,60.23,0.4874,104.86,1471.4,0,1344
2,2857,59.47,0.4366,101.09,1488.0,0,1343
2,2858,56.86,0.3841,108.16,1475.1,0,1342
2,2859,57.54,0.4804,102.67,1481.6,0,1341
2,2860,57.73,0.4783,103.42,1477.9,0,1340
2,2861,57.88,0.441,104.59,1472.9,0,1339
2,2862,58.04,0.4617,96.87,1482.8,0,1338
2,2863,57.72,0.481,103.55,1479.4,0,1337
2,2864,57.58,0.4333,103.1,1505.4,0,1336
2,2865,60.53,0.454,102.05,1483.9,0,1335
2,2866,61.2,0.4848,101.11,1490.0,0,1334
2,2867,56.75,0.4154,102.34,1476.2,0,1333
2,2868,57.57,0.4534,104.22,1477.5,0,1332
2,2869,57.79,0.4533,103.58,1487.6,0,1331
2,2870,55.75,0.4432,102.14,1471.6,0,1330
2,2871,56.32,0.4105,103.64,1475.1,0,1329
2,2872,57.14,0.5288,101.49,1487.1,0,1328
2,2873,57.7,0.4708,99.42,1474.6,0,1327
2,2874,55.92,0.4166,103.0,1473.6,0,1326
2,2875,57.71,0.4532,98.43,1484.9,0,1325
2,2876,57.37,0.4432,103.14,1493.6,0,1324
2,2877,57.53,0.4818,100.9,1470.8,0,1323
2,2878,58.8,0.5091,102.23,1500.4,0,1322
2,2879,58.3,0.4849,103.66,1490.5,0,1321
2,2880,58.68,0.4303,105.09,1463.2,0,1320
2,2881,57.66,0.4867,103.18,1478.8,0,1319
2,2882,57.65,0.4278,100.36,1490.5,0,1318
2,2883,58.85,0.482,104.87,1466.2,0,1317
2,2884,57.59,0.4994,107.39,1498.1,0,1316
2,2885,57.69,0.4874,101.31,1486.4,0,1315
2,2886,60.15,0.4626,102.3,1481.7,0,1314
2,2887,56.05,0.5116,101.61,1484.1,0,1313
2,2888,55.78,0.5191,103.49,1481.4,0,1312
2,2889,56.83,0.4654,102.94,1469.9,0,1311
2,2890,58.36,0.4691,102.2,1490.9,0,1310
2,2891,53.6,0.533,100.54,1472.4,0,1309
2,2892,58.09,0.606,105.67,1462.5,0,1308
2,2893,57.32,0.5204,104.5,1470.8,0,1307
2,2894,56.62,0.5641,104.17,1485.7,0,1306
2,2895,55.37,0.6138,100.74,1480.5,0,1305
2,2896,57.24,0.5568,104.53,1485.4,0,1304
2,2897,57.0,0.566,101.0,1482.6,0,1303
2,2898,56.13,0.5305,104.15,1483.6,0,1302
2,2899,58.24,0.5118,101.94,1482.7,0,1301
2,2900,57.2,0.4396,101.53,1462.5,0,1300
2,2901,55.98,0.5796,101.51,1497.2,0,1299
2,2902,55.87,0.46,104.59,1488.4,0,1298
2,2903,56.88,0.517,101.11,1494.9,0,1297
2,2904,56.66,0.5,101.81,1473.4,0,1296
2,2905,55.81,0.5409,104.05,1485.1,0,1295
2,2906,55.4,0.5525,102.01,1492.6,0,1294
2,2907,57.19,0.5097,106.67,1508.1,0,1293
2,2908,56.35,0.5493,100.46,1484.9,0,1292
2,2909,54.21,0.5899,104.43,1506.0,0,1291
2,2910,55.05,0.5633,103.83,1493.8,0,1290
2,2911,57.18,0.5324,105.35,1468.4,0,1289
2,2912,57.02,0.5977,104.89,1493.0,0,1288
2,2913,56.82,0.5398,108.06,1499.4,0,1287
2,2914,56.45,0.5521,102.52,1504.1,0,1286
2,2915,58.3,0.5594,102.4,1494.0,0,1285
2,2916,57.28,0.5332,103.71,1497.6,0,1284
2,2917,55.8,0.5695,101.83,1500.0,0,1283
2,2918,57.75,0.5831,103.57,1472.1,0,1282
2,2919,56.14,0.6664,103.05,1495.3,0,1281
2,2920,58.46,0.534,101.69,1490.8,0,1280
2,2921,54.73,0.5958,101.93,1501.8,0,1279
2,2922,57.22,0.5803,106.97,1489.1,0,1278
2,2923,55.42,0.5583,102.33,1496.1,0,1277
2,2924,55.51,0.6172,104.54,1509.9,0,1276
2,2925,55.36,0.5353,100.32,1494.8,0,1275
2,2926,56.64,0.5054,101.64,1492.8,0,1274
2,2927,56.81,0.5438,105.74,1501.8,0,1273
2,2928,56.02,0.5895,100.57,1525.5,0,1272
2,2929,54.04,0.5394,104.54,1507.1,0,1271
2,2930,56.22,0.5583,99.13,1502.4,0,1270
2,2931,53.18,0.6144,106.06,1496.6,0,1269
2,2932,54.77,0.5559,103.55,1488.7,0,1268
2,2933,56.96,0.5856,100.61,1503.5,0,1267
2,2934,55.55,0.5253,101.34,1512.2,0,1266
2,2935,54.81,0.4594,103.33,1494.3,0,1265
2,2936,56.9,0.55,101.08,1490.5,0,1264
2,2937,53.63,0.5551,100.41,1509.0,0,1263
2,2938,53.7,0.5448,101.06,1505.0,0,1262
2,2939,55.97,0.5237,102.81,1502.6,0,1261
2,2940,56.91,0.5136,104.95,1495.2,0,1260
2,2941,55.49,0.492,100.75,1522.0,0,1259
2,2942,56.42,0.5358,99.58,1512.8,0,1258
2,2943,54.74,0.5687,101.34,1509.1,0,1257
2,2944,57.87,0.5027,104.13,1492.6,0,1256
2,2945,56.76,0.4395,100.93,1497.2,0,1255
2,2946,55.44,0.4988,103.74,1505.3,0,1254
2,2947,57.01,0.5287,101.0,1502.1,0,1253
2,2948,53.65,0.4245,102.59,1498.9,0,1252
2,2949,55.13,0.5315,102.95,1511.7,0,1251
2,2950,53.66,0.5266,102.02,1510.0,0,1250
2,2951,54.02,0.4573,100.93,1513.9,0,1249
2,2952,55.06,0.5178,102.92,1506.2,0,1248
2,2953,55.41,0.5255,102.91,1501.9,0,1247
2,2954,55.66,0.4885,101.04,1516.4,0,1246
2,2955,55.75,0.5012,103.76,1532.6,0,1245
2,2956,56.0,0.4385,101.79,1522.4,0,1244
2,2957,54.16,0.4481,100.02,1518.0,0,1243
2,2958,53.77,0.5125,100.82,1505.9,0,1242
2,2959,54.8,0.4707,100.14,1504.6,0,1241
2,2960,53.7,0.5038,103.81,1498.4,0,1240
2,2961,55.65,0.4804,99.57,1514.6,0,1239
2,2962,56.69,0.5265,101.33,1505.3,0,1238
2,2963,55.04,0.4761,105.1,1509.0,0,1237
2,2964,53.7,0.4098,102.31,1502.0,0,1236
2,2965,55.63,0.4917,104.26,1515.7,0,1235
2,2966,56.69,0.4527,96.14,1496.9,0,1234
2,2967,55.44,0.4897,100.73,1512.4,0,1233
2,2968,55.48,0.4318,96.79,1516.7,0,1232
2,2969,57.99,0.4753,98.62,1517.0,0,1231
2,2970,55.2,0.4689,100.48,1529.7,0,1230
2,2971,54.63,0.4883,99.38,1537.3,0,1229
2,2972,56.09,0.511,100.41,1506.3,0,1228
2,2973,55.39,0.5093,101.43,1494.8,0,1227
2,2974,55.52,0.3679,101.13,1504.3,0,1226
2,2975,53.92,0.4205,98.38,1517.1,0,1225
2,2976,55.24,0.4149,103.01,1512.4,0,1224
2,2977,55.15,0.465,100.4,1497.7,0,1223
2,2978,54.7,0.4608,100.16,1527.9,0,1222
2,2979,54.47,0.4674,99.01,1515.6,0,1221
2,2980,56.52,0.4592,101.63,1501.6,0,1220
2,2981,55.18,0.4182,103.8,1507.7,0,1219
2,2982,54.22,0.4327,97.5,1524.7,0,1218
2,2983,56.64,0.3994,100.85,1522.7,0,1217
2,2984,54.17,0.4786,99.5,1524.8,0,1216
2,2985,53.33,0.5222,100.81,1518.5,0,1215
2,2986,57.21,0.4393,97.04,1528.2,0,1214
2,2987,56.33,0.504,97.92,1517.2,0,1213
2,2988,55.79,0.4162,102.35,1524.3,0,1212
2,2989,52.51,0.4272,99.57,1516.4,0,1211
2,2990,55.48,0.5083,98.12,1541.2,0,1210
2,2991,54.22,0.4535,99.17,1527.6,0,1209
2,2992,54.56,0.4615,97.76,1499.0,0,1208
2,2993,54.97,0.5522,95.34,1504.5,0,1207
2,2994,54.85,0.4591,98.54,1503.9,0,1206
2,2995,53.2,0.5116,101.53,1502.1,0,1205
2,2996,54.55,0.5058,98.5,1511.4,0,1204
2,2997,56.71,0.4173,99.95,1516.4,0,1203
2,2998,55.27,0.447,101.33,1526.4,0,1202
2,2999,54.2,0.4711,96.36,1502.4,0,1201
2,3000,52.97,0.4774,97.15,1516.9,0,1200
2,3001,54.13,0.4158,99.18,1535.7,0,1199
2,3002,55.96,0.4784,97.54,1510.2,0,1198
2,3003,55.26,0.4831,101.9,1527.9,0,1197
2,3004,55.07,0.4637,97.96,1525.3,0,1196
2,3005,55.35,0.4694,99.27,1524.0,0,1195
2,3006,53.27,0.4263,97.74,1511.2,0,1194
2,3007,53.87,0.5306,99.34,1516.7,0,1193
2,3008,56.0,0.4829,97.46,1518.1,0,1192
2,3009,55.8,0.4595,98.2,1527.5,0,1191
2,3010,58.58,0.5068,97.18,1518.1,0,1190
2,3011,52.02,0.4733,98.4,1522.5,0,1189
2,3012,54.11,0.5316,100.86,1508.3,0,1188
2,3013,54.94,0.5082,100.08,1499.8,0,1187
2,3014,55.41,0.4623,100.1,1494.5,0,1186
2,3015,54.97,0.4958,97.03,1522.5,0,1185
2,3016,52.25,0.4339,96.89,1512.9,0,1184
2,3017,56.24,0.5453,96.69,1502.7,0,1183
2,3018,55.21,0.4943,101.0,1492.3,0,1182
2,3019,56.24,0.5227,97.18,1491.7,0,1181
2,3020,52.55,0.536,99.43,1518.3,0,1180
2,3021,53.55,0.4798,98.1,1519.8,0,1179
2,3022,56.1,0.5865,99.95,1506.1,0,1178
2,3023,53.57,0.5024,97.88,1511.3,0,1177
2,3024,57.13,0.5117,97.86,1498.1,0,1176
2,3025,55.0,0.4671,93.26,1497.2,0,1175
2,3026,54.02,0.5158,96.8,1516.7,0,1174
2,3027,53.13,0.4785,102.37,1498.4,0,1173
2,3028,56.73,0.4723,97.96,1505.4,0,1172
2,3029,57.82,0.6642,104.15,1490.4,0,1171
2,3030,56.99,0.5769,99.93,1530.4,0,1170
2,3031,58.75,0.5082,98.73,1506.8,0,1169
2,3032,53.57,0.5067,94.16,1514.8,0,1168
2,3033,55.57,0.4825,98.96,1494.2,0,1167
2,3034,55.96,0.5395,97.09,1497.5,0,1166
2,3035,54.82,0.5231,99.5,1518.6,0,1165
2,3036,53.9,0.5191,96.59,1484.5,0,1164
2,3037,57.08,0.5348,98.98,1485.9,0,1163
2,3038,57.01,0.5328,95.26,1503.0,0,1162
2,3039,58.41,0.5984,97.93,1512.7,0,1161
2,3040,57.53,0.5192,98.99,1502.6,0,1160
2,3041,55.68,0.535,97.94,1510.5,0,1159
2,3042,56.85,0.5329,100.16,1509.0,0,1158
2,3043,57.66,0.546,98.54,1492.0,0,1157
2,3044,56.24,0.4942,99.08,1509.2,0,1156
2,3045,54.83,0.6141,95.24,1505.3,0,1155
2,3046,55.1,0.5849,99.31,1497.0,0,1154
2,3047,55.16,0.5369,91.3,1485.6,0,1153
2,3048,55.38,0.5462,96.38,1496.7,0,1152
2,3049,54.47,0.6207,97.8,1489.9,0,1151
2,3050,58.04,0.5157,100.33,1497.2,0,1150
2,3051,54.72,0.5657,96.26,1468.7,0,1149
2,3052,56.07,0.5934,99.99,1489.5,0,1148
2,3053,58.49,0.5333,96.68,1503.0,0,1147
2,3054,56.77,0.5405,92.46,1488.4,0,1146
2,3055,55.83,0.5,97.57,1466.0,0,1145
2,3056,54.68,0.5578,96.72,1487.7,0,1144
2,3057,55.58,0.4713,96.02,1491.3,0,1143
2,3058,56.44,0.5589,97.19,1510.7,0,1142
2,3059,55.49,0.5863,98.03,1472.9,0,1141
2,3060,56.68,0.5653,97.91,1478.4,0,1140
2,3061,56.91,0.52,97.58,1482.0,0,1139
2,3062,54.41,0.5481,96.89,1469.6,0,1138
2,3063,56.61,0.5195,99.91,1501.1,0,1137
2,3064,58.48,0.4765,96.5,1484.3,0,1136
2,3065,55.04,0.5537,92.04,1493.5,0,1135
2,3066,57.06,0.501,97.06,1470.7,0,1134
2,3067,57.47,0.5287,97.5,1505.5,0,1133
2,3068,55.91,0.552,93.98,1483.6,0,1132
2,3069,57.81,0.4941,98.11,1488.3,0,1131
2,3070,58.71,0.5692,99.39,1495.7,0,1130
2,3071,57.06,0.5592,94.7,1465.6,0,1129
2,3072,56.32,0.4736,98.27,1483.8,0,1128
2,3073,56.57,0.5454,97.41,1479.8,0,1127
2,3074,59.39,0.5611,98.59,1501.0,0,1126
2,3075,58.41,0.482,98.63,1497.9,0,1125
2,3076,58.42,0.4825,98.42,1491.3,0,1124
2,3077,57.37,0.5259,96.1,1493.6,0,1123
2,3078,56.32,0.4797,94.49,1489.1,0,1122
2,3079,58.15,0.5251,96.84,1479.2,0,1121
2,3080,56.33,0.5198,93.25,1476.6,0,1120
2,3081,57.31,0.4416,93.67,1473.0,0,1119
2,3082,56.47,0.5317,94.87,1483.0,0,1118
2,3083,56.89,0.4912,99.55,1475.6,0,1117
2,3084,55.98,0.4254,97.4,1491.4,0,1116
2,3085,56.75,0.4531,97.63,1497.2,0,1115
2,3086,57.66,0.5157,99.24,1466.0,0,1114
2,3087,59.08,0.5206,97.08,1483.2,0,1113
2,3088,58.4,0.4738,99.69,1490.8,0,1112
2,3089,56.33,0.4564,92.62,1477.2,0,1111
2,3090,56.46,0.5236,93.73,1494.6,0,1110
2,3091,59.66,0.472,96.97,1473.5,0,1109
2,3092,57.15,0.4909,96.06,1482.1,0,1108
2,3093,57.98,0.4593,99.52,1467.0,0,1107
2,3094,58.91,0.4309,98.48,1478.3,0,1106
2,3095,58.35,0.5312,99.19,1467.7,0,1105
2,3096,56.64,0.4024,95.93,1485.9,0,1104
2,3097,57.78,0.4334,96.38,1479.0,0,1103
2,3098,57.17,0.4292,98.15,1464.1,0,1102
2,3099,56.3,0.4659,97.56,1467.2,0,1101
2,3100,57.52,0.5388,96.21,1484.2,0,1100
2,3101,58.95,0.5114,98.6,1472.9,0,1099
2,3102,57.88,0.3794,98.16,1457.8,0,1098
2,3103,55.89,0.4472,98.8,1492.9,0,1097
2,3104,58.11,0.4618,96.02,1485.1,0,1096
2,3105,57.26,0.4433,100.36,1481.3,0,1095
2,3106,60.24,0.4651,100.94,1466.0,0,1094
2,3107,57.56,0.4923,97.27,1489.6,0,1093
2,3108,58.69,0.5315,99.74,1483.6,0,1092
2,3109,56.95,0.4524,98.27,1489.6,0,1091
2,3110,59.2,0.459,98.94,1484.5,0,1090
2,3111,57.01,0.4742,98.17,1484.4,0,1089
2,3112,59.19,0.4299,96.77,1490.8,0,1088
2,3113,57.7,0.4606,97.57,1463.6,0,1087
2,3114,59.98,0.5279,95.73,1494.7,0,1086
2,3115,60.47,0.4655,98.48,1495.1,0,1085
2,3116,58.5,0.5379,96.36,1478.0,0,1084
2,3117,59.14,0.4191,97.4,1483.5,0,1083
2,3118,59.91,0.5106,98.38,1489.9,0,1082
2,3119,59.96,0.3714,99.36,1470.4,0,1081
2,3120,58.94,0.513,98.02,1489.4,0,1080
2,3121,60.1,0.4736,104.14,1489.1,0,1079
2,3122,60.15,0.5169,98.22,1488.1,0,1078
2,3123,59.06,0.4335,98.48,1477.1,0,1077
2,3124,57.25,0.4309,97.89,1491.0,0,1076
2,3125,61.25,0.5125,99.66,1487.6,0,1075
2,3126,58.61,0.4418,97.84,1507.4,0,1074
2,3127,60.59,0.3879,101.61,1494.2,0,1073
2,3128,57.87,0.4512,98.93,1474.6,0,1072
2,3129,58.03,0.4962,98.05,1505.9,0,1071
2,3130,59.2,0.5486,101.49,1496.8,0,1070
2,3131,58.83,0.4691,99.41,1482.9,0,1069
2,3132,61.25,0.4795,99.17,1510.7,0,1068
2,3133,58.6,0.5081,100.73,1494.1,0,1067
2,3134,59.27,0.5028,97.19,1479.8,0,1066
2,3135,58.25,0.5366,95.9,1520.2,0,1065
2,3136,61.18,0.5611,99.62,1493.2,0,1064
2,3137,60.25,0.4929,102.73,1500.9,0,1063
2,3138,61.66,0.4667,99.66,1492.5,0,1062
2,3139,59.83,0.4815,100.06,1507.0,0,1061
2,3140,58.64,0.4889,96.06,1495.2,0,1060
2,3141,60.48,0.4732,99.05,1506.9,0,1059
2,3142,59.59,0.5374,100.11,1493.0,0,1058
2,3143,61.01,0.4639,100.25,1494.4,0,1057
2,3144,56.6,0.4844,101.23,1513.4,0,1056
2,3145,58.7,0.489,103.55,1526.3,0,1055
2,3146,59.82,0.4929,102.35,1519.3,0,1054
2,3147,59.17,0.4936,100.62,1496.3,0,1053
2,3148,61.46,0.4612,99.77,1514.9,0,1052
2,3149,57.62,0.5205,99.86,1504.3,0,1051
2,3150,60.6,0.5329,100.94,1489.7,0,1050
2,3151,60.8,0.5145,100.24,1511.7,0,1049
2,3152,61.52,0.4754,99.91,1510.4,0,1048
2,3153,59.63,0.5347,102.71,1512.3,0,1047
2,3154,62.52,0.4613,102.34,1515.2,0,1046
2,3155,60.95,0.5437,102.34,1510.4,0,1045
2,3156,61.73,0.5624,99.42,1490.8,0,1044
2,3157,60.4,0.5727,99.48,1512.3,0,1043
2,3158,63.36,0.5725,100.52,1510.9,0,1042
2,3159,59.91,0.5772,97.2,1525.6,0,1041
2,3160,59.46,0.5865,96.65,1511.2,0,1040
2,3161,58.1,0.5336,97.71,1509.2,0,1039
2,3162,61.74,0.483,99.74,1504.2,0,1038
2,3163,61.81,0.5932,100.81,1510.3,0,1037
2,3164,60.18,0.5839,101.62,1514.2,0,1036
2,3165,61.39,0.5694,99.44,1518.5,0,1035
2,3166,62.61,0.5301,102.59,1505.5,0,1034
2,3167,60.28,0.4615,100.87,1530.9,0,1033
2,3168,60.28,0.5637,101.22,1511.1,0,1032
2,3169,57.38,0.5374,102.67,1521.7,0,1031
2,3170,59.84,0.4596,98.42,1528.9,0,1030
2,3171,61.91,0.5821,104.75,1515.6,0,1029
2,3172,62.55,0.5689,105.6,1519.1,0,1028
2,3173,62.04,0.5394,97.93,1524.8,0,1027
2,3174,60.59,0.6119,105.13,1519.2,0,1026
2,3175,59.56,0.5554,99.92,1515.8,0,1025
2,3176,60.8,0.5262,104.85,1503.0,0,1024
2,3177,61.34,0.533,100.94,1523.2,0,1023
2,3178,61.36,0.56,105.67,1533.3,0,1022
2,3179,63.01,0.479,103.3,1505.3,0,1021
2,3180,60.53,0.5179,100.92,1519.9,0,1020
2,3181,60.89,0.5452,102.36,1509.3,0,1019
2,3182,60.49,0.5069,99.59,1510.6,0,1018
2,3183,60.07,0.5188,100.01,1521.6,0,1017
2,3184,63.03,0.4612,103.13,1517.0,0,1016
2,3185,61.07,0.5522,104.07,1522.5,0,1015
2,3186,60.64,0.549,102.08,1503.3,0,1014
2,3187,61.32,0.4583,97.65,1509.8,0,1013
2,3188,61.42,0.4928,102.7,1523.4,0,1012
2,3189,63.05,0.4405,100.39,1512.1,0,1011
2,3190,62.2,0.5539,102.46,1533.6,0,1010
2,3191,63.78,0.5572,98.42,1521.8,0,1009
2,3192,61.88,0.5592,105.13,1511.6,0,1008
2,3193,62.73,0.5084,103.03,1535.7,0,1007
2,3194,62.96,0.5074,103.64,1525.6,0,1006
2,3195,60.94,0.5294,101.6,1507.2,0,1005
2,3196,62.22,0.5492,104.97,1514.5,0,1004
2,3197,64.18,0.55,99.48,1540.3,0,1003
2,3198,62.77,0.5013,102.44,1519.5,0,1002
2,3199,63.15,0.4758,103.64,1533.3,0,1001
2,3200,62.05,0.4454,106.7,1525.0,0,1000
2,3201,63.98,0.4162,103.28,1510.1,0,999
2,3202,64.98,0.5229,103.6,1506.6,0,998
2,3203,61.97,0.4578,101.27,1508.7,0,997
2,3204,62.1,0.4224,102.6,1516.9,0,996
2,3205,62.4,0.5298,102.98,1509.9,0,995
2,3206,61.59,0.5132,104.38,1518.5,0,994
2,3207,62.7,0.4895,104.52,1525.0,0,993
2,3208,63.81,0.5476,101.98,1518.0,0,992
2,3209,59.54,0.4413,104.65,1515.9,0,991
2,3210,64.24,0.4175,106.09,1533.4,0,990
2,3211,63.26,0.5024,102.61,1518.6,0,989
2,3212,64.18,0.526,103.66,1528.3,0,988
2,3213,62.23,0.4705,100.73,1527.4,0,987
2,3214,63.98,0.4386,100.28,1518.4,0,986
2,3215,61.57,0.4937,101.95,1520.1,0,985
2,3216,65.76,0.4483,103.91,1501.2,0,984
2,3217,66.64,0.4835,101.32,1523.4,0,983
2,3218,61.86,0.4962,107.35,1533.3,0,982
2,3219,63.33,0.4671,104.95,1511.8,0,981
2,3220,61.29,0.5062,99.47,1511.7,0,980
2,3221,61.16,0.3864,102.12,1515.1,0,979
2,3222,65.2,0.4793,104.07,1509.9,0,978
2,3223,62.14,0.4471,102.61,1507.0,0,977
2,3224,63.75,0.4394,104.19,1510.5,0,976
2,3225,63.45,0.4086,102.29,1524.2,0,975
2,3226,62.23,0.4612,101.05,1517.6,0,974
2,3227,64.83,0.4675,103.9,1499.1,0,973
2,3228,64.65,0.4936,104.47,1502.1,0,972
2,3229,62.36,0.4612,102.16,1507.1,0,971
2,3230,64.67,0.4088,105.53,1509.8,0,970
2,3231,64.05,0.4293,99.59,1515.9,0,969
2,3232,67.13,0.4733,99.95,1514.2,0,968
2,3233,62.78,0.4296,105.47,1510.8,0,967
2,3234,65.93,0.4139,104.45,1505.3,0,966
2,3235,63.14,0.3735,100.05,1511.8,0,965
2,3236,62.16,0.4198,104.94,1508.2,0,964
2,3237,64.04,0.4623,102.87,1490.5,0,963
2,3238,64.89,0.4965,106.05,1497.5,0,962
2,3239,63.34,0.464,102.83,1496.1,0,961
2,3240,63.48,0.4481,106.86,1516.1,0,960
2,3241,65.05,0.4611,101.25,1505.4,0,959
2,3242,65.08,0.4958,100.41,1488.6,0,958
2,3243,63.45,0.4181,100.9,1483.4,0,957
2,3244,63.09,0.4291,102.93,1502.5,0,956
2,3245,64.37,0.4785,102.1,1508.8,0,955
2,3246,63.08,0.5029,102.18,1496.1,0,954
2,3247,65.09,0.4193,100.85,1513.4,0,953
2,3248,64.4,0.4686,102.79,1487.2,0,952
2,3249,64.07,0.4526,100.38,1512.9,0,951
2,3250,64.79,0.5307,103.52,1495.0,0,950
2,3251,62.93,0.4808,101.47,1495.7,0,949
2,3252,65.27,0.435,100.51,1506.0,0,948
2,3253,61.87,0.438,101.61,1505.9,0,947
2,3254,61.14,0.4199,101.57,1508.7,0,946
2,3255,63.69,0.4723,100.04,1477.9,0,945
2,3256,63.66,0.4451,100.33,1506.1,0,944
2,3257,63.23,0.4863,102.39,1489.5,0,943
2,3258,63.84,0.4959,100.82,1490.0,0,942
2,3259,64.29,0.517,98.82,1506.8,0,941
2,3260,63.22,0.4669,106.85,1500.3,0,940
2,3261,65.24,0.5195,95.63,1484.4,0,939
2,3262,65.04,0.4698,102.66,1484.5,0,938
2,3263,63.73,0.4249,103.88,1478.7,0,937
2,3264,64.73,0.5159,101.96,1489.7,0,936
2,3265,64.39,0.5115,104.81,1492.2,0,935
2,3266,65.47,0.4289,102.0,1483.0,0,934
2,3267,62.96,0.5257,101.78,1501.1,0,933
2,3268,65.55,0.5111,100.57,1476.0,0,932
2,3269,65.19,0.4799,105.08,1478.9,0,931
2,3270,64.04,0.3912,100.35,1486.9,0,930
2,3271,63.99,0.5131,106.13,1492.7,0,929
2,3272,67.28,0.489,100.36,1470.3,0,928
2,3273,64.23,0.5074,100.44,1484.2,0,927
2,3274,66.18,0.5331,101.66,1486.2,0,926
2,3275,65.36,0.5533,100.78,1470.6,0,925
2,3276,65.19,0.5382,102.08,1485.9,0,924
2,3277,65.76,0.5064,103.81,1469.3,0,923
2,3278,65.25,0.5117,99.1,1479.8,0,922
2,3279,64.54,0.5793,102.24,1506.7,0,921
2,3280,64.35,0.5665,100.32,1482.7,0,920
2,3281,64.1,0.5406,97.15,1465.0,0,919
2,3282,63.5,0.5733,104.81,1480.5,0,918
2,3283,64.34,0.5106,100.86,1480.7,0,917
2,3284,65.51,0.5023,101.66,1497.9,0,916
2,3285,62.55,0.5726,101.85,1480.3,0,915
2,3286,65.61,0.5124,100.61,1462.8,0,914
2,3287,67.28,0.5379,101.54,1473.5,0,913
2,3288,64.69,0.5705,99.76,1471.4,0,912
2,3289,63.25,0.5419,95.94,1496.5,0,911
2,3290,66.41,0.6418,99.9,1464.0,0,910
2,3291,66.91,0.5384,100.81,1475.2,0,909
2,3292,65.93,0.6545,99.82,1498.8,0,908
2,3293,64.49,0.5356,100.7,1499.8,0,907
2,3294,65.92,0.5763,98.99,1481.6,0,906
2,3295,66.88,0.609,101.5,1487.3,0,905
2,3296,62.67,0.5089,101.15,1479.9,0,904
2,3297,66.31,0.5012,100.96,1472.8,0,903
2,3298,66.21,0.5528,103.47,1491.9,0,902
2,3299,65.03,0.6054,100.71,1492.5,0,901
2,3300,63.2,0.5457,102.03,1489.3,0,900
2,3301,65.95,0.5901,102.89,1479.6,0,899
2,3302,66.17,0.4615,100.44,1475.1,0,898
2,3303,63.41,0.6073,97.33,1468.7,0,897
2,3304,64.95,0.52,99.25,1497.1,0,896
2,3305,64.02,0.5785,101.43,1489.1,0,895
2,3306,63.37,0.498,99.78,1479.3,0,894
2,3307,67.14,0.5704,100.47,1483.2,0,893
2,3308,64.54,0.5425,99.3,1468.2,0,892
2,3309,67.75,0.5461,99.39,1493.6,0,891
2,3310,66.66,0.5268,104.71,1493.9,0,890
2,3311,63.76,0.5537,102.08,1477.5,0,889
2,3312,66.75,0.5057,96.56,1475.5,0,888
2,3313,62.99,0.5361,98.27,1480.7,0,887
2,3314,64.08,0.5318,99.95,1483.1,0,886
2,3315,64.54,0.4783,96.49,1486.5,0,885
2,3316,64.35,0.4896,98.54,1501.4,0,884
2,3317,65.21,0.4684,101.42,1481.1,0,883
2,3318,64.12,0.5548,102.63,1490.7,0,882
2,3319,63.64,0.6243,95.65,1475.4,0,881
2,3320,65.36,0.5163,100.34,1464.5,0,880
2,3321,65.65,0.5728,98.41,1471.0,0,879
2,3322,65.56,0.5882,96.61,1482.9,0,878
2,3323,65.93,0.4856,97.33,1510.0,0,877
2,3324,66.68,0.4801,97.71,1489.3,0,876
2,3325,63.76,0.5616,99.37,1478.0,0,875
2,3326,64.42,0.5126,100.44,1480.5,0,874
2,3327,66.92,0.5302,97.62,1489.7,0,873
2,3328,65.11,0.4532,99.61,1481.8,0,872
2,3329,64.72,0.4534,99.28,1492.3,0,871
2,3330,63.45,0.4722,103.42,1487.0,0,870
2,3331,62.26,0.5258,93.78,1499.1,0,869
2,3332,65.86,0.521,97.81,1464.2,0,868
2,3333,65.83,0.4874,96.1,1486.7,0,867
2,3334,66.18,0.4866,98.98,1493.0,0,866
2,3335,65.04,0.5057,95.84,1500.0,0,865
2,3336,64.35,0.4644,97.94,1475.0,0,864
2,3337,64.24,0.4558,96.99,1494.6,0,863
2,3338,66.53,0.4888,98.06,1485.9,0,862
2,3339,63.6,0.4953,95.21,1480.0,0,861
2,3340,65.92,0.4372,100.59,1488.2,0,860
2,3341,64.86,0.4455,96.91,1484.7,0,859
2,3342,65.64,0.4742,94.5,1476.8,0,858
2,3343,63.14,0.4571,98.11,1506.9,0,857
2,3344,62.92,0.5129,96.33,1486.5,0,856
2,3345,63.86,0.4821,97.08,1509.0,0,855
2,3346,63.48,0.462,98.69,1481.2,0,854
2,3347,64.43,0.4617,98.66,1498.8,0,853
2,3348,65.34,0.4171,100.25,1514.6,0,852
2,3349,66.02,0.4088,97.51,1503.9,0,851
2,3350,62.47,0.4084,95.8,1499.7,0,850
2,3351,62.8,0.4882,99.15,1499.3,0,849
2,3352,61.31,0.387,93.82,1511.8,0,848
2,3353,63.86,0.5312,98.57,1497.0,0,847
2,3354,63.46,0.4579,95.33,1510.5,0,846
2,3355,63.87,0.3952,95.82,1500.6,0,845
2,3356,64.49,0.4307,95.9,1515.1,0,844
2,3357,65.47,0.4397,96.58,1500.7,0,843
2,3358,64.43,0.49,97.98,1525.6,0,842
2,3359,63.71,0.5101,96.98,1520.1,0,841
2,3360,62.9,0.4884,97.18,1514.5,0,840
2,3361,62.63,0.4771,96.77,1494.7,0,839
2,3362,64.47,0.4426,95.34,1507.1,0,838
2,3363,63.22,0.5047,94.56,1487.2,0,837
2,3364,62.88,0.5074,93.43,1517.3,0,836
2,3365,63.26,0.3752,98.58,1498.8,0,835
2,3366,63.35,0.4454,96.51,1496.8,0,834
2,3367,63.83,0.4584,93.51,1491.5,0,833
2,3368,63.83,0.4385,98.22,1519.6,0,832
2,3369,64.04,0.4194,99.3,1522.3,0,831
2,3370,64.51,0.4636,97.6,1531.6,0,830
2,3371,62.9,0.4685,95.12,1515.5,0,829
2,3372,62.51,0.4474,98.02,1517.0,0,828
2,3373,62.61,0.4504,98.89,1496.5,0,827
2,3374,64.01,0.4404,97.76,1511.2,0,826
2,3375,62.81,0.5,97.55,1520.6,0,825
2,3376,63.51,0.4641,95.71,1491.2,0,824
2,3377,63.55,0.4157,93.3,1519.6,0,823
2,3378,64.8,0.3733,95.75,1524.3,0,822
2,3379,60.95,0.4131,97.97,1512.0,0,821
2,3380,65.08,0.4457,95.47,1532.5,0,820
2,3381,62.67,0.5035,96.26,1517.8,0,819
2,3382,65.98,0.4763,94.29,1501.9,0,818
2,3383,62.53,0.5197,94.67,1503.2,0,817
2,3384,62.37,0.5004,94.18,1514.6,0,816
2,3385,62.65,0.4635,98.33,1501.7,0,815
2,3386,64.83,0.4905,94.28,1519.6,0,814
2,3387,62.5,0.4577,100.02,1529.1,0,813
2,3388,61.9,0.4259,97.29,1516.1,0,812
2,3389,61.4,0.4354,97.14,1508.4,0,811
2,3390,64.49,0.5211,95.52,1526.2,0,810
2,3391,62.88,0.5522,94.7,1509.7,0,809
2,3392,63.43,0.5085,96.04,1496.2,0,808
2,3393,59.41,0.5709,94.5,1519.7,0,807
2,3394,61.72,0.5498,98.42,1536.5,0,806
2,3395,62.61,0.5044,102.48,1513.2,0,805
2,3396,62.24,0.557,96.75,1513.4,0,804
2,3397,62.17,0.5131,98.41,1527.3,0,803
2,3398,62.72,0.4499,98.71,1520.6,0,802
2,3399,61.91,0.5331,96.62,1530.6,0,801
2,3400,63.02,0.4478,100.47,1502.4,0,800
2,3401,63.83,0.5264,99.06,1503.4,0,799
2,3402,63.08,0.4873,95.9,1532.2,0,798
2,3403,63.36,0.5178,100.05,1520.6,0,797
2,3404,59.56,0.5486,98.67,1518.9,0,796
2,3405,62.86,0.5676,95.33,1536.6,0,795
2,3406,63.49,0.5822,92.11,1521.2,0,794
2,3407,63.1,0.5448,96.16,1524.8,0,793
2,3408,64.06,0.4998,95.56,1539.1,0,792
2,3409,61.9,0.4635,96.76,1519.9,0,791
2,3410,63.6,0.5716,96.86,1512.4,0,790
2,3411,60.77,0.6246,96.28,1526.7,0,789
2,3412,61.64,0.5549,95.54,1514.4,0,788
2,3413,62.38,0.4976,99.44,1543.8,0,787
2,3414,60.85,0.5861,95.33,1516.1,0,786
2,3415,61.66,0.6432,98.88,1530.9,0,785
2,3416,62.92,0.5493,99.94,1509.3,0,784
2,3417,63.28,0.5743,95.6,1508.8,0,783
2,3418,62.04,0.4932,98.93,1516.5,0,782
2,3419,63.44,0.5589,95.93,1500.4,0,781
2,3420,60.76,0.5288,93.8,1516.3,0,780
2,3421,61.64,0.5579,99.41,1515.0,0,779
2,3422,63.81,0.5305,99.63,1529.1,0,778
2,3423,62.08,0.5702,97.92,1505.4,0,777
2,3424,62.47,0.5878,99.78,1510.0,0,776
2,3425,61.46,0.5712,103.96,1517.0,0,775
2,3426,61.9,0.5151,96.21,1521.5,0,774
2,3427,62.38,0.4939,96.24,1519.3,0,773
2,3428,62.31,0.4788,97.84,1521.2,0,772
2,3429,62.65,0.4668,99.24,1530.7,0,771
2,3430,60.55,0.5744,99.34,1509.5,0,770
2,3431,59.88,0.5226,99.62,1503.5,0,769
2,3432,60.09,0.5391,98.48,1510.8,0,768
2,3433,61.15,0.5279,99.91,1500.6,0,767
2,3434,59.39,0.544,99.23,1494.8,0,766
2,3435,62.3,0.6066,97.48,1506.7,0,765
2,3436,63.39,0.4787,100.15,1512.5,0,764
2,3437,60.21,0.6005,100.98,1499.1,0,763
2,3438,61.12,0.4916,98.18,1496.6,0,762
2,3439,60.94,0.5254,100.05,1506.8,0,761
2,3440,60.98,0.5267,102.94,1504.3,0,760
2,3441,59.41,0.5623,98.98,1487.5,0,759
2,3442,62.63,0.5597,99.93,1512.4,0,758
2,3443,60.21,0.5885,97.4,1505.0,0,757
2,3444,61.16,0.5817,100.4,1512.4,0,756
2,3445,61.18,0.5244,95.76,1482.1,0,755
2,3446,60.35,0.5147,97.85,1498.9,0,754
2,3447,61.72,0.4846,104.05,1523.2,0,753
2,3448,59.79,0.5355,98.62,1495.1,0,752
2,3449,60.49,0.5268,95.14,1502.4,0,751
2,3450,60.14,0.5435,99.89,1487.1,0,750
2,3451,60.77,0.5318,101.19,1510.2,0,749
2,3452,62.31,0.5031,100.66,1517.4,0,748
2,3453,59.05,0.5474,98.73,1497.7,0,747
2,3454,59.71,0.4433,99.95,1501.6,0,746
2,3455,59.19,0.4775,99.94,1531.6,0,745
2,3456,59.73,0.4877,103.99,1501.4,0,744
2,3457,59.09,0.5088,102.2,1517.1,0,743
2,3458,60.68,0.4734,98.9,1489.1,0,742
2,3459,61.72,0.4945,99.62,1497.4,0,741
2,3460,57.68,0.4866,103.35,1499.7,0,740
2,3461,61.65,0.4591,99.25,1497.8,0,739
2,3462,60.73,0.4801,99.84,1492.0,0,738
2,3463,59.8,0.4689,101.74,1493.2,0,737
2,3464,57.98,0.4924,102.09,1501.0,0,736
2,3465,58.66,0.4698,102.52,1476.5,0,735
2,3466,58.22,0.5182,101.15,1502.1,0,734
2,3467,59.89,0.4925,101.56,1487.5,0,733
2,3468,59.23,0.4601,100.4,1486.1,0,732
2,3469,59.3,0.4629,100.73,1496.8,0,731
2,3470,60.54,0.4389,102.38,1498.2,0,730
2,3471,56.85,0.4372,96.28,1488.3,0,729
2,3472,58.98,0.4665,105.3,1484.4,0,728
2,3473,57.67,0.4949,97.07,1482.5,0,727
2,3474,57.0,0.4899,100.43,1481.2,0,726
2,3475,57.78,0.4468,103.76,1490.6,0,725
2,3476,59.47,0.4245,100.35,1504.4,0,724
2,3477,59.08,0.5038,100.95,1485.7,0,723
2,3478,59.67,0.4799,101.06,1503.8,0,722
2,3479,59.25,0.5306,100.51,1495.8,0,721
2,3480,58.4,0.4863,104.13,1505.3,0,720
2,3481,57.41,0.488,98.01,1483.9,0,719
2,3482,58.21,0.4955,99.79,1502.1,0,718
2,3483,58.4,0.5139,101.29,1487.4,0,717
2,3484,58.9,0.4796,102.56,1476.4,0,716
2,3485,58.97,0.4157,99.54,1500.2,0,715
2,3486,58.36,0.4843,99.5,1491.2,0,714
2,3487,59.09,0.483,99.33,1470.6,0,713
2,3488,57.31,0.4569,102.26,1493.0,0,712
2,3489,61.02,0.5181,99.86,1489.0,0,711
2,3490,59.35,0.4671,100.94,1499.6,0,710
2,3491,57.57,0.4261,102.5,1476.9,0,709
2,3492,57.64,0.4128,103.43,1501.9,0,708
2,3493,59.48,0.4966,103.34,1491.6,0,707
2,3494,59.2,0.434,101.17,1475.2,0,706
2,3495,59.4,0.499,103.61,1474.8,0,705
2,3496,58.39,0.4903,103.91,1498.0,0,704
2,3497,56.84,0.4527,105.07,1485.5,0,703
2,3498,56.31,0.4755,102.66,1478.1,0,702
2,3499,58.16,0.4621,101.93,1474.7,0,701
2,3500,59.61,0.4629,103.85,1470.4,0,700
2,3501,56.66,0.4352,103.07,1478.9,0,699
2,3502,57.29,0.4985,100.71,1472.0,0,698
2,3503,56.36,0.4619,99.45,1477.1,0,697
2,3504,58.36,0.4414,99.59,1479.2,0,696
2,3505,56.24,0.4354,101.18,1481.7,0,695
2,3506,56.51,0.4827,100.32,1473.6,0,694
2,3507,54.63,0.4585,101.31,1474.4,0,693
2,3508,55.91,0.4358,100.61,1481.8,0,692
2,3509,57.2,0.4452,104.08,1479.6,0,691
2,3510,57.06,0.4405,101.04,1490.2,0,690
2,3511,57.17,0.5819,101.09,1472.9,0,689
2,3512,56.31,0.4732,100.17,1482.1,0,688
2,3513,57.27,0.4967,101.45,1475.0,0,687
2,3514,57.58,0.5169,103.11,1492.0,0,686
2,3515,57.4,0.4679,102.62,1485.0,0,685
2,3516,56.9,0.4886,98.56,1476.9,0,684
2,3517,56.71,0.5468,104.04,1485.0,0,683
2,3518,58.68,0.4464,104.41,1473.6,0,682
2,3519,58.85,0.482,104.53,1483.4,0,681
2,3520,58.66,0.6008,101.3,1505.3,0,680
2,3521,56.14,0.5554,101.03,1473.7,0,679
2,3522,55.49,0.5474,101.46,1478.2,0,678
2,3523,57.62,0.5318,102.61,1484.7,0,677
2,3524,58.02,0.5061,99.65,1488.4,0,676
2,3525,58.29,0.4355,102.4,1473.5,0,675
2,3526,58.06,0.48,105.61,1488.0,0,674
2,3527,54.98,0.4377,103.3,1464.2,0,673
2,3528,54.91,0.4974,105.83,1490.8,0,672
2,3529,55.78,0.5356,107.04,1479.0,0,671
2,3530,59.01,0.4874,100.46,1476.3,0,670
2,3531,56.86,0.5988,99.46,1501.5,0,669
2,3532,56.24,0.5238,101.73,1491.1,0,668
2,3533,56.22,0.5567,104.19,1487.2,0,667
2,3534,56.22,0.5133,102.95,1488.1,0,666
2,3535,57.34,0.554,104.51,1483.9,0,665
2,3536,54.14,0.4927,102.25,1486.6,0,664
2,3537,56.92,0.6196,98.27,1488.2,0,663
2,3538,55.69,0.5753,100.45,1495.5,0,662
2,3539,57.57,0.4949,101.72,1490.1,0,661
2,3540,54.62,0.5333,100.41,1494.4,0,660
2,3541,54.77,0.5123,100.79,1485.0,0,659
2,3542,57.01,0.5582,99.97,1485.7,0,658
2,3543,56.47,0.5346,101.53,1521.8,0,657
2,3544,56.0,0.5277,102.99,1477.9,0,656
2,3545,58.04,0.5303,97.18,1490.7,0,655
2,3546,57.56,0.486,105.04,1505.9,0,654
2,3547,57.03,0.613,103.88,1490.0,0,653
2,3548,53.4,0.5349,100.06,1506.9,0,652
2,3549,54.15,0.4945,100.22,1490.3,0,651
2,3550,58.56,0.5821,106.84,1499.4,0,650
2,3551,55.83,0.5009,101.19,1496.7,0,649
2,3552,55.68,0.551,100.86,1473.0,0,648
2,3553,54.88,0.5187,103.31,1492.7,0,647
2,3554,56.26,0.5556,105.79,1484.1,0,646
2,3555,56.31,0.5473,105.87,1493.5,0,645
2,3556,57.05,0.5883,101.42,1485.7,0,644
2,3557,53.55,0.5032,102.98,1488.3,0,643
2,3558,55.9,0.615,102.54,1514.5,0,642
2,3559,56.49,0.5042,104.6,1504.2,0,641
2,3560,55.57,0.6232,101.33,1499.5,0,640
2,3561,55.11,0.496,104.39,1497.6,0,639
2,3562,54.21,0.5591,105.41,1500.4,0,638
2,3563,55.7,0.4853,102.47,1501.9,0,637
2,3564,55.65,0.5331,101.87,1507.7,0,636
2,3565,57.05,0.547,103.97,1508.6,0,635
2,3566,55.33,0.5883,103.91,1504.0,0,634
2,3567,56.98,0.5467,104.67,1509.8,0,633
2,3568,56.37,0.4922,100.56,1514.9,0,632
2,3569,55.33,0.5312,100.79,1503.1,0,631
2,3570,57.33,0.4941,103.2,1479.1,0,630
2,3571,56.18,0.6284,103.12,1497.5,0,629
2,3572,55.27,0.5723,102.91,1510.1,0,628
2,3573,55.12,0.5421,102.47,1509.4,0,627
2,3574,52.99,0.4754,102.63,1513.6,0,626
2,3575,56.15,0.5154,96.5,1523.0,0,625
2,3576,54.81,0.4875,98.17,1498.2,0,624
2,3577,53.42,0.5894,97.92,1511.0,0,623
2,3578,53.78,0.5144,101.94,1518.5,0,622
2,3579,55.03,0.5816,104.53,1506.0,0,621
2,3580,54.13,0.5426,101.11,1505.5,0,620
2,3581,56.46,0.5335,103.48,1510.0,0,619
2,3582,55.92,0.5291,103.89,1494.2,0,618
2,3583,54.39,0.534,99.52,1503.8,0,617
2,3584,55.59,0.5099,103.39,1523.1,0,616
2,3585,56.84,0.5032,103.36,1518.0,0,615
2,3586,55.03,0.4509,100.32,1509.2,0,614
2,3587,55.11,0.4303,103.57,1512.9,0,613
2,3588,53.38,0.513,100.63,1507.0,0,612
2,3589,55.7,0.4514,99.86,1519.8,0,611
2,3590,54.95,0.4937,99.51,1519.4,0,610
2,3591,53.17,0.4545,99.6,1507.2,0,609
2,3592,54.75,0.4351,103.27,1512.7,0,608
2,3593,54.78,0.4994,103.11,1522.0,0,607
2,3594,55.88,0.5141,105.85,1521.7,0,606
2,3595,54.79,0.4592,100.62,1510.3,0,605
2,3596,54.53,0.4563,101.73,1536.8,0,604
2,3597,53.66,0.4686,97.34,1516.4,0,603
2,3598,54.61,0.4363,104.5,1525.1,0,602
2,3599,55.24,0.4372,100.41,1506.4,0,601
2,3600,54.9,0.399,100.43,1523.3,0,600
2,3601,53.73,0.4429,100.42,1505.8,0,599
2,3602,54.33,0.4863,98.75,1512.2,0,598
2,3603,55.4,0.4399,100.29,1517.2,0,597
2,3604,55.87,0.4999,100.81,1494.4,0,596
2,3605,54.85,0.4369,99.43,1520.7,0,595
2,3606,56.62,0.4156,97.32,1504.4,0,594
2,3607,54.95,0.4796,99.45,1537.4,0,593
2,3608,54.78,0.4462,102.06,1512.4,0,592
2,3609,54.53,0.4617,98.12,1508.7,0,591
2,3610,53.28,0.4408,102.37,1519.6,0,590
2,3611,55.2,0.5255,101.56,1523.1,0,589
2,3612,57.65,0.376,104.35,1517.4,0,588
2,3613,53.29,0.4464,99.62,1516.1,0,587
2,3614,56.64,0.4657,96.86,1521.2,0,586
2,3615,52.04,0.3889,102.46,1539.2,0,585
2,3616,54.55,0.424,96.97,1506.8,0,584
2,3617,55.16,0.4097,99.77,1536.6,0,583
2,3618,55.4,0.4552,101.37,1525.4,0,582
2,3619,53.33,0.4711,96.54,1520.6,0,581
2,3620,55.96,0.493,100.93,1523.6,0,580
2,3621,55.16,0.3789,99.78,1517.8,0,579
2,3622,54.49,0.5518,101.38,1509.4,0,578
2,3623,56.01,0.4646,98.55,1512.2,0,577
2,3624,55.22,0.3881,100.84,1506.9,0,576
2,3625,54.9,0.5184,100.47,1514.2,0,575
2,3626,55.45,0.4602,97.98,1506.7,0,574
2,3627,53.95,0.4761,99.12,1515.5,0,573
2,3628,57.06,0.4243,98.86,1515.9,0,572
2,3629,56.44,0.4339,101.26,1511.8,0,571
2,3630,54.57,0.349,96.91,1513.3,0,570
2,3631,55.7,0.4911,99.55,1521.7,0,569
2,3632,54.58,0.4673,95.31,1517.0,0,568
2,3633,55.24,0.491,97.25,1510.7,0,567
2,3634,54.49,0.5138,99.6,1507.7,0,566
2,3635,54.96,0.4043,97.05,1503.9,0,565
2,3636,54.38,0.4536,98.29,1514.3,0,564
2,3637,55.47,0.4344,99.89,1525.2,0,563
2,3638,57.44,0.4742,98.01,1506.6,0,562
2,3639,56.78,0.4723,99.32,1508.4,0,561
2,3640,53.89,0.4905,99.23,1516.2,0,560
2,3641,54.98,0.458,96.55,1514.5,0,559
2,3642,54.54,0.4776,97.3,1493.2,0,558
2,3643,53.75,0.4489,99.7,1511.8,0,557
2,3644,55.57,0.4223,97.48,1505.7,0,556
2,3645,54.77,0.5054,99.99,1510.2,0,555
2,3646,56.15,0.4245,96.2,1528.1,0,554
2,3647,53.34,0.524,100.78,1510.5,0,553
2,3648,57.1,0.496,95.7,1515.1,0,552
2,3649,56.17,0.4182,99.55,1518.2,0,551
2,3650,55.13,0.5148,94.81,1519.8,0,550
2,3651,56.54,0.5011,97.37,1505.0,0,549
2,3652,54.99,0.5665,97.77,1510.4,0,548
2,3653,56.51,0.5081,98.07,1513.8,0,547
2,3654,56.08,0.5031,103.41,1508.3,0,546
2,3655,57.37,0.4891,99.35,1519.3,0,545
2,3656,56.24,0.4908,99.19,1490.3,0,544
2,3657,56.32,0.4741,97.99,1510.8,0,543
2,3658,54.79,0.5385,99.55,1496.3,0,542
2,3659,56.28,0.5839,94.69,1496.1,0,541
2,3660,55.39,0.4989,94.64,1497.1,0,540
2,3661,55.32,0.5783,95.49,1508.6,0,539
2,3662,55.58,0.5288,96.92,1495.2,0,538
2,3663,55.26,0.5532,99.15,1501.3,0,537
2,3664,55.52,0.5127,101.12,1488.7,0,536
2,3665,53.75,0.5463,95.29,1515.2,0,535
2,3666,56.8,0.5063,97.02,1493.4,0,534
2,3667,54.25,0.5429,98.21,1501.8,0,533
2,3668,55.19,0.4513,99.24,1499.9,0,532
2,3669,56.67,0.5679,98.21,1512.1,0,531
2,3670,55.39,0.5716,96.77,1496.2,0,530
2,3671,54.04,0.5422,93.95,1501.8,0,529
2,3672,56.88,0.6062,95.73,1494.4,0,528
2,3673,56.63,0.5281,94.55,1487.4,0,527
2,3674,58.29,0.4976,95.2,1479.8,0,526
2,3675,54.5,0.5766,100.87,1489.4,0,525
2,3676,56.79,0.5681,95.67,1509.2,0,524
2,3677,54.56,0.6244,100.11,1502.4,0,523
2,3678,55.25,0.5652,94.16,1493.3,0,522
2,3679,53.88,0.6296,93.34,1508.6,0,521
2,3680,58.15,0.5626,97.26,1505.7,0,520
2,3681,54.84,0.5716,94.43,1495.5,0,519
2,3682,57.93,0.5595,97.28,1488.3,0,518
2,3683,56.29,0.5466,95.27,1485.1,0,517
2,3684,55.56,0.6074,95.68,1506.6,0,516
2,3685,57.3,0.5405,98.28,1497.8,0,515
2,3686,56.86,0.6459,98.61,1478.8,0,514
2,3687,57.26,0.5909,100.0,1488.1,0,513
2,3688,55.25,0.5393,96.6,1484.3,0,512
2,3689,55.43,0.5649,98.2,1496.6,0,511
2,3690,56.62,0.551,98.92,1478.5,0,510
2,3691,56.36,0.477,98.6,1459.6,0,509
2,3692,56.31,0.6323,97.84,1485.2,0,508
2,3693,55.28,0.4685,96.98,1483.8,0,507
2,3694,57.52,0.5333,96.74,1481.3,0,506
2,3695,58.34,0.5466,96.26,1497.7,0,505
2,3696,56.49,0.4685,98.31,1479.3,0,504
2,3697,54.92,0.5824,97.64,1489.8,0,503
2,3698,57.31,0.4919,98.79,1474.2,0,502
2,3699,57.34,0.5097,97.59,1487.2,0,501
2,3700,55.71,0.5123,97.48,1491.3,0,500
2,3701,56.3,0.5497,98.07,1490.3,0,499
2,3702,56.06,0.4602,97.15,1480.3,0,498
2,3703,58.2,0.4331,94.25,1498.9,0,497
2,3704,59.56,0.5328,97.14,1469.4,0,496
2,3705,58.53,0.558,97.16,1485.9,0,495
2,3706,57.97,0.5161,97.5,1487.5,0,494
2,3707,55.63,0.4726,98.19,1470.8,0,493
2,3708,57.16,0.5052,101.34,1491.1,0,492
2,3709,56.96,0.4886,98.03,1479.7,0,491
2,3710,57.83,0.4762,96.4,1461.5,0,490
2,3711,57.33,0.4633,96.98,1471.5,0,489
2,3712,57.32,0.4692,94.73,1480.7,0,488
2,3713,57.87,0.5213,95.85,1478.2,0,487
2,3714,57.31,0.4269,99.27,1487.2,0,486
2,3715,57.04,0.4602,98.85,1501.4,0,485
2,3716,58.31,0.4821,95.56,1474.6,0,484
2,3717,57.1,0.4633,100.28,1492.9,0,483
2,3718,56.34,0.4746,98.08,1506.7,0,482
2,3719,56.21,0.4635,96.79,1485.4,0,481
2,3720,57.96,0.4744,99.11,1477.0,0,480
2,3721,59.84,0.4151,96.52,1488.3,0,479
2,3722,59.21,0.4619,98.44,1501.9,0,478
2,3723,57.05,0.4907,95.76,1456.3,0,477
2,3724,58.25,0.484,98.56,1478.1,0,476
2,3725,56.61,0.5382,100.97,1503.5,0,475
2,3726,59.59,0.4664,95.64,1467.7,0,474
2,3727,56.94,0.4554,96.54,1472.0,0,473
2,3728,56.78,0.4653,97.43,1488.5,0,472
2,3729,57.17,0.4101,100.96,1482.6,0,471
2,3730,56.86,0.4621,103.21,1473.2,0,470
2,3731,59.13,0.537,97.19,1475.1,0,469
2,3732,60.18,0.486,100.14,1488.2,0,468
2,3733,59.05,0.4808,96.37,1474.1,0,467
2,3734,57.23,0.4349,99.77,1485.3,0,466
2,3735,57.6,0.4793,97.5,1467.5,0,465
2,3736,59.0,0.4106,98.8,1491.2,0,464
2,3737,58.61,0.4763,98.77,1468.9,0,463
2,3738,57.28,0.3801,99.8,1466.9,0,462
2,3739,58.22,0.4775,99.95,1487.1,0,461
2,3740,58.58,0.5264,100.09,1493.3,0,460
2,3741,59.62,0.4857,95.32,1509.5,0,459
2,3742,58.45,0.4816,99.92,1481.7,0,458
2,3743,58.55,0.5444,98.78,1511.5,0,457
2,3744,58.66,0.4207,100.65,1494.7,0,456
2,3745,59.3,0.396,95.96,1487.1,0,455
2,3746,59.98,0.4113,98.18,1502.4,0,454
2,3747,58.03,0.4756,101.73,1479.6,0,453
2,3748,58.15,0.5721,101.4,1499.1,0,452
2,3749,58.6,0.4424,98.9,1491.4,0,451
2,3750,59.43,0.474,95.83,1489.1,0,450
2,3751,59.84,0.4042,101.4,1493.1,0,449
2,3752,61.09,0.4835,99.63,1487.1,0,448
2,3753,60.66,0.4556,98.17,1501.0,0,447
2,3754,58.88,0.4624,98.42,1468.7,0,446
2,3755,58.45,0.4698,99.71,1487.0,0,445
2,3756,58.04,0.4584,100.94,1493.3,0,444
2,3757,60.12,0.4853,97.74,1492.4,0,443
2,3758,60.86,0.4681,99.35,1482.1,0,442
2,3759,58.87,0.4549,94.46,1472.6,0,441
2,3760,61.04,0.4687,100.23,1499.1,0,440
2,3761,59.21,0.4834,101.76,1504.1,0,439
2,3762,59.61,0.4686,100.49,1510.7,0,438
2,3763,60.69,0.488,99.16,1489.3,0,437
2,3764,57.7,0.5089,100.18,1502.2,0,436
2,3765,59.44,0.5241,99.7,1496.2,0,435
2,3766,59.94,0.5554,101.3,1488.8,0,434
2,3767,58.86,0.5182,97.89,1493.9,0,433
2,3768,61.09,0.4915,97.72,1498.1,0,432
2,3769,60.26,0.5269,99.34,1513.2,0,431
2,3770,60.26,0.5675,101.08,1488.0,0,430
2,3771,60.61,0.4237,100.27,1518.2,0,429
2,3772,61.64,0.4966,99.97,1498.8,0,428
2,3773,58.17,0.4874,100.53,1500.0,0,427
2,3774,61.21,0.4157,98.54,1510.6,0,426
2,3775,59.17,0.5178,100.8,1489.3,0,425
2,3776,59.49,0.5388,101.78,1510.9,0,424
2,3777,60.98,0.5439,100.76,1508.5,0,423
2,3778,63.0,0.5022,103.23,1508.0,0,422
2,3779,59.99,0.5639,103.74,1505.9,0,421
2,3780,58.84,0.5594,101.17,1512.4,0,420
2,3781,60.67,0.5678,101.45,1523.6,0,419
2,3782,62.78,0.5649,98.35,1507.1,0,418
2,3783,59.89,0.5166,102.77,1495.9,0,417
2,3784,60.76,0.554,101.35,1521.8,0,416
2,3785,61.75,0.5292,102.72,1501.2,0,415
2,3786,61.96,0.5129,101.22,1514.2,0,414
2,3787,61.24,0.4467,99.44,1517.7,0,413
2,3788,59.18,0.4854,100.87,1519.5,0,412
2,3789,60.97,0.5309,105.04,1527.7,0,411
2,3790,62.04,0.5321,98.02,1520.6,0,410
2,3791,60.67,0.5918,99.07,1524.6,0,409
2,3792,62.03,0.514,99.83,1533.4,0,408
2,3793,61.59,0.5079,102.17,1509.0,0,407
2,3794,60.65,0.5388,105.17,1498.2,0,406
2,3795,60.17,0.5728,101.36,1522.2,0,405
2,3796,61.28,0.4717,98.11,1506.7,0,404
2,3797,61.99,0.519,104.43,1506.3,0,403
2,3798,58.99,0.5503,102.2,1527.8,0,402
2,3799,62.38,0.5533,100.62,1514.0,0,401
2,3800,61.16,0.4906,104.33,1526.8,0,400
2,3801,61.08,0.6079,102.31,1515.8,0,399
2,3802,63.34,0.5259,102.03,1518.5,0,398
2,3803,63.96,0.6444,102.36,1530.0,0,397
2,3804,62.25,0.5559,102.23,1510.9,0,396
2,3805,61.13,0.51,100.01,1509.8,0,395
2,3806,59.34,0.5303,103.55,1500.0,0,394
2,3807,59.24,0.5472,101.07,1527.9,0,393
2,3808,61.5,0.538,102.92,1511.0,0,392
2,3809,61.19,0.565,99.4,1502.4,0,391
2,3810,62.71,0.57,101.13,1517.8,0,390
2,3811,62.39,0.5348,102.72,1523.7,0,389
2,3812,61.7,0.545,106.88,1508.6,0,388
2,3813,60.31,0.571,103.29,1509.2,0,387
2,3814,59.97,0.5853,102.45,1518.0,0,386
2,3815,62.52,0.5699,105.51,1522.4,0,385
2,3816,61.13,0.5873,101.38,1512.0,0,384
2,3817,60.42,0.5637,101.61,1529.7,0,383
2,3818,61.52,0.5316,103.82,1504.6,0,382
2,3819,63.6,0.4696,102.94,1515.8,0,381
2,3820,62.8,0.5347,103.75,1517.9,0,380
2,3821,64.45,0.4286,105.53,1529.2,0,379
2,3822,59.75,0.44,101.67,1505.9,0,378
2,3823,62.87,0.5811,104.8,1518.6,0,377
2,3824,63.1,0.481,101.57,1526.5,0,376
2,3825,62.51,0.4491,99.21,1530.1,0,375
2,3826,64.01,0.4694,103.29,1505.0,0,374
2,3827,62.64,0.4941,104.17,1503.8,0,373
2,3828,64.13,0.4995,101.58,1521.7,0,372
2,3829,61.16,0.4235,102.56,1497.8,0,371
2,3830,63.51,0.4592,98.32,1524.8,0,370
2,3831,61.52,0.5012,103.69,1513.5,0,369
2,3832,63.93,0.4492,100.03,1516.5,0,368
2,3833,61.77,0.4716,104.51,1524.4,0,367
2,3834,62.29,0.4846,104.76,1509.0,0,366
2,3835,63.24,0.4992,99.69,1539.6,0,365
2,3836,65.24,0.4341,102.62,1520.7,0,364
2,3837,62.15,0.4838,102.94,1510.9,0,363
2,3838,63.42,0.4708,104.09,1524.9,0,362
2,3839,64.11,0.4288,106.3,1520.0,0,361
2,3840,64.04,0.4807,108.96,1516.0,0,360
2,3841,65.9,0.5091,101.1,1521.5,0,359
2,3842,64.5,0.6016,104.38,1511.8,0,358
2,3843,61.82,0.4478,100.13,1527.3,0,357
2,3844,63.25,0.4336,105.07,1510.6,0,356
2,3845,63.45,0.4853,102.66,1511.1,0,355
2,3846,64.0,0.4539,103.96,1510.8,0,354
2,3847,64.58,0.4459,98.94,1514.5,0,353
2,3848,64.87,0.4481,101.87,1515.3,0,352
2,3849,63.37,0.5436,102.37,1508.4,0,351
2,3850,62.76,0.4264,104.64,1499.0,0,350
2,3851,65.63,0.4704,102.62,1504.6,0,349
2,3852,63.74,0.4746,101.68,1524.9,0,348
2,3853,64.92,0.3988,104.35,1485.8,0,347
2,3854,63.38,0.4331,105.65,1508.6,0,346
2,3855,61.52,0.4351,105.64,1517.8,0,345
2,3856,63.97,0.439,101.67,1509.1,0,344
2,3857,62.92,0.4864,103.57,1510.6,0,343
2,3858,61.32,0.4213,101.54,1525.5,0,342
2,3859,63.76,0.4862,101.95,1514.3,0,341
2,3860,63.07,0.5111,105.8,1502.1,0,340
2,3861,63.63,0.4394,100.68,1507.8,0,339
2,3862,65.48,0.4209,101.05,1522.7,0,338
2,3863,63.51,0.4576,100.87,1517.9,0,337
2,3864,64.98,0.4249,103.54,1519.0,0,336
2,3865,60.89,0.4692,105.24,1493.8,0,335
2,3866,65.33,0.4963,101.44,1509.5,0,334
2,3867,63.58,0.4165,101.55,1501.9,0,333
2,3868,64.05,0.4975,101.73,1503.3,0,332
2,3869,64.47,0.4417,102.15,1505.7,0,331
2,3870,66.56,0.4915,101.87,1513.6,0,330
2,3871,66.07,0.4472,101.19,1521.2,0,329
2,3872,64.49,0.46,103.86,1489.1,0,328
2,3873,62.25,0.449,101.4,1491.6,0,327
2,3874,62.11,0.4382,104.86,1513.0,0,326
2,3875,63.91,0.4873,107.25,1499.3,0,325
2,3876,65.35,0.4446,104.39,1507.3,0,324
2,3877,65.35,0.4776,102.79,1491.6,0,323
2,3878,64.97,0.4732,105.06,1504.9,0,322
2,3879,63.78,0.4377,101.05,1489.4,0,321
2,3880,65.62,0.5139,100.5,1493.8,0,320
2,3881,64.58,0.4262,103.33,1499.4,0,319
2,3882,64.02,0.5327,102.93,1490.9,0,318
2,3883,64.59,0.4753,102.78,1490.3,0,317
2,3884,63.78,0.4827,103.31,1502.2,0,316
2,3885,62.41,0.4801,101.85,1509.7,0,315
2,3886,65.41,0.5329,101.7,1510.4,0,314
2,3887,64.84,0.4916,101.99,1482.1,0,313
2,3888,65.49,0.4704,97.72,1492.0,0,312
2,3889,64.43,0.5227,101.37,1491.4,0,311
2,3890,65.58,0.4568,100.71,1487.1,0,310
2,3891,64.94,0.5145,106.05,1490.2,0,309
2,3892,64.59,0.4741,103.39,1518.5,0,308
2,3893,65.64,0.457,101.97,1487.2,0,307
2,3894,65.59,0.5177,101.91,1484.8,0,306
2,3895,65.2,0.4578,102.89,1468.9,0,305
2,3896,62.78,0.4428,102.69,1475.6,0,304
2,3897,65.41,0.5007,99.4,1502.4,0,303
2,3898,62.77,0.4951,96.92,1483.8,0,302
2,3899,65.55,0.5566,101.33,1483.8,0,301
2,3900,65.19,0.5207,99.14,1486.3,0,300
2,3901,64.33,0.5533,101.18,1475.9,0,299
2,3902,65.45,0.4734,100.03,1480.1,0,298
2,3903,66.78,0.5118,103.54,1483.9,0,297
2,3904,66.33,0.4785,99.83,1476.4,0,296
2,3905,67.03,0.5233,100.29,1466.7,0,295
2,3906,65.27,0.5424,97.79,1467.9,0,294
2,3907,66.44,0.5585,100.23,1493.9,0,293
2,3908,65.01,0.5504,101.54,1503.7,0,292
2,3909,63.48,0.5851,104.56,1457.0,0,291
2,3910,64.31,0.5098,102.25,1471.0,0,290
2,3911,67.79,0.4705,100.53,1469.6,0,289
2,3912,64.49,0.573,97.5,1480.6,0,288
2,3913,64.02,0.5666,96.4,1483.2,0,287
2,3914,64.14,0.618,101.83,1475.1,0,286
2,3915,63.51,0.53,100.27,1487.6,0,285
2,3916,64.55,0.5627,96.76,1482.8,0,284
2,3917,63.97,0.4847,97.04,1494.0,0,283
2,3918,64.5,0.5587,100.69,1493.6,0,282
2,3919,65.56,0.5541,100.03,1476.6,0,281
2,3920,64.6,0.535,101.11,1497.6,0,280
2,3921,65.41,0.5426,101.38,1483.1,0,279
2,3922,62.69,0.6376,104.3,1471.5,0,278
2,3923,64.5,0.5139,99.4,1474.4,0,277
2,3924,65.37,0.5209,97.19,1490.7,0,276
2,3925,63.76,0.5922,99.58,1489.8,0,275
2,3926,63.03,0.5571,102.02,1486.2,0,274
2,3927,63.14,0.5063,98.57,1494.2,0,273
2,3928,66.05,0.6532,101.45,1466.7,0,272
2,3929,66.2,0.5474,98.61,1478.0,0,271
2,3930,62.98,0.5852,99.06,1488.8,0,270
2,3931,64.12,0.5361,98.91,1498.5,0,269
2,3932,66.75,0.5105,96.59,1490.4,0,268
2,3933,65.94,0.6181,102.03,1503.7,0,267
2,3934,63.59,0.5241,99.46,1470.8,0,266
2,3935,66.0,0.5904,102.91,1479.1,0,265
2,3936,66.5,0.5606,98.18,1487.1,0,264
2,3937,63.86,0.5338,101.05,1468.8,0,263
2,3938,65.54,0.5342,101.04,1479.6,0,262
2,3939,63.12,0.4522,101.29,1469.0,0,261
2,3940,66.23,0.5573,98.02,1469.4,0,260
2,3941,65.5,0.5362,103.24,1490.8,0,259
2,3942,66.08,0.5936,97.95,1470.0,0,258
2,3943,66.17,0.5859,97.59,1485.1,0,257
2,3944,63.69,0.5566,98.76,1477.2,0,256
2,3945,63.61,0.5646,98.93,1485.1,0,255
2,3946,64.78,0.443,100.01,1479.1,0,254
2,3947,65.92,0.4491,101.75,1484.9,0,253
2,3948,66.28,0.6112,99.38,1481.9,0,252
2,3949,65.58,0.5474,98.55,1498.7,0,251
2,3950,63.82,0.4832,97.37,1502.7,0,250
2,3951,65.5,0.5529,99.69,1487.7,0,249
2,3952,67.01,0.4924,96.0,1476.0,0,248
2,3953,64.02,0.5257,98.76,1483.7,0,247
2,3954,66.02,0.5444,95.12,1491.6,0,246
2,3955,64.77,0.5055,98.24,1478.8,0,245
2,3956,64.54,0.4954,100.49,1494.6,0,244
2,3957,65.09,0.5132,100.85,1490.3,0,243
2,3958,65.81,0.5205,96.11,1470.5,0,242
2,3959,63.99,0.5342,100.97,1481.8,0,241
2,3960,63.78,0.447,99.16,1483.4,0,240
2,3961,65.25,0.5581,100.84,1498.5,0,239
2,3962,64.25,0.4598,98.65,1505.1,0,238
2,3963,64.77,0.4312,104.07,1474.0,0,237
2,3964,65.23,0.4701,98.1,1487.5,0,236
2,3965,64.93,0.539,98.68,1478.5,0,235
2,3966,63.51,0.5159,100.02,1482.7,0,234
2,3967,63.86,0.5015,95.3,1497.1,0,233
2,3968,65.49,0.524,99.35,1499.2,0,232
2,3969,64.86,0.523,98.19,1491.9,0,231
2,3970,64.48,0.482,98.94,1479.5,0,230
2,3971,64.42,0.4787,97.88,1518.9,0,229
2,3972,66.29,0.5106,96.55,1506.7,0,228
2,3973,64.29,0.444,94.7,1497.0,0,227
2,3974,63.89,0.4863,94.25,1510.3,0,226
2,3975,61.45,0.4736,98.39,1487.2,0,225
2,3976,64.33,0.4468,98.36,1511.5,0,224
2,3977,65.53,0.4581,100.05,1499.2,0,223
2,3978,62.26,0.5168,96.18,1488.4,0,222
2,3979,64.42,0.4953,97.99,1506.8,0,221
2,3980,64.62,0.4316,101.07,1505.5,0,220
2,3981,62.65,0.4293,96.49,1506.1,0,219
2,3982,63.41,0.4273,98.65,1514.6,0,218
2,3983,65.32,0.5061,96.37,1493.5,0,217
2,3984,65.7,0.4788,95.11,1482.3,0,216
2,3985,65.41,0.4404,96.53,1524.5,0,215
2,3986,63.54,0.407,95.48,1520.2,0,214
2,3987,63.51,0.465,98.95,1506.6,0,213
2,3988,61.99,0.4814,100.01,1505.0,0,212
2,3989,62.5,0.4291,97.05,1525.0,0,211
2,3990,64.91,0.455,95.83,1514.0,0,210
2,3991,63.33,0.4007,95.96,1503.3,0,209
2,3992,64.28,0.4363,96.43,1527.8,0,208
2,3993,64.6,0.4887,96.75,1495.9,0,207
2,3994,64.63,0.4989,95.28,1490.7,0,206
2,3995,64.0,0.4269,96.68,1501.3,0,205
2,3996,63.89,0.4077,97.23,1506.6,0,204
2,3997,63.1,0.4246,94.91,1519.7,0,203
2,3998,64.9,0.4351,96.92,1520.5,0,202
2,3999,64.18,0.3925,97.66,1515.6,0,201
2,4000,62.85,0.411,97.21,1523.6,0,200
2,4001,63.16,0.4797,96.27,1508.6,0,199
2,4002,64.84,0.511,96.82,1515.3,0,198
2,4003,65.7,0.4124,98.09,1514.5,0,197
2,4004,62.96,0.4634,100.8,1495.9,0,196
2,4005,64.33,0.485,96.88,1519.4,0,195
2,4006,63.77,0.5341,94.2,1502.2,0,194
2,4007,62.86,0.5486,97.3,1506.5,0,193
2,4008,63.28,0.5081,95.18,1526.6,0,192
2,4009,61.94,0.4805,98.42,1532.0,0,191
2,4010,62.68,0.4759,95.1,1503.3,0,190
2,4011,63.74,0.4266,94.39,1509.3,0,189
2,4012,64.76,0.5079,97.44,1498.8,0,188
2,4013,62.75,0.543,98.65,1510.6,0,187
2,4014,62.97,0.4949,96.27,1496.8,0,186
2,4015,62.93,0.5131,95.09,1536.5,0,185
2,4016,62.85,0.4844,97.61,1520.0,0,184
2,4017,63.64,0.477,97.46,1493.6,0,183
2,4018,61.96,0.5352,96.81,1524.0,0,182
2,4019,63.35,0.5888,100.95,1521.2,0,181
2,4020,63.69,0.5334,97.64,1497.8,0,180
2,4021,64.86,0.5541,99.58,1515.2,0,179
2,4022,63.45,0.513,98.71,1520.6,0,178
2,4023,63.29,0.556,96.61,1521.8,0,177
2,4024,63.62,0.5696,97.6,1510.1,0,176
2,4025,64.07,0.5725,95.34,1514.7,0,175
2,4026,62.38,0.5875,96.0,1525.4,0,174
2,4027,63.35,0.5737,97.5,1516.1,0,173
2,4028,64.36,0.561,95.46,1503.2,0,172
2,4029,62.5,0.5839,94.86,1508.4,0,171
2,4030,61.92,0.6049,98.17,1514.5,0,170
2,4031,65.57,0.574,100.9,1521.1,0,169
2,4032,61.75,0.5951,102.21,1511.3,0,168
2,4033,63.25,0.5781,99.36,1510.6,0,167
2,4034,64.2,0.5658,98.94,1495.1,0,166
2,4035,63.13,0.5678,98.58,1516.8,0,165
2,4036,62.61,0.6334,97.65,1519.6,0,164
2,4037,62.75,0.6903,95.02,1521.6,0,163
2,4038,62.0,0.5595,99.33,1493.4,0,162
2,4039,62.95,0.5588,98.29,1522.7,0,161
2,4040,63.64,0.6535,98.71,1510.0,0,160
2,4041,60.64,0.6423,100.87,1531.0,0,159
2,4042,63.65,0.6456,97.3,1491.0,0,158
2,4043,62.56,0.5574,100.13,1508.6,0,157
2,4044,62.17,0.6145,100.3,1524.5,0,156
2,4045,62.3,0.6412,97.37,1513.1,0,155
2,4046,62.38,0.6391,100.77,1500.1,0,154
2,4047,63.65,0.6741,96.82,1509.5,0,153
2,4048,62.26,0.657,99.87,1510.3,0,152
2,4049,65.01,0.6226,92.96,1505.6,0,151
2,4050,63.56,0.6185,98.67,1509.1,0,150
2,4051,63.9,0.6205,102.99,1494.8,0,149
2,4052,63.75,0.6469,99.0,1497.3,0,148
2,4053,64.4,0.6461,101.24,1482.6,0,147
2,4054,60.53,0.6502,96.2,1516.0,0,146
2,4055,60.96,0.7335,99.13,1497.5,0,145
2,4056,62.6,0.7098,99.78,1528.1,0,144
2,4057,63.86,0.6663,101.2,1497.9,0,143
2,4058,63.01,0.6582,97.14,1508.9,0,142
2,4059,62.2,0.6306,101.52,1486.2,0,141
2,4060,63.0,0.7213,100.55,1499.3,0,140
2,4061,62.99,0.681,98.21,1497.0,0,139
2,4062,61.81,0.6588,101.84,1488.1,0,138
2,4063,63.82,0.6392,100.97,1500.5,0,137
2,4064,61.96,0.6989,102.09,1489.4,0,136
2,4065,62.19,0.6252,99.79,1500.0,0,135
2,4066,63.88,0.6571,99.56,1494.5,0,134
2,4067,65.46,0.6343,101.68,1489.3,0,133
2,4068,63.84,0.6474,93.99,1494.6,0,132
2,4069,61.68,0.6724,99.91,1484.1,0,131
2,4070,63.27,0.7009,100.2,1486.6,0,130
2,4071,63.23,0.673,97.72,1480.0,0,129
2,4072,61.93,0.6073,100.04,1474.1,0,128
2,4073,62.19,0.6933,101.15,1488.9,0,127
2,4074,62.57,0.666,100.13,1486.5,0,126
2,4075,61.85,0.6687,103.98,1471.1,0,125
2,4076,61.44,0.6573,101.27,1506.2,0,124
2,4077,59.96,0.7144,102.09,1468.6,0,123
2,4078,64.43,0.6796,100.6,1484.6,0,122
2,4079,61.44,0.6988,97.27,1501.0,0,121
2,4080,60.97,0.6638,100.37,1510.9,0,120
2,4081,62.89,0.7072,105.87,1490.1,0,119
2,4082,63.35,0.6157,102.22,1475.2,0,118
2,4083,61.86,0.6901,101.24,1509.7,0,117
2,4084,61.66,0.6163,105.05,1490.2,0,116
2,4085,62.65,0.6577,99.52,1484.8,0,115
2,4086,62.69,0.608,100.05,1494.9,0,114
2,4087,62.4,0.6483,103.38,1493.2,0,113
2,4088,63.79,0.6387,103.02,1477.9,0,112
2,4089,62.3,0.7967,104.28,1467.4,0,111
2,4090,61.2,0.6689,102.64,1486.0,0,110
2,4091,61.56,0.724,100.69,1465.9,0,109
2,4092,62.28,0.6329,100.16,1489.0,0,108
2,4093,60.14,0.7161,101.21,1470.2,0,107
2,4094,63.02,0.6384,101.72,1464.3,0,106
2,4095,61.01,0.6487,105.6,1463.5,0,105
2,4096,62.51,0.7233,102.33,1477.9,0,104
2,4097,63.67,0.6296,104.24,1464.0,0,103
2,4098,61.1,0.659,105.64,1476.9,0,102
2,4099,63.26,0.6569,103.98,1464.2,0,101
2,4100,62.3,0.6925,101.28,1466.3,0,100
2,4101,61.39,0.7134,103.6,1479.8,0,99
2,4102,64.59,0.6852,103.85,1477.9,0,98
2,4103,61.93,0.6829,102.26,1471.8,0,97
2,4104,61.8,0.6668,100.82,1456.7,0,96
2,4105,61.78,0.6446,102.53,1456.3,0,95
2,4106,62.53,0.7431,106.5,1473.6,0,94
2,4107,61.65,0.7054,102.92,1440.3,0,93
2,4108,60.74,0.643,103.97,1454.3,0,92
2,4109,61.5,0.6539,103.15,1451.4,0,91
2,4110,62.22,0.6271,103.17,1456.7,0,90
2,4111,61.58,0.7036,105.45,1469.2,0,89
2,4112,62.16,0.7187,103.2,1441.2,0,88
2,4113,62.13,0.6085,104.51,1450.3,0,87
2,4114,59.93,0.663,102.1,1471.0,0,86
2,4115,62.21,0.634,103.01,1446.9,0,85
2,4116,63.26,0.7074,108.51,1468.7,0,84
2,4117,60.99,0.6997,102.83,1445.6,0,83
2,4118,63.7,0.6791,106.17,1450.9,0,82
2,4119,60.11,0.6975,105.02,1458.9,0,81
2,4120,60.86,0.6873,101.81,1450.6,0,80
2,4121,62.25,0.7302,104.07,1461.1,0,79
2,4122,59.9,0.7101,103.05,1462.0,0,78
2,4123,60.32,0.7057,105.2,1458.6,0,77
2,4124,60.61,0.7302,102.16,1449.6,0,76
2,4125,62.33,0.704,102.43,1447.3,0,75
2,4126,63.89,0.637,106.76,1435.6,0,74
2,4127,61.44,0.6942,107.35,1456.3,0,73
2,4128,61.98,0.6854,105.7,1462.8,0,72
2,4129,60.73,0.7856,109.37,1451.9,0,71
2,4130,61.17,0.6791,108.92,1443.4,0,70
2,4131,60.11,0.8124,107.56,1463.5,0,69
2,4132,61.11,0.6957,106.09,1439.9,0,68
2,4133,61.57,0.7529,105.92,1452.9,0,67
2,4134,61.29,0.7199,107.39,1470.9,0,66
2,4135,58.56,0.7002,100.61,1463.5,0,65
2,4136,60.43,0.6569,105.24,1438.9,0,64
2,4137,60.83,0.8009,104.92,1439.6,0,63
2,4138,61.58,0.8029,102.26,1467.4,0,62
2,4139,59.8,0.7529,103.09,1461.4,0,61
2,4140,58.73,0.7604,105.23,1448.8,0,60
2,4141,60.8,0.6982,102.72,1457.0,0,59
2,4142,60.44,0.7486,105.09,1460.6,0,58
2,4143,62.44,0.7651,103.99,1446.5,0,57
2,4144,58.48,0.771,104.14,1454.9,0,56
2,4145,62.27,0.7499,102.68,1448.1,0,55
2,4146,58.67,0.7496,102.66,1440.8,0,54
2,4147,61.72,0.7761,105.15,1471.4,0,53
2,4148,58.77,0.7707,102.76,1452.7,0,52
2,4149,59.06,0.8272,109.36,1445.0,0,51
2,4150,60.33,0.8913,104.31,1437.7,0,50
2,4151,62.33,0.7923,104.03,1464.8,0,49
2,4152,60.44,0.872,108.72,1459.5,0,48
2,4153,59.44,0.8407,108.01,1443.2,0,47
2,4154,60.63,0.8339,108.23,1478.8,0,46
2,4155,61.6,0.8128,105.5,1457.2,0,45
2,4156,60.85,0.9333,104.57,1473.0,0,44
2,4157,59.53,0.7917,105.55,1462.9,0,43
2,4158,59.78,0.8225,102.2,1449.5,0,42
2,4159,60.79,0.8822,106.44,1438.7,0,41
2,4160,59.2,0.7871,107.65,1456.6,0,40
2,4161,58.34,0.8983,103.57,1452.5,0,39
2,4162,58.27,0.8557,105.96,1447.8,0,38
2,4163,61.22,0.9011,107.44,1460.0,0,37
2,4164,59.47,0.8466,109.21,1453.0,0,36
2,4165,62.05,0.8484,110.45,1453.7,0,35
2,4166,61.11,0.8035,106.96,1467.8,0,34
2,4167,60.56,0.8945,108.87,1459.6,0,33
2,4168,62.5,0.9295,107.82,1453.5,0,32
2,4169,60.6,0.9922,106.26,1468.2,0,31
2,4170,62.85,0.8317,105.94,1462.1,0,30
2,4171,60.57,0.8765,103.62,1469.0,0,29
2,4172,60.72,0.8725,106.48,1473.2,0,28
2,4173,60.46,0.9172,103.41,1444.1,0,27
2,4174,60.93,0.946,106.12,1465.9,0,26
2,4175,60.32,0.9065,106.19,1450.5,0,25
2,4176,59.31,0.8363,107.18,1443.2,0,24
2,4177,61.5,0.8593,102.65,1447.2,0,23
2,4178,58.18,0.8616,106.25,1442.7,0,22
2,4179,59.57,0.9231,102.75,1454.3,0,21
2,4180,60.08,0.9099,104.36,1444.5,0,20
2,4181,60.06,0.8189,105.13,1468.6,0,19
2,4182,59.51,0.9023,102.23,1456.7,0,18
2,4183,62.48,0.9503,103.94,1467.2,0,17
2,4184,60.16,0.905,103.67,1463.6,0,16
2,4185,59.9,0.8939,106.85,1454.9,0,15
2,4186,60.96,0.9409,105.27,1453.6,0,14
2,4187,61.44,0.9355,107.1,1455.0,0,13
2,4188,61.16,0.8826,104.5,1446.6,0,12
2,4189,60.54,0.943,108.36,1446.7,0,11
2,4190,62.12,0.8688,107.22,1458.9,0,10
2,4191,61.9,0.9226,104.53,1470.2,0,9
2,4192,62.06,0.952,105.77,1451.2,0,8
2,4193,59.28,1.0088,104.46,1459.7,0,7
2,4194,61.49,0.8882,104.64,1464.4,0,6
2,4195,61.23,0.8785,103.28,1462.6,0,5
2,4196,60.31,0.962,106.76,1455.3,0,4
2,4197,61.04,0.9271,107.13,1472.1,0,3
2,4198,58.23,0.9292,101.71,1465.0,0,2
2,4199,58.05,0.9048,108.87,1466.0,0,1
2,4200,61.4,0.9777,106.38,1483.2,1,0
2,4201,59.16,0.9629,106.11,1447.6,1,0
2,4202,61.31,0.9143,103.88,1455.7,1,0
2,4203,58.96,0.9487,107.28,1491.4,1,0
2,4204,59.38,0.9819,104.0,1476.5,1,0
2,4205,61.35,0.9153,105.91,1465.6,1,0
2,4206,60.59,0.925,105.99,1455.1,1,0
2,4207,61.19,0.8951,102.38,1468.8,1,0
2,4208,62.05,0.9493,103.21,1476.0,1,0
2,4209,61.96,0.967,102.16,1471.7,1,0
2,4210,58.8,0.8216,105.28,1461.3,1,0
2,4211,62.33,0.9734,104.37,1483.7,1,0
2,4212,59.62,0.9026,105.58,1484.9,1,0
2,4213,60.14,0.9427,102.78,1458.0,1,0
2,4214,60.21,0.9208,106.82,1458.7,1,0
2,4215,60.91,0.8688,104.04,1459.9,1,0
2,4216,60.51,0.8625,110.05,1451.4,1,0
2,4217,60.8,0.9411,104.96,1473.4,1,0
2,4218,61.56,0.8517,107.23,1461.6,1,0
2,4219,60.16,0.9096,100.14,1452.6,1,0
2,4220,61.11,0.9278,102.66,1474.7,1,0
2,4221,60.03,0.868,106.13,1468.3,1,0
2,4222,59.9,0.9517,102.6,1473.3,1,0
2,4223,59.66,0.8907,103.5,1464.0,1,0
2,4224,59.55,0.9037,100.11,1468.7,1,0
2,4225,62.39,0.943,104.77,1467.2,1,0
2,4226,61.93,0.9291,103.14,1490.4,1,0
2,4227,61.25,0.9353,104.78,1479.2,1,0
2,4228,61.95,0.9296,101.73,1469.3,1,0
2,4229,60.03,0.8826,104.54,1460.1,1,0
2,4230,60.65,0.9093,106.7,1469.6,1,0
2,4231,60.15,0.888,103.72,1473.7,1,0
2,4232,59.48,0.9417,103.96,1484.0,1,0
2,4233,60.12,0.9096,103.99,1458.9,1,0
2,4234,60.43,0.8315,102.9,1476.0,1,0
2,4235,62.1,0.9756,106.27,1465.5,1,0
2,4236,61.2,0.8686,106.33,1468.2,1,0
2,4237,58.65,0.9019,103.26,1496.0,1,0
2,4238,60.18,0.9087,102.44,1475.5,1,0
2,4239,61.29,0.9764,103.37,1473.5,1,0
2,4240,60.04,0.9144,105.06,1491.6,1,0
2,4241,61.2,1.0181,104.92,1470.6,1,0
2,4242,59.93,0.921,103.16,1464.3,1,0
2,4243,62.39,0.9555,103.99,1486.7,1,0
2,4244,61.12,0.8878,103.11,1456.2,1,0
2,4245,60.08,0.8754,103.89,1465.2,1,0
2,4246,63.63,0.9492,104.55,1473.8,1,0
2,4247,61.33,0.9241,102.75,1468.2,1,0
2,4248,61.52,0.9373,101.54,1483.5,1,0
2,4249,62.91,0.9854,103.91,1496.1,1,0
2,4250,62.45,0.9801,104.12,1461.0,1,0
2,4251,62.06,1.0357,103.25,1469.2,1,0
2,4252,62.34,0.881,103.51,1477.2,1,0
2,4253,61.07,0.9026,101.37,1464.6,1,0
2,4254,59.5,0.9521,104.43,1472.8,1,0
2,4255,61.85,0.9454,100.21,1457.9,1,0
2,4256,60.67,0.9554,103.32,1457.0,1,0
2,4257,59.69,0.9773,103.01,1475.9,1,0
2,4258,59.84,0.962,104.21,1453.3,1,0
2,4259,59.57,1.0217,101.48,1462.2,1,0
2,4260,61.28,0.9565,103.81,1464.4,1,0
2,4261,61.05,0.9979,103.13,1483.1,1,0
2,4262,63.2,1.0327,102.77,1459.7,1,0
2,4263,59.45,1.018,102.66,1466.7,1,0
2,4264,61.4,1.0388,99.88,1459.4,1,0
2,4265,61.59,1.0272,99.73,1458.4,1,0
2,4266,62.37,1.049,101.99,1458.1,1,0
2,4267,62.42,1.0838,101.75,1444.8,1,0
2,4268,61.94,1.072,103.22,1474.5,1,0
2,4269,61.83,0.9525,100.47,1454.8,1,0
2,4270,60.15,0.9994,105.31,1454.2,1,0
2,4271,63.51,1.0419,102.65,1464.8,1,0
2,4272,60.93,1.0729,100.81,1447.9,1,0
2,4273,63.13,1.0615,102.13,1449.6,1,0
2,4274,60.68,1.0692,104.69,1439.6,1,0
2,4275,62.36,1.0489,104.56,1418.5,1,0
2,4276,62.35,1.0566,101.6,1460.4,1,0
2,4277,63.5,1.1497,100.08,1450.5,1,0
2,4278,61.37,1.0971,104.24,1442.6,1,0
2,4279,63.74,1.073,102.46,1455.7,1,0
2,4280,63.64,1.085,99.51,1464.6,1,0
2,4281,64.33,1.1192,100.81,1454.9,1,0
2,4282,65.23,1.0727,103.5,1457.4,1,0
2,4283,61.03,1.047,102.86,1440.3,1,0
2,4284,60.03,1.0921,98.88,1454.2,1,0
2,4285,61.58,1.1425,103.26,1451.0,1,0
2,4286,62.66,1.1237,105.34,1453.2,1,0
2,4287,64.75,1.119,101.27,1451.3,1,0
2,4288,62.12,1.2024,103.62,1443.3,1,0
2,4289,64.38,1.101,101.21,1431.7,1,0
2,4290,63.43,1.1097,97.77,1447.2,1,0
2,4291,61.81,1.1486,99.13,1430.6,1,0
2,4292,64.09,1.1041,102.95,1439.2,1,0
2,4293,63.36,1.1675,102.42,1448.4,1,0
2,4294,62.4,1.2266,102.69,1441.1,1,0
2,4295,63.74,1.1017,104.7,1446.6,1,0
2,4296,64.34,1.1246,103.78,1458.6,1,0
2,4297,64.67,1.1539,101.61,1454.2,1,0
2,4298,61.67,1.1527,103.22,1450.6,1,0
2,4299,63.05,1.1611,103.45,1435.3,1,0
2,4300,62.05,1.1552,99.18,1440.3,1,0
2,4301,62.26,1.1282,102.1,1440.8,1,0
2,4302,63.35,1.1732,99.8,1427.7,1,0
2,4303,62.94,1.1222,98.45,1434.6,1,0
2,4304,64.15,1.1697,104.6,1424.9,1,0
2,4305,62.35,1.1472,98.25,1419.8,1,0
2,4306,61.24,1.2475,99.65,1410.5,1,0
2,4307,63.87,1.1387,101.2,1433.9,1,0
2,4308,64.5,1.1397,102.57,1442.5,1,0
2,4309,65.06,1.1356,99.73,1427.8,1,0
2,4310,63.37,1.1704,102.91,1425.3,1,0
2,4311,62.4,1.2452,99.15,1435.0,1,0
2,4312,63.79,1.1535,102.58,1427.9,1,0
2,4313,65.51,1.1297,98.51,1450.2,1,0
2,4314,65.38,1.1911,104.45,1407.7,1,0
2,4315,64.14,1.2193,101.82,1419.5,1,0
2,4316,65.43,1.2185,103.45,1410.4,1,0
2,4317,63.82,1.2489,98.38,1409.2,1,0
2,4318,63.41,1.234,97.68,1432.9,1,0
2,4319,63.18,1.1398,101.16,1438.1,1,0
2,4320,62.89,1.1335,103.32,1429.5,1,0
2,4321,65.9,1.1446,100.74,1418.6,1,0
2,4322,63.35,1.1753,104.18,1427.8,1,0
2,4323,66.01,1.2203,103.09,1444.6,1,0
2,4324,64.65,1.1134,103.16,1429.1,1,0
2,4325,66.31,1.1528,102.23,1400.3,1,0
2,4326,65.46,1.147,101.59,1427.0,1,0
2,4327,66.52,1.1314,103.7,1427.9,1,0
2,4328,63.75,1.1878,101.98,1422.0,1,0
2,4329,66.46,1.1737,101.13,1424.8,1,0
2,4330,65.34,1.2237,101.64,1432.4,1,0
2,4331,65.0,1.2266,103.45,1439.9,1,0
2,4332,64.63,1.1571,102.54,1415.0,1,0
2,4333,65.16,1.1664,103.62,1410.2,1,0
2,4334,64.7,1.1402,100.83,1427.3,1,0
2,4335,64.84,1.1372,102.37,1415.8,1,0
2,4336,66.48,1.1402,102.17,1425.0,1,0
2,4337,64.01,1.1766,103.41,1414.4,1,0
2,4338,66.64,1.1422,100.72,1402.6,1,0
2,4339,65.81,1.1966,102.77,1421.9,1,0
2,4340,67.01,1.1342,100.83,1418.6,1,0
2,4341,63.74,1.2111,105.31,1425.1,1,0
2,4342,66.06,1.1588,100.28,1429.4,1,0
2,4343,64.34,1.1297,98.39,1409.5,1,0
2,4344,66.06,1.1879,101.08,1426.3,1,0
2,4345,65.78,1.1451,102.27,1415.6,1,0
2,4346,66.14,1.2161,102.99,1420.4,1,0
2,4347,64.83,1.1686,102.32,1392.3,1,0
2,4348,65.13,1.1746,103.88,1418.4,1,0
2,4349,68.7,1.2049,100.35,1399.5,1,0
2,4350,67.07,1.1501,102.3,1406.9,1,0
2,4351,67.85,1.1819,98.08,1411.1,1,0
2,4352,67.39,1.2002,100.09,1430.1,1,0
2,4353,66.59,1.1159,103.58,1401.3,1,0
2,4354,68.34,1.1621,101.35,1405.8,1,0
2,4355,69.13,1.2533,100.18,1401.7,1,0
2,4356,66.98,1.2111,103.67,1400.9,1,0
2,4357,69.11,1.212,100.87,1405.3,1,0
2,4358,68.57,1.2048,101.01,1407.3,1,0
2,4359,67.12,1.1479,102.93,1385.4,1,0
2,4360,67.58,1.1836,99.63,1408.7,1,0
2,4361,70.8,1.1424,102.98,1415.0,1,0
2,4362,67.09,1.2623,100.18,1408.0,1,0
2,4363,66.81,1.1313,105.11,1397.3,1,0
2,4364,65.96,1.2071,106.55,1405.6,1,0
2,4365,68.27,1.1281,101.96,1400.2,1,0
2,4366,65.19,1.1673,104.53,1402.1,1,0
2,4367,66.66,1.155,104.67,1412.2,1,0
2,4368,68.96,1.2661,103.96,1407.7,1,0
2,4369,65.46,1.2176,104.66,1401.3,1,0
2,4370,67.61,1.1902,104.42,1425.0,1,0
2,4371,68.19,1.1794,105.05,1407.9,1,0
2,4372,66.53,1.1687,100.05,1396.4,1,0
2,4373,68.32,1.2373,105.13,1404.1,1,0
2,4374,68.45,1.1413,102.63,1405.8,1,0
2,4375,68.99,1.1619,106.03,1413.5,1,0
2,4376,69.67,1.175,103.69,1423.7,1,0
2,4377,70.74,1.2627,106.56,1417.1,1,0
2,4378,69.38,1.2368,104.28,1435.6,1,0
2,4379,68.97,1.1783,104.76,1413.2,1,0
2,4380,68.48,1.1857,103.13,1436.8,1,0
2,4381,68.43,1.2286,104.96,1430.1,1,0
2,4382,68.26,1.3075,104.36,1414.8,1,0
2,4383,70.22,1.2165,103.21,1425.9,1,0
2,4384,67.01,1.1987,105.55,1419.1,1,0
2,4385,70.62,1.2738,102.86,1409.7,1,0
2,4386,71.05,1.175,103.91,1412.9,1,0
2,4387,68.39,1.2471,106.39,1417.2,1,0
2,4388,70.35,1.2349,106.85,1426.5,1,0
2,4389,69.91,1.29,104.64,1411.8,1,0
2,4390,69.33,1.2401,104.87,1414.0,1,0
2,4391,70.27,1.2601,104.24,1383.4,1,0
2,4392,70.88,1.3052,104.3,1428.7,1,0
2,4393,71.33,1.334,105.84,1422.4,1,0
2,4394,69.73,1.2919,104.9,1428.3,1,0
2,4395,68.74,1.3296,109.05,1408.8,1,0
2,4396,71.42,1.2058,107.65,1426.3,1,0
2,4397,68.92,1.3341,106.0,1431.9,1,0
2,4398,71.21,1.2976,105.87,1418.7,1,0
2,4399,71.05,1.3179,107.1,1434.1,1,0
2,4400,70.2,1.2867,104.66,1404.9,1,0
2,4401,67.09,1.3023,101.43,1419.6,1,0
2,4402,70.12,1.3484,102.13,1441.5,1,0
2,4403,69.32,1.4127,105.94,1406.3,1,0
2,4404,70.65,1.3212,107.5,1410.3,1,0
2,4405,71.16,1.3175,107.17,1410.8,1,0
2,4406,68.58,1.3279,106.0,1436.8,1,0
2,4407,70.19,1.4271,105.18,1415.2,1,0
2,4408,73.33,1.3193,105.09,1414.5,1,0
2,4409,72.94,1.3458,109.13,1431.1,1,0
2,4410,71.5,1.3256,106.84,1410.2,1,0
2,4411,71.45,1.3294,108.89,1421.9,1,0
2,4412,71.35,1.2805,109.95,1417.8,1,0
2,4413,70.63,1.3324,104.02,1418.6,1,0
2,4414,71.02,1.3623,107.95,1432.0,1,0
2,4415,70.82,1.3683,106.33,1434.4,1,0
2,4416,71.71,1.4227,106.01,1415.9,1,0
2,4417,71.02,1.4176,109.66,1411.3,1,0
2,4418,71.76,1.3235,104.85,1438.3,1,0
2,4419,71.51,1.3101,109.28,1421.8,1,0
2,4420,72.56,1.4716,105.41,1429.4,1,0
2,4421,69.09,1.3766,109.64,1451.5,1,0
2,4422,72.45,1.364,111.0,1436.0,1,0
2,4423,71.57,1.4339,107.16,1419.9,1,0
2,4424,72.53,1.4149,109.47,1409.6,1,0
2,4425,73.16,1.3674,107.91,1434.1,1,0
2,4426,72.4,1.4685,106.08,1424.6,1,0
2,4427,73.35,1.456,107.32,1431.1,1,0
2,4428,71.78,1.4035,107.81,1427.0,1,0
2,4429,72.17,1.4962,106.88,1429.1,1,0
2,4430,71.93,1.4245,108.22,1451.0,1,0
2,4431,70.2,1.4451,107.43,1432.3,1,0
2,4432,71.41,1.4655,109.5,1426.3,1,0
2,4433,74.1,1.419,110.06,1430.3,1,0
2,4434,72.8,1.3747,106.32,1418.4,1,0
2,4435,74.32,1.4157,106.89,1432.4,1,0
2,4436,74.47,1.4077,110.18,1415.2,1,0
2,4437,73.55,1.4819,112.67,1445.8,1,0
2,4438,69.7,1.4475,110.67,1432.3,1,0
2,4439,74.07,1.4475,104.57,1438.9,1,0
2,4440,70.66,1.3977,109.86,1444.6,1,0
2,4441,73.3,1.411,113.81,1444.3,1,0
2,4442,71.86,1.4263,110.79,1423.3,1,0
2,4443,74.88,1.4661,109.86,1434.3,1,0
2,4444,72.34,1.3651,102.0,1446.0,1,0
2,4445,73.21,1.4354,109.83,1453.2,1,0
2,4446,76.51,1.4008,112.5,1445.9,1,0
2,4447,73.83,1.4725,108.92,1431.6,1,0
2,4448,74.93,1.4028,107.32,1428.0,1,0
2,4449,72.54,1.466,108.33,1434.1,1,0
2,4450,76.66,1.3689,110.31,1445.3,1,0
2,4451,74.51,1.4341,109.81,1428.6,1,0
2,4452,75.5,1.4175,110.43,1414.9,1,0
2,4453,71.3,1.472,108.48,1420.4,1,0
2,4454,74.37,1.4593,108.63,1435.2,1,0
2,4455,74.21,1.418,107.4,1405.0,1,0
2,4456,76.24,1.4199,110.08,1431.2,1,0
2,4457,72.3,1.4154,110.61,1433.4,1,0
2,4458,73.3,1.359,111.19,1423.5,1,0
2,4459,75.99,1.379,113.3,1423.4,1,0
2,4460,74.56,1.4237,108.94,1444.4,1,0
2,4461,74.2,1.5067,108.66,1456.3,1,0
2,4462,74.09,1.4271,111.17,1432.9,1,0
2,4463,75.23,1.4664,111.53,1414.1,1,0
2,4464,75.18,1.4764,109.58,1413.0,1,0
2,4465,74.19,1.4454,110.01,1414.1,1,0
2,4466,74.55,1.4525,109.91,1426.3,1,0
2,4467,73.72,1.4244,112.4,1419.9,1,0
2,4468,76.32,1.3964,109.83,1442.9,1,0
2,4469,73.67,1.4259,111.31,1409.5,1,0
2,4470,75.09,1.4041,107.64,1416.2,1,0
2,4471,76.02,1.4036,113.36,1416.8,1,0
2,4472,76.39,1.4546,110.01,1420.3,1,0
2,4473,73.77,1.363,108.6,1408.3,1,0
2,4474,75.5,1.4645,111.36,1406.2,1,0
2,4475,75.69,1.4535,112.92,1416.5,1,0
2,4476,76.23,1.5223,108.79,1432.4,1,0
2,4477,74.45,1.4434,112.66,1414.0,1,0
2,4478,75.6,1.3894,106.62,1413.9,1,0
2,4479,75.47,1.3999,108.64,1407.6,1,0
2,4480,74.86,1.406,109.2,1414.5,1,0
2,4481,74.29,1.4432,108.67,1411.9,1,0
2,4482,74.17,1.3749,110.32,1385.2,1,0
2,4483,74.65,1.4911,108.82,1413.4,1,0
2,4484,75.84,1.4487,112.98,1417.9,1,0
2,4485,76.25,1.4184,111.31,1407.2,1,0
2,4486,75.81,1.4361,111.55,1427.5,1,0
2,4487,76.86,1.4426,110.37,1384.6,1,0
2,4488,75.05,1.43,107.37,1409.9,1,0
2,4489,76.44,1.4378,107.31,1410.4,1,0
2,4490,76.68,1.4686,107.01,1399.6,1,0
2,4491,75.87,1.4963,110.1,1409.3,1,0
2,4492,76.26,1.4478,115.1,1395.2,1,0
2,4493,77.36,1.5214,107.95,1403.1,1,0
2,4494,75.86,1.4526,107.62,1406.9,1,0
2,4495,75.01,1.5054,106.59,1405.8,1,0
2,4496,74.36,1.3376,111.3,1402.2,1,0
2,4497,75.83,1.4417,106.98,1395.5,1,0
2,4498,78.68,1.3649,108.88,1392.6,1,0
2,4499,76.91,1.5101,109.64,1405.3,1,0
2,4500,77.92,1.4429,110.16,1396.5,1,0
2,4501,74.78,1.4888,112.41,1412.9,1,0
2,4502,78.46,1.5263,108.62,1387.2,1,0
2,4503,78.03,1.4827,110.26,1402.9,1,0
2,4504,78.4,1.4787,107.04,1416.1,1,0
2,4505,77.27,1.4586,111.17,1396.0,1,0
2,4506,76.85,1.4821,106.6,1395.6,1,0
2,4507,76.28,1.5015,108.03,1396.9,1,0
2,4508,75.67,1.5292,112.54,1414.9,1,0
2,4509,76.47,1.4576,108.83,1396.6,1,0
2,4510,77.86,1.5315,108.0,1401.5,1,0
2,4511,78.19,1.4568,109.79,1376.1,1,0
2,4512,78.4,1.4599,111.72,1385.4,1,0
2,4513,78.56,1.5294,114.51,1395.5,1,0
2,4514,78.91,1.4456,105.77,1410.3,1,0
2,4515,78.46,1.4861,111.42,1376.4,1,0
2,4516,78.3,1.479,106.12,1379.3,1,0
2,4517,77.89,1.513,110.65,1375.8,1,0
2,4518,78.02,1.5309,111.61,1383.3,1,0
2,4519,78.94,1.4715,110.67,1390.5,1,0
2,4520,79.07,1.6017,111.24,1389.0,1,0
2,4521,79.27,1.578,110.36,1378.8,1,0
2,4522,77.99,1.5085,113.27,1385.0,1,0
2,4523,75.35,1.5161,108.66,1378.4,1,0
2,4524,77.97,1.5956,107.76,1400.4,1,0
2,4525,76.81,1.6179,107.54,1384.7,1,0
2,4526,76.35,1.5377,114.85,1378.1,1,0
2,4527,77.85,1.5724,110.34,1373.1,1,0
2,4528,78.31,1.5946,110.68,1382.7,1,0
2,4529,77.59,1.6436,107.31,1382.6,1,0
2,4530,77.11,1.6258,106.33,1379.4,1,0
2,4531,80.33,1.6185,109.63,1383.9,1,0
2,4532,78.31,1.5894,108.16,1369.1,1,0
2,4533,77.9,1.5818,105.42,1377.3,1,0
2,4534,76.68,1.6319,106.57,1363.8,1,0
2,4535,79.1,1.5654,105.4,1369.5,1,0
2,4536,78.09,1.6152,106.49,1375.8,1,0
2,4537,78.03,1.634,107.77,1355.3,1,0
2,4538,79.18,1.5656,108.32,1396.8,1,0
2,4539,74.78,1.5108,107.79,1382.1,1,0
2,4540,78.79,1.5748,110.26,1376.3,1,0
2,4541,76.53,1.7034,109.26,1373.0,1,0
2,4542,78.73,1.6092,109.09,1382.3,1,0
2,4543,78.86,1.6249,108.76,1379.3,1,0
2,4544,76.54,1.5896,111.17,1372.8,1,0
2,4545,79.2,1.6731,109.34,1383.1,1,0
2,4546,79.02,1.6559,109.33,1365.1,1,0
2,4547,77.94,1.667,111.31,1387.5,1,0
2,4548,79.73,1.6305,110.75,1373.8,1,0
2,4549,78.09,1.6773,109.54,1370.2,1,0
2,4550,78.12,1.5807,108.27,1362.7,1,0
2,4551,77.35,1.6269,109.83,1387.6,1,0
2,4552,78.38,1.6422,106.42,1366.6,1,0
2,4553,80.06,1.6515,110.09,1382.0,1,0
2,4554,76.38,1.6514,108.47,1384.2,1,0
2,4555,78.72,1.6963,107.86,1369.9,1,0
2,4556,78.45,1.651,109.8,1370.0,1,0
2,4557,78.43,1.5746,107.93,1379.0,1,0
2,4558,78.86,1.6914,108.12,1361.0,1,0
2,4559,78.59,1.632,108.89,1348.3,1,0
2,4560,77.66,1.6973,106.59,1374.1,1,0
2,4561,79.34,1.6956,105.98,1379.4,1,0
2,4562,77.62,1.6952,108.63,1365.2,1,0
2,4563,77.76,1.6652,107.44,1351.4,1,0
2,4564,78.24,1.6297,107.03,1387.3,1,0
2,4565,78.28,1.6209,110.78,1360.9,1,0
2,4566,77.95,1.5864,105.79,1361.6,1,0
2,4567,80.48,1.7008,109.43,1365.4,1,0
2,4568,80.02,1.704,105.93,1365.3,1,0
2,4569,79.21,1.715,105.56,1365.3,1,0
2,4570,80.32,1.6338,109.24,1363.2,1,0
2,4571,78.71,1.6906,108.55,1370.3,1,0
2,4572,80.5,1.7738,108.7,1383.1,1,0
2,4573,80.7,1.6632,108.66,1361.8,1,0
2,4574,78.92,1.6791,108.69,1367.8,1,0
2,4575,79.1,1.6393,104.4,1372.7,1,0
2,4576,77.86,1.6654,107.48,1369.3,1,0
2,4577,78.1,1.7508,109.44,1349.8,1,0
2,4578,80.95,1.6842,108.81,1383.0,1,0
2,4579,79.41,1.6697,109.71,1358.2,1,0
2,4580,80.95,1.7247,106.9,1357.1,1,0
2,4581,79.15,1.6323,104.36,1377.1,1,0
2,4582,77.87,1.6597,106.97,1367.3,1,0
2,4583,79.79,1.717,106.59,1390.6,1,0
2,4584,79.43,1.6809,107.36,1367.9,1,0
2,4585,80.07,1.6431,104.98,1377.6,1,0
2,4586,80.14,1.709,107.81,1380.5,1,0
2,4587,77.49,1.6862,107.51,1387.1,1,0
2,4588,79.61,1.7187,110.59,1358.1,1,0
2,4589,80.85,1.7327,106.92,1359.0,1,0
2,4590,78.08,1.6581,108.37,1372.7,1,0
2,4591,77.99,1.7171,106.9,1371.0,1,0
2,4592,78.71,1.6556,104.75,1381.6,1,0
2,4593,80.08,1.6628,106.92,1373.3,1,0
2,4594,79.3,1.6967,107.4,1384.4,1,0
2,4595,80.5,1.6636,110.1,1377.7,1,0
2,4596,79.61,1.6445,104.53,1379.2,1,0
2,4597,79.49,1.653,104.4,1370.0,1,0
2,4598,80.17,1.6993,110.94,1376.3,1,0
2,4599,78.7,1.6632,107.69,1368.1,1,0
2,4600,80.01,1.6992,102.62,1371.9,1,0
2,4601,80.53,1.6113,108.88,1383.1,1,0
2,4602,81.75,1.7046,104.63,1376.4,1,0
2,4603,77.4,1.6985,109.54,1380.8,1,0
2,4604,80.11,1.7119,108.77,1382.3,1,0
2,4605,78.73,1.693,104.85,1370.4,1,0
2,4606,80.67,1.6079,104.85,1376.4,1,0
2,4607,79.84,1.6849,105.22,1367.9,1,0
2,4608,78.68,1.7019,106.69,1377.0,1,0
2,4609,80.33,1.6395,107.37,1381.1,1,0
2,4610,80.14,1.6993,106.35,1395.3,1,0
2,4611,81.2,1.6648,108.83,1391.1,1,0
2,4612,79.7,1.709,105.46,1384.7,1,0
2,4613,81.16,1.6648,101.83,1353.7,1,0
2,4614,79.06,1.6445,108.57,1377.5,1,0
2,4615,80.13,1.7385,100.95,1387.8,1,0
2,4616,79.04,1.6283,107.09,1347.2,1,0
2,4617,78.29,1.7657,111.95,1377.2,1,0
2,4618,79.63,1.7842,108.72,1368.7,1,0
2,4619,79.07,1.7091,106.7,1383.5,1,0
2,4620,80.18,1.6783,106.71,1376.9,1,0
2,4621,79.25,1.6783,106.25,1387.7,1,0
2,4622,76.67,1.7746,105.2,1374.3,1,0
2,4623,81.02,1.7146,105.18,1394.6,1,0
2,4624,81.38,1.6681,109.42,1402.8,1,0
2,4625,79.51,1.6569,105.17,1387.2,1,0
2,4626,79.04,1.7502,108.38,1400.2,1,0
2,4627,79.55,1.7573,107.17,1397.0,1,0
2,4628,78.48,1.67,106.02,1368.2,1,0
2,4629,80.06,1.6821,106.44,1390.0,1,0
2,4630,79.59,1.7406,105.43,1390.6,1,0
2,4631,80.95,1.755,108.76,1376.7,1,0
2,4632,78.82,1.7711,107.76,1395.7,1,0
2,4633,79.35,1.7308,106.35,1386.2,1,0
2,4634,77.93,1.7685,106.04,1389.9,1,0
2,4635,77.07,1.7559,107.07,1384.8,1,0
2,4636,79.3,1.715,107.16,1389.4,1,0
2,4637,79.37,1.7398,108.08,1389.4,1,0
2,4638,79.54,1.7593,107.94,1383.9,1,0
2,4639,77.84,1.8397,106.99,1386.5,1,0
2,4640,78.59,1.7843,107.32,1400.1,1,0
2,4641,77.82,1.8262,105.25,1384.0,1,0
2,4642,80.25,1.7695,108.4,1390.7,1,0
2,4643,80.13,1.7615,108.02,1399.7,1,0
2,4644,78.8,1.8358,108.73,1394.2,1,0
2,4645,78.34,1.7493,107.9,1374.2,1,0
2,4646,77.57,1.7845,107.25,1395.9,1,0
2,4647,79.69,1.8628,106.34,1395.4,1,0
2,4648,79.27,1.8249,109.48,1387.8,1,0
2,4649,78.57,1.808,105.19,1369.0,1,0
2,4650,79.85,1.7748,106.11,1396.9,1,0
2,4651,78.87,1.7877,104.7,1379.1,1,0
2,4652,77.81,1.8611,106.68,1381.3,1,0
2,4653,81.04,1.8289,106.02,1397.7,1,0
2,4654,81.43,1.8804,105.81,1406.4,1,0
2,4655,79.92,1.86,108.27,1387.7,1,0
2,4656,80.51,1.8462,106.63,1373.0,1,0
2,4657,79.16,1.8421,110.15,1384.4,1,0
2,4658,81.11,1.8686,108.74,1397.0,1,0
2,4659,79.83,1.8733,104.1,1398.8,1,0
2,4660,80.11,1.8391,109.82,1382.8,1,0
2,4661,78.06,1.7704,108.44,1392.6,1,0
2,4662,80.5,1.929,109.46,1385.3,1,0
2,4663,80.93,1.8532,108.62,1393.0,1,0
2,4664,80.99,1.8993,109.74,1384.9,1,0
2,4665,79.25,2.0162,105.87,1375.9,1,0
2,4666,82.45,1.8117,109.69,1392.8,1,0
2,4667,78.87,1.9009,106.73,1390.6,1,0
2,4668,77.79,1.8767,109.57,1388.7,1,0
2,4669,80.19,1.8473,106.04,1380.0,1,0
2,4670,78.98,1.8628,104.44,1373.8,1,0
2,4671,77.56,1.9474,107.56,1394.2,1,0
2,4672,79.46,1.9112,104.25,1373.5,1,0
2,4673,78.51,1.8548,107.83,1390.5,1,0
2,4674,79.34,1.9096,111.14,1382.8,1,0
2,4675,79.98,1.8344,107.66,1395.7,1,0
2,4676,81.88,1.8599,104.92,1378.2,1,0
2,4677,77.88,1.9841,105.08,1379.4,1,0
2,4678,79.2,1.9285,105.43,1402.0,1,0
2,4679,79.7,1.8931,108.06,1376.5,1,0
2,4680,78.95,1.9803,108.94,1378.4,1,0
2,4681,80.01,1.9718,112.46,1393.3,1,0
2,4682,78.99,1.8702,105.02,1389.3,1,0
2,4683,79.95,1.8658,107.87,1382.7,1,0
2,4684,76.69,1.9715,110.44,1361.9,1,0
2,4685,78.88,1.9241,111.73,1380.7,1,0
2,4686,78.66,1.9232,111.96,1368.1,1,0
2,4687,76.72,1.9042,107.83,1376.1,1,0
2,4688,80.93,1.92,110.4,1379.0,1,0
2,4689,80.26,1.952,107.76,1376.9,1,0
2,4690,78.18,1.9284,109.71,1368.9,1,0
2,4691,76.5,1.8435,111.05,1371.1,1,0
2,4692,79.23,1.9396,105.74,1387.4,1,0
2,4693,79.27,1.9345,111.24,1356.3,1,0
2,4694,78.1,1.9102,109.77,1363.6,1,0
2,4695,78.47,1.9188,111.34,1360.4,1,0
2,4696,77.23,1.963,110.46,1383.1,1,0
2,4697,78.93,1.9874,106.97,1368.1,1,0
2,4698,78.44,1.9726,107.96,1369.5,1,0
2,4699,79.86,1.9369,107.64,1373.0,1,0
2,4700,79.04,1.9514,109.19,1369.4,1,0
2,4701,78.0,1.9405,110.84,1377.3,1,0
2,4702,78.17,1.9537,109.95,1350.6,1,0
2,4703,78.04,1.9603,111.92,1369.6,1,0
2,4704,78.44,1.8722,109.16,1367.3,1,0
2,4705,77.7,1.9257,110.09,1361.6,1,0
2,4706,79.0,1.9663,110.7,1371.3,1,0
2,4707,78.49,1.9352,112.26,1362.7,1,0
2,4708,77.99,1.8443,110.5,1347.7,1,0
2,4709,77.66,1.8956,108.03,1368.3,1,0
2,4710,77.4,1.9694,108.82,1365.6,1,0
2,4711,76.46,1.9693,109.6,1374.9,1,0
2,4712,77.88,1.9142,106.88,1339.5,1,0
2,4713,78.42,1.9147,110.37,1349.1,1,0
2,4714,76.26,1.9558,109.4,1344.3,1,0
2,4715,76.84,1.9799,111.91,1355.4,1,0
2,4716,76.62,1.9316,112.55,1341.4,1,0
2,4717,77.25,1.945,110.48,1349.4,1,0
2,4718,77.41,1.8546,111.5,1342.4,1,0
2,4719,78.73,1.978,110.21,1362.5,1,0
2,4720,77.01,1.87,110.34,1355.3,1,0
2,4721,76.67,1.9006,111.28,1326.5,1,0
2,4722,75.29,1.8895,112.83,1338.7,1,0
2,4723,77.67,1.8656,112.71,1345.8,1,0
2,4724,78.56,1.9488,112.24,1348.6,1,0
2,4725,78.38,1.9366,110.9,1347.6,1,0
2,4726,78.52,1.9195,113.03,1343.7,1,0
2,4727,77.57,1.9141,110.36,1350.4,1,0
2,4728,77.61,1.9154,111.25,1348.1,1,0
2,4729,77.46,1.929,108.26,1328.7,1,0
2,4730,74.85,1.9605,111.05,1329.4,1,0
2,4731,76.94,1.8929,112.64,1336.6,1,0
2,4732,79.11,1.9702,109.32,1345.9,1,0
2,4733,80.28,1.8454,111.73,1351.2,1,0
2,4734,77.99,1.8868,114.03,1359.5,1,0
2,4735,75.01,1.8856,112.68,1342.1,1,0
2,4736,77.07,1.9523,112.77,1343.4,1,0
2,4737,78.46,1.8787,112.59,1346.0,1,0
2,4738,80.41,1.9432,112.47,1343.0,1,0
2,4739,77.86,1.9575,114.49,1323.3,1,0
2,4740,76.66,1.9138,113.82,1343.6,1,0
2,4741,74.51,1.8922,110.46,1348.3,1,0
2,4742,76.28,1.9714,112.42,1332.6,1,0
2,4743,78.01,1.9148,113.3,1341.7,1,0
2,4744,78.93,1.9265,113.39,1343.6,1,0
2,4745,75.58,1.8934,119.29,1327.1,1,0
2,4746,78.85,1.9248,112.18,1332.4,1,0
2,4747,75.32,1.9407,112.27,1334.0,1,0
2,4748,75.28,1.9321,112.88,1335.5,1,0
2,4749,78.18,1.9471,113.43,1330.0,1,0
2,4750,76.43,2.0125,114.76,1344.0,1,0
2,4751,77.14,1.9695,110.17,1354.4,1,0
2,4752,79.22,1.9485,108.85,1314.2,1,0
2,4753,77.88,1.895,114.18,1328.2,1,0
2,4754,78.2,1.9902,112.78,1343.3,1,0
2,4755,77.97,1.9575,111.9,1316.7,1,0
2,4756,76.61,1.973,114.49,1327.8,1,0
2,4757,74.64,1.9698,115.21,1323.8,1,0
2,4758,77.21,1.9697,111.98,1317.5,1,0
2,4759,78.01,1.9562,115.77,1339.0,1,0
2,4760,75.71,1.971,112.55,1335.3,1,0
2,4761,77.27,2.1053,115.48,1349.6,1,0
2,4762,78.48,1.9367,113.96,1334.4,1,0
2,4763,76.22,2.0398,113.67,1321.3,1,0
2,4764,73.83,1.9722,112.07,1324.5,1,0
2,4765,75.28,2.0198,117.07,1329.3,1,0
2,4766,75.35,2.0262,114.26,1336.2,1,0
2,4767,75.04,2.0984,116.05,1332.5,1,0
2,4768,74.33,2.008,114.98,1331.9,1,0
2,4769,77.83,1.992,115.37,1319.3,1,0
2,4770,77.7,2.0179,113.54,1307.7,1,0
2,4771,74.59,2.0626,116.81,1314.8,1,0
2,4772,77.84,2.0136,115.69,1345.2,1,0
2,4773,76.13,2.0236,113.61,1324.6,1,0
2,4774,77.34,2.0802,110.35,1324.9,1,0
2,4775,76.2,2.0587,111.7,1330.0,1,0
2,4776,77.58,2.0171,113.48,1337.3,1,0
2,4777,77.08,2.0314,114.3,1337.2,1,0
2,4778,75.53,2.0328,114.51,1314.2,1,0
2,4779,74.17,2.082,113.95,1315.2,1,0
2,4780,74.48,2.0533,114.25,1320.0,1,0
2,4781,77.45,2.0714,110.97,1321.7,1,0
2,4782,74.65,2.0951,113.81,1325.7,1,0
2,4783,76.04,2.0667,114.08,1315.8,1,0
2,4784,76.26,2.135,112.01,1315.3,1,0
2,4785,77.55,2.036,116.43,1327.6,1,0
2,4786,75.93,2.1522,116.07,1321.3,1,0
2,4787,75.21,2.0835,116.99,1339.0,1,0
2,4788,75.17,2.0909,116.02,1334.2,1,0
2,4789,77.25,2.1214,113.66,1332.5,1,0
2,4790,75.64,2.1357,115.61,1336.5,1,0
2,4791,75.6,2.0808,115.0,1308.1,1,0
2,4792,77.33,2.0732,116.17,1325.3,1,0
2,4793,78.98,2.1162,111.71,1310.8,1,0
2,4794,75.66,2.1199,113.8,1328.6,1,0
2,4795,75.55,2.196,113.51,1331.9,1,0
2,4796,75.85,2.1592,113.94,1331.3,1,0
2,4797,76.62,2.1933,117.33,1316.3,1,0
2,4798,74.49,2.1234,112.94,1308.0,1,0
2,4799,77.32,2.1411,111.6,1322.0,1,0
2,4800,74.65,2.1392,114.57,1344.2,1,0
2,4801,77.89,2.1368,114.55,1329.3,1,0
2,4802,76.18,2.1347,113.79,1335.8,1,0
2,4803,76.83,2.1624,114.46,1332.4,1,0
2,4804,78.55,2.1312,114.53,1327.7,1,0
2,4805,75.25,2.1432,114.61,1323.3,1,0
2,4806,75.97,2.1572,115.71,1333.2,1,0
2,4807,74.75,2.2026,115.07,1332.8,1,0
2,4808,75.38,2.2092,114.57,1347.2,1,0
2,4809,74.72,2.2004,112.34,1331.8,1,0
2,4810,76.85,2.2126,112.26,1308.1,1,0
2,4811,75.16,2.1283,112.72,1332.8,1,0
2,4812,74.91,2.1727,115.75,1327.7,1,0
2,4813,75.07,2.183,115.33,1321.4,1,0
2,4814,74.59,2.0958,113.85,1315.4,1,0
2,4815,76.56,2.1064,116.97,1324.6,1,0
2,4816,77.06,2.155,113.35,1332.1,1,0
2,4817,77.37,2.2705,112.45,1339.7,1,0
2,4818,73.91,2.2159,114.48,1338.5,1,0
2,4819,76.78,2.1478,111.95,1329.7,1,0
2,4820,76.96,2.159,111.46,1339.4,1,0
2,4821,76.92,2.1948,115.07,1360.0,1,0
2,4822,76.08,2.1429,115.28,1329.7,1,0
2,4823,78.16,2.2157,119.64,1342.3,1,0
2,4824,73.78,2.2085,113.68,1360.3,1,0
2,4825,75.13,2.2126,110.09,1326.3,1,0
2,4826,76.5,2.1395,116.12,1333.7,1,0
2,4827,74.89,2.1467,116.41,1318.0,1,0
2,4828,75.43,2.1714,113.17,1331.9,1,0
2,4829,77.65,2.1412,111.4,1348.8,1,0
2,4830,75.3,2.2734,113.79,1342.6,1,0
2,4831,75.97,2.1801,117.27,1344.0,1,0
2,4832,75.05,2.1603,112.38,1343.4,1,0
2,4833,74.32,2.195,114.37,1338.5,1,0
2,4834,77.95,2.1845,117.16,1333.5,1,0
2,4835,77.0,2.1349,112.82,1347.6,1,0
2,4836,77.46,2.208,114.33,1329.8,1,0
2,4837,76.41,2.201,113.46,1348.0,1,0
2,4838,75.7,2.1507,111.34,1331.3,1,0
2,4839,75.03,2.1719,114.91,1342.2,1,0
2,4840,77.75,2.2362,110.77,1340.5,1,0
2,4841,75.07,2.1151,114.24,1341.4,1,0
2,4842,74.71,2.0827,115.76,1361.2,1,0
2,4843,77.65,2.1358,113.56,1344.3,1,0
2,4844,77.09,2.2241,114.89,1350.0,1,0
2,4845,77.46,2.1454,113.8,1350.9,1,0
2,4846,74.7,2.1376,114.9,1360.3,1,0
2,4847,75.5,2.1008,112.76,1345.7,1,0
2,4848,76.74,2.2115,112.33,1345.0,1,0
2,4849,75.52,2.1334,113.53,1345.3,1,0
2,4850,74.86,2.1603,112.89,1344.5,1,0
2,4851,77.55,2.2274,117.78,1370.3,1,0
2,4852,76.63,2.1809,114.61,1339.0,1,0
2,4853,76.98,2.1423,117.04,1341.9,1,0
2,4854,76.14,2.1777,110.15,1337.2,1,0
2,4855,79.89,2.1461,114.12,1353.9,1,0
2,4856,74.04,2.1279,113.13,1340.1,1,0
2,4857,79.08,2.182,113.49,1338.9,1,0
2,4858,74.12,2.1768,109.78,1354.2,1,0
2,4859,76.76,2.1516,111.6,1344.3,1,0
2,4860,74.9,2.1563,113.34,1351.3,1,0
2,4861,77.92,2.2147,112.38,1344.2,1,0
2,4862,77.24,2.1235,111.33,1335.3,1,0
2,4863,76.14,2.184,112.8,1333.9,1,0
2,4864,77.7,2.1766,114.36,1343.8,1,0
2,4865,75.96,2.1476,113.75,1348.5,1,0
2,4866,77.2,2.1554,110.55,1335.6,1,0
2,4867,75.9,2.1781,115.34,1322.9,1,0
2,4868,78.28,2.1651,112.49,1364.0,1,0
2,4869,76.95,2.2174,113.88,1343.7,1,0
2,4870,75.87,2.1662,112.01,1341.0,1,0
2,4871,77.47,2.2178,113.63,1342.2,1,0
2,4872,77.45,2.2588,110.45,1334.3,1,0
2,4873,77.05,2.1847,110.53,1358.3,1,0
2,4874,76.45,2.1913,112.81,1334.5,1,0
2,4875,75.89,2.1733,116.87,1347.3,1,0
2,4876,78.33,2.2464,114.34,1344.2,1,0
2,4877,77.47,2.1866,114.2,1339.2,1,0
2,4878,74.8,2.1866,111.28,1324.9,1,0
2,4879,78.02,2.2763,111.25,1348.5,1,0
2,4880,76.41,2.1993,112.3,1328.9,1,0
2,4881,79.91,2.2365,115.15,1353.9,1,0
2,4882,76.92,2.2292,114.55,1345.2,1,0
2,4883,76.3,2.2165,107.57,1349.9,1,0
2,4884,76.85,2.1917,109.75,1346.9,1,0
2,4885,77.84,2.2102,112.13,1325.1,1,0
2,4886,76.79,2.2467,113.03,1353.2,1,0
2,4887,77.81,2.2099,111.22,1351.6,1,0
2,4888,77.72,2.229,112.65,1342.7,1,0
2,4889,75.6,2.2804,115.36,1350.2,1,0
2,4890,78.37,2.3069,112.7,1335.8,1,0
2,4891,76.43,2.272,113.35,1349.9,1,0
2,4892,75.59,2.2513,113.65,1331.1,1,0
2,4893,78.55,2.2549,110.07,1335.6,1,0
2,4894,77.4,2.3123,112.49,1340.4,1,0
2,4895,75.89,2.3146,111.84,1320.6,1,0
2,4896,78.96,2.2869,113.39,1348.9,1,0
2,4897,77.26,2.1964,111.71,1333.0,1,0
2,4898,76.17,2.2654,108.89,1325.7,1,0
2,4899,77.09,2.3014,110.91,1316.8,1,0
2,4900,76.21,2.2745,114.4,1326.2,1,0
2,4901,77.2,2.3402,111.89,1342.0,1,0
2,4902,77.38,2.3587,110.63,1340.1,1,0
2,4903,77.66,2.2938,111.94,1339.8,1,0
2,4904,75.58,2.3355,112.99,1337.3,1,0
2,4905,79.78,2.3217,107.37,1341.0,1,0
2,4906,79.04,2.2969,114.56,1320.5,1,0
2,4907,77.63,2.2818,112.01,1320.2,1,0
2,4908,78.62,2.349,110.39,1345.4,1,0
2,4909,78.2,2.4032,108.01,1308.7,1,0
2,4910,78.58,2.4125,113.89,1322.7,1,0
2,4911,76.54,2.3363,110.18,1319.4,1,0
2,4912,78.45,2.3526,110.66,1307.6,1,0
2,4913,78.94,2.3685,112.51,1317.1,1,0
2,4914,76.2,2.3072,112.38,1313.5,1,0
2,4915,79.44,2.3735,109.32,1344.3,1,0
2,4916,78.27,2.3582,109.95,1307.0,1,0
2,4917,75.98,2.4509,111.16,1339.8,1,0
2,4918,78.02,2.3947,112.62,1304.4,1,0
2,4919,78.37,2.4592,111.38,1305.0,1,0
2,4920,78.81,2.5217,114.2,1327.5,1,0
2,4921,81.21,2.3766,112.94,1309.5,1,0
2,4922,79.64,2.4303,110.73,1300.9,1,0
2,4923,78.28,2.3213,110.32,1313.2,1,0
2,4924,80.76,2.3974,110.71,1316.1,1,0
2,4925,79.39,2.3472,114.99,1318.0,1,0
2,4926,77.94,2.4343,113.92,1314.8,1,0
2,4927,79.73,2.4138,110.0,1301.1,1,0
2,4928,81.07,2.426,110.19,1316.5,1,0
2,4929,79.28,2.4626,113.74,1328.4,1,0
2,4930,81.89,2.4476,111.62,1304.2,1,0
2,4931,79.52,2.412,110.58,1315.2,1,0
2,4932,79.99,2.4219,111.63,1302.3,1,0
2,4933,80.14,2.4515,109.75,1317.7,1,0
2,4934,77.13,2.4611,110.4,1315.8,1,0
2,4935,80.8,2.3418,108.32,1294.5,1,0
2,4936,80.36,2.3938,104.96,1298.3,1,0
2,4937,76.62,2.4758,109.92,1284.6,1,0
2,4938,78.51,2.4357,112.89,1301.0,1,0
2,4939,79.87,2.4637,112.34,1318.5,1,0
2,4940,81.91,2.4409,108.53,1315.1,1,0
2,4941,79.84,2.4725,109.67,1307.5,1,0
2,4942,79.98,2.4415,112.11,1298.0,1,0
2,4943,81.08,2.4671,113.65,1295.2,1,0
2,4944,79.36,2.4757,112.72,1275.2,1,0
2,4945,79.53,2.3802,111.63,1301.5,1,0
2,4946,79.93,2.3964,110.11,1306.5,1,0
2,4947,80.27,2.3446,114.06,1302.8,1,0
2,4948,79.75,2.3992,108.91,1300.2,1,0
2,4949,83.94,2.4421,111.64,1288.1,1,0
2,4950,82.71,2.4925,111.25,1304.6,1,0
2,4951,79.98,2.3149,111.58,1286.8,1,0
2,4952,80.58,2.4032,109.77,1314.7,1,0
2,4953,79.78,2.4236,111.04,1306.4,1,0
2,4954,79.7,2.5184,110.66,1282.9,1,0
2,4955,79.4,2.3881,112.25,1286.6,1,0
2,4956,80.35,2.4498,111.28,1284.5,1,0
2,4957,81.57,2.4409,115.11,1276.5,1,0
2,4958,79.8,2.379,109.16,1291.1,1,0
2,4959,81.71,2.399,110.43,1294.9,1,0
2,4960,79.87,2.4462,111.23,1283.6,1,0
2,4961,82.29,2.4164,112.9,1298.0,1,0
2,4962,79.14,2.488,112.87,1278.4,1,0
2,4963,81.32,2.4623,111.66,1287.8,1,0
2,4964,81.56,2.4414,112.83,1287.6,1,0
2,4965,81.61,2.4504,111.42,1294.7,1,0
2,4966,80.07,2.4337,108.86,1276.9,1,0
2,4967,81.99,2.4027,114.89,1291.2,1,0
2,4968,81.16,2.3389,114.79,1288.2,1,0
2,4969,82.16,2.3643,112.22,1281.2,1,0
2,4970,81.14,2.3827,113.19,1289.1,1,0
2,4971,80.15,2.3995,111.56,1282.6,1,0
2,4972,82.39,2.4226,111.2,1268.7,1,0
2,4973,82.52,2.4383,113.68,1290.1,1,0
2,4974,79.73,2.4194,113.83,1283.2,1,0
2,4975,82.63,2.4543,111.79,1273.8,1,0
2,4976,81.55,2.4897,109.8,1296.5,1,0
2,4977,81.89,2.4583,110.16,1279.0,1,0
2,4978,82.62,2.3786,109.75,1280.0,1,0
2,4979,83.29,2.4461,112.24,1278.6,1,0
2,4980,82.28,2.4393,112.08,1286.4,1,0
2,4981,81.95,2.4733,110.77,1279.5,1,0
2,4982,82.0,2.3488,113.97,1295.8,1,0
2,4983,80.95,2.408,109.85,1270.4,1,0
2,4984,83.14,2.4136,111.62,1291.7,1,0
2,4985,82.06,2.3356,114.26,1270.6,1,0
2,4986,82.06,2.4406,115.11,1276.8,1,0
2,4987,83.44,2.4171,111.65,1299.7,1,0
2,4988,83.19,2.4505,108.48,1270.6,1,0
2,4989,82.1,2.4523,113.51,1272.9,1,0
2,4990,83.77,2.4511,113.34,1290.1,1,0
2,4991,82.85,2.4201,112.66,1282.2,1,0
2,4992,81.67,2.4737,113.63,1296.1,1,0
2,4993,82.25,2.4248,112.34,1294.3,1,0
2,4994,83.35,2.4785,113.19,1289.5,1,0
2,4995,82.39,2.5344,112.96,1300.1,1,0
2,4996,83.59,2.4197,110.7,1291.0,1,0
2,4997,83.99,2.4365,109.97,1279.6,1,0
2,4998,83.83,2.4116,112.76,1290.0,1,0
2,4999,83.84,2.4898,113.84,1266.7,1,0
3,0,59.1,0.522,102.08,1508.2,0,4400
3,1,61.63,0.5034,102.31,1520.3,0,4399
3,2,61.6,0.4714,97.09,1505.7,0,4398
3,3,58.22,0.5297,101.04,1507.3,0,4397
3,4,58.44,0.4355,100.11,1511.2,0,4396
3,5,58.19,0.4522,100.87,1518.5,0,4395
3,6,62.53,0.5435,101.16,1496.9,0,4394
3,7,60.45,0.5028,99.05,1497.8,0,4393
3,8,60.34,0.4659,100.34,1510.7,0,4392
3,9,61.12,0.5174,99.18,1497.2,0,4391
3,10,59.34,0.5437,100.63,1511.6,0,4390
3,11,60.33,0.5724,99.63,1511.3,0,4389
3,12,59.18,0.5574,101.15,1507.3,0,4388
3,13,61.37,0.5347,99.35,1512.1,0,4387
3,14,59.56,0.5365,101.08,1516.7,0,4386
3,15,61.18,0.5159,99.48,1526.2,0,4385
3,16,62.07,0.5919,101.02,1508.7,0,4384
3,17,60.71,0.5587,100.8,1531.0,0,4383
3,18,61.89,0.537,101.3,1500.8,0,4382
3,19,59.49,0.5221,101.31,1488.5,0,4381
3,20,59.56,0.4884,104.23,1499.6,0,4380
3,21,61.31,0.564,104.29,1511.8,0,4379
3,22,60.84,0.4889,104.18,1504.4,0,4378
3,23,59.45,0.5989,103.22,1536.8,0,4377
3,24,60.61,0.5769,101.59,1525.8,0,4376
3,25,62.68,0.5145,99.72,1514.4,0,4375
3,26,60.44,0.5495,102.72,1500.4,0,4374
3,27,61.36,0.5271,100.46,1508.9,0,4373
3,28,60.91,0.5765,100.43,1510.4,0,4372
3,29,61.66,0.5229,98.81,1508.9,0,4371
3,30,61.9,0.5691,101.9,1511.0,0,4370
3,31,62.23,0.5024,102.27,1509.6,0,4369
3,32,62.2,0.5045,104.09,1525.4,0,4368
3,33,62.61,0.6004,105.45,1518.1,0,4367
3,34,62.18,0.5483,101.2,1523.2,0,4366
3,35,61.95,0.548,104.12,1525.8,0,4365
3,36,61.14,0.4911,104.27,1510.0,0,4364
3,37,58.12,0.4815,105.59,1509.6,0,4363
3,38,61.38,0.5323,101.03,1509.3,0,4362
3,39,60.95,0.4762,100.05,1513.0,0,4361
3,40,61.1,0.5192,101.24,1516.9,0,4360
3,41,59.91,0.5401,99.93,1511.0,0,4359
3,42,62.94,0.5251,99.65,1515.5,0,4358
3,43,59.85,0.5052,103.7,1513.6,0,4357
3,44,62.63,0.5026,100.67,1506.8,0,4356
3,45,61.89,0.5474,103.87,1501.8,0,4355
3,46,62.74,0.5274,103.37,1537.6,0,4354
3,47,63.31,0.5196,100.59,1521.1,0,4353
3,48,64.72,0.5556,102.06,1510.9,0,4352
3,49,64.0,0.5112,103.59,1520.3,0,4351
3,50,63.67,0.4716,101.75,1519.3,0,4350
3,51,64.18,0.4885,104.62,1504.3,0,4349
3,52,62.54,0.5139,105.24,1513.3,0,4348
3,53,62.64,0.5365,105.27,1514.6,0,4347
3,54,61.99,0.5299,103.46,1513.5,0,4346
3,55,62.97,0.5307,102.68,1492.5,0,4345
3,56,63.99,0.5676,101.16,1518.9,0,4344
3,57,62.67,0.5415,100.4,1517.9,0,4343
3,58,62.74,0.5493,105.23,1520.0,0,4342
3,59,62.02,0.5187,103.22,1518.2,0,4341
3,60,64.74,0.5042,104.33,1509.2,0,4340
3,61,62.89,0.4881,104.95,1516.2,0,4339
3,62,63.58,0.4925,100.97,1519.7,0,4338
3,63,62.71,0.4587,102.48,1521.4,0,4337
3,64,63.54,0.4641,101.89,1511.8,0,4336
3,65,60.84,0.5382,102.72,1513.3,0,4335
3,66,63.23,0.4821,99.55,1515.3,0,4334
3,67,62.36,0.5055,104.29,1510.5,0,4333
3,68,64.71,0.5105,103.4,1521.8,0,4332
3,69,64.11,0.477,99.97,1517.2,0,4331
3,70,62.88,0.4339,103.5,1499.3,0,4330
3,71,62.39,0.4566,107.75,1513.5,0,4329
3,72,62.16,0.4011,104.36,1523.0,0,4328
3,73,64.01,0.4694,104.28,1508.3,0,4327
3,74,62.54,0.5084,104.8,1493.3,0,4326
3,75,65.45,0.4253,102.06,1525.6,0,4325
3,76,62.18,0.4551,101.32,1518.6,0,4324
3,77,62.69,0.3963,104.51,1525.7,0,4323
3,78,62.3,0.422,106.83,1518.2,0,4322
3,79,61.8,0.4507,104.98,1512.2,0,4321
3,80,64.06,0.5363,104.09,1528.8,0,4320
3,81,62.65,0.4623,99.17,1530.5,0,4319
3,82,65.04,0.4355,99.87,1512.7,0,4318
3,83,63.73,0.4787,103.36,1493.4,0,4317
3,84,61.45,0.4914,102.55,1514.5,0,4316
3,85,62.72,0.4926,102.15,1518.9,0,4315
3,86,63.72,0.4773,103.32,1526.8,0,4314
3,87,65.3,0.4592,100.91,1502.6,0,4313
3,88,63.21,0.3905,102.05,1518.9,0,4312
3,89,63.48,0.4372,101.21,1512.3,0,4311
3,90,62.05,0.4442,101.64,1512.4,0,4310
3,91,65.41,0.3907,105.24,1492.6,0,4309
3,92,61.27,0.4543,99.27,1504.8,0,4308
3,93,64.27,0.4404,102.72,1516.1,0,4307
3,94,63.97,0.4208,103.17,1517.7,0,4306
3,95,64.4,0.3982,102.68,1498.2,0,4305
3,96,64.81,0.4786,101.14,1507.5,0,4304
3,97,65.36,0.4289,103.46,1516.0,0,4303
3,98,64.16,0.475,104.78,1515.7,0,4302
3,99,62.08,0.4585,103.54,1506.0,0,4301
3,100,66.07,0.4257,103.01,1499.9,0,4300
3,101,63.46,0.4262,102.0,1508.1,0,4299
3,102,65.32,0.4558,102.79,1502.0,0,4298
3,103,63.9,0.4171,99.38,1491.9,0,4297
3,104,65.18,0.4393,100.32,1503.8,0,4296
3,105,64.26,0.5015,105.62,1493.9,0,4295
3,106,63.82,0.4137,100.33,1496.0,0,4294
3,107,65.41,0.501,102.98,1493.6,0,4293
3,108,61.37,0.42,100.16,1515.3,0,4292
3,109,63.97,0.4219,102.07,1472.8,0,4291
3,110,64.43,0.4868,104.61,1482.1,0,4290
3,111,64.86,0.4682,103.75,1483.4,0,4289
3,112,63.74,0.4147,103.85,1486.1,0,4288
3,113,62.15,0.4386,105.09,1489.2,0,4287
3,114,64.88,0.499,102.97,1495.8,0,4286
3,115,63.08,0.4705,107.77,1512.9,0,4285
3,116,65.27,0.4211,104.34,1498.2,0,4284
3,117,64.99,0.4325,100.47,1485.5,0,4283
3,118,64.53,0.4723,105.39,1494.3,0,4282
3,119,66.41,0.4461,101.91,1525.5,0,4281
3,120,66.01,0.5223,104.0,1489.9,0,4280
3,121,63.38,0.4752,102.34,1487.0,0,4279
3,122,62.47,0.4673,106.44,1481.0,0,4278
3,123,66.31,0.5077,100.95,1498.0,0,4277
3,124,67.42,0.5154,101.2,1477.5,0,4276
3,125,63.81,0.4697,101.17,1475.8,0,4275
3,126,65.05,0.5198,103.57,1486.0,0,4274
3,127,63.56,0.4938,103.93,1495.5,0,4273
3,128,63.93,0.4435,98.12,1488.4,0,4272
3,129,68.29,0.5427,101.77,1494.1,0,4271
3,130,65.28,0.5421,100.18,1473.0,0,4270
3,131,64.88,0.5819,100.73,1476.9,0,4269
3,132,64.97,0.5246,100.71,1471.5,0,4268
3,133,63.31,0.5597,100.19,1484.0,0,4267
3,134,65.28,0.4681,103.02,1476.8,0,4266
3,135,67.08,0.5109,100.95,1476.1,0,4265
3,136,66.63,0.595,98.61,1477.1,0,4264
3,137,64.27,0.501,103.45,1477.7,0,4263
3,138,63.82,0.5325,100.39,1488.7,0,4262
3,139,65.7,0.5121,102.49,1506.3,0,4261
3,140,64.95,0.5054,101.05,1490.4,0,4260
3,141,64.77,0.5276,101.72,1488.3,0,4259
3,142,64.01,0.6003,100.69,1482.1,0,4258
3,143,65.91,0.4876,99.42,1492.3,0,4257
3,144,65.0,0.6513,99.5,1478.7,0,4256
3,145,64.89,0.5501,101.14,1493.3,0,4255
3,146,64.98,0.5232,103.81,1488.1,0,4254
3,147,65.44,0.5051,98.2,1472.3,0,4253
3,148,63.75,0.5177,103.05,1488.7,0,4252
3,149,63.69,0.4886,97.73,1489.0,0,4251
3,150,61.9,0.5394,98.55,1473.1,0,4250
3,151,65.36,0.5203,102.89,1483.7,0,4249
3,152,67.26,0.5301,98.03,1479.7,0,4248
3,153,66.22,0.4653,99.7,1482.6,0,4247
3,154,64.95,0.5941,104.38,1495.7,0,4246
3,155,63.61,0.5654,96.62,1484.6,0,4245
3,156,64.52,0.5802,96.03,1505.9,0,4244
3,157,64.2,0.6131,98.66,1470.8,0,4243
3,158,65.38,0.5842,100.56,1495.6,0,4242
3,159,64.64,0.5847,97.83,1477.6,0,4241
3,160,65.49,0.5511,99.04,1479.8,0,4240
3,161,64.46,0.5783,97.3,1500.2,0,4239
3,162,63.32,0.5093,101.47,1480.5,0,4238
3,163,67.0,0.5526,102.65,1453.5,0,4237
3,164,63.33,0.4746,97.89,1477.4,0,4236
3,165,63.45,0.5375,100.47,1481.0,0,4235
3,166,64.05,0.5021,100.86,1479.7,0,4234
3,167,64.26,0.5464,101.05,1477.8,0,4233
3,168,65.88,0.5714,99.7,1479.2,0,4232
3,169,65.4,0.598,99.86,1474.3,0,4231
3,170,64.37,0.5694,103.68,1486.1,0,4230
3,171,65.52,0.6321,97.02,1453.9,0,4229
3,172,67.59,0.5283,100.91,1480.2,0,4228
3,173,65.38,0.5675,98.6,1487.0,0,4227
3,174,65.19,0.5385,96.63,1476.4,0,4226
3,175,65.77,0.5236,94.44,1475.6,0,4225
3,176,63.83,0.5378,99.51,1488.8,0,4224
3,177,68.26,0.5065,99.44,1478.1,0,4223
3,178,66.71,0.4801,98.42,1487.7,0,4222
3,179,64.19,0.536,100.48,1489.8,0,4221
3,180,65.54,0.5108,96.99,1476.6,0,4220
3,181,62.34,0.4844,97.73,1488.4,0,4219
3,182,65.24,0.5151,94.75,1494.8,0,4218
3,183,64.84,0.4878,100.99,1502.1,0,4217
3,184,65.28,0.4748,99.2,1492.6,0,4216
3,185,64.02,0.4693,96.7,1493.6,0,4215
3,186,66.1,0.5154,98.52,1486.3,0,4214
3,187,63.65,0.482,98.36,1485.0,0,4213
3,188,66.2,0.5146,100.96,1502.3,0,4212
3,189,64.25,0.4256,99.02,1483.1,0,4211
3,190,62.5,0.5296,98.89,1495.2,0,4210
3,191,64.11,0.5411,94.89,1479.5,0,4209
3,192,66.84,0.4734,94.64,1495.6,0,4208
3,193,62.72,0.4714,95.33,1486.5,0,4207
3,194,63.37,0.5097,95.88,1478.3,0,4206
3,195,65.03,0.4571,100.64,1493.0,0,4205
3,196,63.42,0.499,99.3,1510.7,0,4204
3,197,64.06,0.4998,97.07,1464.4,0,4203
3,198,63.61,0.4794,100.59,1491.9,0,4202
3,199,65.33,0.4876,99.66,1492.2,0,4201
3,200,64.23,0.4942,100.85,1489.0,0,4200
3,201,65.96,0.4148,100.05,1494.9,0,4199
3,202,62.54,0.4739,96.38,1519.6,0,4198
3,203,66.2,0.4784,100.75,1486.9,0,4197
3,204,65.38,0.5247,97.56,1492.9,0,4196
3,205,64.64,0.46,95.2,1492.2,0,4195
3,206,64.87,0.473,95.66,1502.8,0,4194
3,207,63.78,0.5155,93.51,1479.9,0,4193
3,208,63.2,0.4568,94.15,1505.3,0,4192
3,209,66.39,0.5214,95.1,1504.3,0,4191
3,210,64.14,0.5688,96.08,1484.4,0,4190
3,211,62.86,0.422,98.13,1501.7,0,4189
3,212,64.77,0.43,96.18,1505.3,0,4188
3,213,64.49,0.4214,102.54,1520.3,0,4187
3,214,65.16,0.4518,96.46,1493.2,0,4186
3,215,63.59,0.4556,96.27,1520.8,0,4185
3,216,63.05,0.4061,97.97,1512.8,0,4184
3,217,62.78,0.3832,101.7,1496.7,0,4183
3,218,62.78,0.465,98.32,1510.0,0,4182
3,219,64.86,0.4662,99.06,1506.9,0,4181
3,220,64.58,0.5123,96.1,1513.5,0,4180
3,221,65.02,0.4358,99.74,1492.3,0,4179
3,222,64.51,0.4066,98.57,1511.4,0,4178
3,223,63.29,0.4701,94.34,1510.3,0,4177
3,224,66.71,0.483,97.34,1497.1,0,4176
3,225,63.66,0.5212,97.33,1521.7,0,4175
3,226,61.74,0.3964,97.33,1507.2,0,4174
3,227,64.81,0.4267,99.73,1515.9,0,4173
3,228,63.32,0.4997,98.16,1492.7,0,4172
3,229,63.41,0.4985,98.63,1527.7,0,4171
3,230,63.44,0.4346,97.17,1508.6,0,4170
3,231,64.09,0.4099,96.87,1514.1,0,4169
3,232,62.23,0.4259,98.28,1507.1,0,4168
3,233,63.1,0.5187,96.95,1508.8,0,4167
3,234,63.59,0.4452,97.52,1509.6,0,4166
3,235,65.11,0.4704,99.74,1518.7,0,4165
3,236,62.49,0.4486,95.64,1527.7,0,4164
3,237,62.76,0.4855,98.95,1508.1,0,4163
3,238,64.85,0.4272,94.02,1495.4,0,4162
3,239,64.12,0.4649,91.8,1540.1,0,4161
3,240,63.57,0.4766,96.47,1512.2,0,4160
3,241,62.44,0.4411,94.35,1538.7,0,4159
3,242,64.55,0.5269,96.34,1504.0,0,4158
3,243,63.21,0.4966,99.76,1505.3,0,4157
3,244,63.31,0.5199,95.62,1514.6,0,4156
3,245,63.28,0.4692,95.55,1527.4,0,4155
3,246,63.26,0.489,95.71,1528.9,0,4154
3,247,64.11,0.5042,96.86,1505.9,0,4153
3,248,62.7,0.53,97.52,1521.1,0,4152
3,249,60.23,0.5263,95.66,1529.9,0,4151
3,250,62.56,0.5128,94.99,1523.6,0,4150
3,251,62.87,0.4518,97.75,1506.9,0,4149
3,252,63.03,0.5231,101.83,1494.9,0,4148
3,253,62.0,0.4765,94.56,1531.2,0,4147
3,254,61.2,0.4526,97.97,1509.6,0,4146
3,255,63.4,0.4526,97.41,1516.2,0,4145
3,256,63.63,0.4939,92.66,1519.7,0,4144
3,257,60.68,0.5097,97.25,1530.7,0,4143
3,258,62.28,0.5345,99.65,1555.1,0,4142
3,259,61.66,0.5954,97.06,1528.7,0,4141
3,260,62.92,0.4835,94.97,1506.8,0,4140
3,261,62.07,0.508,92.9,1514.4,0,4139
3,262,60.66,0.4475,95.59,1508.2,0,4138
3,263,63.82,0.5802,96.99,1499.1,0,4137
3,264,62.91,0.526,94.74,1532.5,0,4136
3,265,61.83,0.5381,97.36,1521.6,0,4135
3,266,61.07,0.5944,98.18,1532.8,0,4134
3,267,60.84,0.5811,98.37,1524.1,0,4133
3,268,61.91,0.4464,99.5,1529.4,0,4132
3,269,59.87,0.5725,97.82,1510.2,0,4131
3,270,64.18,0.5135,101.62,1522.7,0,4130
3,271,61.23,0.5467,94.8,1503.7,0,4129
3,272,61.96,0.47,96.95,1515.0,0,4128
3,273,61.49,0.547,98.91,1509.5,0,4127
3,274,62.2,0.5994,101.73,1539.8,0,4126
3,275,62.99,0.6184,102.9,1518.4,0,4125
3,276,58.67,0.4922,99.06,1520.7,0,4124
3,277,62.65,0.4916,95.45,1518.1,0,4123
3,278,61.61,0.5556,98.56,1519.3,0,4122
3,279,63.02,0.5381,100.82,1516.4,0,4121
3,280,62.16,0.5685,100.28,1494.1,0,4120
3,281,59.76,0.5813,98.46,1508.5,0,4119
3,282,60.1,0.532,95.52,1505.3,0,4118
3,283,62.97,0.5325,96.59,1498.4,0,4117
3,284,62.47,0.5642,96.04,1523.5,0,4116
3,285,61.1,0.4956,102.11,1517.5,0,4115
3,286,62.18,0.5159,101.62,1509.8,0,4114
3,287,60.6,0.5582,100.35,1528.9,0,4113
3,288,62.48,0.5328,100.6,1503.8,0,4112
3,289,60.91,0.5602,97.15,1526.7,0,4111
3,290,60.26,0.572,100.86,1510.1,0,4110
3,291,61.35,0.5626,95.8,1526.8,0,4109
3,292,60.8,0.5744,101.72,1521.2,0,4108
3,293,61.65,0.524,99.53,1509.5,0,4107
3,294,60.47,0.4927,97.95,1514.3,0,4106
3,295,60.83,0.479,99.74,1524.8,0,4105
3,296,63.91,0.5414,97.13,1515.8,0,4104
3,297,61.99,0.5654,98.04,1516.3,0,4103
3,298,60.45,0.5127,100.49,1512.4,0,4102
3,299,60.96,0.5204,104.23,1508.6,0,4101
3,300,59.34,0.4831,99.24,1506.7,0,4100
3,301,62.44,0.5687,98.27,1506.1,0,4099
3,302,60.41,0.5823,98.81,1511.7,0,4098
3,303,61.82,0.5442,97.29,1502.9,0,4097
3,304,61.69,0.51,99.84,1481.6,0,4096
3,305,61.48,0.549,99.92,1506.2,0,4095
3,306,61.42,0.5536,100.14,1520.2,0,4094
3,307,61.55,0.5315,98.66,1521.6,0,4093
3,308,62.72,0.5184,101.13,1487.4,0,4092
3,309,60.77,0.491,98.65,1513.6,0,4091
3,310,60.8,0.5024,101.82,1496.3,0,4090
3,311,57.79,0.5518,99.6,1504.5,0,4089
3,312,59.39,0.5292,100.47,1503.4,0,4088
3,313,58.61,0.4858,101.85,1512.2,0,4087
3,314,60.38,0.5215,98.36,1508.1,0,4086
3,315,60.82,0.4596,101.62,1492.9,0,4085
3,316,60.59,0.5235,98.72,1484.5,0,4084
3,317,58.23,0.4273,99.94,1494.8,0,4083
3,318,61.29,0.495,100.83,1506.9,0,4082
3,319,60.5,0.4796,101.26,1493.0,0,4081
3,320,59.7,0.5667,98.68,1492.2,0,4080
3,321,58.29,0.5435,99.6,1481.4,0,4079
3,322,59.77,0.4491,94.71,1509.7,0,4078
3,323,60.14,0.4372,99.86,1500.8,0,4077
3,324,60.85,0.4615,99.46,1498.5,0,4076
3,325,58.52,0.4969,101.58,1507.0,0,4075
3,326,58.97,0.5018,102.86,1501.6,0,4074
3,327,58.43,0.4347,100.42,1489.4,0,4073
3,328,59.73,0.5219,101.68,1479.7,0,4072
3,329,59.1,0.4438,98.9,1482.7,0,4071
3,330,59.14,0.4118,99.83,1506.0,0,4070
3,331,58.41,0.4734,101.16,1487.0,0,4069
3,332,60.19,0.4545,101.51,1487.5,0,4068
3,333,60.23,0.3983,99.45,1483.3,0,4067
3,334,59.95,0.4079,100.84,1484.2,0,4066
3,335,57.04,0.4642,101.57,1473.9,0,4065
3,336,59.35,0.3981,98.42,1495.3,0,4064
3,337,59.69,0.4207,104.37,1476.8,0,4063
3,338,58.89,0.4877,104.54,1494.7,0,4062
3,339,59.33,0.4555,101.2,1502.2,0,4061
3,340,60.12,0.5132,102.96,1495.2,0,4060
3,341,59.51,0.4364,100.42,1496.6,0,4059
3,342,59.96,0.4274,99.18,1480.3,0,4058
3,343,60.7,0.4535,102.57,1478.5,0,4057
3,344,59.88,0.4524,103.87,1491.2,0,4056
3,345,59.02,0.4493,100.31,1465.3,0,4055
3,346,58.97,0.4215,105.43,1485.2,0,4054
3,347,58.8,0.4673,99.41,1466.3,0,4053
3,348,59.38,0.4816,102.22,1472.7,0,4052
3,349,58.64,0.3842,101.42,1480.7,0,4051
3,350,59.05,0.4767,101.89,1474.8,0,4050
3,351,58.01,0.443,102.99,1485.3,0,4049
3,352,57.9,0.471,98.72,1463.2,0,4048
3,353,58.88,0.4864,103.74,1468.9,0,4047
3,354,57.76,0.4702,100.25,1482.2,0,4046
3,355,57.22,0.5126,107.51,1479.1,0,4045
3,356,57.87,0.3833,103.97,1493.7,0,4044
3,357,58.43,0.4984,99.15,1488.4,0,4043
3,358,57.3,0.5085,101.68,1474.8,0,4042
3,359,59.85,0.5357,100.47,1478.9,0,4041
3,360,57.77,0.4375,98.59,1493.8,0,4040
3,361,56.64,0.3997,99.56,1485.0,0,4039
3,362,60.98,0.472,103.4,1487.3,0,4038
3,363,57.3,0.4212,101.37,1504.2,0,4037
3,364,59.87,0.4593,102.23,1482.9,0,4036
3,365,58.42,0.4359,102.77,1490.1,0,4035
3,366,58.11,0.4759,107.4,1464.1,0,4034
3,367,56.69,0.4977,105.21,1486.3,0,4033
3,368,57.66,0.5121,101.29,1476.6,0,4032
3,369,56.49,0.5078,100.9,1498.9,0,4031
3,370,58.28,0.5071,105.61,1488.7,0,4030
3,371,57.19,0.5247,103.19,1474.4,0,4029
3,372,57.34,0.426,102.65,1492.1,0,4028
3,373,59.93,0.5133,102.18,1481.1,0,4027
3,374,56.02,0.4652,105.41,1501.4,0,4026
3,375,55.69,0.502,101.61,1478.6,0,4025
3,376,56.59,0.5041,102.9,1488.4,0,4024
3,377,57.8,0.5026,104.43,1492.8,0,4023
3,378,59.08,0.4843,102.65,1483.1,0,4022
3,379,56.5,0.4938,102.67,1491.4,0,4021
3,380,58.07,0.4565,102.72,1496.9,0,4020
3,381,56.1,0.4431,100.91,1479.2,0,4019
3,382,56.88,0.5192,100.97,1491.7,0,4018
3,383,54.64,0.441,104.09,1475.9,0,4017
3,384,55.13,0.5303,102.09,1482.9,0,4016
3,385,57.88,0.518,102.39,1489.4,0,4015
3,386,58.04,0.5063,105.32,1476.7,0,4014
3,387,57.87,0.5206,98.81,1471.8,0,4013
3,388,57.19,0.5836,101.08,1488.5,0,4012
3,389,53.37,0.5877,101.71,1485.1,0,4011
3,390,55.73,0.5846,106.74,1473.3,0,4010
3,391,54.79,0.5295,100.6,1482.6,0,4009
3,392,56.53,0.5137,102.77,1491.8,0,4008
3,393,56.2,0.5245,103.33,1488.9,0,4007
3,394,57.58,0.5857,103.94,1483.5,0,4006
3,395,58.32,0.5315,100.77,1494.5,0,4005
3,396,57.73,0.5134,100.94,1499.5,0,4004
3,397,56.81,0.5694,100.6,1491.6,0,4003
3,398,58.31,0.4864,101.76,1480.5,0,4002
3,399,55.88,0.5998,101.83,1490.2,0,4001
3,400,57.46,0.6126,102.52,1483.0,0,4000
3,401,55.47,0.5552,107.88,1484.3,0,3999
3,402,56.59,0.6331,103.21,1479.6,0,3998
3,403,57.39,0.6056,103.9,1515.9,0,3997
3,404,56.61,0.4411,105.55,1481.6,0,3996
3,405,55.21,0.5353,102.02,1491.2,0,3995
3,406,56.29,0.6091,100.02,1493.8,0,3994
3,407,57.21,0.5113,105.26,1489.0,0,3993
3,408,57.13,0.5952,102.15,1489.5,0,3992
3,409,59.13,0.5763,104.7,1507.4,0,3991
3,410,56.8,0.554,103.83,1499.6,0,3990
3,411,56.46,0.495,98.3,1506.7,0,3989
3,412,53.98,0.5306,102.76,1492.5,0,3988
3,413,55.41,0.5266,102.84,1496.4,0,3987
3,414,54.42,0.579,104.03,1484.8,0,3986
3,415,57.8,0.5286,103.86,1494.0,0,3985
3,416,55.57,0.4991,103.89,1503.7,0,3984
3,417,54.25,0.4938,99.65,1513.6,0,3983
3,418,55.86,0.5152,104.33,1519.1,0,3982
3,419,55.75,0.5132,102.9,1505.5,0,3981
3,420,56.47,0.5365,103.39,1515.0,0,3980
3,421,56.19,0.5433,96.4,1489.2,0,3979
3,422,56.36,0.5114,100.61,1480.8,0,3978
3,423,55.55,0.5055,103.75,1490.7,0,3977
3,424,55.98,0.5473,102.74,1504.6,0,3976
3,425,53.46,0.5528,99.53,1486.0,0,3975
3,426,53.63,0.5146,102.07,1509.4,0,3974
3,427,55.19,0.5079,102.95,1497.1,0,3973
3,428,55.13,0.5411,102.52,1489.6,0,3972
3,429,53.73,0.5514,100.95,1496.4,0,3971
3,430,56.85,0.5035,103.85,1503.2,0,3970
3,431,55.54,0.5257,101.36,1499.7,0,3969
3,432,54.9,0.4904,105.0,1506.6,0,3968
3,433,55.77,0.4255,104.96,1513.8,0,3967
3,434,56.32,0.5265,101.64,1498.0,0,3966
3,435,53.32,0.5544,100.51,1522.8,0,3965
3,436,56.29,0.4985,103.31,1497.2,0,3964
3,437,55.58,0.528,103.14,1514.4,0,3963
3,438,56.12,0.5118,101.58,1518.0,0,3962
3,439,56.12,0.5287,104.45,1514.1,0,3961
3,440,53.98,0.5294,104.39,1523.2,0,3960
3,441,56.73,0.48,99.42,1529.6,0,3959
3,442,56.39,0.5171,103.14,1509.3,0,3958
3,443,56.95,0.4816,100.01,1509.1,0,3957
3,444,54.05,0.4937,101.74,1516.5,0,3956
3,445,55.89,0.4801,98.98,1513.6,0,3955
3,446,54.23,0.5602,100.74,1522.3,0,3954
3,447,53.87,0.4867,102.04,1527.6,0,3953
3,448,56.73,0.5139,103.92,1517.4,0,3952
3,449,54.36,0.4409,102.37,1513.0,0,3951
3,450,55.72,0.4377,100.1,1519.1,0,3950
3,451,54.95,0.4476,98.27,1498.4,0,3949
3,452,56.27,0.4626,101.21,1503.9,0,3948
3,453,54.59,0.4675,99.94,1531.7,0,3947
3,454,55.62,0.467,101.01,1530.9,0,3946
3,455,56.1,0.5082,98.73,1532.9,0,3945
3,456,51.64,0.4933,102.71,1514.8,0,3944
3,457,54.87,0.5003,102.34,1516.6,0,3943
3,458,53.56,0.5153,104.24,1511.6,0,3942
3,459,56.97,0.481,100.05,1511.1,0,3941
3,460,56.01,0.4922,100.45,1510.5,0,3940
3,461,55.16,0.4355,98.75,1524.8,0,3939
3,462,56.1,0.4253,101.98,1506.4,0,3938
3,463,55.49,0.4165,97.83,1512.3,0,3937
3,464,54.27,0.4399,101.28,1529.3,0,3936
3,465,56.89,0.4217,98.53,1532.3,0,3935
3,466,57.22,0.4381,96.74,1532.1,0,3934
3,467,56.26,0.4492,99.4,1511.1,0,3933
3,468,56.29,0.4359,100.5,1535.2,0,3932
3,469,55.07,0.4447,101.85,1515.5,0,3931
3,470,54.52,0.469,100.33,1522.0,0,3930
3,471,56.11,0.5226,100.58,1509.5,0,3929
3,472,54.25,0.4435,98.45,1513.3,0,3928
3,473,54.97,0.4872,100.5,1518.6,0,3927
3,474,54.65,0.4189,98.73,1511.6,0,3926
3,475,53.86,0.4008,100.8,1512.2,0,3925
3,476,55.72,0.4564,98.32,1506.7,0,3924
3,477,54.94,0.4358,98.57,1519.7,0,3923
3,478,54.88,0.5139,101.47,1515.3,0,3922
3,479,57.04,0.4174,98.0,1510.4,0,3921
3,480,54.36,0.4448,99.05,1516.2,0,3920
3,481,53.78,0.381,101.19,1499.7,0,3919
3,482,54.17,0.3781,99.83,1520.9,0,3918
3,483,55.54,0.4331,99.95,1517.5,0,3917
3,484,56.63,0.4601,101.64,1510.5,0,3916
3,485,55.23,0.4773,99.75,1525.5,0,3915
3,486,53.8,0.4179,99.37,1513.4,0,3914
3,487,52.96,0.4804,98.56,1511.4,0,3913
3,488,54.61,0.4805,99.54,1533.5,0,3912
3,489,56.81,0.4742,99.53,1506.0,0,3911
3,490,55.52,0.4257,99.73,1522.9,0,3910
3,491,54.04,0.5053,99.54,1507.1,0,3909
3,492,55.44,0.4709,97.17,1526.2,0,3908
3,493,54.3,0.4748,98.8,1506.3,0,3907
3,494,54.84,0.4382,98.26,1515.9,0,3906
3,495,56.12,0.525,99.62,1512.8,0,3905
3,496,56.25,0.5029,100.88,1519.2,0,3904
3,497,55.66,0.5278,97.07,1523.7,0,3903
3,498,54.26,0.4281,100.71,1508.5,0,3902
3,499,55.89,0.5648,92.45,1515.9,0,3901
3,500,55.12,0.5164,94.87,1505.9,0,3900
3,501,54.36,0.4999,95.16,1515.1,0,3899
3,502,54.04,0.506,98.93,1518.7,0,3898
3,503,54.88,0.4419,97.93,1506.5,0,3897
3,504,55.41,0.4671,96.07,1512.1,0,3896
3,505,55.2,0.4664,95.01,1502.7,0,3895
3,506,51.68,0.516,97.45,1517.3,0,3894
3,507,54.87,0.501,99.29,1520.5,0,3893
3,508,57.58,0.4649,92.34,1506.6,0,3892
3,509,53.83,0.3913,96.55,1520.7,0,3891
3,510,56.63,0.5106,99.34,1528.8,0,3890
3,511,56.35,0.5288,99.24,1506.4,0,3889
3,512,55.66,0.4643,96.4,1490.4,0,3888
3,513,57.35,0.5683,98.56,1527.7,0,3887
3,514,54.5,0.5697,96.92,1510.3,0,3886
3,515,55.48,0.4735,94.44,1520.6,0,3885
3,516,55.42,0.5029,101.49,1496.6,0,3884
3,517,56.4,0.5318,102.18,1506.4,0,3883
3,518,56.64,0.5486,94.48,1514.1,0,3882
3,519,59.23,0.5534,96.48,1501.8,0,3881
3,520,55.41,0.5282,95.57,1515.8,0,3880
3,521,56.72,0.5345,99.85,1502.8,0,3879
3,522,57.67,0.5344,97.38,1496.5,0,3878
3,523,55.82,0.5606,98.67,1496.9,0,3877
3,524,55.91,0.605,97.21,1497.1,0,3876
3,525,57.65,0.5258,93.44,1511.9,0,3875
3,526,54.5,0.6435,96.43,1506.4,0,3874
3,527,57.01,0.5424,94.93,1492.5,0,3873
3,528,55.01,0.5692,99.42,1498.8,0,3872
3,529,55.83,0.5756,95.36,1480.9,0,3871
3,530,55.74,0.4798,97.1,1502.5,0,3870
3,531,57.86,0.5587,96.47,1486.5,0,3869
3,532,54.81,0.4922,100.96,1504.9,0,3868
3,533,53.52,0.4452,99.42,1507.6,0,3867
3,534,55.52,0.5409,98.8,1484.7,0,3866
3,535,54.78,0.6242,96.47,1499.5,0,3865
3,536,56.37,0.5094,99.59,1491.5,0,3864
3,537,57.09,0.563,95.8,1490.7,0,3863
3,538,56.81,0.6571,99.26,1463.4,0,3862
3,539,54.66,0.5649,94.25,1490.8,0,3861
3,540,54.43,0.4738,96.97,1481.3,0,3860
3,541,56.91,0.6057,98.79,1492.4,0,3859
3,542,54.95,0.5992,98.34,1488.6,0,3858
3,543,54.51,0.6314,94.6,1486.2,0,3857
3,544,58.25,0.4623,100.38,1490.6,0,3856
3,545,56.0,0.5768,97.06,1502.4,0,3855
3,546,56.73,0.5299,95.15,1504.4,0,3854
3,547,56.86,0.5286,92.79,1498.8,0,3853
3,548,56.65,0.5626,94.99,1491.3,0,3852
3,549,56.64,0.5456,95.35,1453.8,0,3851
3,550,56.98,0.518,95.96,1488.1,0,3850
3,551,55.81,0.5647,97.65,1474.7,0,3849
3,552,56.79,0.4996,94.09,1483.3,0,3848
3,553,55.87,0.5106,98.42,1486.1,0,3847
3,554,57.62,0.5987,95.52,1476.2,0,3846
3,555,56.77,0.4799,97.0,1477.9,0,3845
3,556,56.74,0.5245,99.3,1470.2,0,3844
3,557,57.25,0.5542,98.1,1486.3,0,3843
3,558,58.19,0.5934,96.41,1495.5,0,3842
3,559,58.02,0.5492,100.16,1483.6,0,3841
3,560,57.56,0.5595,96.81,1481.9,0,3840
3,561,56.61,0.4985,95.87,1468.2,0,3839
3,562,58.67,0.4734,98.15,1457.0,0,3838
3,563,56.05,0.481,100.07,1489.2,0,3837
3,564,56.26,0.5279,96.95,1478.8,0,3836
3,565,59.08,0.5044,98.8,1469.1,0,3835
3,566,56.07,0.492,95.95,1474.3,0,3834
3,567,57.81,0.4503,93.48,1485.8,0,3833
3,568,57.59,0.5573,99.05,1479.6,0,3832
3,569,57.08,0.4514,99.14,1463.9,0,3831
3,570,56.72,0.4023,95.96,1473.4,0,3830
3,571,56.84,0.4328,98.57,1487.2,0,3829
3,572,56.24,0.4603,94.36,1476.2,0,3828
3,573,55.91,0.5107,95.64,1467.3,0,3827
3,574,55.24,0.543,96.54,1471.7,0,3826
3,575,57.42,0.4345,98.89,1485.1,0,3825
3,576,58.97,0.4401,95.48,1483.4,0,3824
3,577,55.66,0.4357,98.61,1467.1,0,3823
3,578,58.1,0.4384,95.45,1472.5,0,3822
3,579,57.92,0.5692,98.0,1484.9,0,3821
3,580,58.96,0.499,97.95,1487.0,0,3820
3,581,58.77,0.4513,96.88,1488.2,0,3819
3,582,58.58,0.4512,95.53,1463.8,0,3818
3,583,56.9,0.3677,95.86,1490.5,0,3817
3,584,58.02,0.4185,96.66,1488.0,0,3816
3,585,57.6,0.4106,100.69,1497.2,0,3815
3,586,56.65,0.4688,97.97,1489.8,0,3814
3,587,58.6,0.45,97.72,1480.7,0,3813
3,588,57.1,0.4297,100.34,1481.8,0,3812
3,589,59.28,0.4478,99.09,1481.8,0,3811
3,590,58.74,0.4853,96.13,1478.9,0,3810
3,591,56.62,0.447,97.84,1485.8,0,3809
3,592,59.72,0.4545,98.85,1489.2,0,3808
3,593,58.52,0.4088,97.64,1480.2,0,3807
3,594,58.45,0.4562,96.29,1490.0,0,3806
3,595,55.37,0.4065,99.65,1495.9,0,3805
3,596,57.62,0.444,99.05,1468.3,0,3804
3,597,57.5,0.4344,96.72,1505.5,0,3803
3,598,57.56,0.4088,101.47,1500.0,0,3802
3,599,57.21,0.4302,97.21,1475.2,0,3801
3,600,57.05,0.3566,98.8,1486.1,0,3800
3,601,60.19,0.5014,96.51,1476.2,0,3799
3,602,57.94,0.4267,97.04,1492.4,0,3798
3,603,56.09,0.4054,96.99,1481.2,0,3797
3,604,57.78,0.42,97.76,1472.9,0,3796
3,605,57.89,0.4907,99.88,1485.8,0,3795
3,606,58.47,0.4706,95.95,1495.4,0,3794
3,607,58.76,0.4348,97.61,1495.2,0,3793
3,608,59.14,0.4521,100.67,1507.4,0,3792
3,609,58.29,0.5423,98.85,1508.3,0,3791
3,610,59.15,0.4023,97.81,1494.6,0,3790
3,611,62.73,0.4628,96.12,1493.6,0,3789
3,612,58.18,0.4135,99.12,1477.8,0,3788
3,613,57.24,0.4779,96.84,1483.3,0,3787
3,614,60.46,0.4141,99.02,1484.9,0,3786
3,615,58.85,0.5239,93.5,1495.9,0,3785
3,616,58.39,0.4811,101.16,1496.5,0,3784
3,617,57.89,0.5187,98.86,1501.0,0,3783
3,618,60.9,0.4551,99.75,1487.9,0,3782
3,619,58.28,0.4983,98.5,1481.9,0,3781
3,620,61.89,0.4675,99.41,1488.6,0,3780
3,621,61.6,0.3967,100.24,1487.3,0,3779
3,622,60.9,0.4015,98.68,1501.9,0,3778
3,623,59.25,0.4758,99.78,1486.8,0,3777
3,624,63.28,0.4847,100.52,1510.2,0,3776
3,625,58.31,0.5029,97.1,1517.5,0,3775
3,626,59.88,0.4948,98.43,1493.3,0,3774
3,627,58.59,0.4692,104.41,1505.3,0,3773
3,628,60.32,0.4801,101.65,1495.7,0,3772
3,629,60.38,0.4645,100.72,1511.1,0,3771
3,630,61.06,0.5895,96.15,1503.3,0,3770
3,631,59.88,0.513,98.31,1494.4,0,3769
3,632,60.99,0.5408,100.48,1496.8,0,3768
3,633,59.85,0.5358,99.77,1492.4,0,3767
3,634,60.63,0.5123,102.36,1502.9,0,3766
3,635,59.37,0.5039,101.78,1511.5,0,3765
3,636,61.35,0.5399,101.17,1491.2,0,3764
3,637,61.22,0.5531,102.35,1498.2,0,3763
3,638,59.87,0.5296,101.64,1501.6,0,3762
3,639,60.59,0.5406,101.99,1501.2,0,3761
3,640,59.48,0.5378,102.72,1517.9,0,3760
3,641,62.61,0.5116,98.49,1513.4,0,3759
3,642,63.38,0.515,100.95,1508.3,0,3758
3,643,61.19,0.47,100.54,1515.2,0,3757
3,644,62.77,0.5992,98.21,1506.9,0,3756
3,645,61.57,0.5636,100.59,1516.7,0,3755
3,646,61.01,0.5239,100.49,1508.0,0,3754
3,647,59.79,0.6268,101.02,1498.1,0,3753
3,648,61.71,0.5746,103.56,1490.8,0,3752
3,649,59.77,0.5835,101.85,1511.0,0,3751
3,650,61.04,0.5514,102.47,1541.1,0,3750
3,651,61.84,0.5929,100.65,1514.2,0,3749
3,652,60.4,0.5641,100.85,1510.6,0,3748
3,653,59.93,0.5827,101.34,1514.4,0,3747
3,654,60.47,0.5389,101.14,1510.1,0,3746
3,655,61.91,0.5378,102.6,1514.1,0,3745
3,656,61.19,0.5421,100.17,1532.0,0,3744
3,657,62.37,0.5119,98.02,1518.4,0,3743
3,658,63.63,0.5276,104.24,1521.6,0,3742
3,659,60.62,0.5082,100.44,1525.1,0,3741
3,660,62.79,0.5269,97.62,1523.1,0,3740
3,661,61.98,0.5672,102.71,1513.5,0,3739
3,662,61.11,0.5631,100.71,1505.3,0,3738
3,663,61.05,0.4689,102.45,1507.8,0,3737
3,664,60.46,0.566,100.57,1518.2,0,3736
3,665,61.79,0.5436,98.61,1528.1,0,3735
3,666,59.91,0.5333,99.18,1529.1,0,3734
3,667,59.25,0.56,101.37,1516.6,0,3733
3,668,60.81,0.5728,98.74,1521.5,0,3732
3,669,61.99,0.5235,104.99,1515.3,0,3731
3,670,61.45,0.5051,101.64,1512.5,0,3730
3,671,61.1,0.5442,100.76,1530.7,0,3729
3,672,61.61,0.5482,101.39,1515.9,0,3728
3,673,63.12,0.5424,103.43,1509.3,0,3727
3,674,60.93,0.5331,106.41,1517.4,0,3726
3,675,62.34,0.5194,101.11,1507.7,0,3725
3,676,62.31,0.53,97.11,1525.1,0,3724
3,677,60.84,0.5948,99.76,1539.9,0,3723
3,678,63.35,0.5092,103.28,1497.3,0,3722
3,679,61.72,0.4468,98.92,1505.8,0,3721
3,680,65.01,0.4989,104.7,1510.8,0,3720
3,681,61.76,0.5368,104.92,1516.2,0,3719
3,682,62.41,0.5514,103.56,1521.0,0,3718
3,683,65.17,0.5565,103.04,1522.6,0,3717
3,684,63.85,0.5593,104.77,1513.5,0,3716
3,685,62.52,0.5192,102.56,1500.2,0,3715
3,686,59.93,0.5186,101.78,1503.2,0,3714
3,687,64.26,0.6027,103.68,1531.8,0,3713
3,688,61.26,0.5289,102.88,1527.9,0,3712
3,689,63.46,0.4167,100.12,1533.9,0,3711
3,690,62.88,0.5269,101.13,1537.7,0,3710
3,691,63.14,0.4547,98.91,1522.6,0,3709
3,692,62.73,0.532,105.31,1533.4,0,3708
3,693,62.43,0.5014,102.24,1516.1,0,3707
3,694,62.52,0.4927,100.54,1524.5,0,3706
3,695,62.97,0.4223,102.6,1513.9,0,3705
3,696,61.99,0.5109,103.98,1506.2,0,3704
3,697,62.57,0.4778,100.14,1506.5,0,3703
3,698,64.3,0.5179,100.09,1503.9,0,3702
3,699,61.43,0.4441,99.92,1518.3,0,3701
3,700,64.57,0.4808,103.01,1527.9,0,3700
3,701,64.17,0.4191,102.67,1508.2,0,3699
3,702,66.77,0.4643,103.28,1528.2,0,3698
3,703,64.32,0.4525,102.65,1498.5,0,3697
3,704,63.6,0.4169,99.91,1547.0,0,3696
3,705,64.12,0.4722,104.07,1505.1,0,3695
3,706,61.26,0.4039,102.03,1507.3,0,3694
3,707,64.32,0.3968,104.54,1501.8,0,3693
3,708,62.63,0.4278,103.79,1510.3,0,3692
3,709,65.47,0.4473,98.33,1523.2,0,3691
3,710,63.32,0.4874,101.17,1521.7,0,3690
3,711,63.95,0.5038,104.09,1522.8,0,3689
3,712,62.5,0.4896,103.99,1522.6,0,3688
3,713,63.25,0.4022,102.97,1513.5,0,3687
3,714,63.4,0.4924,100.32,1518.0,0,3686
3,715,64.5,0.4459,104.83,1498.1,0,3685
3,716,65.06,0.4509,106.09,1501.6,0,3684
3,717,63.28,0.4109,100.8,1523.0,0,3683
3,718,61.95,0.5853,105.7,1526.3,0,3682
3,719,62.05,0.4524,101.67,1512.2,0,3681
3,720,65.09,0.5075,105.06,1515.3,0,3680
3,721,64.75,0.5018,101.61,1531.6,0,3679
3,722,64.27,0.4402,102.32,1507.1,0,3678
3,723,64.03,0.4283,103.96,1503.5,0,3677
3,724,64.19,0.5206,102.8,1503.4,0,3676
3,725,63.9,0.4479,101.77,1492.1,0,3675
3,726,65.41,0.5121,103.0,1492.1,0,3674
3,727,64.16,0.4534,101.7,1502.5,0,3673
3,728,63.1,0.528,103.98,1489.1,0,3672
3,729,63.49,0.3929,101.99,1504.2,0,3671
3,730,62.12,0.4383,107.76,1498.2,0,3670
3,731,65.18,0.4407,103.56,1516.5,0,3669
3,732,63.46,0.4285,100.2,1498.1,0,3668
3,733,63.98,0.4243,100.94,1504.3,0,3667
3,734,63.06,0.5139,102.08,1498.9,0,3666
3,735,63.67,0.4995,101.4,1506.1,0,3665
3,736,65.22,0.4559,103.28,1485.2,0,3664
3,737,64.52,0.3968,101.2,1509.6,0,3663
3,738,64.71,0.5215,104.75,1506.9,0,3662
3,739,65.88,0.4157,103.05,1501.1,0,3661
3,740,64.96,0.4406,100.35,1511.2,0,3660
3,741,63.72,0.4608,102.8,1491.3,0,3659
3,742,65.31,0.473,100.35,1499.6,0,3658
3,743,63.2,0.5497,103.83,1494.4,0,3657
3,744,65.63,0.4309,101.93,1488.6,0,3656
3,745,64.78,0.4466,101.23,1476.0,0,3655
3,746,65.18,0.446,102.39,1512.7,0,3654
3,747,64.86,0.4266,104.93,1505.9,0,3653
3,748,64.34,0.4826,101.12,1481.7,0,3652
3,749,62.95,0.4412,101.96,1486.0,0,3651
3,750,66.55,0.4238,105.53,1496.6,0,3650
3,751,63.89,0.4705,103.77,1490.4,0,3649
3,752,63.65,0.4784,102.79,1491.1,0,3648
3,753,65.0,0.5057,99.12,1480.1,0,3647
3,754,64.93,0.5088,100.29,1507.3,0,3646
3,755,64.15,0.4919,100.53,1480.0,0,3645
3,756,64.01,0.5613,103.9,1479.4,0,3644
3,757,65.48,0.5269,97.34,1505.1,0,3643
3,758,66.61,0.4895,102.08,1481.2,0,3642
3,759,64.69,0.5301,102.15,1485.2,0,3641
3,760,64.68,0.486,100.6,1480.5,0,3640
3,761,65.88,0.4977,102.71,1477.1,0,3639
3,762,64.15,0.5261,101.14,1474.7,0,3638
3,763,63.2,0.5215,100.47,1477.7,0,3637
3,764,63.32,0.4943,101.86,1483.2,0,3636
3,765,64.33,0.5026,98.9,1467.5,0,3635
3,766,64.5,0.5324,103.15,1488.1,0,3634
3,767,62.53,0.5446,100.7,1485.8,0,3633
3,768,65.08,0.5461,103.58,1485.8,0,3632
3,769,65.14,0.5437,100.16,1455.4,0,3631
3,770,63.71,0.4924,98.75,1471.3,0,3630
3,771,65.02,0.5743,98.59,1479.4,0,3629
3,772,68.22,0.5067,97.22,1478.0,0,3628
3,773,64.42,0.5213,101.77,1484.2,0,3627
3,774,63.17,0.5464,98.86,1468.6,0,3626
3,775,63.81,0.537,103.11,1454.4,0,3625
3,776,63.9,0.6006,102.08,1483.2,0,3624
3,777,63.96,0.5052,98.86,1473.6,0,3623
3,778,64.16,0.5256,104.65,1491.4,0,3622
3,779,64.7,0.5753,99.0,1481.7,0,3621
3,780,63.63,0.5147,100.08,1485.8,0,3620
3,781,65.3,0.5687,98.93,1485.1,0,3619
3,782,64.8,0.6214,102.57,1483.0,0,3618
3,783,65.19,0.5142,100.63,1484.9,0,3617
3,784,62.69,0.5397,102.84,1469.8,0,3616
3,785,66.36,0.496,96.89,1482.1,0,3615
3,786,67.37,0.5346,96.51,1476.9,0,3614
3,787,65.01,0.5189,101.54,1471.3,0,3613
3,788,64.72,0.517,98.02,1467.9,0,3612
3,789,64.74,0.4727,101.13,1461.5,0,3611
3,790,66.72,0.4644,99.35,1496.1,0,3610
3,791,62.7,0.5576,101.46,1477.3,0,3609
3,792,66.62,0.4597,97.14,1477.9,0,3608
3,793,63.59,0.5425,100.62,1481.8,0,3607
3,794,66.98,0.5387,97.42,1490.1,0,3606
3,795,65.57,0.5355,100.11,1477.3,0,3605
3,796,65.01,0.5646,100.07,1464.1,0,3604
3,797,63.68,0.5706,99.62,1473.0,0,3603
3,798,62.32,0.4879,99.12,1472.4,0,3602
3,799,62.6,0.5637,96.11,1483.4,0,3601
3,800,64.09,0.5627,99.85,1492.3,0,3600
3,801,66.33,0.621,101.06,1477.0,0,3599
3,802,64.01,0.527,97.53,1486.4,0,3598
3,803,62.42,0.5515,97.79,1482.7,0,3597
3,804,64.52,0.5638,98.83,1484.7,0,3596
3,805,64.02,0.5394,95.82,1484.0,0,3595
3,806,64.85,0.5867,97.57,1488.0,0,3594
3,807,63.87,0.5777,96.85,1485.7,0,3593
3,808,63.29,0.5243,97.78,1481.7,0,3592
3,809,64.06,0.5351,101.9,1486.5,0,3591
3,810,63.83,0.558,98.81,1494.8,0,3590
3,811,66.33,0.5258,98.3,1464.5,0,3589
3,812,65.1,0.5123,96.14,1489.6,0,3588
3,813,65.56,0.4682,97.22,1484.1,0,3587
3,814,63.98,0.4555,97.61,1494.1,0,3586
3,815,64.53,0.4896,98.58,1489.6,0,3585
3,816,63.51,0.4587,98.16,1487.5,0,3584
3,817,65.29,0.5405,94.43,1499.2,0,3583
3,818,63.62,0.494,93.42,1488.1,0,3582
3,819,64.5,0.4332,96.98,1491.9,0,3581
3,820,63.73,0.4754,97.33,1485.8,0,3580
3,821,65.07,0.4595,96.88,1487.0,0,3579
3,822,65.85,0.5249,97.46,1487.5,0,3578
3,823,64.27,0.4964,96.34,1502.3,0,3577
3,824,65.61,0.5237,96.65,1483.4,0,3576
3,825,64.9,0.4723,97.84,1481.2,0,3575
3,826,65.14,0.5096,97.79,1498.2,0,3574
3,827,65.4,0.5031,101.86,1471.4,0,3573
3,828,64.54,0.4907,94.19,1496.6,0,3572
3,829,64.33,0.466,98.52,1498.2,0,3571
3,830,62.45,0.5,95.23,1479.3,0,3570
3,831,63.32,0.3488,97.79,1506.0,0,3569
3,832,64.47,0.4814,100.83,1491.3,0,3568
3,833,66.88,0.3852,99.16,1502.5,0,3567
3,834,64.94,0.4331,97.55,1489.1,0,3566
3,835,63.4,0.464,96.12,1489.7,0,3565
3,836,64.89,0.4463,99.24,1488.7,0,3564
3,837,66.05,0.3884,98.63,1508.8,0,3563
3,838,63.39,0.4408,101.8,1497.1,0,3562
3,839,65.05,0.4274,95.54,1495.7,0,3561
3,840,64.96,0.5196,98.85,1509.1,0,3560
3,841,63.26,0.4389,97.68,1510.1,0,3559
3,842,63.56,0.4997,98.54,1507.7,0,3558
3,843,62.48,0.5006,102.21,1516.2,0,3557
3,844,64.8,0.467,95.66,1494.0,0,3556
3,845,65.39,0.463,98.36,1524.3,0,3555
3,846,63.58,0.3749,97.99,1519.5,0,3554
3,847,64.93,0.4168,94.85,1512.2,0,3553
3,848,64.08,0.4137,99.76,1501.9,0,3552
3,849,63.97,0.4161,99.68,1501.3,0,3551
3,850,63.44,0.4635,97.24,1492.5,0,3550
3,851,63.59,0.3356,99.22,1499.0,0,3549
3,852,63.47,0.501,97.78,1504.3,0,3548
3,853,64.33,0.4823,96.88,1507.9,0,3547
3,854,64.45,0.4969,98.91,1506.2,0,3546
3,855,64.02,0.3819,99.0,1516.1,0,3545
3,856,65.04,0.4161,95.36,1503.5,0,3544
3,857,62.76,0.5146,98.25,1513.3,0,3543
3,858,63.82,0.5027,94.53,1493.0,0,3542
3,859,62.91,0.4979,97.14,1510.5,0,3541
3,860,64.29,0.4848,98.7,1505.9,0,3540
3,861,64.6,0.4486,97.65,1518.9,0,3539
3,862,61.73,0.5468,97.89,1498.1,0,3538
3,863,64.33,0.4939,97.95,1518.1,0,3537
3,864,64.81,0.4459,96.45,1506.3,0,3536
3,865,63.71,0.4767,95.32,1509.4,0,3535
3,866,60.94,0.471,97.15,1504.3,0,3534
3,867,65.87,0.4219,95.08,1517.1,0,3533
3,868,62.52,0.5343,97.43,1508.4,0,3532
3,869,63.13,0.4533,98.75,1509.3,0,3531
3,870,65.3,0.4507,100.95,1515.8,0,3530
3,871,62.61,0.5437,95.33,1517.2,0,3529
3,872,62.86,0.5121,93.86,1510.1,0,3528
3,873,64.68,0.4867,97.06,1522.4,0,3527
3,874,63.54,0.4866,95.3,1544.3,0,3526
3,875,63.7,0.4817,98.71,1517.1,0,3525
3,876,62.85,0.5647,95.37,1508.0,0,3524
3,877,62.87,0.4842,95.78,1505.2,0,3523
3,878,63.6,0.4959,97.08,1514.1,0,3522
3,879,60.98,0.5112,99.42,1521.9,0,3521
3,880,61.36,0.5667,96.57,1513.4,0,3520
3,881,62.13,0.5825,96.86,1516.8,0,3519
3,882,61.66,0.54,98.42,1522.6,0,3518
3,883,64.14,0.4722,93.11,1547.5,0,3517
3,884,62.32,0.5231,97.86,1503.8,0,3516
3,885,62.47,0.4992,97.2,1510.5,0,3515
3,886,61.18,0.4805,95.0,1518.1,0,3514
3,887,63.31,0.6267,97.06,1539.0,0,3513
3,888,62.11,0.5071,98.88,1527.7,0,3512
3,889,61.75,0.4471,98.83,1523.7,0,3511
3,890,61.8,0.4861,97.03,1510.9,0,3510
3,891,61.51,0.514,99.26,1515.7,0,3509
3,892,61.04,0.5737,97.96,1544.1,0,3508
3,893,62.17,0.5526,97.91,1509.3,0,3507
3,894,63.04,0.5941,94.14,1535.2,0,3506
3,895,63.78,0.5562,97.62,1521.6,0,3505
3,896,59.93,0.5552,97.41,1530.9,0,3504
3,897,61.69,0.5144,100.85,1524.0,0,3503
3,898,64.82,0.5705,97.98,1522.5,0,3502
3,899,62.29,0.5132,95.27,1519.2,0,3501
3,900,60.76,0.5134,95.73,1515.3,0,3500
3,901,62.02,0.5342,97.84,1494.8,0,3499
3,902,61.11,0.4837,94.74,1519.9,0,3498
3,903,62.78,0.5342,94.86,1514.2,0,3497
3,904,62.57,0.4783,95.73,1519.8,0,3496
3,905,61.52,0.5717,97.89,1520.3,0,3495
3,906,62.68,0.5912,95.78,1510.3,0,3494
3,907,62.4,0.5044,99.86,1509.4,0,3493
3,908,62.74,0.5702,99.34,1514.7,0,3492
3,909,62.23,0.5491,100.97,1515.8,0,3491
3,910,61.61,0.5573,95.36,1505.2,0,3490
3,911,60.71,0.5209,98.58,1507.9,0,3489
3,912,63.93,0.5527,98.74,1510.3,0,3488
3,913,61.64,0.5651,97.33,1512.6,0,3487
3,914,60.78,0.5307,100.12,1522.9,0,3486
3,915,60.71,0.5869,97.93,1528.8,0,3485
3,916,63.94,0.559,100.43,1509.6,0,3484
3,917,62.35,0.562,99.03,1515.1,0,3483
3,918,59.44,0.5116,99.76,1533.9,0,3482
3,919,62.22,0.5197,99.34,1517.9,0,3481
3,920,60.71,0.5284,92.89,1519.6,0,3480
3,921,60.86,0.5742,96.53,1509.4,0,3479
3,922,60.07,0.5009,99.37,1493.5,0,3478
3,923,61.6,0.6236,98.57,1528.4,0,3477
3,924,63.17,0.6024,100.19,1515.2,0,3476
3,925,58.9,0.6338,97.41,1505.1,0,3475
3,926,59.84,0.5479,100.0,1511.6,0,3474
3,927,59.69,0.4651,97.76,1505.8,0,3473
3,928,59.77,0.5525,98.0,1517.2,0,3472
3,929,58.93,0.5192,97.6,1515.2,0,3471
3,930,59.48,0.4912,101.72,1501.4,0,3470
3,931,59.97,0.5506,99.26,1519.4,0,3469
3,932,61.94,0.5499,98.81,1522.2,0,3468
3,933,57.75,0.5041,97.58,1498.9,0,3467
3,934,60.11,0.5387,105.37,1511.9,0,3466
3,935,61.29,0.5397,97.4,1502.0,0,3465
3,936,59.42,0.6056,102.98,1500.1,0,3464
3,937,61.96,0.5283,96.86,1502.0,0,3463
3,938,61.47,0.4786,103.84,1496.8,0,3462
3,939,60.53,0.4936,100.27,1503.0,0,3461
3,940,62.11,0.4512,97.53,1508.8,0,3460
3,941,60.83,0.4866,105.12,1503.2,0,3459
3,942,61.4,0.4389,102.0,1511.0,0,3458
3,943,58.18,0.4712,101.99,1507.1,0,3457
3,944,60.43,0.4891,98.39,1508.1,0,3456
3,945,59.04,0.453,102.62,1485.3,0,3455
3,946,57.98,0.4979,97.51,1489.6,0,3454
3,947,59.42,0.5013,100.67,1492.0,0,3453
3,948,60.21,0.5098,97.95,1508.6,0,3452
3,949,58.93,0.4882,100.12,1503.5,0,3451
3,950,60.21,0.4724,97.11,1491.7,0,3450
3,951,61.06,0.5134,100.65,1492.0,0,3449
3,952,58.99,0.4832,97.34,1504.6,0,3448
3,953,59.05,0.4554,98.89,1487.1,0,3447
3,954,59.55,0.4379,102.74,1495.7,0,3446
3,955,59.45,0.4273,100.03,1498.4,0,3445
3,956,60.67,0.5017,95.84,1499.2,0,3444
3,957,56.25,0.4503,101.26,1478.6,0,3443
3,958,59.74,0.437,98.76,1499.3,0,3442
3,959,58.43,0.5851,104.03,1498.2,0,3441
3,960,57.96,0.4408,101.22,1487.9,0,3440
3,961,61.68,0.5005,100.51,1501.9,0,3439
3,962,59.06,0.4848,103.46,1480.9,0,3438
3,963,58.44,0.4447,100.16,1505.4,0,3437
3,964,61.18,0.4535,103.28,1499.8,0,3436
3,965,59.45,0.4171,100.97,1481.1,0,3435
3,966,58.39,0.4314,101.53,1473.2,0,3434
3,967,59.47,0.5211,102.86,1495.6,0,3433
3,968,59.11,0.4356,104.86,1494.3,0,3432
3,969,57.1,0.4117,99.11,1475.3,0,3431
3,970,57.67,0.4724,102.76,1478.7,0,3430
3,971,57.86,0.4397,104.03,1487.7,0,3429
3,972,57.93,0.4778,104.72,1481.1,0,3428
3,973,58.91,0.4331,104.58,1495.6,0,3427
3,974,57.48,0.4558,103.99,1471.9,0,3426
3,975,57.22,0.5263,101.54,1488.6,0,3425
3,976,58.78,0.4794,100.29,1479.0,0,3424
3,977,58.48,0.4129,104.53,1489.1,0,3423
3,978,56.38,0.4705,103.72,1477.6,0,3422
3,979,57.45,0.4989,99.06,1488.3,0,3421
3,980,58.39,0.4104,97.72,1479.0,0,3420
3,981,60.28,0.3514,95.85,1474.7,0,3419
3,982,58.04,0.3546,102.9,1496.6,0,3418
3,983,58.31,0.4673,99.0,1500.1,0,3417
3,984,57.86,0.4802,98.27,1480.5,0,3416
3,985,57.84,0.4573,101.99,1463.8,0,3415
3,986,55.62,0.442,103.21,1487.8,0,3414
3,987,59.48,0.4872,104.58,1474.1,0,3413
3,988,58.19,0.4203,101.88,1477.9,0,3412
3,989,58.82,0.505,103.78,1493.5,0,3411
3,990,56.02,0.5219,102.93,1479.3,0,3410
3,991,56.65,0.5133,103.51,1475.6,0,3409
3,992,57.86,0.4564,103.59,1479.5,0,3408
3,993,56.8,0.46,100.86,1488.2,0,3407
3,994,56.74,0.4966,104.71,1462.0,0,3406
3,995,59.76,0.4293,102.83,1480.0,0,3405
3,996,56.41,0.4909,103.89,1481.1,0,3404
3,997,57.26,0.5142,102.66,1496.2,0,3403
3,998,57.02,0.4507,105.21,1479.5,0,3402
3,999,55.43,0.4703,105.34,1482.7,0,3401
3,1000,56.95,0.4873,106.87,1479.3,0,3400
3,1001,59.3,0.4563,100.09,1468.2,0,3399
3,1002,56.45,0.4487,99.3,1472.5,0,3398
3,1003,58.31,0.3808,102.65,1459.8,0,3397
3,1004,56.97,0.55,100.68,1468.3,0,3396
3,1005,57.32,0.4925,102.02,1471.3,0,3395
3,1006,56.45,0.5361,105.26,1476.3,0,3394
3,1007,57.36,0.591,105.25,1481.3,0,3393
3,1008,56.59,0.5695,100.19,1497.7,0,3392
3,1009,58.78,0.5079,102.95,1487.0,0,3391
3,1010,55.69,0.5087,101.51,1501.1,0,3390
3,1011,56.37,0.4792,103.22,1502.3,0,3389
3,1012,54.36,0.5582,102.92,1489.8,0,3388
3,1013,58.2,0.5587,105.52,1496.7,0,3387
3,1014,57.38,0.4573,101.64,1504.8,0,3386
3,1015,57.37,0.4475,103.02,1479.9,0,3385
3,1016,55.94,0.5422,102.53,1487.0,0,3384
3,1017,57.2,0.4595,100.35,1486.8,0,3383
3,1018,57.79,0.4819,103.89,1503.4,0,3382
3,1019,55.76,0.5445,102.63,1471.8,0,3381
3,1020,58.56,0.5915,102.93,1483.3,0,3380
3,1021,55.95,0.5477,103.75,1483.0,0,3379
3,1022,55.34,0.5637,103.78,1486.0,0,3378
3,1023,57.78,0.5427,102.59,1495.0,0,3377
3,1024,56.17,0.5229,102.6,1484.7,0,3376
3,1025,56.13,0.5906,102.82,1483.2,0,3375
3,1026,57.08,0.5118,104.44,1484.8,0,3374
3,1027,57.13,0.5047,99.8,1488.4,0,3373
3,1028,55.06,0.5939,102.34,1489.4,0,3372
3,1029,56.28,0.5706,103.03,1474.2,0,3371
3,1030,56.61,0.5169,102.8,1501.7,0,3370
3,1031,56.57,0.5849,100.19,1490.1,0,3369
3,1032,58.03,0.4747,102.02,1495.6,0,3368
3,1033,55.36,0.5773,104.91,1495.1,0,3367
3,1034,55.15,0.5104,101.67,1483.3,0,3366
3,1035,54.33,0.5955,102.77,1505.5,0,3365
3,1036,56.92,0.5471,102.12,1480.0,0,3364
3,1037,54.69,0.5773,102.49,1488.4,0,3363
3,1038,55.3,0.5418,101.51,1504.3,0,3362
3,1039,54.27,0.481,103.45,1486.3,0,3361
3,1040,54.13,0.569,102.6,1484.5,0,3360
3,1041,55.75,0.6405,104.26,1501.4,0,3359
3,1042,56.66,0.6336,103.31,1492.0,0,3358
3,1043,53.96,0.4874,102.77,1503.9,0,3357
3,1044,56.04,0.5502,102.52,1505.4,0,3356
3,1045,55.59,0.5481,103.45,1508.7,0,3355
3,1046,54.49,0.5984,102.0,1485.5,0,3354
3,1047,54.9,0.5279,102.33,1485.9,0,3353
3,1048,55.33,0.5371,102.54,1492.4,0,3352
3,1049,54.58,0.4966,102.59,1511.2,0,3351
3,1050,53.22,0.5185,103.17,1500.7,0,3350
3,1051,56.7,0.5585,101.25,1504.3,0,3349
3,1052,57.03,0.554,101.65,1493.0,0,3348
3,1053,54.83,0.5284,101.77,1490.9,0,3347
3,1054,56.24,0.5341,105.79,1478.0,0,3346
3,1055,56.41,0.5627,106.25,1496.4,0,3345
3,1056,55.57,0.525,101.65,1514.9,0,3344
3,1057,53.73,0.5695,100.73,1512.6,0,3343
3,1058,55.01,0.5343,101.41,1506.5,0,3342
3,1059,54.54,0.5583,100.24,1511.4,0,3341
3,1060,55.18,0.4972,100.77,1510.7,0,3340
3,1061,54.14,0.4656,99.7,1504.3,0,3339
3,1062,56.93,0.4876,101.45,1507.1,0,3338
3,1063,54.47,0.5838,103.59,1528.7,0,3337
3,1064,54.87,0.5584,102.49,1501.0,0,3336
3,1065,54.11,0.4824,103.52,1514.6,0,3335
3,1066,53.76,0.5055,99.19,1517.7,0,3334
3,1067,55.71,0.469,99.32,1505.6,0,3333
3,1068,54.79,0.5712,98.78,1520.0,0,3332
3,1069,57.07,0.4848,102.87,1517.5,0,3331
3,1070,51.91,0.4821,100.21,1504.9,0,3330
3,1071,57.07,0.436,100.21,1507.1,0,3329
3,1072,53.55,0.5468,99.14,1499.4,0,3328
3,1073,54.92,0.5685,101.4,1519.0,0,3327
3,1074,53.41,0.4646,99.9,1518.9,0,3326
3,1075,55.81,0.4229,105.42,1498.5,0,3325
3,1076,54.7,0.4331,99.08,1514.1,0,3324
3,1077,54.55,0.4913,97.99,1537.4,0,3323
3,1078,54.03,0.5481,102.75,1541.1,0,3322
3,1079,55.52,0.5142,102.54,1534.3,0,3321
3,1080,56.32,0.4474,100.47,1530.8,0,3320
3,1081,54.33,0.4816,101.07,1516.2,0,3319
3,1082,56.47,0.4723,103.25,1507.5,0,3318
3,1083,55.46,0.5207,105.31,1498.5,0,3317
3,1084,54.66,0.511,100.48,1520.3,0,3316
3,1085,54.12,0.4557,96.89,1514.9,0,3315
3,1086,51.95,0.4701,101.95,1504.8,0,3314
3,1087,55.72,0.4619,101.84,1528.3,0,3313
3,1088,54.33,0.4214,102.62,1524.9,0,3312
3,1089,55.84,0.3842,103.09,1505.5,0,3311
3,1090,54.18,0.4187,104.38,1524.6,0,3310
3,1091,55.95,0.445,101.01,1520.7,0,3309
3,1092,56.61,0.5184,101.48,1530.6,0,3308
3,1093,54.44,0.4664,100.35,1510.5,0,3307
3,1094,53.6,0.4189,102.45,1518.9,0,3306
3,1095,52.79,0.4507,99.64,1509.7,0,3305
3,1096,57.16,0.4796,99.04,1519.8,0,3304
3,1097,54.93,0.4918,97.42,1505.9,0,3303
3,1098,55.09,0.4027,94.49,1508.2,0,3302
3,1099,55.54,0.4128,101.17,1523.0,0,3301
3,1100,53.7,0.4738,98.75,1515.1,0,3300
3,1101,53.43,0.4644,98.78,1517.5,0,3299
3,1102,56.36,0.5258,100.16,1516.7,0,3298
3,1103,54.12,0.4632,99.77,1522.5,0,3297
3,1104,55.63,0.4423,99.73,1508.4,0,3296
3,1105,55.82,0.4254,102.43,1501.6,0,3295
3,1106,54.94,0.4873,99.19,1535.5,0,3294
3,1107,54.86,0.3709,97.28,1524.4,0,3293
3,1108,58.17,0.4813,101.69,1512.2,0,3292
3,1109,56.87,0.4571,97.71,1528.3,0,3291
3,1110,54.38,0.4382,98.43,1533.7,0,3290
3,1111,54.86,0.4383,99.94,1507.7,0,3289
3,1112,56.37,0.4273,97.68,1518.8,0,3288
3,1113,57.39,0.4692,99.34,1512.3,0,3287
3,1114,56.74,0.4465,98.45,1511.9,0,3286
3,1115,54.37,0.4835,99.16,1521.0,0,3285
3,1116,54.31,0.5059,100.93,1515.1,0,3284
3,1117,55.0,0.5002,96.72,1517.5,0,3283
3,1118,56.34,0.4479,99.25,1517.8,0,3282
3,1119,55.47,0.4591,97.76,1505.9,0,3281
3,1120,56.24,0.4823,96.57,1527.3,0,3280
3,1121,54.85,0.4967,97.64,1510.7,0,3279
3,1122,56.16,0.4715,101.06,1518.1,0,3278
3,1123,55.19,0.4647,98.34,1508.9,0,3277
3,1124,53.37,0.4932,99.51,1511.6,0,3276
3,1125,54.71,0.4376,99.93,1512.4,0,3275
3,1126,53.76,0.5108,101.56,1516.2,0,3274
3,1127,56.96,0.3658,99.63,1484.6,0,3273
3,1128,54.95,0.5884,97.02,1521.3,0,3272
3,1129,55.09,0.4848,95.65,1500.4,0,3271
3,1130,55.79,0.5313,101.97,1489.0,0,3270
3,1131,54.87,0.4978,100.1,1499.0,0,3269
3,1132,55.72,0.4682,98.85,1525.7,0,3268
3,1133,56.86,0.5343,95.84,1520.5,0,3267
3,1134,54.15,0.5462,96.28,1505.7,0,3266
3,1135,55.24,0.4858,97.34,1520.8,0,3265
3,1136,56.0,0.4913,98.11,1502.4,0,3264
3,1137,53.3,0.535,98.73,1503.1,0,3263
3,1138,57.51,0.5376,97.92,1509.0,0,3262
3,1139,54.97,0.5309,97.62,1503.4,0,3261
3,1140,54.25,0.5605,98.54,1506.7,0,3260
3,1141,55.31,0.475,97.04,1518.7,0,3259
3,1142,55.9,0.5065,100.6,1504.7,0,3258
3,1143,55.82,0.5681,101.11,1520.6,0,3257
3,1144,56.29,0.4784,95.17,1487.1,0,3256
3,1145,54.93,0.4801,96.41,1513.4,0,3255
3,1146,56.54,0.5091,98.67,1499.7,0,3254
3,1147,56.5,0.5398,94.08,1497.0,0,3253
3,1148,54.94,0.576,96.61,1514.2,0,3252
3,1149,56.85,0.6106,100.05,1493.8,0,3251
3,1150,55.65,0.516,100.69,1485.0,0,3250
3,1151,57.25,0.5242,96.2,1483.9,0,3249
3,1152,54.02,0.5181,98.08,1508.0,0,3248
3,1153,57.05,0.5828,94.1,1501.6,0,3247
3,1154,56.79,0.5321,97.54,1489.5,0,3246
3,1155,56.67,0.5382,99.03,1499.0,0,3245
3,1156,57.29,0.5338,96.67,1503.7,0,3244
3,1157,56.51,0.5538,95.5,1487.5,0,3243
3,1158,58.16,0.6023,98.38,1504.9,0,3242
3,1159,55.31,0.5793,97.36,1496.8,0,3241
3,1160,55.77,0.5511,98.72,1494.9,0,3240
3,1161,55.06,0.5251,98.83,1497.3,0,3239
3,1162,55.84,0.5163,97.83,1497.3,0,3238
3,1163,56.15,0.5013,97.82,1502.4,0,3237
3,1164,55.42,0.5347,100.13,1495.6,0,3236
3,1165,57.55,0.5596,98.31,1509.7,0,3235
3,1166,54.96,0.5596,98.27,1494.4,0,3234
3,1167,55.03,0.5461,99.13,1490.5,0,3233
3,1168,57.66,0.6531,93.57,1494.4,0,3232
3,1169,55.8,0.5655,96.49,1501.0,0,3231
3,1170,56.89,0.5247,94.98,1488.9,0,3230
3,1171,56.19,0.5287,97.7,1482.3,0,3229
3,1172,57.9,0.5892,94.23,1499.3,0,3228
3,1173,56.87,0.5261,98.0,1492.3,0,3227
3,1174,55.05,0.5245,96.14,1472.5,0,3226
3,1175,54.03,0.578,95.1,1467.5,0,3225
3,1176,55.96,0.5592,100.77,1499.3,0,3224
3,1177,55.79,0.4812,96.92,1485.5,0,3223
3,1178,55.95,0.575,99.29,1466.6,0,3222
3,1179,53.68,0.5034,94.85,1475.2,0,3221
3,1180,59.26,0.5505,97.48,1478.1,0,3220
3,1181,58.25,0.5347,97.28,1495.9,0,3219
3,1182,57.4,0.5878,99.44,1491.6,0,3218
3,1183,57.01,0.6162,96.32,1465.9,0,3217
3,1184,56.83,0.5133,96.45,1484.1,0,3216
3,1185,57.05,0.6134,93.62,1487.5,0,3215
3,1186,55.26,0.5153,96.58,1478.6,0,3214
3,1187,53.85,0.3788,99.06,1481.6,0,3213
3,1188,57.17,0.5362,98.61,1480.5,0,3212
3,1189,57.62,0.5284,97.63,1470.2,0,3211
3,1190,56.93,0.5133,100.18,1473.0,0,3210
3,1191,58.09,0.5553,99.3,1480.1,0,3209
3,1192,57.66,0.501,95.84,1489.7,0,3208
3,1193,56.56,0.5127,96.8,1473.3,0,3207
3,1194,55.27,0.5744,96.75,1488.0,0,3206
3,1195,55.57,0.4939,95.31,1474.7,0,3205
3,1196,56.25,0.5574,94.66,1463.8,0,3204
3,1197,57.05,0.4134,97.14,1479.7,0,3203
3,1198,57.44,0.4992,98.68,1477.8,0,3202
3,1199,56.46,0.3833,97.77,1474.5,0,3201
3,1200,58.79,0.4922,100.04,1476.8,0,3200
3,1201,59.45,0.4553,99.66,1472.8,0,3199
3,1202,57.24,0.4928,99.35,1484.4,0,3198
3,1203,57.55,0.5333,95.94,1495.6,0,3197
3,1204,56.09,0.4601,96.07,1475.4,0,3196
3,1205,59.15,0.4469,97.35,1466.0,0,3195
3,1206,59.73,0.5026,98.94,1484.5,0,3194
3,1207,57.74,0.5413,99.91,1474.7,0,3193
3,1208,55.85,0.5203,97.18,1484.0,0,3192
3,1209,57.97,0.4265,100.14,1481.1,0,3191
3,1210,57.79,0.4204,96.65,1488.3,0,3190
3,1211,58.2,0.4735,97.04,1480.1,0,3189
3,1212,58.03,0.4439,99.1,1475.7,0,3188
3,1213,56.85,0.4741,96.04,1483.9,0,3187
3,1214,57.31,0.4823,96.32,1486.7,0,3186
3,1215,57.22,0.4175,100.62,1481.2,0,3185
3,1216,56.88,0.5371,97.62,1500.7,0,3184
3,1217,57.7,0.4329,96.69,1469.1,0,3183
3,1218,58.82,0.5039,97.03,1484.1,0,3182
3,1219,56.58,0.3796,96.67,1490.3,0,3181
3,1220,58.14,0.4389,92.74,1484.4,0,3180
3,1221,58.55,0.4525,96.49,1472.0,0,3179
3,1222,57.74,0.5102,97.4,1488.1,0,3178
3,1223,57.63,0.4542,99.77,1501.3,0,3177
3,1224,59.63,0.461,99.89,1489.2,0,3176
3,1225,58.83,0.4454,97.38,1472.5,0,3175
3,1226,57.42,0.4268,101.42,1484.3,0,3174
3,1227,58.66,0.4369,96.03,1480.6,0,3173
3,1228,59.02,0.4573,98.03,1496.3,0,3172
3,1229,58.41,0.4324,96.91,1478.0,0,3171
3,1230,59.64,0.4934,100.74,1488.3,0,3170
3,1231,59.28,0.512,99.83,1485.6,0,3169
3,1232,59.2,0.4582,102.08,1468.1,0,3168
3,1233,57.88,0.4446,100.06,1493.2,0,3167
3,1234,60.77,0.5019,98.56,1483.2,0,3166
3,1235,58.41,0.3765,98.98,1494.4,0,3165
3,1236,58.26,0.4521,100.29,1499.6,0,3164
3,1237,60.38,0.4616,101.2,1482.7,0,3163
3,1238,59.08,0.4967,100.7,1500.9,0,3162
3,1239,57.38,0.5131,96.38,1490.7,0,3161
3,1240,60.02,0.4085,101.03,1478.0,0,3160
3,1241,58.12,0.4345,97.11,1506.1,0,3159
3,1242,58.23,0.471,99.47,1485.0,0,3158
3,1243,59.4,0.5076,98.86,1478.0,0,3157
3,1244,59.45,0.5385,100.29,1474.5,0,3156
3,1245,59.98,0.4779,98.09,1492.6,0,3155
3,1246,58.62,0.5476,100.74,1491.6,0,3154
3,1247,58.99,0.4175,96.72,1512.6,0,3153
3,1248,59.69,0.457,100.09,1499.0,0,3152
3,1249,60.44,0.519,98.32,1485.6,0,3151
3,1250,59.52,0.5244,101.02,1497.2,0,3150
3,1251,61.19,0.4755,102.09,1510.0,0,3149
3,1252,59.17,0.5089,99.85,1502.1,0,3148
3,1253,60.6,0.4449,101.8,1507.7,0,3147
3,1254,60.18,0.4206,99.0,1512.7,0,3146
3,1255,60.25,0.5122,101.71,1490.7,0,3145
3,1256,60.86,0.4817,98.79,1497.7,0,3144
3,1257,61.43,0.5061,99.49,1504.9,0,3143
3,1258,60.83,0.4494,100.16,1507.1,0,3142
3,1259,59.41,0.5466,97.58,1505.6,0,3141
3,1260,59.12,0.5492,98.98,1510.4,0,3140
3,1261,58.11,0.585,100.65,1491.1,0,3139
3,1262,60.37,0.5102,101.28,1514.9,0,3138
3,1263,58.96,0.5022,102.47,1498.0,0,3137
3,1264,59.31,0.5021,100.5,1490.7,0,3136
3,1265,62.19,0.4377,94.48,1512.9,0,3135
3,1266,59.83,0.4833,99.27,1494.5,0,3134
3,1267,58.77,0.5063,100.3,1498.8,0,3133
3,1268,61.12,0.5614,102.25,1509.8,0,3132
3,1269,60.94,0.5214,102.12,1498.9,0,3131
3,1270,60.42,0.4703,101.82,1513.9,0,3130
3,1271,59.73,0.5497,101.08,1506.1,0,3129
3,1272,60.21,0.6067,101.54,1520.0,0,3128
3,1273,60.18,0.5724,103.89,1494.8,0,3127
3,1274,60.74,0.5863,100.09,1503.3,0,3126
3,1275,60.42,0.6117,100.61,1512.8,0,3125
3,1276,60.48,0.5516,99.68,1499.4,0,3124
3,1277,61.96,0.528,103.45,1498.6,0,3123
3,1278,60.93,0.5099,103.82,1511.0,0,3122
3,1279,60.35,0.575,99.78,1507.3,0,3121
3,1280,60.84,0.5305,103.11,1512.0,0,3120
3,1281,60.66,0.546,99.39,1511.6,0,3119
3,1282,58.62,0.5343,101.0,1513.5,0,3118
3,1283,60.97,0.5448,102.73,1515.3,0,3117
3,1284,62.64,0.5703,99.46,1521.1,0,3116
3,1285,60.93,0.5577,102.01,1512.8,0,3115
3,1286,59.95,0.5119,103.26,1519.4,0,3114
3,1287,61.12,0.6011,102.94,1517.2,0,3113
3,1288,61.01,0.5614,101.87,1516.7,0,3112
3,1289,62.73,0.6259,102.91,1507.9,0,3111
3,1290,61.08,0.5469,99.66,1518.2,0,3110
3,1291,60.98,0.4943,103.21,1521.9,0,3109
3,1292,62.62,0.5812,104.24,1517.6,0,3108
3,1293,60.77,0.5367,102.44,1521.1,0,3107
3,1294,60.66,0.5689,103.7,1511.7,0,3106
3,1295,61.24,0.5561,100.77,1536.2,0,3105
3,1296,62.69,0.4846,100.55,1512.3,0,3104
3,1297,61.53,0.6494,102.28,1520.9,0,3103
3,1298,61.95,0.5686,102.13,1517.4,0,3102
3,1299,61.88,0.5381,98.51,1525.5,0,3101
3,1300,61.56,0.4858,100.67,1516.9,0,3100
3,1301,61.92,0.5129,101.89,1510.6,0,3099
3,1302,63.12,0.5631,104.28,1496.3,0,3098
3,1303,62.74,0.5788,103.81,1528.1,0,3097
3,1304,60.67,0.5338,100.22,1524.9,0,3096
3,1305,63.01,0.5921,101.89,1520.5,0,3095
3,1306,63.56,0.5305,106.03,1528.8,0,3094
3,1307,61.65,0.5683,101.75,1511.0,0,3093
3,1308,62.99,0.5618,105.06,1509.0,0,3092
3,1309,59.61,0.564,104.7,1516.7,0,3091
3,1310,62.6,0.4623,100.67,1514.2,0,3090
3,1311,61.62,0.5708,105.28,1532.9,0,3089
3,1312,62.46,0.5128,106.67,1515.2,0,3088
3,1313,63.41,0.5836,106.09,1532.1,0,3087
3,1314,61.76,0.5865,102.08,1502.2,0,3086
3,1315,62.04,0.499,100.98,1510.1,0,3085
3,1316,63.19,0.5013,102.7,1515.9,0,3084
3,1317,63.52,0.4523,100.35,1522.9,0,3083
3,1318,64.17,0.4798,104.94,1535.7,0,3082
3,1319,65.69,0.4803,103.11,1529.6,0,3081
3,1320,60.73,0.4543,99.32,1520.7,0,3080
3,1321,64.88,0.4762,100.43,1525.3,0,3079
3,1322,64.52,0.4579,102.62,1517.3,0,3078
3,1323,63.13,0.4795,99.52,1519.7,0,3077
3,1324,62.26,0.5566,104.66,1503.9,0,3076
3,1325,64.35,0.4724,105.09,1512.2,0,3075
3,1326,64.55,0.4696,105.29,1488.4,0,3074
3,1327,62.92,0.5448,101.22,1508.6,0,3073
3,1328,67.05,0.5263,103.78,1521.2,0,3072
3,1329,62.13,0.425,100.12,1513.7,0,3071
3,1330,61.89,0.4761,103.99,1511.9,0,3070
3,1331,61.12,0.4712,101.01,1534.4,0,3069
3,1332,62.78,0.4838,104.26,1525.0,0,3068
3,1333,63.62,0.4926,104.41,1509.4,0,3067
3,1334,65.99,0.4508,100.3,1522.4,0,3066
3,1335,63.23,0.4562,102.71,1513.6,0,3065
3,1336,63.21,0.5501,104.55,1511.1,0,3064
3,1337,62.55,0.4905,104.34,1518.1,0,3063
3,1338,62.4,0.5047,101.37,1507.3,0,3062
3,1339,64.44,0.4478,105.56,1509.0,0,3061
3,1340,62.94,0.4359,103.76,1537.4,0,3060
3,1341,63.67,0.4784,101.94,1503.8,0,3059
3,1342,64.03,0.3709,100.25,1509.0,0,3058
3,1343,64.4,0.3721,102.33,1494.7,0,3057
3,1344,64.03,0.4709,103.34,1526.3,0,3056
3,1345,63.38,0.4306,104.23,1508.1,0,3055
3,1346,65.04,0.4423,100.07,1510.4,0,3054
3,1347,64.59,0.3911,101.47,1499.0,0,3053
3,1348,66.04,0.424,101.07,1518.6,0,3052
3,1349,62.2,0.397,98.39,1516.9,0,3051
3,1350,61.55,0.4559,101.62,1522.1,0,3050
3,1351,64.34,0.3857,103.72,1485.9,0,3049
3,1352,63.08,0.4369,103.92,1516.2,0,3048
3,1353,62.69,0.4751,103.78,1507.8,0,3047
3,1354,62.68,0.5088,101.35,1504.2,0,3046
3,1355,62.75,0.463,100.74,1522.2,0,3045
3,1356,64.19,0.4434,105.49,1491.7,0,3044
3,1357,65.32,0.5112,104.33,1503.1,0,3043
3,1358,65.63,0.4545,104.79,1496.4,0,3042
3,1359,63.17,0.4435,99.75,1510.7,0,3041
3,1360,64.69,0.404,103.02,1510.9,0,3040
3,1361,64.21,0.4733,101.73,1493.8,0,3039
3,1362,62.88,0.3761,105.42,1502.6,0,3038
3,1363,63.97,0.4575,100.74,1492.5,0,3037
3,1364,66.02,0.4442,99.45,1501.8,0,3036
3,1365,64.1,0.452,102.68,1503.6,0,3035
3,1366,64.1,0.4663,100.15,1477.3,0,3034
3,1367,66.96,0.3976,101.21,1501.9,0,3033
3,1368,66.27,0.4039,101.55,1499.7,0,3032
3,1369,66.22,0.4707,98.05,1510.8,0,3031
3,1370,64.65,0.4446,100.37,1498.5,0,3030
3,1371,65.54,0.4341,99.26,1499.4,0,3029
3,1372,65.38,0.4359,104.69,1492.5,0,3028
3,1373,65.48,0.4967,102.14,1495.1,0,3027
3,1374,65.77,0.516,102.13,1488.3,0,3026
3,1375,64.75,0.5345,100.38,1468.1,0,3025
3,1376,62.69,0.4983,103.35,1482.7,0,3024
3,1377,66.25,0.5127,102.92,1504.3,0,3023
3,1378,66.77,0.5158,99.49,1505.0,0,3022
3,1379,65.09,0.4889,102.13,1502.6,0,3021
3,1380,67.72,0.444,100.26,1487.4,0,3020
3,1381,65.69,0.4536,102.84,1495.3,0,3019
3,1382,64.11,0.5844,103.02,1473.1,0,3018
3,1383,63.47,0.5223,99.98,1492.5,0,3017
3,1384,65.65,0.48,100.39,1486.3,0,3016
3,1385,64.6,0.5212,102.18,1490.0,0,3015
3,1386,65.82,0.488,100.03,1488.3,0,3014
3,1387,65.86,0.5484,100.96,1483.9,0,3013
3,1388,65.37,0.5599,98.33,1478.9,0,3012
3,1389,65.74,0.5386,101.11,1464.3,0,3011
3,1390,66.47,0.4874,100.95,1474.7,0,3010
3,1391,64.2,0.484,103.33,1508.4,0,3009
3,1392,64.34,0.5476,102.01,1488.9,0,3008
3,1393,63.92,0.5385,98.04,1493.6,0,3007
3,1394,65.91,0.4932,98.07,1492.1,0,3006
3,1395,62.31,0.5193,101.34,1475.6,0,3005
3,1396,64.85,0.5194,100.47,1469.5,0,3004
3,1397,65.74,0.5456,98.86,1491.6,0,3003
3,1398,63.92,0.4825,98.06,1483.3,0,3002
3,1399,65.04,0.5934,97.36,1476.7,0,3001
3,1400,62.38,0.5354,102.87,1491.9,0,3000
3,1401,63.89,0.5469,101.06,1481.1,0,2999
3,1402,65.19,0.5682,98.93,1480.0,0,2998
3,1403,66.89,0.4966,98.82,1493.8,0,2997
3,1404,63.62,0.5379,100.76,1478.9,0,2996
3,1405,64.51,0.5546,101.92,1477.1,0,2995
3,1406,64.12,0.5141,102.6,1479.0,0,2994
3,1407,64.02,0.5921,98.75,1487.3,0,2993
3,1408,64.61,0.5795,103.15,1465.3,0,2992
3,1409,64.9,0.5146,100.98,1489.1,0,2991
3,1410,64.76,0.5832,95.66,1481.6,0,2990
3,1411,64.09,0.5688,103.28,1478.0,0,2989
3,1412,65.01,0.522,103.65,1472.4,0,2988
3,1413,63.78,0.5568,98.99,1469.2,0,2987
3,1414,66.07,0.4786,99.18,1487.3,0,2986
3,1415,65.67,0.5351,98.34,1478.8,0,2985
3,1416,65.53,0.5739,99.18,1478.5,0,2984
3,1417,65.03,0.5245,99.41,1469.5,0,2983
3,1418,65.44,0.5444,98.99,1466.7,0,2982
3,1419,67.54,0.5376,100.58,1489.7,0,2981
3,1420,62.59,0.612,101.0,1471.5,0,2980
3,1421,64.1,0.542,100.36,1486.2,0,2979
3,1422,65.39,0.5168,97.69,1485.2,0,2978
3,1423,65.57,0.535,100.25,1477.7,0,2977
3,1424,65.59,0.5636,100.94,1477.2,0,2976
3,1425,65.65,0.5493,99.54,1482.1,0,2975
3,1426,65.61,0.4292,99.82,1472.9,0,2974
3,1427,63.62,0.482,100.9,1471.4,0,2973
3,1428,62.49,0.5235,97.53,1498.8,0,2972
3,1429,65.65,0.5778,98.15,1474.9,0,2971
3,1430,66.72,0.5447,99.94,1492.5,0,2970
3,1431,64.27,0.5579,101.84,1466.5,0,2969
3,1432,64.71,0.5425,95.01,1497.0,0,2968
3,1433,64.48,0.5463,101.71,1472.0,0,2967
3,1434,63.58,0.5293,98.33,1468.2,0,2966
3,1435,63.03,0.4746,98.79,1474.6,0,2965
3,1436,64.56,0.4828,98.15,1496.7,0,2964
3,1437,65.61,0.5203,99.48,1461.5,0,2963
3,1438,64.39,0.4701,99.52,1479.9,0,2962
3,1439,66.17,0.4714,97.36,1499.8,0,2961
3,1440,64.29,0.5528,98.43,1495.6,0,2960
3,1441,66.1,0.4675,97.86,1505.2,0,2959
3,1442,64.61,0.4936,95.49,1487.2,0,2958
3,1443,65.46,0.4355,98.45,1483.1,0,2957
3,1444,63.72,0.5182,98.83,1490.5,0,2956
3,1445,61.86,0.4263,97.23,1482.1,0,2955
3,1446,66.13,0.5325,98.83,1499.9,0,2954
3,1447,64.33,0.4492,99.21,1506.8,0,2953
3,1448,66.84,0.4856,94.34,1475.3,0,2952
3,1449,66.16,0.4953,97.94,1489.4,0,2951
3,1450,62.8,0.5444,94.66,1494.4,0,2950
3,1451,66.95,0.4462,100.07,1489.6,0,2949
3,1452,63.33,0.5178,98.37,1476.8,0,2948
3,1453,66.25,0.4723,98.93,1496.0,0,2947
3,1454,65.37,0.5006,97.62,1500.7,0,2946
3,1455,64.62,0.5071,97.59,1486.8,0,2945
3,1456,65.44,0.4735,99.72,1500.3,0,2944
3,1457,63.6,0.4524,97.35,1493.3,0,2943
3,1458,65.17,0.4799,97.91,1510.1,0,2942
3,1459,63.27,0.4481,96.35,1491.6,0,2941
3,1460,65.63,0.4514,95.15,1480.5,0,2940
3,1461,64.79,0.4854,99.5,1481.3,0,2939
3,1462,65.21,0.3957,96.93,1513.9,0,2938
3,1463,62.19,0.4423,98.75,1503.2,0,2937
3,1464,62.92,0.4174,97.03,1504.5,0,2936
3,1465,63.84,0.4675,98.73,1497.8,0,2935
3,1466,63.57,0.5049,98.4,1490.8,0,2934
3,1467,62.03,0.4035,98.32,1508.9,0,2933
3,1468,64.27,0.4185,96.29,1485.7,0,2932
3,1469,63.02,0.4929,100.03,1488.4,0,2931
3,1470,64.66,0.4197,98.89,1496.4,0,2930
3,1471,64.24,0.4089,97.59,1501.6,0,2929
3,1472,66.99,0.4515,99.33,1514.0,0,2928
3,1473,64.4,0.456,99.09,1495.9,0,2927
3,1474,62.48,0.3978,96.69,1503.6,0,2926
3,1475,65.6,0.4644,98.41,1523.1,0,2925
3,1476,65.25,0.3885,97.0,1497.7,0,2924
3,1477,62.24,0.4385,96.71,1508.8,0,2923
3,1478,65.32,0.3786,98.84,1512.8,0,2922
3,1479,64.44,0.4143,95.91,1517.4,0,2921
3,1480,63.29,0.4566,97.11,1507.5,0,2920
3,1481,64.76,0.4708,94.67,1524.4,0,2919
3,1482,63.84,0.5003,96.71,1523.2,0,2918
3,1483,63.63,0.4735,92.79,1500.9,0,2917
3,1484,65.95,0.4901,98.29,1504.3,0,2916
3,1485,64.98,0.4903,98.24,1509.1,0,2915
3,1486,62.55,0.4434,98.85,1512.6,0,2914
3,1487,64.63,0.4754,96.39,1510.6,0,2913
3,1488,64.16,0.3292,98.72,1522.2,0,2912
3,1489,66.31,0.4102,97.72,1503.7,0,2911
3,1490,62.17,0.458,97.48,1514.5,0,2910
3,1491,63.86,0.4389,97.75,1521.1,0,2909
3,1492,63.18,0.3961,94.09,1535.7,0,2908
3,1493,63.6,0.4147,97.83,1502.3,0,2907
3,1494,64.31,0.4915,97.76,1517.6,0,2906
3,1495,63.07,0.4352,99.18,1513.1,0,2905
3,1496,63.99,0.4366,96.65,1504.5,0,2904
3,1497,62.3,0.4922,99.93,1488.4,0,2903
3,1498,62.23,0.4875,99.32,1516.0,0,2902
3,1499,65.2,0.4434,95.08,1515.2,0,2901
3,1500,62.66,0.5309,97.94,1516.1,0,2900
3,1501,63.6,0.4676,95.43,1525.8,0,2899
3,1502,64.59,0.4067,94.64,1527.4,0,2898
3,1503,64.18,0.5259,95.57,1501.7,0,2897
3,1504,63.07,0.5343,95.57,1517.1,0,2896
3,1505,64.25,0.5336,101.48,1524.6,0,2895
3,1506,65.57,0.4567,94.39,1516.7,0,2894
3,1507,61.49,0.5046,95.32,1519.7,0,2893
3,1508,62.31,0.5534,96.17,1529.3,0,2892
3,1509,63.03,0.4455,98.47,1523.4,0,2891
3,1510,61.6,0.4828,99.81,1531.9,0,2890
3,1511,62.78,0.4595,94.29,1507.9,0,2889
3,1512,62.93,0.4269,100.64,1524.7,0,2888
3,1513,64.63,0.5323,97.24,1513.3,0,2887
3,1514,61.93,0.5622,95.91,1509.7,0,2886
3,1515,62.88,0.5392,94.44,1526.0,0,2885
3,1516,63.81,0.5066,97.64,1511.5,0,2884
3,1517,61.57,0.5715,97.82,1508.6,0,2883
3,1518,62.42,0.6141,99.23,1532.7,0,2882
3,1519,64.56,0.4945,95.9,1537.6,0,2881
3,1520,59.69,0.4675,97.33,1520.6,0,2880
3,1521,62.78,0.5346,96.9,1517.3,0,2879
3,1522,61.55,0.465,97.29,1523.5,0,2878
3,1523,62.9,0.4563,95.21,1531.3,0,2877
3,1524,60.82,0.4912,99.34,1526.1,0,2876
3,1525,62.21,0.5617,99.92,1533.8,0,2875
3,1526,62.08,0.5644,98.94,1515.8,0,2874
3,1527,62.31,0.4818,96.58,1530.6,0,2873
3,1528,62.66,0.5714,97.04,1518.4,0,2872
3,1529,63.03,0.4795,96.68,1524.5,0,2871
3,1530,62.59,0.5237,96.35,1521.8,0,2870
3,1531,62.41,0.5538,94.89,1513.2,0,2869
3,1532,63.5,0.5001,99.52,1517.6,0,2868
3,1533,61.13,0.5311,99.3,1514.4,0,2867
3,1534,63.07,0.5605,94.23,1516.4,0,2866
3,1535,62.01,0.5581,97.13,1540.5,0,2865
3,1536,62.41,0.5282,99.14,1503.6,0,2864
3,1537,60.94,0.5133,100.77,1520.2,0,2863
3,1538,60.1,0.5856,97.75,1551.4,0,2862
3,1539,60.9,0.5399,97.44,1520.7,0,2861
3,1540,62.24,0.4978,98.69,1503.0,0,2860
3,1541,60.96,0.6115,98.72,1505.1,0,2859
3,1542,59.85,0.4986,99.52,1510.0,0,2858
3,1543,64.36,0.6235,100.76,1514.7,0,2857
3,1544,61.55,0.5568,99.24,1507.0,0,2856
3,1545,59.06,0.6324,98.54,1511.2,0,2855
3,1546,62.3,0.5557,96.21,1516.6,0,2854
3,1547,62.91,0.5033,96.5,1498.3,0,2853
3,1548,60.68,0.5632,98.13,1513.4,0,2852
3,1549,59.68,0.5434,98.23,1500.5,0,2851
3,1550,62.32,0.564,100.09,1516.1,0,2850
3,1551,61.93,0.5316,100.45,1516.6,0,2849
3,1552,61.82,0.5049,94.74,1510.0,0,2848
3,1553,58.44,0.5162,100.75,1529.0,0,2847
3,1554,62.16,0.5545,95.66,1509.4,0,2846
3,1555,63.11,0.5165,96.58,1507.5,0,2845
3,1556,59.11,0.5011,96.78,1513.3,0,2844
3,1557,60.75,0.4904,100.25,1514.0,0,2843
3,1558,61.23,0.4891,95.94,1502.3,0,2842
3,1559,60.9,0.5055,98.7,1512.2,0,2841
3,1560,59.8,0.6391,98.14,1515.0,0,2840
3,1561,60.74,0.5007,100.66,1506.5,0,2839
3,1562,62.04,0.585,102.59,1510.3,0,2838
3,1563,60.42,0.5549,98.24,1502.8,0,2837
3,1564,59.47,0.5194,100.26,1497.8,0,2836
3,1565,60.05,0.4828,102.19,1510.1,0,2835
3,1566,60.21,0.4327,97.72,1497.9,0,2834
3,1567,60.46,0.4311,103.32,1519.2,0,2833
3,1568,60.2,0.4669,99.53,1496.8,0,2832
3,1569,62.45,0.4559,98.35,1509.6,0,2831
3,1570,61.67,0.5129,99.42,1490.5,0,2830
3,1571,57.93,0.5058,100.45,1496.5,0,2829
3,1572,59.81,0.5183,103.18,1491.8,0,2828
3,1573,59.15,0.4683,96.69,1492.2,0,2827
3,1574,59.66,0.4373,100.09,1511.8,0,2826
3,1575,60.45,0.4625,96.47,1488.7,0,2825
3,1576,59.35,0.4187,101.55,1507.2,0,2824
3,1577,59.97,0.4401,99.91,1495.2,0,2823
3,1578,59.05,0.5012,102.29,1495.8,0,2822
3,1579,61.86,0.4885,101.79,1478.0,0,2821
3,1580,58.75,0.5184,98.6,1506.4,0,2820
3,1581,59.87,0.5839,102.64,1486.6,0,2819
3,1582,60.67,0.4511,100.13,1492.2,0,2818
3,1583,60.12,0.3843,100.52,1499.6,0,2817
3,1584,57.52,0.5089,102.72,1494.3,0,2816
3,1585,58.96,0.4125,100.42,1503.4,0,2815
3,1586,60.02,0.5041,98.87,1489.4,0,2814
3,1587,57.61,0.501,98.82,1472.2,0,2813
3,1588,58.23,0.4381,105.92,1502.0,0,2812
3,1589,59.44,0.5142,100.16,1494.2,0,2811
3,1590,59.67,0.5001,103.4,1495.0,0,2810
3,1591,57.11,0.4771,103.06,1497.6,0,2809
3,1592,57.58,0.4868,100.06,1479.8,0,2808
3,1593,58.95,0.4311,99.25,1470.4,0,2807
3,1594,57.55,0.4565,100.65,1475.8,0,2806
3,1595,61.01,0.4684,104.04,1467.9,0,2805
3,1596,59.81,0.4813,105.14,1470.8,0,2804
3,1597,59.83,0.4289,101.44,1495.7,0,2803
3,1598,58.41,0.4134,101.63,1487.9,0,2802
3,1599,57.8,0.4435,106.01,1501.4,0,2801
3,1600,55.7,0.3726,100.96,1476.1,0,2800
3,1601,58.78,0.5195,102.13,1483.9,0,2799
3,1602,58.04,0.4743,100.02,1462.8,0,2798
3,1603,57.11,0.4298,102.44,1470.8,0,2797
3,1604,58.68,0.4293,101.59,1477.9,0,2796
3,1605,57.67,0.4333,102.82,1483.8,0,2795
3,1606,57.55,0.4469,99.26,1465.1,0,2794
3,1607,57.94,0.4996,103.96,1457.6,0,2793
3,1608,58.7,0.4002,100.58,1473.6,0,2792
3,1609,57.76,0.5409,103.13,1494.7,0,2791
3,1610,56.43,0.4023,105.22,1493.3,0,2790
3,1611,56.33,0.3934,106.19,1483.4,0,2789
3,1612,59.36,0.4594,98.43,1462.8,0,2788
3,1613,58.23,0.4582,105.4,1474.2,0,2787
3,1614,59.9,0.4713,104.22,1485.9,0,2786
3,1615,57.4,0.4044,101.49,1477.4,0,2785
3,1616,57.9,0.5026,101.17,1475.3,0,2784
3,1617,57.51,0.511,100.61,1474.3,0,2783
3,1618,56.58,0.5119,102.94,1469.7,0,2782
3,1619,55.76,0.4229,103.32,1485.1,0,2781
3,1620,59.51,0.4832,103.8,1483.7,0,2780
3,1621,56.54,0.4807,99.35,1463.4,0,2779
3,1622,55.89,0.4769,107.13,1484.6,0,2778
3,1623,57.94,0.4839,105.18,1477.4,0,2777
3,1624,57.69,0.4863,102.35,1472.9,0,2776
3,1625,59.04,0.4859,104.31,1506.8,0,2775
3,1626,57.77,0.4889,101.28,1486.4,0,2774
3,1627,56.16,0.4898,104.65,1473.4,0,2773
3,1628,55.24,0.4649,102.07,1488.1,0,2772
3,1629,56.65,0.4434,103.26,1501.1,0,2771
3,1630,59.02,0.3764,101.2,1488.6,0,2770
3,1631,54.12,0.4848,103.34,1475.3,0,2769
3,1632,55.89,0.545,101.0,1487.0,0,2768
3,1633,56.03,0.4938,103.0,1484.0,0,2767
3,1634,56.58,0.4929,101.88,1477.3,0,2766
3,1635,56.3,0.4509,103.83,1482.1,0,2765
3,1636,59.46,0.463,100.37,1481.2,0,2764
3,1637,56.65,0.4609,104.79,1462.5,0,2763
3,1638,55.75,0.4978,105.09,1482.0,0,2762
3,1639,57.11,0.5231,102.44,1491.7,0,2761
3,1640,56.37,0.49,106.63,1484.2,0,2760
3,1641,55.9,0.5355,102.15,1487.2,0,2759
3,1642,54.76,0.5902,104.89,1474.4,0,2758
3,1643,56.63,0.4409,102.9,1486.8,0,2757
3,1644,56.1,0.5777,102.82,1482.1,0,2756
3,1645,56.78,0.5082,99.75,1495.5,0,2755
3,1646,59.35,0.4621,101.34,1489.6,0,2754
3,1647,55.25,0.4697,104.58,1485.6,0,2753
3,1648,54.52,0.5281,104.48,1499.2,0,2752
3,1649,55.05,0.5703,107.45,1482.8,0,2751
3,1650,55.39,0.4345,102.01,1480.6,0,2750
3,1651,55.85,0.5265,102.63,1498.7,0,2749
3,1652,57.05,0.5201,103.47,1492.4,0,2748
3,1653,56.17,0.4715,104.31,1478.9,0,2747
3,1654,53.76,0.6026,102.68,1505.7,0,2746
3,1655,56.53,0.5215,102.91,1506.0,0,2745
3,1656,56.22,0.5845,102.09,1483.4,0,2744
3,1657,56.0,0.5396,101.84,1486.4,0,2743
3,1658,57.04,0.5832,102.05,1496.7,0,2742
3,1659,55.15,0.5578,102.71,1475.0,0,2741
3,1660,55.32,0.6249,101.83,1481.8,0,2740
3,1661,54.65,0.4883,102.94,1473.9,0,2739
3,1662,57.37,0.5593,104.06,1505.5,0,2738
3,1663,55.37,0.5452,105.98,1484.0,0,2737
3,1664,55.98,0.4778,102.22,1484.9,0,2736
3,1665,55.89,0.512,100.11,1509.6,0,2735
3,1666,58.08,0.5391,100.12,1491.6,0,2734
3,1667,56.14,0.5254,101.21,1493.2,0,2733
3,1668,56.32,0.5625,99.96,1497.9,0,2732
3,1669,55.9,0.6315,104.35,1521.1,0,2731
3,1670,56.11,0.5158,102.58,1494.0,0,2730
3,1671,56.18,0.5283,103.43,1503.4,0,2729
3,1672,56.53,0.4883,99.87,1506.8,0,2728
3,1673,57.68,0.5857,104.19,1493.8,0,2727
3,1674,55.23,0.4791,102.49,1494.4,0,2726
3,1675,54.4,0.5567,104.73,1486.7,0,2725
3,1676,56.2,0.611,103.07,1491.1,0,2724
3,1677,57.18,0.551,103.26,1491.6,0,2723
3,1678,58.41,0.5188,101.98,1510.3,0,2722
3,1679,53.48,0.5825,98.92,1494.3,0,2721
3,1680,54.14,0.511,102.56,1510.4,0,2720
3,1681,55.03,0.5259,101.4,1504.9,0,2719
3,1682,54.75,0.4755,103.28,1500.3,0,2718
3,1683,56.05,0.5112,104.24,1513.2,0,2717
3,1684,56.22,0.4979,101.49,1489.5,0,2716
3,1685,55.6,0.4898,102.19,1498.6,0,2715
3,1686,55.84,0.5673,102.43,1496.5,0,2714
3,1687,54.41,0.5227,104.05,1510.8,0,2713
3,1688,53.33,0.5506,102.11,1498.3,0,2712
3,1689,55.59,0.4851,99.0,1498.6,0,2711
3,1690,54.42,0.5212,103.99,1494.8,0,2710
3,1691,57.21,0.5052,100.46,1515.2,0,2709
3,1692,56.0,0.4945,100.99,1514.9,0,2708
3,1693,55.64,0.496,103.96,1507.8,0,2707
3,1694,54.45,0.4906,101.41,1496.2,0,2706
3,1695,56.09,0.606,98.99,1500.3,0,2705
3,1696,54.91,0.5123,102.04,1498.6,0,2704
3,1697,55.41,0.4633,102.76,1515.8,0,2703
3,1698,52.38,0.4802,102.15,1533.8,0,2702
3,1699,55.45,0.4932,102.32,1516.5,0,2701
3,1700,56.93,0.3819,104.14,1519.5,0,2700
3,1701,55.22,0.4396,102.09,1501.1,0,2699
3,1702,55.13,0.44,100.87,1505.3,0,2698
3,1703,56.34,0.5094,102.0,1512.3,0,2697
3,1704,55.83,0.4614,101.7,1524.8,0,2696
3,1705,54.92,0.4251,101.08,1523.2,0,2695
3,1706,55.96,0.3636,102.22,1501.2,0,2694
3,1707,54.54,0.4519,99.43,1513.1,0,2693
3,1708,55.93,0.4919,99.66,1509.2,0,2692
3,1709,56.22,0.4429,99.95,1525.1,0,2691
3,1710,54.27,0.5065,99.35,1513.7,0,2690
3,1711,54.36,0.4278,99.87,1504.2,0,2689
3,1712,55.35,0.4628,100.36,1522.3,0,2688
3,1713,55.24,0.4285,102.49,1524.1,0,2687
3,1714,56.4,0.5192,100.83,1518.1,0,2686
3,1715,53.5,0.453,99.1,1513.6,0,2685
3,1716,52.05,0.5152,103.24,1523.6,0,2684
3,1717,55.79,0.5088,104.06,1533.9,0,2683
3,1718,51.48,0.441,100.14,1527.5,0,2682
3,1719,55.14,0.4176,99.1,1525.3,0,2681
3,1720,53.92,0.4187,100.52,1499.6,0,2680
3,1721,53.7,0.4911,99.07,1531.2,0,2679
3,1722,55.74,0.466,101.29,1520.9,0,2678
3,1723,54.64,0.483,104.11,1534.0,0,2677
3,1724,53.95,0.4047,98.17,1533.3,0,2676
3,1725,54.38,0.4033,99.57,1523.3,0,2675
3,1726,55.25,0.4254,101.95,1508.0,0,2674
3,1727,52.78,0.4803,103.92,1522.1,0,2673
3,1728,56.34,0.4859,99.92,1505.0,0,2672
3,1729,56.87,0.4205,97.25,1518.4,0,2671
3,1730,55.81,0.4757,97.44,1545.3,0,2670
3,1731,55.59,0.4625,98.7,1528.8,0,2669
3,1732,56.5,0.4832,98.81,1514.6,0,2668
3,1733,54.86,0.4796,99.31,1521.4,0,2667
3,1734,54.84,0.4458,100.22,1511.2,0,2666
3,1735,57.49,0.4376,97.23,1516.7,0,2665
3,1736,55.56,0.4908,97.13,1517.2,0,2664
3,1737,55.9,0.4032,102.35,1535.3,0,2663
3,1738,54.72,0.4609,100.22,1510.1,0,2662
3,1739,56.33,0.4712,95.78,1526.7,0,2661
3,1740,55.57,0.4523,98.33,1503.5,0,2660
3,1741,56.31,0.3705,98.41,1532.2,0,2659
3,1742,54.77,0.4558,96.1,1524.5,0,2658
3,1743,55.03,0.479,98.93,1522.3,0,2657
3,1744,55.78,0.377,100.41,1517.6,0,2656
3,1745,54.67,0.4819,102.7,1518.1,0,2655
3,1746,58.03,0.495,96.48,1502.1,0,2654
3,1747,55.03,0.4667,95.83,1522.1,0,2653
3,1748,55.66,0.4735,97.55,1521.8,0,2652
3,1749,56.23,0.5061,95.55,1517.5,0,2651
3,1750,53.29,0.4614,96.4,1511.5,0,2650
3,1751,54.02,0.5437,98.18,1505.6,0,2649
3,1752,56.39,0.5692,99.9,1532.7,0,2648
3,1753,54.41,0.4925,99.95,1512.6,0,2647
3,1754,53.21,0.5677,100.15,1518.3,0,2646
3,1755,55.62,0.421,99.21,1526.1,0,2645
3,1756,56.63,0.4902,97.73,1505.1,0,2644
3,1757,56.08,0.4733,96.15,1492.5,0,2643
3,1758,54.19,0.4556,97.09,1506.8,0,2642
3,1759,55.48,0.4523,97.04,1515.2,0,2641
3,1760,55.7,0.5153,96.39,1512.9,0,2640
3,1761,56.11,0.5585,98.95,1499.7,0,2639
3,1762,53.71,0.5202,97.03,1517.3,0,2638
3,1763,55.79,0.494,99.33,1518.9,0,2637
3,1764,56.03,0.4877,94.96,1510.9,0,2636
3,1765,54.17,0.5349,95.27,1522.0,0,2635
3,1766,55.4,0.5805,96.15,1510.1,0,2634
3,1767,54.2,0.4421,99.05,1505.8,0,2633
3,1768,57.37,0.5164,95.44,1505.4,0,2632
3,1769,54.46,0.5423,98.54,1504.8,0,2631
3,1770,56.57,0.4955,100.44,1485.2,0,2630
3,1771,57.61,0.5579,98.93,1492.4,0,2629
3,1772,57.47,0.5464,93.13,1509.4,0,2628
3,1773,55.3,0.4767,101.42,1492.5,0,2627
3,1774,55.69,0.501,97.88,1492.7,0,2626
3,1775,55.18,0.6043,95.11,1511.2,0,2625
3,1776,54.74,0.554,98.37,1502.2,0,2624
3,1777,56.68,0.6156,96.75,1491.4,0,2623
3,1778,56.08,0.5699,94.69,1500.4,0,2622
3,1779,55.67,0.566,98.26,1498.0,0,2621
3,1780,56.39,0.5447,96.21,1487.9,0,2620
3,1781,56.51,0.5722,94.96,1490.9,0,2619
3,1782,55.22,0.5719,93.76,1529.1,0,2618
3,1783,57.37,0.5145,97.6,1512.5,0,2617
3,1784,56.89,0.5256,99.06,1478.1,0,2616
3,1785,56.47,0.5659,96.86,1510.6,0,2615
3,1786,56.4,0.6098,97.22,1498.5,0,2614
3,1787,56.36,0.5529,98.66,1509.3,0,2613
3,1788,56.39,0.5318,96.93,1499.3,0,2612
3,1789,55.94,0.4977,94.49,1497.9,0,2611
3,1790,56.19,0.5357,97.77,1481.8,0,2610
3,1791,53.76,0.5456,98.89,1496.7,0,2609
3,1792,54.91,0.5471,92.86,1495.8,0,2608
3,1793,55.52,0.581,95.41,1490.5,0,2607
3,1794,56.4,0.4773,98.75,1499.4,0,2606
3,1795,55.41,0.5366,96.21,1503.3,0,2605
3,1796,55.77,0.5311,96.26,1492.3,0,2604
3,1797,54.76,0.5819,94.89,1488.8,0,2603
3,1798,54.43,0.5092,94.68,1497.3,0,2602
3,1799,57.46,0.5195,98.75,1489.1,0,2601
3,1800,56.76,0.4791,98.01,1497.7,0,2600
3,1801,58.33,0.5797,97.81,1498.8,0,2599
3,1802,56.83,0.4888,99.6,1480.1,0,2598
3,1803,56.68,0.5006,97.04,1472.5,0,2597
3,1804,56.03,0.5077,97.74,1481.1,0,2596
3,1805,54.23,0.4712,97.15,1496.3,0,2595
3,1806,57.63,0.5181,98.83,1486.2,0,2594
3,1807,56.52,0.5248,99.53,1501.1,0,2593
3,1808,56.8,0.4934,95.41,1482.4,0,2592
3,1809,57.09,0.5374,100.74,1496.5,0,2591
3,1810,54.28,0.5831,95.53,1498.0,0,2590
3,1811,57.6,0.5481,96.89,1477.3,0,2589
3,1812,57.28,0.4183,97.59,1472.4,0,2588
3,1813,56.3,0.5767,97.68,1473.5,0,2587
3,1814,54.61,0.5363,96.88,1478.8,0,2586
3,1815,58.39,0.5061,95.85,1494.7,0,2585
3,1816,55.14,0.5363,96.03,1472.5,0,2584
3,1817,58.48,0.4779,99.21,1455.6,0,2583
3,1818,54.1,0.5166,95.27,1478.6,0,2582
3,1819,58.54,0.5404,99.28,1482.5,0,2581
3,1820,57.41,0.5452,97.6,1472.3,0,2580
3,1821,57.35,0.4624,97.24,1477.4,0,2579
3,1822,58.63,0.5423,98.12,1485.6,0,2578
3,1823,55.9,0.5285,97.18,1492.9,0,2577
3,1824,56.31,0.4894,99.09,1488.9,0,2576
3,1825,57.41,0.4181,100.11,1475.9,0,2575
3,1826,56.96,0.4859,95.3,1478.4,0,2574
3,1827,57.34,0.5015,98.17,1476.8,0,2573
3,1828,56.94,0.5318,92.14,1498.3,0,2572
3,1829,58.1,0.445,102.92,1476.5,0,2571
3,1830,55.07,0.5065,97.31,1475.3,0,2570
3,1831,55.18,0.493,99.47,1486.0,0,2569
3,1832,57.24,0.4951,96.13,1489.2,0,2568
3,1833,58.78,0.5145,98.26,1486.9,0,2567
3,1834,56.49,0.463,98.66,1482.4,0,2566
3,1835,57.59,0.5371,93.41,1494.1,0,2565
3,1836,57.38,0.4962,98.46,1481.8,0,2564
3,1837,59.48,0.4394,102.68,1479.0,0,2563
3,1838,57.06,0.4616,96.68,1481.8,0,2562
3,1839,59.13,0.4517,95.63,1481.1,0,2561
3,1840,56.58,0.482,99.53,1484.6,0,2560
3,1841,56.84,0.4229,97.45,1480.2,0,2559
3,1842,58.94,0.4774,93.37,1489.2,0,2558
3,1843,57.36,0.4634,99.8,1476.3,0,2557
3,1844,59.38,0.41,96.35,1480.2,0,2556
3,1845,57.2,0.5113,96.7,1452.0,0,2555
3,1846,58.95,0.4864,96.85,1456.5,0,2554
3,1847,59.55,0.4101,96.14,1474.1,0,2553
3,1848,57.71,0.4689,99.48,1477.2,0,2552
3,1849,55.19,0.4454,97.81,1500.2,0,2551
3,1850,55.99,0.4336,99.63,1485.6,0,2550
3,1851,60.0,0.4572,96.57,1477.7,0,2549
3,1852,58.34,0.4978,100.55,1472.8,0,2548
3,1853,59.49,0.4424,94.65,1479.7,0,2547
3,1854,57.01,0.443,98.43,1486.8,0,2546
3,1855,59.2,0.4793,97.6,1494.1,0,2545
3,1856,59.82,0.443,100.19,1492.3,0,2544
3,1857,57.75,0.4273,98.31,1477.3,0,2543
3,1858,58.17,0.4559,96.6,1480.4,0,2542
3,1859,58.24,0.5095,96.83,1490.6,0,2541
3,1860,57.99,0.4925,99.91,1489.0,0,2540
3,1861,59.1,0.4646,97.44,1469.9,0,2539
3,1862,57.73,0.4581,101.48,1494.4,0,2538
3,1863,60.84,0.4802,97.24,1488.9,0,2537
3,1864,58.46,0.4236,99.46,1506.2,0,2536
3,1865,60.4,0.4626,96.93,1493.8,0,2535
3,1866,57.67,0.4824,96.8,1498.1,0,2534
3,1867,58.53,0.3796,99.69,1480.0,0,2533
3,1868,57.46,0.4691,101.84,1503.6,0,2532
3,1869,59.17,0.524,95.15,1498.3,0,2531
3,1870,58.38,0.4857,102.28,1494.6,0,2530
3,1871,57.98,0.5356,100.08,1468.1,0,2529
3,1872,58.33,0.4718,97.74,1497.5,0,2528
3,1873,59.25,0.4493,96.3,1494.3,0,2527
3,1874,59.14,0.4471,102.89,1496.9,0,2526
3,1875,59.51,0.4281,98.43,1496.3,0,2525
3,1876,56.99,0.478,99.34,1496.5,0,2524
3,1877,61.18,0.4316,98.14,1494.7,0,2523
3,1878,60.37,0.513,102.06,1500.0,0,2522
3,1879,58.61,0.4618,99.72,1492.5,0,2521
3,1880,60.9,0.4303,96.81,1499.3,0,2520
3,1881,63.0,0.5792,98.17,1504.2,0,2519
3,1882,60.25,0.5194,100.1,1494.5,0,2518
3,1883,60.43,0.4998,94.49,1515.7,0,2517
3,1884,59.11,0.4818,103.79,1514.6,0,2516
3,1885,60.65,0.4995,101.58,1479.0,0,2515
3,1886,59.15,0.5475,103.42,1494.9,0,2514
3,1887,58.87,0.4613,101.13,1492.2,0,2513
3,1888,60.74,0.4883,99.99,1493.9,0,2512
3,1889,59.9,0.4617,100.64,1500.1,0,2511
3,1890,57.06,0.4699,98.83,1509.2,0,2510
3,1891,60.03,0.4134,99.22,1500.6,0,2509
3,1892,58.05,0.4528,104.54,1485.5,0,2508
3,1893,59.67,0.4967,101.72,1487.1,0,2507
3,1894,59.97,0.5343,97.81,1499.7,0,2506
3,1895,61.21,0.4975,102.65,1493.2,0,2505
3,1896,58.54,0.5145,100.6,1508.4,0,2504
3,1897,60.0,0.5654,101.37,1531.4,0,2503
3,1898,61.74,0.5082,101.03,1503.3,0,2502
3,1899,58.95,0.5321,102.28,1516.0,0,2501
3,1900,60.24,0.5435,103.96,1504.8,0,2500
3,1901,62.64,0.6224,98.8,1490.7,0,2499
3,1902,59.3,0.5501,101.11,1510.1,0,2498
3,1903,62.66,0.5114,100.83,1530.4,0,2497
3,1904,58.91,0.5152,103.79,1511.1,0,2496
3,1905,61.35,0.6151,99.33,1516.0,0,2495
3,1906,61.62,0.632,99.97,1518.4,0,2494
3,1907,58.4,0.5152,100.64,1522.2,0,2493
3,1908,59.71,0.6029,101.84,1510.9,0,2492
3,1909,60.5,0.5117,101.07,1513.8,0,2491
3,1910,61.24,0.5727,104.7,1505.4,0,2490
3,1911,62.17,0.5799,100.94,1521.4,0,2489
3,1912,60.24,0.5488,101.35,1524.8,0,2488
3,1913,60.32,0.4541,100.67,1529.2,0,2487
3,1914,63.42,0.4977,101.54,1533.7,0,2486
3,1915,60.21,0.5138,101.57,1500.8,0,2485
3,1916,62.05,0.5735,99.81,1501.3,0,2484
3,1917,61.59,0.6135,102.45,1511.2,0,2483
3,1918,60.62,0.5324,103.12,1519.7,0,2482
3,1919,61.57,0.5562,102.47,1519.1,0,2481
3,1920,62.33,0.5473,101.26,1517.7,0,2480
3,1921,62.82,0.5588,101.06,1517.2,0,2479
3,1922,62.51,0.5255,101.02,1524.3,0,2478
3,1923,60.99,0.5411,99.99,1525.6,0,2477
3,1924,59.06,0.4924,99.56,1545.1,0,2476
3,1925,59.83,0.5018,103.95,1523.3,0,2475
3,1926,62.74,0.5935,102.52,1514.4,0,2474
3,1927,60.29,0.5782,101.14,1526.4,0,2473
3,1928,63.14,0.5365,102.41,1520.1,0,2472
3,1929,61.66,0.5667,100.4,1512.0,0,2471
3,1930,63.68,0.5436,103.09,1515.4,0,2470
3,1931,62.46,0.5672,101.49,1523.8,0,2469
3,1932,64.05,0.4948,100.42,1521.2,0,2468
3,1933,62.95,0.501,103.88,1529.5,0,2467
3,1934,62.29,0.5098,103.75,1517.5,0,2466
3,1935,61.2,0.5589,104.91,1524.1,0,2465
3,1936,63.75,0.5444,100.8,1518.0,0,2464
3,1937,62.55,0.4858,104.3,1533.5,0,2463
3,1938,62.29,0.506,101.11,1510.8,0,2462
3,1939,63.29,0.5521,102.59,1531.2,0,2461
3,1940,59.94,0.5281,100.25,1518.5,0,2460
3,1941,64.24,0.4918,102.04,1509.0,0,2459
3,1942,63.62,0.5361,100.11,1505.4,0,2458
3,1943,62.03,0.4982,103.6,1526.5,0,2457
3,1944,61.85,0.4887,103.9,1528.1,0,2456
3,1945,63.15,0.4382,103.86,1523.1,0,2455
3,1946,63.4,0.4547,103.42,1513.5,0,2454
3,1947,62.56,0.5599,102.6,1506.4,0,2453
3,1948,62.88,0.4609,104.25,1518.5,0,2452
3,1949,63.49,0.5409,101.74,1516.1,0,2451
3,1950,63.03,0.5199,105.88,1500.5,0,2450
3,1951,63.13,0.4185,103.47,1519.3,0,2449
3,1952,63.37,0.4747,104.94,1498.5,0,2448
3,1953,64.89,0.5466,103.98,1502.0,0,2447
3,1954,64.63,0.4272,105.45,1506.2,0,2446
3,1955,61.34,0.4758,106.26,1522.8,0,2445
3,1956,60.72,0.524,103.57,1509.5,0,2444
3,1957,64.48,0.4429,105.6,1533.6,0,2443
3,1958,66.1,0.43,106.42,1535.2,0,2442
3,1959,62.02,0.4514,104.91,1512.8,0,2441
3,1960,62.97,0.4895,102.99,1507.3,0,2440
3,1961,62.91,0.4333,101.04,1512.2,0,2439
3,1962,63.76,0.555,103.71,1518.7,0,2438
3,1963,64.82,0.4529,101.49,1513.1,0,2437
3,1964,62.77,0.4888,101.33,1515.3,0,2436
3,1965,64.19,0.5198,104.33,1533.8,0,2435
3,1966,62.85,0.3549,102.25,1526.6,0,2434
3,1967,65.13,0.4793,101.56,1518.4,0,2433
3,1968,63.55,0.5183,105.42,1502.6,0,2432
3,1969,63.78,0.3794,100.39,1504.9,0,2431
3,1970,64.69,0.415,102.79,1514.5,0,2430
3,1971,63.66,0.4704,101.58,1503.4,0,2429
3,1972,65.1,0.4798,100.96,1509.1,0,2428
3,1973,63.8,0.4826,105.1,1499.0,0,2427
3,1974,64.64,0.3863,103.25,1507.4,0,2426
3,1975,66.06,0.4345,103.75,1522.9,0,2425
3,1976,64.21,0.446,103.27,1505.9,0,2424
3,1977,64.99,0.469,102.08,1500.3,0,2423
3,1978,64.76,0.4202,100.27,1512.3,0,2422
3,1979,59.77,0.4764,103.49,1496.9,0,2421
3,1980,65.06,0.3648,100.5,1503.3,0,2420
3,1981,63.87,0.4095,101.67,1502.2,0,2419
3,1982,64.67,0.4513,103.75,1498.1,0,2418
3,1983,60.77,0.4543,104.14,1490.3,0,2417
3,1984,63.7,0.5523,101.1,1501.9,0,2416
3,1985,68.06,0.4756,101.87,1483.9,0,2415
3,1986,65.35,0.3737,106.17,1504.2,0,2414
3,1987,64.86,0.4223,103.54,1498.4,0,2413
3,1988,63.07,0.4575,101.4,1487.1,0,2412
3,1989,63.87,0.4368,102.64,1491.4,0,2411
3,1990,63.1,0.4522,102.46,1500.3,0,2410
3,1991,65.88,0.4116,103.16,1504.9,0,2409
3,1992,64.45,0.4756,100.0,1511.8,0,2408
3,1993,62.78,0.4981,102.3,1503.9,0,2407
3,1994,67.71,0.4906,102.97,1492.7,0,2406
3,1995,64.61,0.4967,101.41,1506.1,0,2405
3,1996,63.74,0.5003,101.56,1485.5,0,2404
3,1997,65.13,0.4489,101.91,1490.2,0,2403
3,1998,64.07,0.48,100.41,1494.4,0,2402
3,1999,63.39,0.5443,99.17,1495.1,0,2401
3,2000,64.76,0.4701,101.73,1501.5,0,2400
3,2001,65.36,0.4911,99.24,1469.8,0,2399
3,2002,66.7,0.4884,99.56,1487.8,0,2398
3,2003,62.44,0.5669,102.09,1494.9,0,2397
3,2004,65.02,0.5448,100.51,1496.5,0,2396
3,2005,64.58,0.4394,102.44,1485.7,0,2395
3,2006,64.4,0.4268,101.71,1492.7,0,2394
3,2007,60.48,0.5531,104.96,1482.4,0,2393
3,2008,64.2,0.4867,103.83,1466.0,0,2392
3,2009,64.16,0.5263,100.39,1480.9,0,2391
3,2010,67.45,0.5025,104.91,1492.2,0,2390
3,2011,65.98,0.4423,97.4,1494.0,0,2389
3,2012,64.57,0.4315,101.65,1492.7,0,2388
3,2013,65.45,0.5882,101.05,1485.1,0,2387
3,2014,65.55,0.4673,100.8,1477.2,0,2386
3,2015,62.95,0.4738,99.46,1477.2,0,2385
3,2016,62.41,0.5049,99.74,1486.1,0,2384
3,2017,65.38,0.4931,101.82,1492.6,0,2383
3,2018,64.52,0.526,103.4,1495.7,0,2382
3,2019,65.8,0.4501,103.04,1487.9,0,2381
3,2020,64.36,0.5273,98.8,1468.4,0,2380
3,2021,66.08,0.5768,101.97,1474.5,0,2379
3,2022,63.54,0.5395,99.98,1482.7,0,2378
3,2023,67.42,0.5784,96.98,1487.6,0,2377
3,2024,64.78,0.5288,101.92,1472.0,0,2376
3,2025,66.2,0.5193,101.02,1495.8,0,2375
3,2026,65.82,0.5552,100.91,1478.1,0,2374
3,2027,64.97,0.5768,102.04,1487.1,0,2373
3,2028,63.91,0.5624,104.07,1479.4,0,2372
3,2029,61.98,0.5601,101.83,1479.2,0,2371
3,2030,64.55,0.5322,95.01,1481.4,0,2370
3,2031,63.95,0.5514,103.31,1497.4,0,2369
3,2032,64.17,0.5165,97.87,1474.2,0,2368
3,2033,65.56,0.5521,103.83,1473.1,0,2367
3,2034,63.67,0.5884,99.73,1491.4,0,2366
3,2035,64.76,0.5353,99.29,1485.2,0,2365
3,2036,65.39,0.5747,103.77,1478.0,0,2364
3,2037,65.03,0.5185,102.39,1497.2,0,2363
3,2038,64.32,0.5555,98.04,1496.1,0,2362
3,2039,66.14,0.5514,100.23,1457.6,0,2361
3,2040,64.33,0.5666,98.32,1470.4,0,2360
3,2041,65.24,0.5646,103.6,1486.3,0,2359
3,2042,65.2,0.5509,99.13,1490.2,0,2358
3,2043,65.57,0.5233,97.53,1474.0,0,2357
3,2044,65.02,0.58,96.24,1474.6,0,2356
3,2045,64.99,0.5741,101.66,1472.1,0,2355
3,2046,63.39,0.5098,98.77,1470.1,0,2354
3,2047,64.65,0.656,99.24,1481.0,0,2353
3,2048,67.4,0.5496,97.61,1502.0,0,2352
3,2049,65.02,0.5463,101.93,1475.5,0,2351
3,2050,64.1,0.5489,100.89,1479.4,0,2350
3,2051,65.56,0.4831,101.36,1488.6,0,2349
3,2052,65.37,0.5687,101.47,1483.5,0,2348
3,2053,65.39,0.5119,101.57,1484.2,0,2347
3,2054,66.76,0.5616,99.15,1476.5,0,2346
3,2055,64.06,0.527,96.61,1470.1,0,2345
3,2056,64.76,0.471,101.86,1477.9,0,2344
3,2057,64.74,0.449,99.49,1497.7,0,2343
3,2058,64.74,0.5277,97.92,1473.6,0,2342
3,2059,65.39,0.5674,101.28,1500.5,0,2341
3,2060,62.73,0.4903,100.55,1466.6,0,2340
3,2061,64.11,0.5185,101.52,1493.9,0,2339
3,2062,66.22,0.591,94.21,1488.5,0,2338
3,2063,64.36,0.4516,98.82,1486.1,0,2337
3,2064,63.92,0.5619,98.68,1490.7,0,2336
3,2065,64.4,0.5546,96.34,1483.1,0,2335
3,2066,65.45,0.5612,100.62,1495.8,0,2334
3,2067,63.85,0.4459,101.14,1482.8,0,2333
3,2068,63.5,0.4815,100.33,1501.9,0,2332
3,2069,64.51,0.5066,99.26,1504.6,0,2331
3,2070,63.13,0.5231,97.66,1473.8,0,2330
3,2071,66.62,0.5497,97.38,1479.0,0,2329
3,2072,64.12,0.5116,95.32,1497.7,0,2328
3,2073,65.97,0.5124,101.12,1486.4,0,2327
3,2074,65.46,0.5169,98.45,1485.0,0,2326
3,2075,63.31,0.4682,99.65,1491.3,0,2325
3,2076,64.99,0.4747,98.64,1476.0,0,2324
3,2077,62.72,0.5355,96.18,1499.6,0,2323
3,2078,65.93,0.4701,103.41,1486.2,0,2322
3,2079,65.05,0.558,98.08,1500.9,0,2321
3,2080,64.2,0.5755,100.52,1485.7,0,2320
3,2081,63.27,0.5121,97.21,1478.6,0,2319
3,2082,66.51,0.4566,96.75,1490.8,0,2318
3,2083,62.64,0.4816,100.86,1494.3,0,2317
3,2084,63.84,0.4776,97.22,1494.0,0,2316
3,2085,64.95,0.4831,101.72,1486.5,0,2315
3,2086,65.14,0.4476,97.39,1474.3,0,2314
3,2087,63.46,0.4835,98.37,1493.0,0,2313
3,2088,65.7,0.4776,96.2,1513.1,0,2312
3,2089,64.96,0.5115,99.42,1504.1,0,2311
3,2090,64.49,0.405,96.25,1490.6,0,2310
3,2091,65.1,0.4001,98.23,1495.3,0,2309
3,2092,64.92,0.4278,95.64,1484.7,0,2308
3,2093,62.38,0.4923,95.67,1500.7,0,2307
3,2094,64.45,0.4205,98.89,1482.5,0,2306
3,2095,63.57,0.4113,97.74,1506.1,0,2305
3,2096,62.68,0.4788,100.91,1499.4,0,2304
3,2097,63.87,0.4325,98.54,1499.4,0,2303
3,2098,63.58,0.4806,100.68,1506.5,0,2302
3,2099,64.86,0.4,98.7,1517.1,0,2301
3,2100,64.3,0.4647,97.63,1512.8,0,2300
3,2101,61.94,0.4109,95.39,1506.2,0,2299
3,2102,63.46,0.4396,94.39,1506.7,0,2298
3,2103,62.37,0.4342,97.77,1522.6,0,2297
3,2104,64.25,0.4366,97.36,1511.6,0,2296
3,2105,65.13,0.4646,100.46,1490.6,0,2295
3,2106,64.4,0.4114,96.91,1501.3,0,2294
3,2107,62.96,0.4613,97.79,1511.6,0,2293
3,2108,64.77,0.4647,100.52,1521.2,0,2292
3,2109,62.92,0.5178,98.81,1495.2,0,2291
3,2110,62.97,0.5068,95.4,1500.7,0,2290
3,2111,62.37,0.439,94.86,1505.4,0,2289
3,2112,63.59,0.4965,97.89,1507.4,0,2288
3,2113,63.36,0.4723,98.96,1529.2,0,2287
3,2114,63.34,0.3842,95.36,1516.4,0,2286
3,2115,65.44,0.4773,98.49,1502.8,0,2285
3,2116,64.8,0.4448,96.31,1513.3,0,2284
3,2117,62.74,0.4604,96.6,1495.3,0,2283
3,2118,65.56,0.5148,99.09,1507.3,0,2282
3,2119,64.58,0.4532,99.24,1506.4,0,2281
3,2120,62.3,0.4473,98.35,1516.5,0,2280
3,2121,63.06,0.5515,99.72,1503.6,0,2279
3,2122,63.58,0.4309,98.01,1521.6,0,2278
3,2123,63.68,0.3878,99.25,1515.9,0,2277
3,2124,63.24,0.4841,97.62,1503.2,0,2276
3,2125,62.05,0.4821,96.13,1509.3,0,2275
3,2126,62.83,0.4573,99.21,1493.5,0,2274
3,2127,62.19,0.5423,94.7,1505.1,0,2273
3,2128,63.89,0.5119,95.54,1496.5,0,2272
3,2129,64.58,0.5182,99.0,1513.1,0,2271
3,2130,62.21,0.4599,94.35,1515.1,0,2270
3,2131,63.46,0.4859,95.93,1510.8,0,2269
3,2132,63.72,0.508,100.37,1530.4,0,2268
3,2133,62.68,0.4745,98.98,1517.8,0,2267
3,2134,64.91,0.4639,98.58,1514.9,0,2266
3,2135,63.48,0.4645,99.36,1518.3,0,2265
3,2136,65.51,0.4751,95.64,1529.6,0,2264
3,2137,64.27,0.5142,97.59,1520.3,0,2263
3,2138,61.94,0.5519,90.98,1515.7,0,2262
3,2139,61.76,0.5296,96.66,1520.8,0,2261
3,2140,62.54,0.4822,97.08,1522.5,0,2260
3,2141,61.23,0.5112,95.85,1519.7,0,2259
3,2142,64.26,0.4658,95.97,1519.6,0,2258
3,2143,63.1,0.5733,95.95,1525.2,0,2257
3,2144,60.75,0.5414,97.48,1516.3,0,2256
3,2145,61.1,0.5327,100.44,1502.3,0,2255
3,2146,62.36,0.4456,99.12,1509.9,0,2254
3,2147,64.22,0.4991,97.81,1504.9,0,2253
3,2148,63.73,0.5098,97.11,1525.0,0,2252
3,2149,64.64,0.5205,95.37,1504.4,0,2251
3,2150,60.34,0.5718,99.53,1522.1,0,2250
3,2151,61.65,0.5101,100.89,1519.4,0,2249
3,2152,61.84,0.5181,97.23,1529.0,0,2248
3,2153,62.29,0.5786,96.43,1519.0,0,2247
3,2154,61.29,0.5568,95.78,1515.0,0,2246
3,2155,62.65,0.5131,99.03,1530.2,0,2245
3,2156,62.42,0.5339,98.29,1518.1,0,2244
3,2157,64.59,0.5617,99.59,1522.1,0,2243
3,2158,63.38,0.5379,93.92,1525.2,0,2242
3,2159,63.18,0.5854,98.51,1525.0,0,2241
3,2160,62.81,0.5406,94.29,1507.0,0,2240
3,2161,59.8,0.4992,97.11,1518.8,0,2239
3,2162,60.63,0.6006,97.66,1501.3,0,2238
3,2163,61.09,0.5864,98.89,1501.2,0,2237
3,2164,63.32,0.6019,96.89,1514.6,0,2236
3,2165,61.42,0.5789,95.65,1517.2,0,2235
3,2166,63.45,0.4988,100.36,1534.3,0,2234
3,2167,62.73,0.5212,96.53,1521.3,0,2233
3,2168,63.29,0.5233,98.12,1530.5,0,2232
3,2169,62.66,0.4671,99.03,1530.2,0,2231
3,2170,61.98,0.5061,95.53,1500.7,0,2230
3,2171,60.34,0.5268,95.29,1507.4,0,2229
3,2172,62.13,0.5457,95.19,1517.3,0,2228
3,2173,60.99,0.589,99.97,1519.0,0,2227
3,2174,60.8,0.5761,96.33,1525.3,0,2226
3,2175,60.48,0.5408,98.0,1503.6,0,2225
3,2176,61.78,0.5319,98.38,1514.0,0,2224
3,2177,60.78,0.5631,97.2,1508.0,0,2223
3,2178,62.5,0.644,97.91,1513.5,0,2222
3,2179,62.1,0.5395,96.75,1502.7,0,2221
3,2180,61.46,0.5167,94.79,1524.1,0,2220
3,2181,62.37,0.5328,97.98,1512.3,0,2219
3,2182,60.71,0.5507,98.8,1531.7,0,2218
3,2183,61.32,0.558,97.41,1502.1,0,2217
3,2184,60.89,0.5552,96.85,1520.1,0,2216
3,2185,60.44,0.5518,99.36,1503.4,0,2215
3,2186,61.83,0.5076,98.42,1501.4,0,2214
3,2187,59.83,0.4775,98.88,1507.7,0,2213
3,2188,60.86,0.5149,100.69,1511.3,0,2212
3,2189,60.65,0.48,101.7,1522.6,0,2211
3,2190,61.38,0.5198,100.63,1511.1,0,2210
3,2191,61.87,0.4573,98.7,1517.5,0,2209
3,2192,62.33,0.5376,97.26,1503.3,0,2208
3,2193,59.29,0.5205,101.14,1517.0,0,2207
3,2194,59.4,0.541,96.42,1502.5,0,2206
3,2195,58.76,0.4629,100.35,1503.2,0,2205
3,2196,60.15,0.4427,100.61,1503.6,0,2204
3,2197,60.13,0.5352,98.94,1519.2,0,2203
3,2198,60.38,0.5196,95.67,1496.8,0,2202
3,2199,58.93,0.5085,101.29,1520.9,0,2201
3,2200,58.57,0.61,96.62,1514.2,0,2200
3,2201,57.73,0.4436,99.04,1474.1,0,2199
3,2202,58.5,0.521,100.35,1508.2,0,2198
3,2203,59.87,0.5171,100.24,1490.6,0,2197
3,2204,60.43,0.5177,102.49,1503.8,0,2196
3,2205,64.3,0.4817,98.57,1496.6,0,2195
3,2206,58.72,0.4448,97.87,1501.3,0,2194
3,2207,59.95,0.4922,98.17,1499.8,0,2193
3,2208,61.33,0.4568,103.12,1524.6,0,2192
3,2209,59.66,0.4368,104.46,1480.2,0,2191
3,2210,60.67,0.5314,101.43,1496.9,0,2190
3,2211,58.65,0.4385,104.07,1506.3,0,2189
3,2212,60.35,0.5279,100.54,1502.9,0,2188
3,2213,58.98,0.4265,98.43,1501.0,0,2187
3,2214,57.85,0.4563,100.18,1493.6,0,2186
3,2215,58.25,0.4433,99.19,1478.0,0,2185
3,2216,60.02,0.5178,100.58,1484.9,0,2184
3,2217,60.65,0.4896,103.39,1492.5,0,2183
3,2218,59.15,0.5084,104.26,1509.4,0,2182
3,2219,59.04,0.441,96.64,1490.1,0,2181
3,2220,58.55,0.4676,101.95,1489.5,0,2180
3,2221,57.63,0.5044,101.81,1494.1,0,2179
3,2222,61.37,0.4407,101.09,1477.9,0,2178
3,2223,58.67,0.47,100.76,1488.8,0,2177
3,2224,57.31,0.4532,99.62,1480.2,0,2176
3,2225,58.0,0.4538,102.29,1498.2,0,2175
3,2226,59.9,0.4861,102.38,1491.0,0,2174
3,2227,58.25,0.5096,102.11,1469.1,0,2173
3,2228,57.57,0.4967,102.31,1484.2,0,2172
3,2229,57.03,0.5034,100.69,1468.4,0,2171
3,2230,58.24,0.4275,101.0,1481.8,0,2170
3,2231,57.96,0.4008,101.54,1484.6,0,2169
3,2232,60.17,0.424,104.27,1484.8,0,2168
3,2233,57.98,0.4678,101.17,1481.4,0,2167
3,2234,59.31,0.4399,99.05,1488.3,0,2166
3,2235,60.12,0.4483,102.4,1486.1,0,2165
3,2236,56.53,0.4864,101.03,1473.1,0,2164
3,2237,57.09,0.4548,102.41,1467.6,0,2163
3,2238,58.81,0.4451,101.99,1465.5,0,2162
3,2239,58.47,0.4975,99.55,1497.5,0,2161
3,2240,57.09,0.4586,100.18,1472.8,0,2160
3,2241,58.06,0.4538,103.25,1487.4,0,2159
3,2242,55.19,0.4934,102.74,1473.4,0,2158
3,2243,58.27,0.4206,101.45,1487.2,0,2157
3,2244,58.54,0.4526,103.43,1495.6,0,2156
3,2245,57.08,0.4652,101.36,1481.6,0,2155
3,2246,56.96,0.5055,101.34,1478.5,0,2154
3,2247,57.34,0.4661,102.35,1488.2,0,2153
3,2248,57.56,0.4039,99.91,1462.7,0,2152
3,2249,57.98,0.4019,103.19,1484.9,0,2151
3,2250,56.67,0.5129,103.91,1481.6,0,2150
3,2251,56.88,0.4968,102.36,1474.3,0,2149
3,2252,58.09,0.445,101.94,1469.9,0,2148
3,2253,57.77,0.4293,104.83,1466.9,0,2147
3,2254,57.79,0.5077,101.25,1476.7,0,2146
3,2255,57.78,0.5527,101.74,1473.9,0,2145
3,2256,57.26,0.475,103.95,1486.4,0,2144
3,2257,57.67,0.4473,102.07,1482.9,0,2143
3,2258,54.53,0.4511,105.53,1478.4,0,2142
3,2259,57.43,0.573,103.13,1483.7,0,2141
3,2260,58.05,0.4927,100.24,1463.0,0,2140
3,2261,57.0,0.4886,102.22,1482.2,0,2139
3,2262,57.41,0.4861,104.48,1480.4,0,2138
3,2263,56.08,0.4955,103.1,1481.3,0,2137
3,2264,58.08,0.504,103.75,1479.7,0,2136
3,2265,54.62,0.5213,106.9,1477.1,0,2135
3,2266,57.06,0.4629,102.78,1487.4,0,2134
3,2267,57.37,0.4777,105.88,1488.7,0,2133
3,2268,55.87,0.5637,104.15,1470.2,0,2132
3,2269,59.93,0.4428,101.58,1473.6,0,2131
3,2270,55.18,0.4705,103.56,1477.4,0,2130
3,2271,54.83,0.4997,101.1,1479.7,0,2129
3,2272,56.98,0.438,102.37,1481.2,0,2128
3,2273,56.59,0.5736,103.94,1486.3,0,2127
3,2274,53.89,0.5231,99.16,1489.5,0,2126
3,2275,58.04,0.4633,102.84,1482.9,0,2125
3,2276,55.76,0.5361,98.88,1475.0,0,2124
3,2277,57.98,0.5709,103.89,1486.2,0,2123
3,2278,53.8,0.5697,102.85,1499.1,0,2122
3,2279,56.24,0.4061,104.43,1492.1,0,2121
3,2280,57.66,0.4991,99.2,1491.7,0,2120
3,2281,55.7,0.5605,102.45,1476.1,0,2119
3,2282,55.69,0.5075,105.06,1492.7,0,2118
3,2283,55.53,0.4979,105.54,1493.5,0,2117
3,2284,55.2,0.5543,104.18,1492.5,0,2116
3,2285,56.37,0.6285,100.98,1493.1,0,2115
3,2286,57.08,0.5161,101.65,1493.7,0,2114
3,2287,55.8,0.5795,105.4,1477.9,0,2113
3,2288,55.04,0.5474,99.0,1478.8,0,2112
3,2289,55.75,0.5755,104.27,1500.1,0,2111
3,2290,53.32,0.5745,102.83,1481.6,0,2110
3,2291,55.86,0.6151,103.87,1470.3,0,2109
3,2292,54.24,0.5209,102.65,1490.6,0,2108
3,2293,56.61,0.5659,104.99,1492.4,0,2107
3,2294,57.41,0.5644,99.28,1478.5,0,2106
3,2295,55.37,0.5766,103.22,1495.1,0,2105
3,2296,55.38,0.499,106.28,1491.9,0,2104
3,2297,57.94,0.5406,102.88,1492.6,0,2103
3,2298,57.49,0.5581,102.71,1506.2,0,2102
3,2299,56.5,0.5366,102.63,1486.1,0,2101
3,2300,55.85,0.5754,103.55,1490.3,0,2100
3,2301,57.92,0.5569,103.81,1500.9,0,2099
3,2302,56.85,0.5605,103.69,1496.7,0,2098
3,2303,55.26,0.5771,96.88,1490.0,0,2097
3,2304,55.25,0.5848,103.04,1494.0,0,2096
3,2305,54.59,0.5961,103.67,1503.9,0,2095
3,2306,55.88,0.5791,104.92,1478.6,0,2094
3,2307,55.47,0.551,102.33,1493.8,0,2093
3,2308,57.18,0.4673,104.43,1514.8,0,2092
3,2309,55.95,0.5544,102.13,1502.9,0,2091
3,2310,54.93,0.6434,99.38,1497.8,0,2090
3,2311,56.99,0.5379,104.58,1509.3,0,2089
3,2312,56.34,0.5179,104.24,1505.3,0,2088
3,2313,57.61,0.5543,98.91,1525.2,0,2087
3,2314,56.04,0.5387,100.56,1507.3,0,2086
3,2315,54.2,0.4937,104.32,1512.9,0,2085
3,2316,55.46,0.4929,104.58,1509.2,0,2084
3,2317,57.68,0.5542,102.22,1512.6,0,2083
3,2318,55.11,0.533,101.26,1506.3,0,2082
3,2319,56.16,0.5163,103.46,1510.3,0,2081
3,2320,54.41,0.5479,102.28,1504.6,0,2080
3,2321,56.14,0.6229,105.34,1513.9,0,2079
3,2322,54.29,0.5846,106.09,1515.6,0,2078
3,2323,55.59,0.5302,102.6,1506.6,0,2077
3,2324,55.72,0.5157,101.23,1501.3,0,2076
3,2325,55.82,0.4802,102.77,1511.3,0,2075
3,2326,55.58,0.5135,102.53,1528.6,0,2074
3,2327,56.85,0.5753,105.46,1520.3,0,2073
3,2328,53.9,0.5193,102.7,1522.9,0,2072
3,2329,54.91,0.4741,104.37,1518.8,0,2071
3,2330,55.19,0.4749,100.6,1513.8,0,2070
3,2331,57.35,0.5826,98.11,1527.0,0,2069
3,2332,55.24,0.4681,102.62,1510.4,0,2068
3,2333,57.08,0.4503,101.92,1519.2,0,2067
3,2334,55.62,0.5561,102.55,1522.1,0,2066
3,2335,55.47,0.4742,105.31,1508.4,0,2065
3,2336,54.06,0.4671,104.2,1519.5,0,2064
3,2337,55.07,0.4465,101.47,1525.6,0,2063
3,2338,53.15,0.45,101.98,1529.7,0,2062
3,2339,56.63,0.4533,96.82,1520.6,0,2061
3,2340,55.52,0.3732,100.0,1522.4,0,2060
3,2341,56.07,0.4597,102.4,1533.0,0,2059
3,2342,53.67,0.5046,99.99,1517.9,0,2058
3,2343,55.58,0.4562,100.42,1515.2,0,2057
3,2344,55.91,0.4551,100.0,1523.3,0,2056
3,2345,55.05,0.4336,100.94,1519.2,0,2055
3,2346,54.57,0.5307,102.37,1516.2,0,2054
3,2347,54.45,0.4552,98.76,1512.9,0,2053
3,2348,52.9,0.4833,101.46,1529.0,0,2052
3,2349,54.53,0.4001,100.82,1525.3,0,2051
3,2350,54.73,0.4577,101.1,1530.7,0,2050
3,2351,53.91,0.4268,102.42,1509.1,0,2049
3,2352,56.5,0.4179,101.93,1513.0,0,2048
3,2353,55.82,0.4522,101.1,1524.0,0,2047
3,2354,54.98,0.5289,101.22,1525.1,0,2046
3,2355,56.7,0.4393,99.69,1522.2,0,2045
3,2356,55.68,0.4408,101.73,1525.6,0,2044
3,2357,55.17,0.4325,101.15,1520.9,0,2043
3,2358,55.84,0.4695,99.01,1526.0,0,2042
3,2359,54.14,0.4548,97.85,1501.8,0,2041
3,2360,56.92,0.4157,98.21,1526.3,0,2040
3,2361,54.1,0.5092,96.49,1520.3,0,2039
3,2362,55.72,0.4633,98.87,1526.3,0,2038
3,2363,56.46,0.4256,100.57,1519.6,0,2037
3,2364,56.09,0.4071,99.67,1523.7,0,2036
3,2365,54.48,0.4314,99.54,1503.7,0,2035
3,2366,54.61,0.482,100.89,1521.4,0,2034
3,2367,56.66,0.3717,100.56,1512.5,0,2033
3,2368,54.05,0.4662,99.19,1508.3,0,2032
3,2369,55.5,0.4847,98.96,1515.9,0,2031
3,2370,55.54,0.4225,97.58,1514.9,0,2030
3,2371,54.99,0.5164,100.34,1531.5,0,2029
3,2372,54.98,0.4671,97.17,1514.9,0,2028
3,2373,55.05,0.4063,99.13,1506.5,0,2027
3,2374,54.67,0.4688,100.41,1507.1,0,2026
3,2375,54.75,0.484,96.48,1507.7,0,2025
3,2376,57.03,0.4969,99.95,1528.0,0,2024
3,2377,54.5,0.5105,97.4,1529.1,0,2023
3,2378,56.04,0.4529,95.76,1526.9,0,2022
3,2379,54.68,0.3886,100.52,1513.7,0,2021
3,2380,56.19,0.4588,97.89,1527.2,0,2020
3,2381,56.23,0.4883,98.46,1516.2,0,2019
3,2382,54.75,0.4859,99.15,1506.0,0,2018
3,2383,54.87,0.5335,99.0,1511.9,0,2017
3,2384,56.19,0.5172,99.92,1527.9,0,2016
3,2385,55.48,0.5177,95.27,1517.6,0,2015
3,2386,53.62,0.5338,97.35,1519.8,0,2014
3,2387,56.9,0.4949,102.04,1503.9,0,2013
3,2388,55.09,0.4998,101.08,1499.3,0,2012
3,2389,54.36,0.4125,97.06,1516.0,0,2011
3,2390,54.73,0.5137,95.23,1513.6,0,2010
3,2391,54.24,0.5176,101.67,1499.0,0,2009
3,2392,54.65,0.4761,96.94,1515.0,0,2008
3,2393,54.3,0.4794,96.69,1502.5,0,2007
3,2394,52.93,0.4918,97.68,1512.6,0,2006
3,2395,54.06,0.5259,99.16,1496.7,0,2005
3,2396,56.91,0.5156,101.28,1516.4,0,2004
3,2397,53.46,0.5158,99.85,1523.6,0,2003
3,2398,54.4,0.559,95.61,1493.4,0,2002
3,2399,53.99,0.459,99.15,1499.8,0,2001
3,2400,54.16,0.5752,96.43,1498.6,0,2000
3,2401,55.54,0.5453,97.04,1503.2,0,1999
3,2402,56.23,0.5044,98.79,1514.0,0,1998
3,2403,57.05,0.5202,98.72,1497.7,0,1997
3,2404,55.94,0.5343,98.99,1503.3,0,1996
3,2405,55.24,0.4798,96.61,1508.7,0,1995
3,2406,54.94,0.4756,96.86,1503.6,0,1994
3,2407,56.15,0.5661,96.6,1498.7,0,1993
3,2408,55.49,0.5093,94.98,1507.5,0,1992
3,2409,55.38,0.528,96.21,1488.7,0,1991
3,2410,56.4,0.4426,94.24,1495.4,0,1990
3,2411,55.1,0.5694,98.18,1481.5,0,1989
3,2412,55.5,0.4835,94.99,1495.4,0,1988
3,2413,57.76,0.592,96.04,1508.9,0,1987
3,2414,56.81,0.4551,93.49,1498.7,0,1986
3,2415,56.86,0.5488,97.83,1496.5,0,1985
3,2416,58.2,0.6377,96.32,1516.3,0,1984
3,2417,56.5,0.5837,100.99,1492.0,0,1983
3,2418,54.47,0.6432,99.37,1495.8,0,1982
3,2419,55.42,0.4978,98.23,1491.5,0,1981
3,2420,55.72,0.4792,91.42,1484.4,0,1980
3,2421,54.85,0.5143,98.05,1483.1,0,1979
3,2422,56.98,0.5573,95.86,1497.3,0,1978
3,2423,56.43,0.5466,95.78,1486.7,0,1977
3,2424,56.82,0.4847,99.36,1487.8,0,1976
3,2425,57.43,0.5434,97.17,1480.5,0,1975
3,2426,55.91,0.6032,99.52,1471.7,0,1974
3,2427,56.71,0.5832,96.35,1488.4,0,1973
3,2428,56.53,0.6005,100.86,1477.0,0,1972
3,2429,56.05,0.6326,95.47,1472.8,0,1971
3,2430,55.6,0.525,98.3,1470.3,0,1970
3,2431,57.6,0.5627,98.65,1499.7,0,1969
3,2432,56.28,0.5983,98.43,1487.6,0,1968
3,2433,56.39,0.5335,99.62,1487.1,0,1967
3,2434,56.14,0.5427,95.75,1472.4,0,1966
3,2435,59.68,0.5322,94.98,1477.1,0,1965
3,2436,55.5,0.5368,100.34,1477.3,0,1964
3,2437,57.36,0.5417,96.19,1481.8,0,1963
3,2438,55.68,0.5903,94.89,1478.7,0,1962
3,2439,56.68,0.5674,96.95,1486.6,0,1961
3,2440,55.89,0.5252,98.84,1486.4,0,1960
3,2441,58.24,0.4459,97.67,1476.1,0,1959
3,2442,54.77,0.5591,94.87,1479.5,0,1958
3,2443,56.81,0.5405,98.92,1480.7,0,1957
3,2444,58.49,0.4887,98.42,1488.0,0,1956
3,2445,58.28,0.5128,99.31,1497.1,0,1955
3,2446,56.2,0.4302,97.64,1482.3,0,1954
3,2447,56.88,0.4937,98.05,1471.3,0,1953
3,2448,56.52,0.4747,97.06,1453.3,0,1952
3,2449,55.03,0.4941,96.24,1490.6,0,1951
3,2450,57.25,0.4893,96.0,1476.7,0,1950
3,2451,56.95,0.4636,97.4,1473.6,0,1949
3,2452,54.84,0.507,95.14,1478.6,0,1948
3,2453,57.34,0.4824,96.85,1473.2,0,1947
3,2454,55.61,0.4653,100.41,1484.4,0,1946
3,2455,55.56,0.4565,93.37,1483.2,0,1945
3,2456,57.18,0.4868,97.81,1497.8,0,1944
3,2457,58.9,0.472,97.15,1470.2,0,1943
3,2458,57.59,0.4608,98.46,1482.0,0,1942
3,2459,56.9,0.4994,97.56,1460.9,0,1941
3,2460,56.89,0.4902,96.45,1487.1,0,1940
3,2461,59.11,0.4215,96.81,1472.6,0,1939
3,2462,55.55,0.4666,93.96,1480.1,0,1938
3,2463,55.79,0.53,99.21,1483.4,0,1937
3,2464,55.19,0.5457,94.65,1481.4,0,1936
3,2465,57.22,0.4949,96.12,1482.7,0,1935
3,2466,58.86,0.4708,97.11,1488.5,0,1934
3,2467,54.81,0.4737,102.48,1477.4,0,1933
3,2468,56.0,0.3786,97.56,1473.2,0,1932
3,2469,55.92,0.4629,103.2,1490.0,0,1931
3,2470,56.79,0.5099,101.57,1466.7,0,1930
3,2471,57.72,0.4364,97.43,1471.5,0,1929
3,2472,58.29,0.4406,97.45,1467.4,0,1928
3,2473,58.01,0.4945,96.32,1482.8,0,1927
3,2474,56.68,0.4956,98.14,1483.8,0,1926
3,2475,58.41,0.4812,98.22,1478.5,0,1925
3,2476,59.55,0.4208,98.73,1486.1,0,1924
3,2477,57.35,0.4877,95.62,1477.9,0,1923
3,2478,58.81,0.533,100.39,1477.5,0,1922
3,2479,59.08,0.4778,99.06,1481.3,0,1921
3,2480,58.9,0.4257,97.27,1495.2,0,1920
3,2481,59.23,0.4659,99.06,1486.3,0,1919
3,2482,58.92,0.4342,99.39,1481.2,0,1918
3,2483,57.48,0.413,99.45,1496.4,0,1917
3,2484,59.05,0.4674,98.89,1488.7,0,1916
3,2485,58.48,0.4806,100.91,1472.9,0,1915
3,2486,60.05,0.4785,99.47,1493.8,0,1914
3,2487,59.26,0.4178,100.47,1494.9,0,1913
3,2488,61.22,0.4528,95.7,1486.6,0,1912
3,2489,58.87,0.4814,96.82,1490.1,0,1911
3,2490,59.85,0.3856,101.32,1478.1,0,1910
3,2491,58.38,0.4344,100.79,1493.9,0,1909
3,2492,58.96,0.4598,95.9,1485.3,0,1908
3,2493,58.1,0.4136,99.92,1489.7,0,1907
3,2494,60.06,0.3952,100.64,1467.5,0,1906
3,2495,59.49,0.3935,94.58,1502.9,0,1905
3,2496,61.72,0.4809,103.51,1489.2,0,1904
3,2497,58.93,0.4523,97.22,1487.7,0,1903
3,2498,61.92,0.3984,102.42,1500.3,0,1902
3,2499,59.28,0.4659,99.78,1472.0,0,1901
3,2500,58.82,0.4656,100.15,1512.1,0,1900
3,2501,59.21,0.5147,97.1,1504.9,0,1899
3,2502,58.26,0.5111,99.38,1487.8,0,1898
3,2503,59.93,0.4437,101.1,1489.0,0,1897
3,2504,58.04,0.4075,101.43,1500.9,0,1896
3,2505,61.24,0.4408,100.45,1484.1,0,1895
3,2506,61.16,0.4612,98.77,1500.4,0,1894
3,2507,59.18,0.5039,101.19,1505.2,0,1893
3,2508,61.4,0.3542,100.63,1496.6,0,1892
3,2509,59.75,0.5013,101.2,1510.8,0,1891
3,2510,58.95,0.4137,98.42,1495.3,0,1890
3,2511,61.96,0.4883,96.32,1491.3,0,1889
3,2512,63.13,0.4742,100.72,1479.9,0,1888
3,2513,59.97,0.5797,99.51,1501.8,0,1887
3,2514,59.34,0.4665,97.89,1509.4,0,1886
3,2515,61.8,0.5273,100.3,1509.6,0,1885
3,2516,61.09,0.4914,103.45,1506.2,0,1884
3,2517,61.61,0.5016,98.26,1514.4,0,1883
3,2518,59.51,0.5671,102.47,1513.5,0,1882
3,2519,61.58,0.5757,100.39,1502.1,0,1881
3,2520,60.91,0.6031,98.19,1515.2,0,1880
3,2521,61.28,0.595,98.66,1494.7,0,1879
3,2522,59.3,0.5426,98.63,1500.2,0,1878
3,2523,59.96,0.5226,99.11,1520.6,0,1877
3,2524,62.06,0.5169,102.56,1502.1,0,1876
3,2525,61.85,0.5332,101.47,1498.1,0,1875
3,2526,61.46,0.5629,94.76,1496.0,0,1874
3,2527,61.83,0.5648,103.07,1515.2,0,1873
3,2528,59.68,0.471,104.03,1505.1,0,1872
3,2529,61.22,0.5374,102.4,1506.4,0,1871
3,2530,59.62,0.5207,103.07,1515.8,0,1870
3,2531,58.08,0.5075,100.27,1541.1,0,1869
3,2532,62.06,0.5447,98.55,1505.1,0,1868
3,2533,61.26,0.5141,100.55,1512.8,0,1867
3,2534,60.32,0.6853,99.02,1511.4,0,1866
3,2535,61.89,0.6054,104.93,1506.5,0,1865
3,2536,62.16,0.5629,103.46,1511.2,0,1864
3,2537,61.47,0.5736,103.41,1510.8,0,1863
3,2538,62.63,0.4916,103.23,1520.4,0,1862
3,2539,63.99,0.5771,103.55,1519.0,0,1861
3,2540,61.74,0.531,103.73,1525.1,0,1860
3,2541,59.3,0.4672,106.31,1522.3,0,1859
3,2542,60.22,0.5538,101.87,1514.2,0,1858
3,2543,59.63,0.5076,101.11,1510.6,0,1857
3,2544,58.23,0.4887,102.28,1506.3,0,1856
3,2545,62.84,0.5085,102.05,1532.6,0,1855
3,2546,63.07,0.6187,105.81,1508.3,0,1854
3,2547,62.78,0.5449,101.44,1524.2,0,1853
3,2548,62.72,0.5576,101.27,1518.4,0,1852
3,2549,60.97,0.5299,102.3,1509.4,0,1851
3,2550,59.48,0.497,102.43,1540.8,0,1850
3,2551,60.91,0.52,104.45,1516.2,0,1849
3,2552,60.36,0.547,105.13,1517.7,0,1848
3,2553,61.82,0.4923,102.75,1523.1,0,1847
3,2554,61.85,0.514,98.05,1511.2,0,1846
3,2555,62.2,0.5537,98.86,1505.0,0,1845
3,2556,63.69,0.5498,98.96,1519.9,0,1844
3,2557,61.31,0.5424,102.68,1507.7,0,1843
3,2558,62.11,0.5522,108.13,1526.9,0,1842
3,2559,62.13,0.4927,103.39,1513.1,0,1841
3,2560,61.97,0.4942,104.81,1536.6,0,1840
3,2561,64.08,0.5448,107.41,1516.4,0,1839
3,2562,62.4,0.5213,103.95,1518.2,0,1838
3,2563,62.01,0.4768,102.87,1532.7,0,1837
3,2564,61.09,0.5284,99.4,1524.3,0,1836
3,2565,61.65,0.5379,104.52,1523.6,0,1835
3,2566,61.03,0.4751,105.04,1510.7,0,1834
3,2567,62.94,0.4921,104.78,1495.2,0,1833
3,2568,60.0,0.5226,102.71,1527.1,0,1832
3,2569,60.62,0.5356,103.54,1526.5,0,1831
3,2570,61.88,0.5353,105.44,1523.3,0,1830
3,2571,63.55,0.4947,101.97,1527.4,0,1829
3,2572,64.17,0.516,102.47,1500.2,0,1828
3,2573,63.65,0.4218,104.32,1512.3,0,1827
3,2574,63.2,0.5334,102.76,1535.6,0,1826
3,2575,63.45,0.4877,101.93,1520.8,0,1825
3,2576,63.47,0.4837,105.79,1517.7,0,1824
3,2577,63.8,0.5084,102.41,1514.0,0,1823
3,2578,64.84,0.4479,104.29,1529.0,0,1822
3,2579,65.8,0.487,103.91,1520.8,0,1821
3,2580,64.44,0.4926,101.9,1508.7,0,1820
3,2581,63.22,0.5365,102.68,1502.8,0,1819
3,2582,62.76,0.51,104.45,1530.0,0,1818
3,2583,62.74,0.5171,104.35,1509.5,0,1817
3,2584,61.55,0.5203,106.7,1528.4,0,1816
3,2585,61.45,0.5056,105.87,1511.4,0,1815
3,2586,62.05,0.4925,102.68,1515.6,0,1814
3,2587,60.88,0.4637,103.7,1530.6,0,1813
3,2588,63.92,0.4599,103.69,1506.8,0,1812
3,2589,65.58,0.4472,99.54,1534.0,0,1811
3,2590,65.9,0.4894,101.93,1505.4,0,1810
3,2591,65.57,0.432,102.97,1522.6,0,1809
3,2592,63.11,0.4761,100.84,1525.8,0,1808
3,2593,64.32,0.4477,103.66,1517.7,0,1807
3,2594,63.41,0.4256,106.14,1540.6,0,1806
3,2595,60.26,0.4207,100.16,1509.3,0,1805
3,2596,62.57,0.511,103.01,1517.5,0,1804
3,2597,62.67,0.3932,104.65,1498.0,0,1803
3,2598,62.12,0.4588,102.74,1515.5,0,1802
3,2599,62.84,0.4091,101.47,1525.6,0,1801
3,2600,63.82,0.3736,99.8,1523.8,0,1800
3,2601,65.43,0.5421,103.04,1508.2,0,1799
3,2602,64.64,0.5042,105.05,1520.3,0,1798
3,2603,63.01,0.4606,103.66,1514.2,0,1797
3,2604,64.15,0.4819,100.58,1504.4,0,1796
3,2605,63.64,0.4571,100.37,1510.0,0,1795
3,2606,63.83,0.4401,103.23,1499.7,0,1794
3,2607,62.82,0.4536,103.43,1487.9,0,1793
3,2608,64.41,0.4722,103.23,1505.7,0,1792
3,2609,63.13,0.4225,102.25,1524.8,0,1791
3,2610,66.5,0.4574,104.47,1508.8,0,1790
3,2611,62.28,0.4176,104.62,1518.9,0,1789
3,2612,63.76,0.4344,100.92,1501.1,0,1788
3,2613,66.41,0.4305,101.28,1495.9,0,1787
3,2614,63.67,0.4841,103.61,1501.3,0,1786
3,2615,63.02,0.4255,105.05,1495.5,0,1785
3,2616,66.31,0.4702,102.25,1504.2,0,1784
3,2617,63.1,0.4702,101.62,1504.5,0,1783
3,2618,65.2,0.4343,103.08,1505.6,0,1782
3,2619,63.98,0.5267,105.31,1489.3,0,1781
3,2620,63.74,0.4775,100.2,1504.9,0,1780
3,2621,65.46,0.5059,103.82,1505.2,0,1779
3,2622,62.86,0.464,106.33,1494.7,0,1778
3,2623,64.32,0.4037,99.94,1498.7,0,1777
3,2624,65.77,0.4853,103.61,1483.2,0,1776
3,2625,65.4,0.476,100.16,1489.0,0,1775
3,2626,63.66,0.4972,107.42,1492.3,0,1774
3,2627,63.56,0.5311,103.3,1491.7,0,1773
3,2628,65.46,0.4291,106.53,1490.8,0,1772
3,2629,64.02,0.5102,101.89,1501.2,0,1771
3,2630,65.17,0.5102,101.96,1480.7,0,1770
3,2631,65.55,0.4041,103.9,1483.2,0,1769
3,2632,62.62,0.4908,102.41,1495.0,0,1768
3,2633,65.85,0.4986,102.38,1491.6,0,1767
3,2634,64.47,0.5078,104.06,1500.8,0,1766
3,2635,65.34,0.5138,103.21,1475.4,0,1765
3,2636,64.54,0.5203,100.92,1485.6,0,1764
3,2637,64.75,0.4418,103.88,1477.4,0,1763
3,2638,66.39,0.5142,102.17,1482.5,0,1762
3,2639,66.11,0.4902,102.57,1483.0,0,1761
3,2640,65.63,0.5121,100.58,1501.7,0,1760
3,2641,63.66,0.4777,101.53,1484.5,0,1759
3,2642,62.26,0.5152,102.57,1493.7,0,1758
3,2643,65.12,0.4993,103.62,1476.9,0,1757
3,2644,65.67,0.5515,102.57,1493.4,0,1756
3,2645,62.85,0.548,100.57,1466.9,0,1755
3,2646,62.82,0.4684,100.42,1478.1,0,1754
3,2647,63.18,0.5388,101.9,1487.7,0,1753
3,2648,63.91,0.4832,100.85,1509.4,0,1752
3,2649,63.94,0.5088,97.85,1468.7,0,1751
3,2650,64.8,0.5407,100.56,1492.0,0,1750
3,2651,66.13,0.5531,100.33,1481.1,0,1749
3,2652,66.17,0.5468,103.8,1482.2,0,1748
3,2653,64.58,0.5171,101.14,1476.7,0,1747
3,2654,63.84,0.5433,100.28,1496.1,0,1746
3,2655,63.93,0.5248,98.46,1477.6,0,1745
3,2656,64.32,0.6057,99.01,1478.3,0,1744
3,2657,63.8,0.5102,103.74,1482.8,0,1743
3,2658,64.63,0.4761,99.85,1480.4,0,1742
3,2659,65.46,0.5703,99.9,1493.5,0,1741
3,2660,64.78,0.5162,101.28,1464.0,0,1740
3,2661,65.35,0.5482,96.68,1471.3,0,1739
3,2662,64.51,0.4854,103.89,1488.0,0,1738
3,2663,63.93,0.4745,96.41,1489.3,0,1737
3,2664,65.36,0.5077,95.83,1488.5,0,1736
3,2665,61.19,0.5073,101.05,1490.5,0,1735
3,2666,63.96,0.5441,100.57,1493.8,0,1734
3,2667,64.71,0.5568,97.67,1469.5,0,1733
3,2668,67.32,0.527,96.95,1474.3,0,1732
3,2669,64.0,0.5182,98.52,1467.6,0,1731
3,2670,64.0,0.5364,98.38,1469.2,0,1730
3,2671,63.71,0.511,98.88,1485.6,0,1729
3,2672,64.62,0.5926,100.35,1474.7,0,1728
3,2673,65.15,0.5443,103.41,1480.1,0,1727
3,2674,65.56,0.4884,95.89,1459.9,0,1726
3,2675,64.46,0.5549,96.36,1475.1,0,1725
3,2676,65.31,0.5658,98.68,1466.3,0,1724
3,2677,66.27,0.5751,101.4,1475.1,0,1723
3,2678,62.83,0.589,99.97,1500.8,0,1722
3,2679,65.5,0.5713,99.18,1489.5,0,1721
3,2680,64.88,0.5832,96.26,1478.8,0,1720
3,2681,64.21,0.5516,99.6,1478.2,0,1719
3,2682,64.46,0.537,96.64,1482.3,0,1718
3,2683,66.95,0.5636,97.37,1482.9,0,1717
3,2684,63.79,0.6269,97.19,1473.8,0,1716
3,2685,65.13,0.6261,100.51,1470.9,0,1715
3,2686,65.14,0.5226,99.43,1463.2,0,1714
3,2687,64.62,0.5059,95.59,1493.5,0,1713
3,2688,66.33,0.5094,97.97,1478.7,0,1712
3,2689,66.66,0.521,97.26,1494.1,0,1711
3,2690,63.9,0.507,101.63,1490.2,0,1710
3,2691,64.11,0.5729,102.02,1483.1,0,1709
3,2692,63.08,0.5721,98.69,1478.7,0,1708
3,2693,64.12,0.4692,98.29,1488.9,0,1707
3,2694,63.74,0.5001,95.26,1487.4,0,1706
3,2695,63.4,0.4705,98.45,1484.8,0,1705
3,2696,66.38,0.4856,97.46,1508.3,0,1704
3,2697,64.01,0.5485,102.48,1482.4,0,1703
3,2698,64.45,0.4929,96.62,1487.2,0,1702
3,2699,66.09,0.5052,99.5,1469.6,0,1701
3,2700,65.17,0.4612,96.45,1478.3,0,1700
3,2701,63.4,0.5516,97.82,1482.3,0,1699
3,2702,64.32,0.4776,97.4,1485.8,0,1698
3,2703,65.27,0.4972,101.22,1464.3,0,1697
3,2704,63.93,0.4575,98.53,1489.8,0,1696
3,2705,62.18,0.4335,97.44,1479.8,0,1695
3,2706,62.73,0.395,98.12,1484.3,0,1694
3,2707,64.67,0.48,99.15,1498.6,0,1693
3,2708,65.81,0.4115,98.1,1484.7,0,1692
3,2709,63.26,0.502,94.26,1485.8,0,1691
3,2710,67.31,0.5166,97.2,1488.5,0,1690
3,2711,65.07,0.4931,98.43,1482.4,0,1689
3,2712,63.66,0.4836,97.96,1485.1,0,1688
3,2713,66.48,0.4677,99.94,1496.7,0,1687
3,2714,66.1,0.4686,98.84,1511.7,0,1686
3,2715,64.15,0.5021,97.84,1492.1,0,1685
3,2716,66.42,0.429,96.87,1490.0,0,1684
3,2717,65.09,0.4272,101.99,1489.8,0,1683
3,2718,64.25,0.3824,96.86,1502.7,0,1682
3,2719,63.38,0.4787,95.41,1499.0,0,1681
3,2720,66.17,0.4346,95.42,1485.7,0,1680
3,2721,65.29,0.4254,96.21,1498.7,0,1679
3,2722,65.36,0.4141,97.35,1509.0,0,1678
3,2723,64.56,0.4626,99.31,1505.4,0,1677
3,2724,63.22,0.4562,98.68,1485.7,0,1676
3,2725,65.32,0.4354,97.71,1494.1,0,1675
3,2726,64.25,0.4164,96.83,1507.3,0,1674
3,2727,64.37,0.3661,98.93,1495.8,0,1673
3,2728,63.47,0.5323,97.81,1514.4,0,1672
3,2729,66.59,0.478,96.32,1523.0,0,1671
3,2730,64.95,0.4316,96.35,1506.8,0,1670
3,2731,64.15,0.4116,97.59,1521.9,0,1669
3,2732,63.15,0.5069,99.15,1501.8,0,1668
3,2733,64.19,0.4166,99.14,1514.5,0,1667
3,2734,64.29,0.4562,97.28,1503.8,0,1666
3,2735,63.19,0.5091,96.51,1523.9,0,1665
3,2736,63.17,0.43,99.31,1492.0,0,1664
3,2737,63.5,0.478,97.22,1503.6,0,1663
3,2738,64.81,0.3843,100.24,1493.0,0,1662
3,2739,65.81,0.5266,91.13,1484.8,0,1661
3,2740,66.14,0.4495,96.77,1508.3,0,1660
3,2741,62.73,0.4033,99.47,1525.6,0,1659
3,2742,64.96,0.4017,100.37,1522.7,0,1658
3,2743,64.35,0.4464,95.01,1529.8,0,1657
3,2744,62.24,0.3673,98.34,1501.7,0,1656
3,2745,64.87,0.4287,95.58,1520.5,0,1655
3,2746,66.12,0.4516,95.36,1526.6,0,1654
3,2747,65.52,0.5017,98.63,1536.8,0,1653
3,2748,63.46,0.4507,98.76,1520.4,0,1652
3,2749,62.68,0.3896,96.6,1522.5,0,1651
3,2750,64.19,0.5128,96.87,1506.3,0,1650
3,2751,61.53,0.4356,98.42,1509.4,0,1649
3,2752,64.22,0.516,99.03,1527.3,0,1648
3,2753,62.65,0.4462,93.69,1514.6,0,1647
3,2754,62.38,0.3868,97.53,1495.4,0,1646
3,2755,62.5,0.4318,98.0,1504.5,0,1645
3,2756,62.92,0.4891,95.8,1520.9,0,1644
3,2757,60.01,0.47,95.9,1520.7,0,1643
3,2758,64.68,0.4644,96.94,1529.1,0,1642
3,2759,63.21,0.4858,97.72,1529.7,0,1641
3,2760,62.83,0.4825,94.63,1534.9,0,1640
3,2761,64.11,0.5262,95.68,1519.2,0,1639
3,2762,64.31,0.4652,96.77,1522.2,0,1638
3,2763,64.54,0.4739,93.43,1505.0,0,1637
3,2764,64.21,0.4842,93.53,1514.8,0,1636
3,2765,62.5,0.5052,94.7,1524.3,0,1635
3,2766,64.56,0.5359,96.98,1518.4,0,1634
3,2767,62.02,0.5058,97.97,1532.1,0,1633
3,2768,61.45,0.5232,94.77,1529.6,0,1632
3,2769,60.95,0.523,98.79,1501.0,0,1631
3,2770,60.68,0.5275,102.31,1508.8,0,1630
3,2771,61.85,0.5959,98.03,1536.2,0,1629
3,2772,61.35,0.517,97.92,1523.7,0,1628
3,2773,62.22,0.5141,91.67,1520.9,0,1627
3,2774,61.87,0.5813,95.16,1520.9,0,1626
3,2775,61.91,0.5116,98.58,1530.5,0,1625
3,2776,63.19,0.4715,99.43,1527.0,0,1624
3,2777,63.28,0.5742,96.18,1520.9,0,1623
3,2778,61.65,0.5007,96.48,1498.3,0,1622
3,2779,62.28,0.5722,96.86,1524.5,0,1621
3,2780,63.55,0.515,95.69,1520.5,0,1620
3,2781,61.57,0.5028,96.48,1521.3,0,1619
3,2782,62.83,0.474,98.71,1513.3,0,1618
3,2783,63.23,0.5666,98.12,1514.2,0,1617
3,2784,65.68,0.4924,98.6,1534.2,0,1616
3,2785,63.39,0.5252,99.64,1528.9,0,1615
3,2786,62.63,0.5814,98.85,1514.9,0,1614
3,2787,60.26,0.5298,98.55,1509.9,0,1613
3,2788,62.09,0.5945,98.73,1531.3,0,1612
3,2789,62.01,0.602,96.91,1527.6,0,1611
3,2790,62.37,0.5747,101.4,1522.0,0,1610
3,2791,61.45,0.5738,98.83,1518.0,0,1609
3,2792,61.04,0.5564,98.14,1521.9,0,1608
3,2793,61.97,0.5374,102.94,1513.5,0,1607
3,2794,61.42,0.5805,96.29,1528.3,0,1606
3,2795,62.25,0.5388,98.09,1519.0,0,1605
3,2796,61.04,0.5191,96.97,1503.3,0,1604
3,2797,60.84,0.5115,99.21,1499.3,0,1603
3,2798,62.14,0.6344,95.61,1510.7,0,1602
3,2799,61.53,0.5931,98.86,1501.1,0,1601
3,2800,62.13,0.538,97.43,1511.8,0,1600
3,2801,60.55,0.5533,102.53,1515.1,0,1599
3,2802,61.81,0.5225,95.34,1512.8,0,1598
3,2803,61.38,0.6111,100.63,1514.5,0,1597
3,2804,62.27,0.5809,98.32,1506.3,0,1596
3,2805,61.21,0.4826,99.45,1507.2,0,1595
3,2806,60.72,0.5121,96.79,1508.0,0,1594
3,2807,61.62,0.5433,99.02,1499.6,0,1593
3,2808,59.13,0.5704,98.68,1509.8,0,1592
3,2809,62.04,0.4917,98.64,1513.3,0,1591
3,2810,60.65,0.5882,100.94,1493.4,0,1590
3,2811,61.53,0.5332,97.04,1501.0,0,1589
3,2812,63.89,0.5153,100.41,1514.4,0,1588
3,2813,61.24,0.5369,97.28,1494.4,0,1587
3,2814,61.39,0.5873,96.45,1514.4,0,1586
3,2815,60.13,0.4638,99.27,1500.9,0,1585
3,2816,61.18,0.5197,100.77,1511.5,0,1584
3,2817,61.91,0.4899,98.37,1502.2,0,1583
3,2818,61.6,0.5769,98.88,1496.2,0,1582
3,2819,59.55,0.5395,97.71,1518.0,0,1581
3,2820,59.27,0.4772,102.7,1508.8,0,1580
3,2821,58.53,0.4777,96.13,1529.4,0,1579
3,2822,61.93,0.4779,95.65,1502.8,0,1578
3,2823,60.09,0.4464,104.11,1483.3,0,1577
3,2824,60.04,0.4594,96.48,1515.6,0,1576
3,2825,59.35,0.4617,104.75,1535.8,0,1575
3,2826,61.17,0.4319,98.61,1507.9,0,1574
3,2827,61.84,0.4452,95.68,1498.3,0,1573
3,2828,60.09,0.4692,99.62,1506.5,0,1572
3,2829,60.02,0.5431,99.26,1489.1,0,1571
3,2830,57.99,0.5771,98.77,1494.6,0,1570
3,2831,60.19,0.5213,98.9,1488.9,0,1569
3,2832,61.82,0.4351,101.71,1491.5,0,1568
3,2833,59.32,0.5622,96.71,1501.6,0,1567
3,2834,60.28,0.5215,98.86,1499.8,0,1566
3,2835,58.69,0.4964,99.21,1479.7,0,1565
3,2836,57.93,0.4554,104.47,1503.0,0,1564
3,2837,61.25,0.4653,100.41,1492.5,0,1563
3,2838,58.4,0.4835,100.01,1508.0,0,1562
3,2839,57.78,0.4512,97.98,1493.5,0,1561
3,2840,58.51,0.4886,96.35,1503.8,0,1560
3,2841,60.14,0.4961,98.43,1491.2,0,1559
3,2842,57.66,0.4871,99.52,1503.8,0,1558
3,2843,57.83,0.5502,107.26,1490.1,0,1557
3,2844,58.37,0.4577,100.7,1491.1,0,1556
3,2845,58.28,0.5093,102.33,1480.0,0,1555
3,2846,59.67,0.42,103.16,1483.1,0,1554
3,2847,57.45,0.4629,103.19,1488.8,0,1553
3,2848,57.61,0.4769,99.47,1508.4,0,1552
3,2849,57.67,0.4267,99.58,1484.4,0,1551
3,2850,61.43,0.4572,98.62,1491.6,0,1550
3,2851,58.84,0.4523,101.47,1476.5,0,1549
3,2852,56.55,0.4721,98.83,1497.3,0,1548
3,2853,57.08,0.4468,101.66,1495.0,0,1547
3,2854,57.04,0.3956,99.73,1479.4,0,1546
3,2855,58.89,0.4563,102.99,1476.1,0,1545
3,2856,57.86,0.4269,103.32,1486.4,0,1544
3,2857,59.84,0.3742,102.67,1477.8,0,1543
3,2858,56.45,0.4163,98.58,1507.1,0,1542
3,2859,57.96,0.4652,100.96,1485.5,0,1541
3,2860,59.54,0.3946,98.95,1498.1,0,1540
3,2861,60.09,0.491,103.33,1488.0,0,1539
3,2862,58.51,0.5347,98.51,1468.5,0,1538
3,2863,61.07,0.4977,100.76,1472.2,0,1537
3,2864,59.35,0.4505,100.72,1480.0,0,1536
3,2865,58.47,0.4963,102.11,1477.0,0,1535
3,2866,55.38,0.4762,104.27,1502.2,0,1534
3,2867,58.83,0.5663,103.14,1476.6,0,1533
3,2868,57.74,0.5338,104.08,1466.8,0,1532
3,2869,57.73,0.4064,101.8,1479.6,0,1531
3,2870,58.48,0.5008,106.96,1476.1,0,1530
3,2871,57.73,0.517,101.27,1468.9,0,1529
3,2872,57.26,0.4357,101.15,1471.7,0,1528
3,2873,58.45,0.5478,100.97,1468.8,0,1527
3,2874,57.54,0.506,103.57,1479.8,0,1526
3,2875,58.15,0.4025,100.57,1466.8,0,1525
3,2876,55.62,0.4688,97.89,1484.6,0,1524
3,2877,58.57,0.5267,101.72,1467.7,0,1523
3,2878,57.17,0.3858,103.25,1481.6,0,1522
3,2879,58.62,0.5196,100.58,1479.7,0,1521
3,2880,58.06,0.5111,105.96,1479.1,0,1520
3,2881,57.34,0.4624,102.94,1481.5,0,1519
3,2882,58.07,0.528,102.01,1496.4,0,1518
3,2883,57.39,0.4823,101.38,1470.8,0,1517
3,2884,56.61,0.4148,105.71,1471.5,0,1516
3,2885,57.5,0.5101,101.57,1494.5,0,1515
3,2886,57.2,0.464,101.47,1472.6,0,1514
3,2887,57.86,0.5366,102.86,1486.5,0,1513
3,2888,56.03,0.4691,100.46,1479.4,0,1512
3,2889,56.76,0.498,103.97,1490.9,0,1511
3,2890,57.5,0.5718,103.43,1475.1,0,1510
3,2891,55.79,0.4574,103.09,1499.4,0,1509
3,2892,57.15,0.5341,105.24,1469.3,0,1508
3,2893,57.49,0.5136,102.6,1492.6,0,1507
3,2894,57.77,0.5117,100.88,1503.2,0,1506
3,2895,57.77,0.4779,103.08,1482.8,0,1505
3,2896,58.35,0.5472,102.94,1473.4,0,1504
3,2897,56.98,0.5582,102.3,1476.8,0,1503
3,2898,55.32,0.5019,103.89,1473.1,0,1502
3,2899,54.06,0.5197,102.45,1470.6,0,1501
3,2900,55.82,0.5678,99.99,1488.2,0,1500
3,2901,57.55,0.4948,102.54,1484.9,0,1499
3,2902,55.82,0.463,106.92,1491.3,0,1498
3,2903,55.0,0.5694,104.08,1482.5,0,1497
3,2904,56.08,0.496,104.81,1466.5,0,1496
3,2905,55.8,0.5009,105.14,1497.2,0,1495
3,2906,57.85,0.5162,100.58,1483.6,0,1494
3,2907,56.1,0.5023,106.22,1491.4,0,1493
3,2908,58.43,0.452,104.39,1487.6,0,1492
3,2909,55.06,0.5157,102.21,1488.3,0,1491
3,2910,56.54,0.5183,102.98,1475.0,0,1490
3,2911,56.06,0.5887,103.74,1473.3,0,1489
3,2912,55.24,0.5157,98.03,1466.3,0,1488
3,2913,56.28,0.5636,105.49,1490.5,0,1487
3,2914,55.83,0.504,102.86,1482.0,0,1486
3,2915,55.47,0.4918,103.53,1484.9,0,1485
3,2916,56.07,0.5489,107.37,1486.7,0,1484
3,2917,57.21,0.4849,102.16,1494.0,0,1483
3,2918,56.78,0.5071,102.98,1488.3,0,1482
3,2919,56.03,0.4943,103.56,1495.3,0,1481
3,2920,55.33,0.5759,102.65,1498.8,0,1480
3,2921,56.59,0.5443,99.13,1496.9,0,1479
3,2922,55.44,0.5241,101.76,1506.8,0,1478
3,2923,56.95,0.4927,104.03,1486.9,0,1477
3,2924,55.85,0.5105,101.57,1496.2,0,1476
3,2925,54.29,0.5541,101.09,1486.4,0,1475
3,2926,56.59,0.5652,98.42,1507.3,0,1474
3,2927,54.25,0.4882,104.63,1494.3,0,1473
3,2928,58.04,0.5074,102.57,1498.0,0,1472
3,2929,57.01,0.5148,101.46,1495.1,0,1471
3,2930,56.61,0.4403,102.17,1502.7,0,1470
3,2931,54.47,0.5262,102.45,1508.5,0,1469
3,2932,57.46,0.4932,107.95,1501.8,0,1468
3,2933,55.44,0.5158,101.34,1497.9,0,1467
3,2934,54.17,0.5671,103.51,1505.5,0,1466
3,2935,53.67,0.4546,100.56,1498.3,0,1465
3,2936,57.51,0.4709,101.92,1494.4,0,1464
3,2937,56.26,0.537,106.22,1495.4,0,1463
3,2938,54.74,0.5912,100.78,1490.9,0,1462
3,2939,56.42,0.4866,102.31,1501.4,0,1461
3,2940,55.19,0.5139,102.88,1499.7,0,1460
3,2941,53.9,0.5513,101.73,1511.2,0,1459
3,2942,56.59,0.5431,101.56,1509.6,0,1458
3,2943,56.31,0.4471,102.73,1503.3,0,1457
3,2944,52.87,0.5671,104.42,1517.1,0,1456
3,2945,55.63,0.5507,104.39,1513.5,0,1455
3,2946,55.31,0.536,103.64,1509.5,0,1454
3,2947,55.66,0.4834,100.85,1504.9,0,1453
3,2948,55.79,0.5224,99.02,1526.3,0,1452
3,2949,53.41,0.5252,99.9,1521.5,0,1451
3,2950,55.24,0.5287,100.1,1486.0,0,1450
3,2951,54.54,0.4518,101.01,1510.1,0,1449
3,2952,54.87,0.4765,102.22,1501.0,0,1448
3,2953,56.04,0.5052,101.35,1507.8,0,1447
3,2954,55.32,0.5157,101.16,1508.5,0,1446
3,2955,55.47,0.4756,106.35,1516.6,0,1445
3,2956,53.79,0.5024,101.32,1510.9,0,1444
3,2957,56.97,0.4874,100.46,1507.4,0,1443
3,2958,54.21,0.5554,99.32,1501.2,0,1442
3,2959,55.76,0.4809,100.64,1524.9,0,1441
3,2960,54.24,0.4429,102.61,1502.2,0,1440
3,2961,55.15,0.4537,100.82,1510.5,0,1439
3,2962,54.45,0.4722,102.89,1522.0,0,1438
3,2963,54.58,0.503,100.11,1518.7,0,1437
3,2964,56.01,0.4786,101.44,1536.0,0,1436
3,2965,56.11,0.4976,99.79,1521.4,0,1435
3,2966,54.55,0.475,102.05,1510.6,0,1434
3,2967,55.31,0.5423,103.92,1510.3,0,1433
3,2968,54.68,0.4685,98.63,1526.5,0,1432
3,2969,54.79,0.5382,98.07,1507.7,0,1431
3,2970,54.07,0.5576,99.0,1535.4,0,1430
3,2971,54.32,0.5082,99.96,1508.9,0,1429
3,2972,55.43,0.4696,98.72,1496.3,0,1428
3,2973,54.72,0.4345,98.51,1536.7,0,1427
3,2974,54.14,0.5062,100.9,1509.5,0,1426
3,2975,55.8,0.4741,100.9,1536.7,0,1425
3,2976,54.06,0.4611,104.5,1504.7,0,1424
3,2977,56.34,0.4231,102.11,1499.8,0,1423
3,2978,54.04,0.499,99.32,1526.4,0,1422
3,2979,56.7,0.4196,98.32,1517.2,0,1421
3,2980,56.5,0.4038,98.68,1526.3,0,1420
3,2981,55.18,0.4563,99.57,1504.9,0,1419
3,2982,55.93,0.4566,98.95,1527.1,0,1418
3,2983,53.6,0.4416,99.02,1536.3,0,1417
3,2984,55.52,0.498,100.68,1524.4,0,1416
3,2985,55.82,0.4981,99.69,1510.8,0,1415
3,2986,54.81,0.4046,99.82,1516.5,0,1414
3,2987,55.03,0.4714,100.97,1513.9,0,1413
3,2988,53.67,0.533,99.57,1517.4,0,1412
3,2989,53.5,0.4964,100.29,1527.6,0,1411
3,2990,56.06,0.4997,96.6,1512.3,0,1410
3,2991,52.92,0.4452,98.63,1524.2,0,1409
3,2992,54.31,0.4687,103.22,1528.3,0,1408
3,2993,54.07,0.522,100.03,1518.0,0,1407
3,2994,55.89,0.5221,98.35,1509.7,0,1406
3,2995,53.82,0.4841,97.46,1510.0,0,1405
3,2996,53.71,0.4106,98.31,1514.1,0,1404
3,2997,55.76,0.463,99.13,1539.9,0,1403
3,2998,54.19,0.428,96.46,1512.8,0,1402
3,2999,57.15,0.4639,98.17,1513.5,0,1401
3,3000,54.18,0.4447,93.86,1509.4,0,1400
3,3001,56.4,0.5452,100.72,1517.4,0,1399
3,3002,53.34,0.5076,97.28,1516.7,0,1398
3,3003,54.67,0.4127,99.26,1530.9,0,1397
3,3004,55.03,0.4394,98.73,1511.9,0,1396
3,3005,54.52,0.4331,97.66,1503.9,0,1395
3,3006,56.86,0.4537,97.49,1501.4,0,1394
3,3007,55.28,0.48,99.98,1516.1,0,1393
3,3008,53.86,0.4403,97.36,1518.1,0,1392
3,3009,55.4,0.4975,95.37,1516.1,0,1391
3,3010,54.0,0.508,95.8,1510.8,0,1390
3,3011,55.81,0.5043,99.29,1517.6,0,1389
3,3012,53.31,0.4166,96.46,1513.9,0,1388
3,3013,55.43,0.573,98.53,1536.9,0,1387
3,3014,54.41,0.5186,98.42,1513.6,0,1386
3,3015,54.93,0.4824,102.27,1518.0,0,1385
3,3016,55.26,0.5103,96.38,1513.1,0,1384
3,3017,57.8,0.5621,98.95,1490.2,0,1383
3,3018,53.71,0.4824,98.72,1505.8,0,1382
3,3019,55.9,0.529,98.9,1509.9,0,1381
3,3020,55.5,0.517,102.78,1506.0,0,1380
3,3021,55.05,0.5097,97.61,1514.5,0,1379
3,3022,56.5,0.5239,98.94,1510.5,0,1378
3,3023,55.74,0.5758,97.4,1503.9,0,1377
3,3024,55.88,0.4971,101.12,1498.6,0,1376
3,3025,54.64,0.5151,99.59,1507.3,0,1375
3,3026,55.73,0.6197,99.18,1479.4,0,1374
3,3027,55.55,0.4148,91.73,1501.9,0,1373
3,3028,52.76,0.521,94.32,1515.3,0,1372
3,3029,53.76,0.5681,98.68,1500.5,0,1371
3,3030,56.32,0.4781,99.49,1496.7,0,1370
3,3031,56.94,0.508,95.72,1500.8,0,1369
3,3032,56.98,0.4738,94.31,1508.9,0,1368
3,3033,55.49,0.5514,93.82,1505.5,0,1367
3,3034,56.73,0.5614,97.32,1504.1,0,1366
3,3035,53.91,0.5914,97.07,1513.1,0,1365
3,3036,53.43,0.5134,96.98,1498.4,0,1364
3,3037,56.64,0.5197,97.25,1510.5,0,1363
3,3038,55.55,0.5467,98.87,1508.0,0,1362
3,3039,57.29,0.5377,96.28,1493.3,0,1361
3,3040,56.2,0.542,97.2,1520.0,0,1360
3,3041,54.7,0.5552,98.01,1517.0,0,1359
3,3042,54.97,0.5698,98.55,1504.8,0,1358
3,3043,56.89,0.5672,98.83,1515.3,0,1357
3,3044,56.58,0.5003,94.92,1492.7,0,1356
3,3045,55.45,0.6107,97.4,1495.2,0,1355
3,3046,57.04,0.5148,98.45,1483.9,0,1354
3,3047,54.45,0.6288,98.01,1510.0,0,1353
3,3048,57.66,0.5236,99.22,1510.2,0,1352
3,3049,56.59,0.5802,96.07,1502.2,0,1351
3,3050,54.6,0.4602,97.7,1476.6,0,1350
3,3051,56.02,0.563,100.8,1489.9,0,1349
3,3052,53.72,0.5518,98.91,1498.0,0,1348
3,3053,54.47,0.5491,95.09,1480.9,0,1347
3,3054,53.32,0.5018,96.68,1483.8,0,1346
3,3055,56.96,0.6126,93.48,1489.0,0,1345
3,3056,55.98,0.5794,99.2,1480.5,0,1344
3,3057,55.8,0.5143,98.62,1481.9,0,1343
3,3058,58.7,0.5568,97.95,1485.1,0,1342
3,3059,57.49,0.4867,98.24,1508.1,0,1341
3,3060,57.29,0.6179,97.02,1487.0,0,1340
3,3061,56.62,0.5149,98.29,1482.6,0,1339
3,3062,55.02,0.5852,94.41,1483.0,0,1338
3,3063,57.13,0.4983,97.59,1493.3,0,1337
3,3064,55.3,0.5475,96.47,1482.9,0,1336
3,3065,57.41,0.5118,96.23,1476.8,0,1335
3,3066,57.78,0.5683,98.2,1488.6,0,1334
3,3067,56.7,0.5344,96.1,1487.4,0,1333
3,3068,55.71,0.5594,99.97,1485.1,0,1332
3,3069,57.56,0.6124,94.93,1472.8,0,1331
3,3070,56.37,0.4765,98.41,1491.2,0,1330
3,3071,55.78,0.5031,97.06,1492.1,0,1329
3,3072,58.32,0.5737,94.53,1476.4,0,1328
3,3073,57.8,0.5027,95.75,1501.6,0,1327
3,3074,58.2,0.5497,100.24,1486.3,0,1326
3,3075,56.01,0.5179,96.95,1487.6,0,1325
3,3076,57.66,0.5881,98.38,1490.4,0,1324
3,3077,55.23,0.4806,96.91,1471.4,0,1323
3,3078,58.13,0.5608,99.92,1482.8,0,1322
3,3079,57.0,0.5165,96.48,1470.9,0,1321
3,3080,55.55,0.5026,96.68,1471.0,0,1320
3,3081,58.54,0.5147,99.03,1498.6,0,1319
3,3082,57.97,0.5318,96.94,1471.0,0,1318
3,3083,57.21,0.5044,99.83,1493.9,0,1317
3,3084,55.78,0.5084,95.12,1495.9,0,1316
3,3085,56.21,0.5472,98.37,1501.7,0,1315
3,3086,58.71,0.4615,94.97,1482.7,0,1314
3,3087,56.38,0.4544,103.21,1508.1,0,1313
3,3088,56.59,0.4713,98.95,1475.0,0,1312
3,3089,56.33,0.511,95.52,1478.5,0,1311
3,3090,59.66,0.4321,96.68,1483.8,0,1310
3,3091,58.43,0.5297,96.61,1468.7,0,1309
3,3092,57.08,0.4104,95.45,1469.8,0,1308
3,3093,56.78,0.5373,95.03,1458.3,0,1307
3,3094,57.43,0.4618,98.15,1482.5,0,1306
3,3095,57.88,0.4715,99.54,1478.0,0,1305
3,3096,58.69,0.4554,97.79,1480.5,0,1304
3,3097,56.59,0.4402,97.21,1472.7,0,1303
3,3098,57.32,0.4918,94.57,1494.7,0,1302
3,3099,58.05,0.4503,95.4,1478.9,0,1301
3,3100,58.1,0.4922,99.49,1486.7,0,1300
3,3101,57.67,0.442,98.16,1472.6,0,1299
3,3102,57.89,0.4214,100.11,1476.7,0,1298
3,3103,58.59,0.4989,92.34,1486.9,0,1297
3,3104,56.91,0.4647,98.62,1489.4,0,1296
3,3105,58.12,0.3831,96.36,1460.8,0,1295
3,3106,57.57,0.4467,96.17,1476.7,0,1294
3,3107,59.85,0.473,99.27,1485.1,0,1293
3,3108,58.95,0.4202,99.96,1480.2,0,1292
3,3109,58.69,0.4892,95.77,1494.7,0,1291
3,3110,57.92,0.3581,99.62,1483.4,0,1290
3,3111,54.95,0.4285,98.81,1494.5,0,1289
3,3112,59.55,0.4645,97.84,1465.8,0,1288
3,3113,58.4,0.4321,99.16,1492.4,0,1287
3,3114,57.91,0.4241,95.52,1497.0,0,1286
3,3115,58.68,0.4525,97.66,1496.5,0,1285
3,3116,57.94,0.4322,97.65,1480.7,0,1284
3,3117,58.56,0.5295,99.32,1489.3,0,1283
3,3118,60.65,0.4571,96.29,1478.5,0,1282
3,3119,60.78,0.5129,98.99,1480.2,0,1281
3,3120,58.68,0.4637,96.6,1498.8,0,1280
3,3121,59.27,0.5294,100.46,1491.3,0,1279
3,3122,59.6,0.4272,97.76,1469.0,0,1278
3,3123,59.1,0.5341,99.8,1492.1,0,1277
3,3124,59.73,0.4949,98.21,1499.6,0,1276
3,3125,59.42,0.4707,96.52,1490.5,0,1275
3,3126,60.42,0.414,99.59,1473.9,0,1274
3,3127,56.69,0.4217,99.47,1495.5,0,1273
3,3128,59.93,0.4306,99.07,1495.3,0,1272
3,3129,59.68,0.4679,98.31,1486.3,0,1271
3,3130,57.94,0.4857,100.97,1499.1,0,1270
3,3131,59.42,0.4459,100.48,1500.5,0,1269
3,3132,60.14,0.4632,98.89,1479.7,0,1268
3,3133,59.0,0.4579,97.73,1493.7,0,1267
3,3134,59.44,0.4362,97.17,1494.6,0,1266
3,3135,60.66,0.5404,96.27,1477.3,0,1265
3,3136,58.37,0.5791,97.03,1495.6,0,1264
3,3137,59.85,0.4783,96.97,1487.4,0,1263
3,3138,61.55,0.5149,100.46,1501.8,0,1262
3,3139,59.07,0.5638,97.45,1507.5,0,1261
3,3140,60.11,0.4933,100.77,1485.9,0,1260
3,3141,61.62,0.5376,97.43,1501.6,0,1259
3,3142,59.73,0.5215,98.29,1503.1,0,1258
3,3143,60.03,0.5109,98.2,1509.1,0,1257
3,3144,60.68,0.4805,98.17,1510.0,0,1256
3,3145,61.13,0.5244,99.22,1498.1,0,1255
3,3146,57.27,0.4774,97.42,1508.5,0,1254
3,3147,59.34,0.4487,100.4,1494.0,0,1253
3,3148,59.64,0.4516,97.36,1499.8,0,1252
3,3149,60.62,0.5344,100.03,1502.7,0,1251
3,3150,62.13,0.5126,97.21,1511.1,0,1250
3,3151,58.55,0.562,104.29,1502.6,0,1249
3,3152,59.62,0.5533,99.43,1509.4,0,1248
3,3153,60.48,0.4631,102.15,1499.8,0,1247
3,3154,61.99,0.5198,97.66,1507.3,0,1246
3,3155,62.31,0.5717,100.8,1521.3,0,1245
3,3156,60.82,0.496,100.67,1518.0,0,1244
3,3157,60.94,0.5341,99.57,1508.4,0,1243
3,3158,60.31,0.5254,98.54,1527.9,0,1242
3,3159,61.06,0.5779,101.84,1512.9,0,1241
3,3160,62.28,0.5004,105.12,1505.1,0,1240
3,3161,58.87,0.4912,103.64,1517.6,0,1239
3,3162,61.15,0.569,99.42,1488.8,0,1238
3,3163,62.95,0.5212,101.04,1533.9,0,1237
3,3164,60.62,0.5278,102.8,1508.6,0,1236
3,3165,63.91,0.5512,103.41,1509.8,0,1235
3,3166,61.29,0.5134,103.61,1514.5,0,1234
3,3167,61.09,0.4769,105.96,1521.0,0,1233
3,3168,60.85,0.6024,101.39,1526.8,0,1232
3,3169,61.24,0.4926,99.58,1524.4,0,1231
3,3170,60.17,0.5596,99.71,1508.4,0,1230
3,3171,61.01,0.6407,101.5,1510.2,0,1229
3,3172,60.4,0.4874,101.34,1533.6,0,1228
3,3173,59.88,0.4751,102.49,1512.6,0,1227
3,3174,60.92,0.5437,99.8,1514.2,0,1226
3,3175,61.0,0.4888,100.38,1509.0,0,1225
3,3176,60.58,0.512,102.36,1515.3,0,1224
3,3177,62.5,0.6341,103.09,1514.7,0,1223
3,3178,59.99,0.6024,99.76,1509.0,0,1222
3,3179,62.39,0.6092,98.99,1526.8,0,1221
3,3180,61.02,0.55,104.9,1512.0,0,1220
3,3181,61.71,0.5421,102.73,1511.6,0,1219
3,3182,62.31,0.5715,103.47,1529.6,0,1218
3,3183,61.35,0.5056,100.11,1534.2,0,1217
3,3184,61.69,0.5132,100.41,1524.9,0,1216
3,3185,61.18,0.5461,98.85,1523.2,0,1215
3,3186,61.54,0.4933,101.05,1515.2,0,1214
3,3187,62.57,0.5015,107.23,1522.5,0,1213
3,3188,61.25,0.5156,100.56,1500.9,0,1212
3,3189,60.96,0.5283,100.39,1529.1,0,1211
3,3190,62.68,0.4879,100.56,1522.8,0,1210
3,3191,61.5,0.4872,99.56,1503.2,0,1209
3,3192,60.38,0.5459,102.64,1515.6,0,1208
3,3193,61.92,0.5234,105.4,1499.1,0,1207
3,3194,61.04,0.6061,102.37,1522.1,0,1206
3,3195,63.42,0.4499,103.59,1527.7,0,1205
3,3196,61.97,0.5429,98.18,1510.4,0,1204
3,3197,63.54,0.5149,103.92,1518.0,0,1203
3,3198,63.52,0.5632,102.8,1522.8,0,1202
3,3199,62.55,0.5327,101.17,1515.2,0,1201
3,3200,62.46,0.5545,102.17,1514.0,0,1200
3,3201,61.32,0.5209,102.71,1505.8,0,1199
3,3202,64.5,0.5538,104.43,1538.5,0,1198
3,3203,64.15,0.4264,104.79,1513.4,0,1197
3,3204,62.05,0.4794,104.83,1518.1,0,1196
3,3205,61.3,0.3465,102.29,1514.9,0,1195
3,3206,62.75,0.4384,101.69,1532.0,0,1194
3,3207,61.92,0.5123,98.68,1523.5,0,1193
3,3208,65.06,0.444,107.85,1515.8,0,1192
3,3209,62.09,0.4824,100.11,1515.2,0,1191
3,3210,62.06,0.571,102.47,1511.0,0,1190
3,3211,64.17,0.578,104.12,1498.3,0,1189
3,3212,61.49,0.4321,103.16,1507.7,0,1188
3,3213,64.31,0.4045,101.48,1515.4,0,1187
3,3214,64.43,0.462,105.02,1534.1,0,1186
3,3215,61.92,0.4756,103.75,1529.6,0,1185
3,3216,63.02,0.5161,106.58,1513.0,0,1184
3,3217,61.48,0.4553,104.05,1506.8,0,1183
3,3218,62.98,0.4902,100.63,1505.1,0,1182
3,3219,63.82,0.4562,104.15,1519.5,0,1181
3,3220,62.94,0.4629,105.84,1525.8,0,1180
3,3221,64.88,0.4784,105.29,1521.2,0,1179
3,3222,61.96,0.4659,105.57,1509.9,0,1178
3,3223,62.86,0.4071,105.94,1521.5,0,1177
3,3224,62.28,0.4165,102.03,1504.5,0,1176
3,3225,62.83,0.4448,103.9,1504.5,0,1175
3,3226,65.72,0.4058,102.74,1506.1,0,1174
3,3227,62.5,0.4068,101.25,1509.6,0,1173
3,3228,65.8,0.4941,99.23,1505.1,0,1172
3,3229,64.24,0.4159,107.29,1525.0,0,1171
3,3230,64.08,0.458,104.55,1496.2,0,1170
3,3231,64.35,0.4497,98.14,1486.5,0,1169
3,3232,64.2,0.4539,104.98,1510.9,0,1168
3,3233,63.36,0.4468,101.14,1499.6,0,1167
3,3234,63.33,0.425,105.18,1513.3,0,1166
3,3235,62.48,0.408,105.5,1515.2,0,1165
3,3236,64.38,0.4034,103.26,1496.3,0,1164
3,3237,63.81,0.4276,98.52,1506.6,0,1163
3,3238,64.07,0.4042,104.22,1503.0,0,1162
3,3239,61.28,0.4927,101.19,1502.5,0,1161
3,3240,64.27,0.4947,102.44,1490.2,0,1160
3,3241,65.09,0.4759,102.55,1507.9,0,1159
3,3242,64.65,0.442,101.61,1487.7,0,1158
3,3243,63.85,0.4827,102.31,1509.3,0,1157
3,3244,63.54,0.4211,98.17,1516.1,0,1156
3,3245,63.36,0.4503,100.26,1490.3,0,1155
3,3246,61.41,0.3726,102.36,1504.2,0,1154
3,3247,64.49,0.4254,98.43,1481.8,0,1153
3,3248,63.93,0.4264,102.06,1485.2,0,1152
3,3249,65.04,0.4322,103.48,1492.4,0,1151
3,3250,63.13,0.517,102.91,1498.2,0,1150
3,3251,66.43,0.5183,103.14,1502.2,0,1149
3,3252,64.98,0.4598,106.91,1508.6,0,1148
3,3253,66.46,0.5187,100.18,1493.2,0,1147
3,3254,64.32,0.5086,102.56,1499.0,0,1146
3,3255,64.88,0.5779,104.26,1487.5,0,1145
3,3256,64.21,0.4835,100.89,1488.0,0,1144
3,3257,65.28,0.4691,101.49,1490.4,0,1143
3,3258,64.4,0.4512,102.89,1484.8,0,1142
3,3259,64.57,0.5186,101.92,1489.2,0,1141
3,3260,64.6,0.4911,102.13,1489.6,0,1140
3,3261,62.21,0.465,100.47,1499.1,0,1139
3,3262,66.06,0.4672,100.82,1476.9,0,1138
3,3263,64.05,0.465,98.65,1498.1,0,1137
3,3264,64.92,0.5283,100.24,1484.6,0,1136
3,3265,62.69,0.4657,102.85,1490.6,0,1135
3,3266,66.4,0.4545,99.51,1487.4,0,1134
3,3267,65.15,0.4768,101.45,1485.1,0,1133
3,3268,64.7,0.4474,101.27,1502.0,0,1132
3,3269,64.48,0.5069,99.06,1482.8,0,1131
3,3270,63.86,0.4049,101.7,1491.4,0,1130
3,3271,66.51,0.5047,101.04,1482.8,0,1129
3,3272,63.0,0.5114,99.28,1475.7,0,1128
3,3273,65.57,0.4876,102.77,1497.2,0,1127
3,3274,67.06,0.5177,102.34,1486.3,0,1126
3,3275,62.76,0.5165,101.45,1475.9,0,1125
3,3276,67.52,0.5076,100.92,1487.1,0,1124
3,3277,64.48,0.5074,100.97,1476.0,0,1123
3,3278,65.45,0.5621,99.57,1479.8,0,1122
3,3279,65.87,0.555,101.19,1492.4,0,1121
3,3280,66.18,0.5227,101.93,1476.3,0,1120
3,3281,62.25,0.4679,102.34,1476.9,0,1119
3,3282,68.37,0.5648,101.47,1462.2,0,1118
3,3283,67.28,0.585,99.42,1495.2,0,1117
3,3284,64.41,0.5625,105.09,1468.8,0,1116
3,3285,63.21,0.5481,97.72,1492.0,0,1115
3,3286,64.06,0.5438,99.36,1489.6,0,1114
3,3287,65.69,0.5475,102.47,1471.0,0,1113
3,3288,66.37,0.5976,96.67,1477.8,0,1112
3,3289,65.14,0.5362,101.35,1477.5,0,1111
3,3290,66.4,0.6012,101.77,1479.3,0,1110
3,3291,64.55,0.5371,103.54,1460.8,0,1109
3,3292,62.55,0.6061,101.82,1477.0,0,1108
3,3293,68.12,0.5959,103.4,1488.4,0,1107
3,3294,64.16,0.5241,99.17,1463.0,0,1106
3,3295,67.05,0.5303,99.44,1496.4,0,1105
3,3296,64.39,0.5769,100.48,1490.9,0,1104
3,3297,65.64,0.4767,97.91,1487.4,0,1103
3,3298,64.16,0.5417,103.24,1476.0,0,1102
3,3299,65.35,0.5932,99.66,1481.7,0,1101
3,3300,63.95,0.5951,95.94,1478.0,0,1100
3,3301,65.88,0.5375,99.7,1483.6,0,1099
3,3302,64.05,0.533,97.0,1485.3,0,1098
3,3303,64.04,0.6344,98.5,1491.6,0,1097
3,3304,65.81,0.5163,99.64,1493.3,0,1096
3,3305,64.31,0.4989,98.19,1485.5,0,1095
3,3306,66.32,0.5423,97.95,1496.9,0,1094
3,3307,64.9,0.5984,97.35,1490.4,0,1093
3,3308,63.75,0.5387,99.26,1478.7,0,1092
3,3309,66.58,0.552,97.92,1482.5,0,1091
3,3310,66.31,0.5264,101.13,1494.2,0,1090
3,3311,65.27,0.5701,99.39,1491.5,0,1089
3,3312,65.59,0.6583,98.44,1473.4,0,1088
3,3313,65.22,0.5116,98.69,1475.2,0,1087
3,3314,65.42,0.5932,98.99,1497.8,0,1086
3,3315,64.64,0.5325,99.84,1488.3,0,1085
3,3316,65.96,0.4202,96.05,1515.5,0,1084
3,3317,62.08,0.5773,97.99,1487.8,0,1083
3,3318,64.87,0.5243,101.56,1470.3,0,1082
3,3319,63.02,0.6139,97.08,1486.3,0,1081
3,3320,64.12,0.5582,102.11,1474.8,0,1080
3,3321,64.85,0.5193,98.07,1486.9,0,1079
3,3322,65.86,0.5825,97.01,1492.8,0,1078
3,3323,64.39,0.5036,94.52,1482.8,0,1077
3,3324,65.23,0.4218,98.74,1490.7,0,1076
3,3325,63.71,0.5279,98.6,1476.0,0,1075
3,3326,63.96,0.5536,99.05,1491.9,0,1074
3,3327,65.95,0.5123,100.84,1500.7,0,1073
3,3328,64.4,0.4391,98.96,1498.0,0,1072
3,3329,64.48,0.4529,100.06,1499.6,0,1071
3,3330,65.25,0.5165,101.46,1486.6,0,1070
3,3331,65.84,0.509,101.68,1482.9,0,1069
3,3332,64.53,0.5464,97.94,1494.2,0,1068
3,3333,63.97,0.4569,100.02,1492.3,0,1067
3,3334,63.28,0.5178,97.35,1493.3,0,1066
3,3335,64.22,0.4422,97.51,1484.0,0,1065
3,3336,66.14,0.5326,94.54,1477.6,0,1064
3,3337,66.68,0.493,98.21,1488.1,0,1063
3,3338,63.91,0.5283,102.85,1474.5,0,1062
3,3339,63.98,0.5479,96.47,1491.4,0,1061
3,3340,66.33,0.469,99.11,1498.3,0,1060
3,3341,64.86,0.5041,97.78,1509.9,0,1059
3,3342,65.75,0.4698,103.8,1487.1,0,1058
3,3343,63.41,0.4999,96.4,1497.7,0,1057
3,3344,63.2,0.4722,100.73,1495.9,0,1056
3,3345,63.33,0.4444,99.35,1475.4,0,1055
3,3346,63.11,0.47,101.14,1495.7,0,1054
3,3347,66.67,0.49,102.16,1495.2,0,1053
3,3348,63.89,0.4522,98.45,1485.3,0,1052
3,3349,65.54,0.4404,98.3,1504.7,0,1051
3,3350,64.81,0.3926,92.2,1502.7,0,1050
3,3351,64.04,0.4507,97.74,1499.0,0,1049
3,3352,62.09,0.4372,97.03,1495.6,0,1048
3,3353,64.45,0.4837,100.25,1491.5,0,1047
3,3354,62.69,0.4353,96.59,1491.2,0,1046
3,3355,63.77,0.4998,99.14,1493.3,0,1045
3,3356,63.74,0.4659,100.34,1509.3,0,1044
3,3357,63.18,0.4934,98.72,1504.2,0,1043
3,3358,63.92,0.4787,94.84,1498.8,0,1042
3,3359,63.81,0.4254,97.88,1518.0,0,1041
3,3360,62.19,0.4086,97.25,1509.8,0,1040
3,3361,63.3,0.4176,96.05,1505.8,0,1039
3,3362,63.78,0.4187,95.85,1484.9,0,1038
3,3363,64.9,0.4623,97.41,1528.7,0,1037
3,3364,63.45,0.5643,96.65,1505.0,0,1036
3,3365,64.65,0.4953,98.38,1520.3,0,1035
3,3366,63.31,0.4226,97.2,1519.4,0,1034
3,3367,63.59,0.4533,97.05,1507.9,0,1033
3,3368,62.24,0.4563,94.52,1505.2,0,1032
3,3369,63.42,0.45,95.77,1521.4,0,1031
3,3370,63.43,0.4319,98.25,1518.9,0,1030
3,3371,62.82,0.5045,100.16,1523.7,0,1029
3,3372,65.03,0.4205,96.17,1517.4,0,1028
3,3373,62.85,0.4233,95.82,1505.4,0,1027
3,3374,64.49,0.5214,95.44,1513.6,0,1026
3,3375,65.86,0.5077,98.08,1499.4,0,1025
3,3376,63.56,0.4693,98.5,1510.9,0,1024
3,3377,64.18,0.4046,98.04,1523.3,0,1023
3,3378,60.52,0.4376,98.23,1519.3,0,1022
3,3379,63.5,0.4713,98.17,1501.0,0,1021
3,3380,63.11,0.4535,97.52,1512.4,0,1020
3,3381,63.63,0.4873,100.88,1493.7,0,1019
3,3382,63.4,0.4648,93.16,1502.0,0,1018
3,3383,62.75,0.4364,95.06,1522.0,0,1017
3,3384,61.35,0.5176,99.54,1508.7,0,1016
3,3385,63.76,0.4458,96.01,1512.9,0,1015
3,3386,64.11,0.5147,96.78,1512.1,0,1014
3,3387,60.48,0.4696,95.73,1516.2,0,1013
3,3388,62.43,0.5012,94.81,1507.7,0,1012
3,3389,64.28,0.4551,98.56,1520.5,0,1011
3,3390,62.05,0.5441,97.68,1516.7,0,1010
3,3391,64.22,0.3612,94.64,1501.8,0,1009
3,3392,63.85,0.4832,96.37,1520.5,0,1008
3,3393,62.06,0.5347,95.84,1524.4,0,1007
3,3394,61.7,0.4674,97.49,1518.3,0,1006
3,3395,62.85,0.4335,93.82,1497.7,0,1005
3,3396,63.17,0.563,95.34,1523.7,0,1004
3,3397,63.67,0.5057,96.29,1522.3,0,1003
3,3398,62.6,0.5026,96.56,1517.9,0,1002
3,3399,61.47,0.4431,99.58,1512.4,0,1001
3,3400,65.08,0.5548,98.54,1512.3,0,1000
3,3401,62.82,0.485,95.25,1511.0,0,999
3,3402,63.29,0.5991,97.95,1519.2,0,998
3,3403,61.15,0.5702,95.94,1518.8,0,997
3,3404,60.41,0.5638,94.95,1507.9,0,996
3,3405,62.78,0.5905,95.99,1515.8,0,995
3,3406,63.76,0.5884,98.07,1527.4,0,994
3,3407,62.93,0.6031,100.07,1508.6,0,993
3,3408,62.73,0.5743,92.46,1501.8,0,992
3,3409,62.35,0.5367,95.68,1535.8,0,991
3,3410,62.16,0.5382,97.54,1515.1,0,990
3,3411,61.46,0.603,97.45,1514.6,0,989
3,3412,62.3,0.6247,97.01,1522.3,0,988
3,3413,60.01,0.5196,96.31,1514.9,0,987
3,3414,62.66,0.5504,96.75,1510.4,0,986
3,3415,62.29,0.6153,98.2,1513.3,0,985
3,3416,63.07,0.6227,96.85,1523.3,0,984
3,3417,60.48,0.5011,94.99,1495.2,0,983
3,3418,60.49,0.5308,93.86,1506.0,0,982
3,3419,59.82,0.5228,96.51,1523.5,0,981
3,3420,60.41,0.4523,97.51,1519.7,0,980
3,3421,62.88,0.5866,99.05,1518.7,0,979
3,3422,59.83,0.5194,100.51,1522.9,0,978
3,3423,63.88,0.5219,102.75,1512.0,0,977
3,3424,60.87,0.5831,101.51,1514.6,0,976
3,3425,59.92,0.4989,91.93,1499.9,0,975
3,3426,60.63,0.5418,96.82,1510.6,0,974
3,3427,60.28,0.4938,98.75,1539.6,0,973
3,3428,60.68,0.58,101.43,1531.1,0,972
3,3429,61.67,0.5925,101.41,1523.3,0,971
3,3430,60.51,0.5217,97.98,1510.0,0,970
3,3431,61.5,0.5587,97.66,1519.2,0,969
3,3432,62.05,0.4842,97.9,1530.5,0,968
3,3433,62.14,0.5428,95.03,1511.1,0,967
3,3434,61.34,0.5436,98.87,1517.5,0,966
3,3435,61.63,0.5233,101.25,1530.2,0,965
3,3436,63.12,0.5377,96.84,1491.7,0,964
3,3437,60.31,0.5886,99.53,1504.1,0,963
3,3438,61.75,0.4838,99.38,1517.6,0,962
3,3439,61.81,0.4329,100.12,1510.6,0,961
3,3440,58.68,0.4978,98.87,1510.8,0,960
3,3441,59.56,0.5292,100.16,1507.5,0,959
3,3442,61.61,0.5543,96.89,1506.9,0,958
3,3443,60.35,0.4675,100.49,1506.3,0,957
3,3444,59.64,0.5174,97.74,1504.1,0,956
3,3445,61.46,0.585,100.93,1510.4,0,955
3,3446,62.65,0.5679,98.05,1491.6,0,954
3,3447,58.5,0.5474,103.73,1512.8,0,953
3,3448,60.67,0.4647,101.81,1488.2,0,952
3,3449,59.99,0.5526,97.29,1494.3,0,951
3,3450,60.12,0.5148,99.58,1507.8,0,950
3,3451,61.85,0.5094,96.8,1502.6,0,949
3,3452,59.59,0.4982,102.96,1507.2,0,948
3,3453,61.09,0.4817,101.63,1503.8,0,947
3,3454,60.28,0.5058,96.77,1499.9,0,946
3,3455,60.52,0.5775,98.2,1504.1,0,945
3,3456,60.83,0.4666,98.83,1510.0,0,944
3,3457,59.92,0.514,95.24,1496.8,0,943
3,3458,59.22,0.4478,100.49,1485.5,0,942
3,3459,60.52,0.533,101.85,1504.7,0,941
3,3460,60.31,0.5632,99.59,1494.7,0,940
3,3461,60.95,0.4458,98.99,1492.0,0,939
3,3462,60.69,0.4222,95.6,1504.4,0,938
3,3463,58.99,0.4735,97.9,1516.3,0,937
3,3464,59.8,0.432,99.98,1502.5,0,936
3,3465,60.33,0.4245,99.97,1471.6,0,935
3,3466,59.89,0.4508,100.5,1494.7,0,934
3,3467,60.05,0.4499,100.83,1480.3,0,933
3,3468,58.66,0.4925,100.48,1496.5,0,932
3,3469,60.87,0.459,99.58,1508.0,0,931
3,3470,61.81,0.4509,98.52,1473.8,0,930
3,3471,58.21,0.4775,102.13,1492.1,0,929
3,3472,58.62,0.4241,101.07,1484.7,0,928
3,3473,58.64,0.447,100.29,1484.4,0,927
3,3474,59.58,0.4945,102.64,1483.6,0,926
3,3475,58.83,0.4012,99.81,1496.3,0,925
3,3476,57.71,0.4132,103.76,1500.3,0,924
3,3477,58.96,0.3944,104.76,1490.8,0,923
3,3478,57.79,0.4737,99.74,1484.4,0,922
3,3479,59.25,0.3579,103.12,1481.2,0,921
3,3480,61.02,0.467,100.29,1471.5,0,920
3,3481,58.41,0.516,102.5,1479.4,0,919
3,3482,57.73,0.4187,101.89,1507.1,0,918
3,3483,59.45,0.4538,104.47,1469.2,0,917
3,3484,58.1,0.423,101.49,1490.7,0,916
3,3485,57.63,0.4315,98.23,1486.3,0,915
3,3486,58.57,0.4075,99.39,1481.2,0,914
3,3487,60.95,0.5259,99.68,1472.5,0,913
3,3488,58.89,0.4524,99.78,1485.1,0,912
3,3489,57.05,0.4419,103.09,1471.3,0,911
3,3490,58.48,0.4225,100.97,1487.9,0,910
3,3491,59.44,0.5164,103.14,1478.9,0,909
3,3492,59.27,0.375,102.81,1473.9,0,908
3,3493,59.09,0.4427,102.63,1499.3,0,907
3,3494,59.34,0.4923,96.46,1459.6,0,906
3,3495,58.85,0.4229,101.72,1479.9,0,905
3,3496,57.06,0.4434,98.18,1485.8,0,904
3,3497,57.53,0.4499,103.11,1466.7,0,903
3,3498,55.39,0.5008,103.36,1493.7,0,902
3,3499,58.46,0.427,102.31,1502.5,0,901
3,3500,57.27,0.4641,105.84,1477.6,0,900
3,3501,57.91,0.5306,105.39,1475.5,0,899
3,3502,57.62,0.4507,98.83,1483.8,0,898
3,3503,58.01,0.4926,101.83,1475.7,0,897
3,3504,58.67,0.46,104.52,1472.3,0,896
3,3505,59.77,0.4663,101.97,1476.7,0,895
3,3506,56.84,0.5284,104.49,1480.1,0,894
3,3507,54.77,0.5471,103.57,1468.0,0,893
3,3508,56.47,0.425,103.2,1485.9,0,892
3,3509,58.12,0.4757,103.56,1498.4,0,891
3,3510,56.03,0.4415,103.16,1461.2,0,890
3,3511,56.74,0.5039,100.26,1488.1,0,889
3,3512,56.14,0.4187,103.9,1465.0,0,888
3,3513,57.19,0.4872,101.8,1483.9,0,887
3,3514,57.81,0.5615,101.3,1501.5,0,886
3,3515,54.09,0.5287,102.44,1491.9,0,885
3,3516,59.06,0.4416,104.77,1466.7,0,884
3,3517,56.93,0.5616,99.49,1493.8,0,883
3,3518,56.88,0.3966,105.15,1474.5,0,882
3,3519,57.11,0.5653,99.7,1487.6,0,881
3,3520,57.83,0.4677,102.77,1475.2,0,880
3,3521,57.94,0.5398,104.01,1468.4,0,879
3,3522,58.64,0.5235,105.85,1482.2,0,878
3,3523,55.85,0.5504,100.27,1477.5,0,877
3,3524,57.32,0.539,102.55,1484.1,0,876
3,3525,57.47,0.5957,105.92,1478.0,0,875
3,3526,54.75,0.5144,99.17,1493.0,0,874
3,3527,56.75,0.4845,102.85,1472.7,0,873
3,3528,55.78,0.4833,104.36,1493.2,0,872
3,3529,57.06,0.5459,103.07,1490.9,0,871
3,3530,56.6,0.5258,105.42,1478.0,0,870
3,3531,57.11,0.5174,101.59,1475.2,0,869
3,3532,55.77,0.4731,104.87,1474.7,0,868
3,3533,55.36,0.5366,101.97,1493.8,0,867
3,3534,55.25,0.5827,104.13,1488.6,0,866
3,3535,56.19,0.5228,105.62,1500.1,0,865
3,3536,55.41,0.5362,101.61,1477.0,0,864
3,3537,55.11,0.5369,103.79,1503.1,0,863
3,3538,56.83,0.633,105.0,1477.2,0,862
3,3539,55.01,0.5693,103.93,1479.7,0,861
3,3540,57.08,0.5585,103.44,1482.1,0,860
3,3541,56.84,0.5445,105.5,1479.1,0,859
3,3542,55.86,0.486,104.39,1494.0,0,858
3,3543,55.62,0.5831,102.8,1480.8,0,857
3,3544,57.81,0.5379,102.96,1490.9,0,856
3,3545,56.19,0.5779,101.91,1476.9,0,855
3,3546,57.96,0.5359,101.34,1488.6,0,854
3,3547,57.69,0.5834,104.69,1488.3,0,853
3,3548,56.82,0.5017,104.95,1485.9,0,852
3,3549,56.86,0.533,100.69,1477.5,0,851
3,3550,55.95,0.5704,102.46,1484.5,0,850
3,3551,54.59,0.4769,102.23,1501.1,0,849
3,3552,54.7,0.5846,106.52,1499.8,0,848
3,3553,55.93,0.5469,103.88,1481.3,0,847
3,3554,54.64,0.5355,105.9,1499.9,0,846
3,3555,56.09,0.5766,102.28,1501.6,0,845
3,3556,55.82,0.5446,102.11,1494.4,0,844
3,3557,55.87,0.6066,103.28,1494.2,0,843
3,3558,56.61,0.5148,100.22,1498.0,0,842
3,3559,56.69,0.5282,101.79,1485.4,0,841
3,3560,56.45,0.6074,102.93,1497.9,0,840
3,3561,55.95,0.5418,99.17,1500.5,0,839
3,3562,58.24,0.5307,100.8,1493.7,0,838
3,3563,55.47,0.5215,102.68,1512.4,0,837
3,3564,57.99,0.5252,105.83,1507.2,0,836
3,3565,56.1,0.4901,104.59,1502.6,0,835
3,3566,56.32,0.5041,103.37,1510.4,0,834
3,3567,55.06,0.4467,101.86,1501.5,0,833
3,3568,57.41,0.4834,100.84,1509.3,0,832
3,3569,54.99,0.591,96.44,1491.1,0,831
3,3570,57.63,0.5291,100.26,1510.3,0,830
3,3571,55.25,0.507,104.32,1483.4,0,829
3,3572,55.54,0.5597,103.88,1517.8,0,828
3,3573,53.92,0.5451,101.44,1515.3,0,827
3,3574,54.16,0.5174,103.98,1520.3,0,826
3,3575,56.04,0.5417,99.63,1514.5,0,825
3,3576,55.35,0.538,105.23,1494.0,0,824
3,3577,55.68,0.4661,102.42,1513.3,0,823
3,3578,56.52,0.5222,100.78,1509.5,0,822
3,3579,56.87,0.5263,102.91,1497.3,0,821
3,3580,54.26,0.5344,99.5,1520.9,0,820
3,3581,54.34,0.5578,101.05,1490.8,0,819
3,3582,56.22,0.5031,102.61,1531.4,0,818
3,3583,54.7,0.4665,102.31,1510.7,0,817
3,3584,53.95,0.5821,98.68,1530.2,0,816
3,3585,54.11,0.4683,103.53,1521.9,0,815
3,3586,56.26,0.4864,100.54,1519.3,0,814
3,3587,55.03,0.4954,102.53,1508.3,0,813
3,3588,56.07,0.4812,101.34,1525.4,0,812
3,3589,56.93,0.4706,97.37,1523.0,0,811
3,3590,54.92,0.512,99.9,1504.9,0,810
3,3591,56.17,0.4704,98.18,1519.9,0,809
3,3592,54.36,0.4551,105.16,1508.9,0,808
3,3593,55.99,0.4144,101.22,1533.7,0,807
3,3594,54.35,0.453,102.78,1491.1,0,806
3,3595,54.08,0.4332,100.47,1523.5,0,805
3,3596,54.78,0.4297,101.19,1514.6,0,804
3,3597,56.22,0.5309,100.41,1533.2,0,803
3,3598,54.03,0.5144,100.34,1507.4,0,802
3,3599,55.36,0.3719,102.73,1510.3,0,801
3,3600,54.19,0.4288,100.88,1525.1,0,800
3,3601,53.95,0.457,99.39,1516.3,0,799
3,3602,56.49,0.4614,103.9,1520.7,0,798
3,3603,54.48,0.4691,98.64,1537.5,0,797
3,3604,56.73,0.5113,100.49,1527.5,0,796
3,3605,54.4,0.4533,100.63,1514.1,0,795
3,3606,56.41,0.4104,101.63,1518.5,0,794
3,3607,55.69,0.4294,96.36,1518.1,0,793
3,3608,53.27,0.5014,96.04,1514.8,0,792
3,3609,55.56,0.4422,99.95,1511.1,0,791
3,3610,55.23,0.4274,102.22,1533.1,0,790
3,3611,54.11,0.4612,98.29,1520.0,0,789
3,3612,56.11,0.5427,99.29,1522.3,0,788
3,3613,56.22,0.4204,104.3,1507.6,0,787
3,3614,55.6,0.4892,97.49,1524.6,0,786
3,3615,54.95,0.4433,98.8,1513.0,0,785
3,3616,57.26,0.3913,101.08,1506.4,0,784
3,3617,55.57,0.4358,96.82,1526.5,0,783
3,3618,56.38,0.4622,101.62,1523.0,0,782
3,3619,55.59,0.4969,100.83,1513.1,0,781
3,3620,57.27,0.4718,100.17,1537.7,0,780
3,3621,55.27,0.5419,100.14,1501.1,0,779
3,3622,55.69,0.4075,101.71,1499.5,0,778
3,3623,58.03,0.4255,99.37,1532.0,0,777
3,3624,55.81,0.4565,97.18,1520.8,0,776
3,3625,56.27,0.4903,98.44,1503.2,0,775
3,3626,55.35,0.4568,100.04,1532.1,0,774
3,3627,53.91,0.4658,98.38,1516.9,0,773
3,3628,52.77,0.4611,102.04,1518.8,0,772
3,3629,57.24,0.4182,99.82,1509.1,0,771
3,3630,55.42,0.4429,94.81,1516.4,0,770
3,3631,56.87,0.4144,101.58,1524.9,0,769
3,3632,54.74,0.5104,102.98,1521.1,0,768
3,3633,56.98,0.4664,99.93,1518.6,0,767
3,3634,54.14,0.4882,103.84,1531.8,0,766
3,3635,54.55,0.4911,102.28,1522.1,0,765
3,3636,55.67,0.5532,101.02,1522.5,0,764
3,3637,56.0,0.5176,100.51,1520.5,0,763
3,3638,56.12,0.457,95.92,1521.9,0,762
3,3639,55.68,0.4285,97.42,1507.9,0,761
3,3640,55.09,0.4792,99.42,1512.1,0,760
3,3641,56.03,0.5269,98.56,1519.9,0,759
3,3642,54.19,0.5433,99.68,1499.5,0,758
3,3643,55.43,0.476,98.04,1499.8,0,757
3,3644,55.4,0.5335,99.06,1523.4,0,756
3,3645,57.31,0.4949,97.11,1495.4,0,755
3,3646,55.45,0.4535,95.19,1520.5,0,754
3,3647,54.39,0.502,91.56,1514.0,0,753
3,3648,55.91,0.4871,96.82,1505.5,0,752
3,3649,57.19,0.5129,101.86,1499.9,0,751
3,3650,54.78,0.5314,100.5,1505.8,0,750
3,3651,55.86,0.5419,99.64,1512.7,0,749
3,3652,54.41,0.5242,95.47,1490.9,0,748
3,3653,54.15,0.5354,96.75,1528.0,0,747
3,3654,54.66,0.4863,100.54,1517.5,0,746
3,3655,57.33,0.472,99.79,1498.1,0,745
3,3656,54.7,0.5083,99.81,1513.4,0,744
3,3657,53.65,0.5708,97.41,1504.7,0,743
3,3658,54.44,0.5296,96.34,1516.6,0,742
3,3659,54.22,0.4975,100.25,1515.4,0,741
3,3660,56.02,0.585,95.09,1506.6,0,740
3,3661,57.88,0.5076,94.66,1499.6,0,739
3,3662,55.14,0.5428,97.35,1505.0,0,738
3,3663,54.59,0.595,98.37,1512.2,0,737
3,3664,56.05,0.5255,95.47,1501.3,0,736
3,3665,56.17,0.5446,95.53,1516.2,0,735
3,3666,57.6,0.6072,96.25,1495.7,0,734
3,3667,55.59,0.6369,95.22,1487.9,0,733
3,3668,58.1,0.5275,97.81,1486.8,0,732
3,3669,55.91,0.5864,99.84,1510.8,0,731
3,3670,54.88,0.5858,95.88,1492.2,0,730
3,3671,54.88,0.6047,98.15,1497.8,0,729
3,3672,54.72,0.5365,98.73,1492.4,0,728
3,3673,56.33,0.5008,99.78,1470.6,0,727
3,3674,54.04,0.5728,96.84,1510.0,0,726
3,3675,57.43,0.4724,97.47,1483.5,0,725
3,3676,58.12,0.5396,97.34,1505.0,0,724
3,3677,55.58,0.5166,95.58,1484.4,0,723
3,3678,54.6,0.4936,96.32,1489.1,0,722
3,3679,55.53,0.5583,98.52,1493.8,0,721
3,3680,57.29,0.5287,98.41,1502.6,0,720
3,3681,56.05,0.6037,100.36,1495.3,0,719
3,3682,56.79,0.5866,97.0,1487.2,0,718
3,3683,56.66,0.5438,96.51,1494.1,0,717
3,3684,54.37,0.5358,97.57,1495.2,0,716
3,3685,56.95,0.581,97.22,1491.0,0,715
3,3686,58.06,0.5722,95.04,1482.9,0,714
3,3687,55.52,0.5153,97.11,1494.8,0,713
3,3688,57.07,0.5412,97.26,1493.3,0,712
3,3689,55.55,0.5846,94.18,1504.4,0,711
3,3690,54.89,0.552,96.61,1487.3,0,710
3,3691,57.45,0.5164,97.22,1492.8,0,709
3,3692,57.17,0.548,94.6,1489.7,0,708
3,3693,55.37,0.5634,95.91,1481.3,0,707
3,3694,54.72,0.5064,97.08,1484.9,0,706
3,3695,55.12,0.5033,97.97,1503.2,0,705
3,3696,56.83,0.4441,99.8,1484.0,0,704
3,3697,57.1,0.5217,97.65,1485.5,0,703
3,3698,56.7,0.486,96.48,1487.1,0,702
3,3699,56.97,0.5522,93.99,1480.6,0,701
3,3700,57.76,0.5232,97.77,1499.8,0,700
3,3701,57.56,0.4606,96.16,1476.6,0,699
3,3702,56.61,0.5405,93.66,1476.4,0,698
3,3703,56.62,0.4817,97.15,1460.5,0,697
3,3704,55.37,0.5233,95.15,1470.2,0,696
3,3705,58.36,0.4324,98.36,1483.6,0,695
3,3706,56.88,0.5425,95.7,1491.3,0,694
3,3707,59.05,0.5216,97.02,1487.7,0,693
3,3708,56.85,0.5201,99.09,1493.2,0,692
3,3709,57.11,0.5345,96.58,1459.0,0,691
3,3710,56.18,0.4479,96.66,1488.3,0,690
3,3711,57.85,0.5199,98.61,1476.7,0,689
3,3712,58.76,0.4895,99.11,1497.1,0,688
3,3713,57.92,0.5365,94.26,1471.6,0,687
3,3714,59.48,0.4667,95.46,1484.6,0,686
3,3715,57.55,0.3888,98.16,1482.7,0,685
3,3716,56.51,0.4889,96.12,1487.2,0,684
3,3717,57.28,0.4231,96.87,1474.9,0,683
3,3718,59.04,0.4527,97.67,1480.1,0,682
3,3719,57.7,0.5105,101.56,1486.2,0,681
3,3720,58.42,0.5182,99.26,1463.2,0,680
3,3721,57.42,0.4548,96.44,1485.5,0,679
3,3722,57.88,0.4862,96.86,1471.6,0,678
3,3723,58.25,0.5464,93.6,1481.0,0,677
3,3724,57.56,0.43,97.91,1509.0,0,676
3,3725,57.24,0.5042,97.74,1493.2,0,675
3,3726,58.43,0.3547,97.19,1495.9,0,674
3,3727,59.36,0.4599,97.67,1488.4,0,673
3,3728,56.11,0.4721,96.2,1469.6,0,672
3,3729,56.59,0.4554,97.95,1486.8,0,671
3,3730,57.08,0.465,98.59,1506.8,0,670
3,3731,58.23,0.4419,96.87,1483.2,0,669
3,3732,59.66,0.4856,97.25,1465.1,0,668
3,3733,56.11,0.3829,99.57,1492.8,0,667
3,3734,56.38,0.4767,97.07,1491.4,0,666
3,3735,57.69,0.5263,96.09,1489.1,0,665
3,3736,60.54,0.3885,95.89,1501.3,0,664
3,3737,59.94,0.4426,99.35,1489.4,0,663
3,3738,58.61,0.4692,96.14,1472.7,0,662
3,3739,56.79,0.4401,97.62,1486.6,0,661
3,3740,60.38,0.4883,95.89,1472.4,0,660
3,3741,57.81,0.4973,96.27,1488.6,0,659
3,3742,60.88,0.4901,98.1,1484.3,0,658
3,3743,57.76,0.4688,96.94,1479.0,0,657
3,3744,59.84,0.4149,96.45,1487.7,0,656
3,3745,58.31,0.5008,101.62,1485.3,0,655
3,3746,57.18,0.4261,98.24,1493.3,0,654
3,3747,58.47,0.4307,95.44,1505.0,0,653
3,3748,60.12,0.4471,98.94,1495.1,0,652
3,3749,56.55,0.4515,100.3,1485.5,0,651
3,3750,58.07,0.4027,98.82,1501.8,0,650
3,3751,59.87,0.5127,95.28,1487.9,0,649
3,3752,60.24,0.4666,96.94,1499.0,0,648
3,3753,58.75,0.4344,96.78,1493.8,0,647
3,3754,60.31,0.4233,97.11,1499.5,0,646
3,3755,61.29,0.4745,100.29,1504.3,0,645
3,3756,60.77,0.4759,98.3,1490.7,0,644
3,3757,59.91,0.4147,98.98,1489.5,0,643
3,3758,56.86,0.5094,100.69,1496.9,0,642
3,3759,60.45,0.4515,97.63,1488.0,0,641
3,3760,60.03,0.4313,96.64,1487.5,0,640
3,3761,60.07,0.4384,98.7,1473.5,0,639
3,3762,60.86,0.4516,98.74,1483.0,0,638
3,3763,59.45,0.4673,98.39,1481.0,0,637
3,3764,60.91,0.5162,99.27,1494.5,0,636
3,3765,60.07,0.495,99.86,1481.3,0,635
3,3766,59.78,0.5387,104.74,1506.1,0,634
3,3767,58.71,0.4946,101.1,1505.9,0,633
3,3768,58.33,0.5315,100.32,1482.4,0,632
3,3769,60.12,0.4772,102.44,1503.8,0,631
3,3770,59.84,0.5265,100.93,1505.2,0,630
3,3771,59.9,0.4771,96.92,1498.6,0,629
3,3772,60.43,0.4644,102.56,1485.5,0,628
3,3773,61.46,0.4697,99.98,1497.5,0,627
3,3774,61.43,0.4789,101.21,1492.7,0,626
3,3775,59.45,0.4797,103.35,1490.1,0,625
3,3776,59.97,0.5711,100.18,1524.5,0,624
3,3777,60.62,0.4797,97.21,1514.3,0,623
3,3778,60.69,0.5211,98.55,1497.9,0,622
3,3779,60.23,0.4783,99.82,1505.2,0,621
3,3780,60.05,0.5117,100.49,1507.8,0,620
3,3781,61.27,0.5372,100.09,1512.1,0,619
3,3782,62.59,0.4755,97.86,1512.6,0,618
3,3783,61.75,0.4939,99.22,1509.7,0,617
3,3784,59.93,0.4835,100.68,1491.4,0,616
3,3785,61.0,0.5461,99.38,1534.5,0,615
3,3786,60.82,0.5359,102.59,1518.7,0,614
3,3787,61.29,0.5772,103.1,1516.7,0,613
3,3788,59.56,0.5981,102.98,1509.0,0,612
3,3789,60.99,0.5883,102.11,1505.4,0,611
3,3790,61.73,0.551,99.51,1512.8,0,610
3,3791,62.83,0.525,101.49,1511.4,0,609
3,3792,61.44,0.5349,103.06,1512.0,0,608
3,3793,61.03,0.5742,100.47,1527.8,0,607
3,3794,61.55,0.5809,103.36,1503.3,0,606
3,3795,59.18,0.5162,102.68,1502.2,0,605
3,3796,61.39,0.5453,102.83,1518.1,0,604
3,3797,61.23,0.5149,100.61,1511.9,0,603
3,3798,62.55,0.6095,100.68,1511.7,0,602
3,3799,61.82,0.5262,100.8,1508.0,0,601
3,3800,60.19,0.5399,98.57,1527.0,0,600
3,3801,62.58,0.5677,104.74,1528.7,0,599
3,3802,59.84,0.6007,102.65,1510.4,0,598
3,3803,61.68,0.4774,104.38,1508.1,0,597
3,3804,62.34,0.4883,101.99,1492.4,0,596
3,3805,61.43,0.5851,105.42,1519.8,0,595
3,3806,60.99,0.5547,102.8,1520.7,0,594
3,3807,62.61,0.5367,102.77,1524.8,0,593
3,3808,61.62,0.5286,104.91,1497.0,0,592
3,3809,60.43,0.5714,102.84,1513.1,0,591
3,3810,61.56,0.5005,102.02,1527.1,0,590
3,3811,63.14,0.5678,105.16,1517.0,0,589
3,3812,61.57,0.5349,101.55,1522.7,0,588
3,3813,62.42,0.5339,105.08,1525.5,0,587
3,3814,62.27,0.4714,101.56,1507.2,0,586
3,3815,63.4,0.567,101.17,1519.8,0,585
3,3816,64.0,0.5507,103.64,1514.2,0,584
3,3817,61.25,0.4883,103.82,1517.0,0,583
3,3818,64.06,0.488,103.37,1522.5,0,582
3,3819,62.89,0.5119,105.88,1507.4,0,581
3,3820,61.05,0.52,98.86,1512.8,0,580
3,3821,60.78,0.4542,103.61,1528.0,0,579
3,3822,61.89,0.5283,100.96,1514.1,0,578
3,3823,63.13,0.5494,102.06,1529.7,0,577
3,3824,62.43,0.5026,100.64,1521.9,0,576
3,3825,61.34,0.5662,102.51,1525.9,0,575
3,3826,60.89,0.5152,98.43,1520.2,0,574
3,3827,65.32,0.5454,101.87,1524.0,0,573
3,3828,63.14,0.5389,105.25,1510.3,0,572
3,3829,65.35,0.5421,103.63,1518.5,0,571
3,3830,61.88,0.5318,102.99,1537.4,0,570
3,3831,64.4,0.4681,101.86,1503.8,0,569
3,3832,65.01,0.4449,103.17,1505.8,0,568
3,3833,64.76,0.4811,103.5,1509.2,0,567
3,3834,61.86,0.44,102.71,1506.1,0,566
3,3835,64.1,0.5035,101.32,1518.9,0,565
3,3836,60.75,0.5035,105.95,1511.6,0,564
3,3837,62.17,0.5193,98.77,1523.3,0,563
3,3838,63.79,0.4924,100.83,1516.7,0,562
3,3839,64.0,0.5325,104.17,1524.8,0,561
3,3840,62.68,0.4704,98.31,1504.5,0,560
3,3841,64.15,0.5399,100.95,1521.2,0,559
3,3842,61.98,0.4386,102.47,1503.7,0,558
3,3843,61.22,0.5241,105.5,1515.1,0,557
3,3844,61.14,0.4876,101.89,1506.9,0,556
3,3845,64.75,0.508,100.82,1524.7,0,555
3,3846,63.71,0.4735,103.45,1528.6,0,554
3,3847,62.35,0.4468,103.43,1513.9,0,553
3,3848,61.2,0.4654,104.9,1516.4,0,552
3,3849,63.95,0.4261,105.16,1500.1,0,551
3,3850,65.03,0.521,102.83,1528.0,0,550
3,3851,64.63,0.4307,105.13,1512.4,0,549
3,3852,63.92,0.4426,104.07,1523.6,0,548
3,3853,63.07,0.4733,101.66,1513.1,0,547
3,3854,63.3,0.4234,104.82,1510.4,0,546
3,3855,65.16,0.5235,101.14,1523.1,0,545
3,3856,62.64,0.4399,103.05,1527.1,0,544
3,3857,63.38,0.5122,106.49,1513.2,0,543
3,3858,65.69,0.481,99.74,1516.3,0,542
3,3859,64.88,0.4369,99.59,1519.3,0,541
3,3860,63.2,0.402,104.64,1501.3,0,540
3,3861,63.61,0.4553,102.38,1524.5,0,539
3,3862,64.71,0.4334,103.09,1511.3,0,538
3,3863,62.81,0.5149,102.02,1518.5,0,537
3,3864,62.2,0.4804,101.94,1508.1,0,536
3,3865,63.37,0.4363,101.16,1509.4,0,535
3,3866,64.6,0.4191,101.15,1495.5,0,534
3,3867,65.24,0.4463,102.86,1499.4,0,533
3,3868,64.91,0.4388,105.97,1499.3,0,532
3,3869,63.32,0.4331,106.37,1507.1,0,531
3,3870,64.62,0.4524,103.98,1492.4,0,530
3,3871,63.14,0.4711,101.49,1500.4,0,529
3,3872,64.36,0.4573,105.07,1498.7,0,528
3,3873,64.43,0.4968,102.04,1508.3,0,527
3,3874,64.8,0.4281,103.01,1498.2,0,526
3,3875,63.66,0.5452,105.32,1500.0,0,525
3,3876,64.11,0.476,101.17,1512.3,0,524
3,3877,64.12,0.4898,103.32,1490.8,0,523
3,3878,64.42,0.5066,101.52,1507.4,0,522
3,3879,61.84,0.4213,103.76,1498.1,0,521
3,3880,64.56,0.4066,102.31,1477.2,0,520
3,3881,64.22,0.464,107.09,1510.0,0,519
3,3882,62.66,0.5311,106.2,1504.5,0,518
3,3883,63.58,0.4363,103.84,1508.8,0,517
3,3884,64.82,0.393,103.79,1486.0,0,516
3,3885,66.35,0.4789,97.9,1505.0,0,515
3,3886,65.16,0.4991,102.74,1493.9,0,514
3,3887,65.28,0.4782,102.39,1495.1,0,513
3,3888,66.1,0.4482,105.3,1500.0,0,512
3,3889,63.89,0.5325,102.14,1492.7,0,511
3,3890,64.61,0.5089,100.94,1490.4,0,510
3,3891,65.82,0.5008,101.7,1466.7,0,509
3,3892,60.66,0.5004,103.71,1486.3,0,508
3,3893,62.95,0.5234,104.13,1503.6,0,507
3,3894,66.22,0.4345,102.21,1505.2,0,506
3,3895,64.92,0.5156,104.04,1491.0,0,505
3,3896,65.93,0.4322,99.66,1491.6,0,504
3,3897,63.65,0.4356,104.53,1473.2,0,503
3,3898,63.82,0.4967,99.4,1480.1,0,502
3,3899,63.87,0.4825,100.96,1485.6,0,501
3,3900,65.39,0.5334,99.49,1491.2,0,500
3,3901,63.57,0.5703,100.5,1487.1,0,499
3,3902,64.82,0.475,97.58,1498.4,0,498
3,3903,65.53,0.5414,100.02,1491.8,0,497
3,3904,65.62,0.5571,99.8,1493.5,0,496
3,3905,66.27,0.5686,103.11,1485.8,0,495
3,3906,63.42,0.4669,101.72,1474.8,0,494
3,3907,65.62,0.5771,101.97,1480.1,0,493
3,3908,66.42,0.5364,104.75,1482.8,0,492
3,3909,64.13,0.5436,99.15,1473.5,0,491
3,3910,65.27,0.6115,102.34,1493.6,0,490
3,3911,66.78,0.5444,99.67,1486.3,0,489
3,3912,65.54,0.5113,102.09,1487.9,0,488
3,3913,65.98,0.5198,99.08,1489.7,0,487
3,3914,64.69,0.6236,102.86,1485.6,0,486
3,3915,64.35,0.5143,99.29,1500.3,0,485
3,3916,65.09,0.5373,99.47,1482.9,0,484
3,3917,63.35,0.5474,102.26,1474.9,0,483
3,3918,63.31,0.6587,100.39,1484.9,0,482
3,3919,61.83,0.5319,100.99,1475.0,0,481
3,3920,64.56,0.5509,101.28,1486.7,0,480
3,3921,64.36,0.5069,99.81,1475.0,0,479
3,3922,64.77,0.5538,100.55,1491.5,0,478
3,3923,66.63,0.5787,102.48,1482.4,0,477
3,3924,63.82,0.5463,103.74,1471.8,0,476
3,3925,65.45,0.5204,99.31,1494.0,0,475
3,3926,66.53,0.5255,96.45,1473.0,0,474
3,3927,63.82,0.6006,101.57,1496.6,0,473
3,3928,65.64,0.5694,102.9,1473.6,0,472
3,3929,65.93,0.5971,96.13,1489.9,0,471
3,3930,64.12,0.5201,100.89,1476.7,0,470
3,3931,64.54,0.5724,97.59,1503.7,0,469
3,3932,61.93,0.5623,101.95,1489.6,0,468
3,3933,65.27,0.5185,98.68,1463.3,0,467
3,3934,64.44,0.4862,98.74,1484.3,0,466
3,3935,65.08,0.5222,98.47,1473.8,0,465
3,3936,63.01,0.5021,102.62,1468.0,0,464
3,3937,66.78,0.4947,97.93,1478.8,0,463
3,3938,62.97,0.4905,100.04,1495.3,0,462
3,3939,63.68,0.5054,96.22,1477.2,0,461
3,3940,63.81,0.513,99.36,1473.5,0,460
3,3941,65.28,0.5349,99.41,1475.6,0,459
3,3942,63.5,0.6403,98.29,1461.2,0,458
3,3943,64.07,0.5214,95.5,1486.0,0,457
3,3944,65.65,0.4152,97.23,1472.8,0,456
3,3945,63.45,0.5452,98.64,1477.4,0,455
3,3946,64.02,0.6118,97.26,1511.5,0,454
3,3947,64.92,0.5909,100.95,1491.0,0,453
3,3948,63.86,0.4914,101.73,1497.7,0,452
3,3949,65.83,0.5172,92.09,1483.5,0,451
3,3950,65.01,0.5167,99.53,1490.2,0,450
3,3951,64.73,0.5072,95.87,1477.1,0,449
3,3952,63.53,0.5351,98.45,1487.1,0,448
3,3953,64.17,0.4415,98.57,1490.9,0,447
3,3954,64.85,0.5657,100.09,1475.4,0,446
3,3955,65.46,0.4591,96.81,1485.6,0,445
3,3956,64.73,0.5472,98.46,1504.0,0,444
3,3957,64.76,0.5232,98.51,1487.0,0,443
3,3958,65.26,0.5787,99.32,1500.8,0,442
3,3959,66.4,0.5452,96.15,1477.3,0,441
3,3960,64.51,0.5053,95.63,1503.2,0,440
3,3961,63.03,0.5571,100.68,1494.5,0,439
3,3962,64.65,0.4775,97.3,1500.1,0,438
3,3963,64.0,0.4868,101.19,1508.3,0,437
3,3964,66.0,0.4912,96.77,1497.9,0,436
3,3965,65.23,0.5033,99.5,1493.1,0,435
3,3966,63.67,0.4956,98.01,1485.6,0,434
3,3967,64.53,0.4536,98.62,1489.4,0,433
3,3968,65.52,0.4991,100.56,1508.4,0,432
3,3969,62.89,0.4965,97.65,1487.6,0,431
3,3970,65.67,0.4456,98.96,1504.4,0,430
3,3971,68.35,0.448,97.83,1490.6,0,429
3,3972,65.88,0.4894,99.33,1512.5,0,428
3,3973,63.11,0.4744,96.8,1509.1,0,427
3,3974,63.64,0.4895,101.42,1497.2,0,426
3,3975,64.65,0.385,94.03,1497.9,0,425
3,3976,66.58,0.5209,98.01,1492.8,0,424
3,3977,63.77,0.4631,98.51,1509.2,0,423
3,3978,65.82,0.449,99.15,1503.5,0,422
3,3979,61.7,0.4993,98.75,1488.0,0,421
3,3980,65.97,0.4446,96.88,1492.4,0,420
3,3981,63.63,0.529,99.0,1490.1,0,419
3,3982,63.59,0.4316,97.39,1509.5,0,418
3,3983,64.97,0.5209,96.89,1500.2,0,417
3,3984,64.19,0.4104,96.99,1504.7,0,416
3,3985,66.9,0.4818,100.1,1491.2,0,415
3,3986,64.6,0.4481,98.45,1498.2,0,414
3,3987,62.23,0.5108,98.57,1510.4,0,413
3,3988,64.67,0.4233,96.86,1522.8,0,412
3,3989,64.3,0.4258,96.4,1514.2,0,411
3,3990,65.78,0.4507,95.65,1521.5,0,410
3,3991,61.6,0.4768,98.18,1514.5,0,409
3,3992,62.71,0.4446,95.53,1521.3,0,408
3,3993,63.82,0.4322,96.72,1520.5,0,407
3,3994,64.12,0.5359,96.1,1528.2,0,406
3,3995,63.06,0.5028,97.6,1506.8,0,405
3,3996,63.15,0.4253,96.7,1513.4,0,404
3,3997,63.8,0.5069,95.39,1514.4,0,403
3,3998,63.0,0.4614,94.47,1509.0,0,402
3,3999,63.27,0.4611,102.54,1525.4,0,401
3,4000,66.29,0.4405,97.38,1505.6,0,400
3,4001,64.42,0.4731,95.34,1505.3,0,399
3,4002,64.08,0.4651,98.63,1514.3,0,398
3,4003,62.67,0.4821,96.19,1512.1,0,397
3,4004,61.96,0.4936,94.45,1514.0,0,396
3,4005,62.6,0.4963,97.5,1515.6,0,395
3,4006,62.8,0.4994,95.58,1512.4,0,394
3,4007,64.24,0.4842,97.3,1510.1,0,393
3,4008,65.48,0.4841,91.35,1517.7,0,392
3,4009,61.73,0.4438,102.09,1522.5,0,391
3,4010,63.48,0.4965,98.77,1509.5,0,390
3,4011,63.12,0.4291,97.37,1517.7,0,389
3,4012,61.38,0.5307,99.91,1518.4,0,388
3,4013,62.31,0.4804,96.58,1530.2,0,387
3,4014,63.34,0.5273,97.54,1537.5,0,386
3,4015,61.11,0.5081,97.75,1514.3,0,385
3,4016,63.54,0.5023,97.06,1509.0,0,384
3,4017,64.78,0.4439,99.37,1520.0,0,383
3,4018,62.48,0.5504,97.78,1524.7,0,382
3,4019,62.24,0.4594,98.1,1519.4,0,381
3,4020,62.46,0.5277,99.24,1521.5,0,380
3,4021,61.22,0.5662,97.53,1520.4,0,379
3,4022,63.38,0.5159,97.68,1518.7,0,378
3,4023,61.89,0.5516,97.26,1502.9,0,377
3,4024,62.54,0.4388,96.27,1512.3,0,376
3,4025,62.85,0.5345,93.3,1528.9,0,375
3,4026,61.8,0.4826,93.66,1520.3,0,374
3,4027,61.0,0.5348,95.89,1515.1,0,373
3,4028,62.82,0.5229,96.86,1508.5,0,372
3,4029,63.72,0.4927,98.03,1515.6,0,371
3,4030,64.1,0.5326,99.06,1513.5,0,370
3,4031,60.52,0.4962,98.71,1519.5,0,369
3,4032,60.47,0.6007,95.45,1524.3,0,368
3,4033,63.39,0.5033,94.85,1530.5,0,367
3,4034,62.72,0.5418,96.33,1527.0,0,366
3,4035,62.23,0.5308,99.13,1531.0,0,365
3,4036,61.95,0.437,97.26,1513.4,0,364
3,4037,62.74,0.4814,99.9,1514.6,0,363
3,4038,61.51,0.5208,99.37,1519.1,0,362
3,4039,63.41,0.4996,97.29,1511.7,0,361
3,4040,62.32,0.6165,100.04,1524.5,0,360
3,4041,62.16,0.5206,96.69,1509.1,0,359
3,4042,59.91,0.5075,98.92,1517.8,0,358
3,4043,62.66,0.5398,96.78,1511.2,0,357
3,4044,60.75,0.5971,95.96,1517.0,0,356
3,4045,62.0,0.5249,98.36,1509.3,0,355
3,4046,62.99,0.5369,95.12,1524.8,0,354
3,4047,62.12,0.5316,97.56,1516.7,0,353
3,4048,62.76,0.5578,100.44,1532.1,0,352
3,4049,62.34,0.5318,96.75,1514.7,0,351
3,4050,60.87,0.5274,96.95,1504.9,0,350
3,4051,60.7,0.5502,94.81,1524.5,0,349
3,4052,61.94,0.5713,100.69,1518.7,0,348
3,4053,60.59,0.5778,98.74,1542.6,0,347
3,4054,58.63,0.5512,98.34,1509.6,0,346
3,4055,61.33,0.6457,98.91,1513.8,0,345
3,4056,63.48,0.5755,98.61,1526.2,0,344
3,4057,61.71,0.5548,97.28,1514.0,0,343
3,4058,60.09,0.5301,98.83,1532.2,0,342
3,4059,62.61,0.5106,100.31,1526.7,0,341
3,4060,61.09,0.6354,101.04,1525.6,0,340
3,4061,63.86,0.614,95.73,1506.6,0,339
3,4062,60.51,0.4454,99.51,1512.1,0,338
3,4063,62.54,0.5339,101.57,1517.8,0,337
3,4064,60.29,0.5656,98.23,1519.8,0,336
3,4065,61.28,0.5925,99.34,1515.5,0,335
3,4066,61.45,0.531,99.12,1497.6,0,334
3,4067,61.55,0.5438,97.19,1497.1,0,333
3,4068,59.66,0.5637,98.8,1531.1,0,332
3,4069,61.42,0.5424,100.97,1518.6,0,331
3,4070,61.58,0.559,100.82,1502.8,0,330
3,4071,61.64,0.4934,97.03,1537.6,0,329
3,4072,60.46,0.4754,100.22,1496.2,0,328
3,4073,60.4,0.5659,97.94,1502.8,0,327
3,4074,59.63,0.5198,100.72,1519.8,0,326
3,4075,60.26,0.4839,99.91,1497.1,0,325
3,4076,60.58,0.5702,99.32,1512.3,0,324
3,4077,61.33,0.4828,100.34,1506.0,0,323
3,4078,60.02,0.5325,101.28,1485.1,0,322
3,4079,61.01,0.6103,96.01,1511.2,0,321
3,4080,61.39,0.5599,99.95,1486.7,0,320
3,4081,60.03,0.4652,101.33,1486.4,0,319
3,4082,59.34,0.4778,98.29,1500.4,0,318
3,4083,59.31,0.4781,101.16,1499.0,0,317
3,4084,59.27,0.5371,101.08,1490.2,0,316
3,4085,59.38,0.5241,99.08,1489.6,0,315
3,4086,58.58,0.5497,100.62,1490.5,0,314
3,4087,57.58,0.5133,100.34,1505.0,0,313
3,4088,59.53,0.4614,98.27,1494.6,0,312
3,4089,58.49,0.431,102.95,1492.5,0,311
3,4090,60.55,0.4398,99.29,1503.3,0,310
3,4091,59.48,0.4672,102.56,1491.4,0,309
3,4092,58.3,0.4614,99.93,1495.1,0,308
3,4093,60.15,0.5109,102.65,1496.8,0,307
3,4094,60.37,0.4431,98.63,1490.9,0,306
3,4095,60.29,0.4839,102.49,1497.7,0,305
3,4096,59.84,0.4859,99.21,1496.8,0,304
3,4097,56.44,0.5044,104.47,1497.5,0,303
3,4098,59.03,0.3972,100.37,1472.5,0,302
3,4099,60.03,0.4733,98.6,1483.6,0,301
3,4100,57.64,0.5253,102.35,1507.6,0,300
3,4101,57.89,0.4299,101.0,1498.4,0,299
3,4102,61.63,0.4158,99.85,1482.9,0,298
3,4103,56.52,0.4486,101.7,1487.0,0,297
3,4104,59.2,0.4112,103.42,1487.3,0,296
3,4105,59.97,0.3817,99.56,1490.8,0,295
3,4106,59.22,0.4762,103.25,1470.1,0,294
3,4107,60.79,0.4642,99.98,1491.1,0,293
3,4108,58.1,0.4781,99.79,1486.9,0,292
3,4109,58.74,0.4299,102.94,1490.6,0,291
3,4110,58.86,0.5007,102.57,1484.6,0,290
3,4111,56.4,0.4462,105.68,1495.0,0,289
3,4112,57.67,0.4426,105.6,1491.1,0,288
3,4113,58.49,0.4017,101.05,1487.8,0,287
3,4114,57.35,0.4533,99.62,1492.4,0,286
3,4115,58.13,0.4498,102.69,1517.2,0,285
3,4116,60.49,0.4813,96.48,1478.4,0,284
3,4117,58.29,0.549,102.54,1479.3,0,283
3,4118,59.01,0.5742,99.87,1492.9,0,282
3,4119,58.88,0.408,103.99,1491.5,0,281
3,4120,58.84,0.474,102.79,1474.8,0,280
3,4121,57.73,0.5726,108.25,1482.6,0,279
3,4122,59.48,0.5042,97.6,1479.2,0,278
3,4123,57.7,0.4606,103.66,1466.1,0,277
3,4124,58.55,0.4099,99.87,1482.5,0,276
3,4125,57.15,0.3809,100.75,1470.0,0,275
3,4126,56.59,0.4098,104.17,1483.4,0,274
3,4127,58.0,0.4389,106.58,1472.3,0,273
3,4128,56.47,0.4655,103.23,1481.2,0,272
3,4129,57.59,0.4052,101.92,1483.7,0,271
3,4130,56.53,0.4991,101.9,1463.9,0,270
3,4131,58.17,0.45,100.66,1475.4,0,269
3,4132,58.86,0.4455,103.9,1492.6,0,268
3,4133,56.38,0.4174,102.37,1466.2,0,267
3,4134,58.3,0.5097,100.95,1483.9,0,266
3,4135,58.03,0.4815,104.19,1481.5,0,265
3,4136,57.33,0.3935,105.47,1495.2,0,264
3,4137,55.81,0.5029,100.92,1500.4,0,263
3,4138,55.28,0.4588,105.32,1485.3,0,262
3,4139,57.19,0.475,101.83,1491.1,0,261
3,4140,58.98,0.5285,100.78,1473.4,0,260
3,4141,57.37,0.4289,102.94,1481.8,0,259
3,4142,56.43,0.4789,103.69,1479.6,0,258
3,4143,57.02,0.4524,101.93,1482.9,0,257
3,4144,57.97,0.4706,100.55,1478.9,0,256
3,4145,57.37,0.5419,104.13,1483.1,0,255
3,4146,55.41,0.4463,104.26,1480.2,0,254
3,4147,55.73,0.5299,103.38,1493.8,0,253
3,4148,58.38,0.4872,104.65,1488.3,0,252
3,4149,57.64,0.4745,106.85,1474.6,0,251
3,4150,58.65,0.5406,104.99,1473.7,0,250
3,4151,59.2,0.5689,100.69,1488.7,0,249
3,4152,56.21,0.55,100.36,1479.3,0,248
3,4153,56.19,0.5516,104.22,1469.2,0,247
3,4154,57.11,0.5685,105.74,1484.0,0,246
3,4155,57.71,0.533,100.73,1487.6,0,245
3,4156,58.07,0.5097,101.53,1479.6,0,244
3,4157,57.11,0.4554,101.05,1480.8,0,243
3,4158,55.02,0.4994,102.41,1488.8,0,242
3,4159,55.5,0.512,102.67,1479.3,0,241
3,4160,57.52,0.488,103.72,1491.2,0,240
3,4161,56.4,0.6068,102.21,1485.6,0,239
3,4162,53.99,0.5204,101.86,1501.6,0,238
3,4163,58.4,0.5545,102.93,1503.7,0,237
3,4164,55.68,0.6249,100.03,1498.4,0,236
3,4165,57.16,0.5307,100.24,1473.7,0,235
3,4166,58.73,0.5535,99.94,1497.4,0,234
3,4167,58.66,0.5653,101.91,1491.2,0,233
3,4168,56.41,0.4938,104.17,1497.3,0,232
3,4169,56.52,0.5287,102.61,1496.6,0,231
3,4170,55.09,0.6828,102.44,1493.7,0,230
3,4171,57.9,0.5869,103.73,1495.5,0,229
3,4172,56.13,0.5077,101.64,1473.1,0,228
3,4173,57.46,0.6156,107.2,1492.3,0,227
3,4174,57.66,0.6013,106.31,1502.3,0,226
3,4175,54.58,0.6266,104.94,1493.4,0,225
3,4176,55.58,0.6108,101.24,1485.9,0,224
3,4177,57.4,0.5636,100.99,1500.8,0,223
3,4178,54.46,0.5798,99.71,1503.8,0,222
3,4179,57.1,0.527,102.35,1482.3,0,221
3,4180,54.07,0.5801,99.76,1481.3,0,220
3,4181,56.18,0.5689,104.25,1498.1,0,219
3,4182,57.17,0.5422,99.8,1498.5,0,218
3,4183,54.72,0.5209,100.29,1512.0,0,217
3,4184,53.21,0.5957,103.56,1486.4,0,216
3,4185,56.03,0.6187,104.64,1487.4,0,215
3,4186,55.64,0.5352,99.64,1511.2,0,214
3,4187,54.78,0.6218,100.11,1491.2,0,213
3,4188,56.43,0.5264,104.13,1507.9,0,212
3,4189,56.01,0.4961,105.05,1498.6,0,211
3,4190,54.56,0.5737,103.68,1501.3,0,210
3,4191,55.54,0.5194,101.49,1511.3,0,209
3,4192,57.57,0.4934,98.63,1494.4,0,208
3,4193,56.83,0.5977,101.83,1483.2,0,207
3,4194,57.51,0.5463,105.68,1495.0,0,206
3,4195,54.1,0.5373,101.76,1515.1,0,205
3,4196,55.25,0.4866,104.48,1499.3,0,204
3,4197,54.98,0.5676,101.74,1506.2,0,203
3,4198,56.31,0.6227,106.47,1507.5,0,202
3,4199,56.07,0.5179,100.33,1491.6,0,201
3,4200,54.94,0.4851,101.64,1498.4,0,200
3,4201,56.87,0.4455,101.24,1500.0,0,199
3,4202,55.07,0.4786,97.21,1525.8,0,198
3,4203,58.19,0.4795,101.38,1513.7,0,197
3,4204,55.05,0.5222,102.63,1512.9,0,196
3,4205,55.11,0.5285,101.93,1493.8,0,195
3,4206,55.5,0.5042,103.6,1505.1,0,194
3,4207,57.74,0.5394,100.78,1492.1,0,193
3,4208,55.46,0.5034,103.16,1526.2,0,192
3,4209,54.66,0.5791,104.53,1514.4,0,191
3,4210,54.21,0.4897,98.97,1509.2,0,190
3,4211,55.57,0.4702,99.52,1485.0,0,189
3,4212,57.19,0.5226,105.92,1504.4,0,188
3,4213,55.45,0.5082,102.92,1523.0,0,187
3,4214,55.73,0.5083,97.29,1514.5,0,186
3,4215,56.01,0.4907,99.69,1510.8,0,185
3,4216,56.2,0.581,100.53,1504.0,0,184
3,4217,55.48,0.517,104.65,1514.4,0,183
3,4218,55.37,0.4982,105.44,1500.7,0,182
3,4219,54.7,0.5549,101.07,1527.1,0,181
3,4220,54.69,0.5555,101.65,1515.0,0,180
3,4221,55.18,0.5811,100.28,1514.6,0,179
3,4222,55.4,0.5047,103.21,1523.3,0,178
3,4223,54.37,0.4674,98.07,1508.2,0,177
3,4224,57.12,0.5204,103.03,1516.4,0,176
3,4225,55.93,0.482,97.58,1512.4,0,175
3,4226,55.78,0.5991,102.63,1499.9,0,174
3,4227,55.29,0.5196,103.18,1519.3,0,173
3,4228,56.08,0.4993,104.65,1514.5,0,172
3,4229,56.26,0.5426,96.92,1511.2,0,171
3,4230,54.24,0.5775,103.12,1507.1,0,170
3,4231,56.81,0.4966,101.65,1506.4,0,169
3,4232,55.95,0.5831,101.78,1518.3,0,168
3,4233,54.96,0.5369,100.5,1517.3,0,167
3,4234,57.24,0.562,101.6,1509.8,0,166
3,4235,56.84,0.5292,102.24,1493.5,0,165
3,4236,57.72,0.603,100.9,1509.6,0,164
3,4237,57.46,0.5936,99.38,1516.5,0,163
3,4238,54.41,0.5262,98.49,1504.4,0,162
3,4239,54.1,0.5301,102.6,1523.2,0,161
3,4240,55.85,0.4628,97.65,1514.7,0,160
3,4241,56.71,0.5327,98.72,1500.9,0,159
3,4242,58.55,0.6016,100.31,1503.8,0,158
3,4243,54.45,0.5081,103.34,1524.2,0,157
3,4244,56.42,0.4832,101.02,1507.8,0,156
3,4245,57.49,0.6315,101.9,1525.5,0,155
3,4246,56.41,0.5109,101.54,1512.4,0,154
3,4247,58.02,0.5697,100.55,1527.5,0,153
3,4248,54.85,0.5395,96.62,1504.2,0,152
3,4249,56.52,0.5781,95.54,1501.7,0,151
3,4250,56.49,0.5269,97.88,1503.1,0,150
3,4251,57.1,0.5406,100.05,1494.8,0,149
3,4252,55.36,0.4845,98.51,1506.2,0,148
3,4253,56.03,0.5715,99.77,1512.6,0,147
3,4254,57.12,0.5426,100.66,1508.2,0,146
3,4255,53.64,0.5714,100.78,1507.1,0,145
3,4256,57.44,0.6157,103.18,1513.7,0,144
3,4257,56.98,0.6818,102.45,1498.5,0,143
3,4258,55.42,0.6208,97.7,1503.2,0,142
3,4259,57.08,0.6454,99.21,1503.6,0,141
3,4260,55.97,0.5659,97.05,1498.4,0,140
3,4261,56.82,0.6158,101.91,1491.0,0,139
3,4262,55.9,0.6153,97.03,1499.4,0,138
3,4263,57.05,0.578,98.99,1505.1,0,137
3,4264,56.04,0.633,99.51,1509.7,0,136
3,4265,59.07,0.5944,97.51,1481.0,0,135
3,4266,56.69,0.7168,100.79,1488.9,0,134
3,4267,57.44,0.6212,103.23,1499.6,0,133
3,4268,58.51,0.6513,98.45,1489.8,0,132
3,4269,56.89,0.6963,98.06,1507.7,0,131
3,4270,60.04,0.6867,102.14,1480.8,0,130
3,4271,55.77,0.6684,101.78,1498.7,0,129
3,4272,59.4,0.637,98.12,1496.0,0,128
3,4273,56.68,0.6441,98.99,1483.5,0,127
3,4274,55.67,0.7408,100.76,1473.0,0,126
3,4275,57.0,0.6778,99.78,1488.2,0,125
3,4276,56.83,0.6851,95.69,1504.1,0,124
3,4277,56.38,0.6831,98.38,1486.2,0,123
3,4278,58.09,0.691,101.94,1503.3,0,122
3,4279,60.26,0.7184,100.96,1497.3,0,121
3,4280,56.4,0.7288,97.69,1475.0,0,120
3,4281,56.84,0.7339,98.4,1497.6,0,119
3,4282,58.56,0.7057,99.44,1472.0,0,118
3,4283,56.64,0.7269,102.63,1468.4,0,117
3,4284,57.71,0.7586,100.53,1481.3,0,116
3,4285,58.23,0.7953,97.49,1489.0,0,115
3,4286,59.98,0.7786,98.7,1491.5,0,114
3,4287,60.52,0.7631,100.1,1487.1,0,113
3,4288,59.58,0.7787,105.33,1496.1,0,112
3,4289,57.07,0.8276,98.85,1489.5,0,111
3,4290,59.43,0.7644,98.54,1488.0,0,110
3,4291,58.04,0.7371,103.59,1468.4,0,109
3,4292,55.55,0.7204,96.46,1478.3,0,108
3,4293,57.72,0.7931,95.46,1486.9,0,107
3,4294,58.6,0.759,98.44,1465.5,0,106
3,4295,57.63,0.7847,99.87,1465.7,0,105
3,4296,59.86,0.8343,98.75,1463.1,0,104
3,4297,56.94,0.7893,101.42,1460.5,0,103
3,4298,59.16,0.7866,94.86,1464.4,0,102
3,4299,58.54,0.7625,97.61,1450.6,0,101
3,4300,61.89,0.7483,96.56,1453.4,0,100
3,4301,58.26,0.8501,98.83,1486.7,0,99
3,4302,59.93,0.7521,98.15,1464.2,0,98
3,4303,59.05,0.7839,98.42,1469.3,0,97
3,4304,59.05,0.7433,98.69,1461.0,0,96
3,4305,58.24,0.8276,100.52,1483.2,0,95
3,4306,61.88,0.8289,98.64,1462.0,0,94
3,4307,59.56,0.8531,101.69,1470.6,0,93
3,4308,58.56,0.8896,101.38,1456.4,0,92
3,4309,60.12,0.7695,102.73,1461.6,0,91
3,4310,59.52,0.7793,101.25,1450.8,0,90
3,4311,60.57,0.82,97.32,1453.0,0,89
3,4312,59.4,0.8636,98.83,1466.8,0,88
3,4313,60.55,0.8227,100.72,1457.2,0,87
3,4314,58.63,0.7845,99.4,1475.2,0,86
3,4315,60.24,0.806,97.34,1465.2,0,85
3,4316,61.21,0.8173,101.31,1452.2,0,84
3,4317,59.96,0.7537,98.3,1454.4,0,83
3,4318,60.55,0.7873,100.45,1455.4,0,82
3,4319,58.65,0.8856,98.14,1455.2,0,81
3,4320,60.16,0.851,100.46,1472.4,0,80
3,4321,63.32,0.8311,98.34,1448.2,0,79
3,4322,59.49,0.7801,101.7,1466.2,0,78
3,4323,61.47,0.7956,100.56,1447.6,0,77
3,4324,59.34,0.8616,98.71,1452.0,0,76
3,4325,60.78,0.91,97.09,1442.1,0,75
3,4326,62.39,0.8244,99.17,1462.7,0,74
3,4327,60.58,0.8379,102.3,1454.7,0,73
3,4328,59.76,0.8527,103.53,1458.1,0,72
3,4329,61.54,0.8542,98.42,1441.5,0,71
3,4330,59.66,0.7846,100.11,1426.3,0,70
3,4331,60.53,0.8512,98.58,1441.2,0,69
3,4332,61.4,0.7971,97.76,1462.5,0,68
3,4333,62.84,0.8802,98.36,1449.3,0,67
3,4334,61.78,0.833,98.66,1452.1,0,66
3,4335,60.63,0.7211,99.0,1444.4,0,65
3,4336,61.35,0.92,97.0,1459.5,0,64
3,4337,62.25,0.829,99.97,1437.1,0,63
3,4338,62.35,0.7473,100.31,1442.7,0,62
3,4339,60.79,0.8508,99.86,1441.2,0,61
3,4340,62.04,0.7795,100.19,1451.0,0,60
3,4341,60.01,0.8053,99.12,1423.9,0,59
3,4342,61.55,0.7858,102.43,1452.3,0,58
3,4343,62.37,0.8391,99.53,1440.9,0,57
3,4344,61.64,0.8528,101.61,1446.9,0,56
3,4345,62.35,0.8924,102.49,1444.9,0,55
3,4346,63.02,0.8493,102.26,1440.0,0,54
3,4347,62.41,0.8402,102.03,1460.3,0,53
3,4348,61.34,0.8534,100.32,1436.3,0,52
3,4349,62.77,0.844,103.12,1440.8,0,51
3,4350,62.91,0.8392,97.55,1426.0,0,50
3,4351,61.4,0.8644,98.78,1438.3,0,49
3,4352,61.49,0.8377,99.64,1430.4,0,48
3,4353,61.04,0.8827,101.37,1441.2,0,47
3,4354,65.5,0.8618,102.12,1432.2,0,46
3,4355,59.88,0.8918,101.73,1439.8,0,45
3,4356,60.62,0.8065,97.88,1451.8,0,44
3,4357,61.47,0.8529,100.22,1446.0,0,43
3,4358,61.47,0.8569,99.93,1445.5,0,42
3,4359,62.79,0.8511,102.55,1447.2,0,41
3,4360,63.04,0.8447,99.72,1455.5,0,40
3,4361,62.45,0.9197,100.1,1437.6,0,39
3,4362,61.63,0.839,103.64,1429.0,0,38
3,4363,64.31,0.8611,101.91,1430.6,0,37
3,4364,62.69,0.8495,98.03,1429.1,0,36
3,4365,62.98,0.8921,101.76,1444.7,0,35
3,4366,65.34,0.8652,99.57,1436.3,0,34
3,4367,62.74,0.8946,98.87,1425.7,0,33
3,4368,63.07,0.8711,104.96,1429.4,0,32
3,4369,62.11,0.9686,102.13,1428.2,0,31
3,4370,63.41,0.9632,103.28,1446.0,0,30
3,4371,64.29,0.8645,102.82,1415.9,0,29
3,4372,63.64,0.794,101.07,1439.1,0,28
3,4373,63.95,0.9059,104.54,1454.9,0,27
3,4374,66.46,0.8925,98.91,1427.8,0,26
3,4375,61.45,0.8667,103.52,1446.0,0,25
3,4376,65.01,0.9096,99.16,1441.8,0,24
3,4377,64.89,0.8295,102.9,1448.7,0,23
3,4378,63.55,0.9641,102.52,1435.9,0,22
3,4379,63.77,0.9105,99.14,1458.8,0,21
3,4380,64.65,0.9258,102.62,1439.2,0,20
3,4381,65.01,0.9518,101.2,1438.0,0,19
3,4382,64.9,1.0204,103.71,1410.4,0,18
3,4383,66.73,0.9713,102.31,1458.6,0,17
3,4384,64.41,0.9438,106.02,1451.6,0,16
3,4385,65.78,0.9186,102.4,1475.1,0,15
3,4386,64.64,0.8316,101.98,1453.1,0,14
3,4387,64.28,0.8827,103.72,1437.9,0,13
3,4388,64.85,0.981,101.7,1461.1,0,12
3,4389,65.15,0.99,102.77,1463.1,0,11
3,4390,64.39,0.9189,104.85,1450.9,0,10
3,4391,66.1,0.9781,105.08,1459.1,0,9
3,4392,67.58,0.9861,102.97,1438.6,0,8
3,4393,67.85,0.9869,100.27,1441.2,0,7
3,4394,65.59,0.9817,103.47,1440.2,0,6
3,4395,65.58,0.952,103.9,1455.1,0,5
3,4396,66.35,0.9889,102.92,1455.4,0,4
3,4397,66.74,1.0616,101.82,1446.2,0,3
3,4398,65.88,1.0349,104.46,1445.1,0,2
3,4399,66.58,1.0328,107.5,1447.7,0,1
3,4400,65.44,1.0628,102.67,1437.6,1,0
3,4401,65.24,1.0601,105.5,1464.7,1,0
3,4402,64.68,1.0243,103.81,1463.0,1,0
3,4403,69.41,1.0815,101.48,1442.2,1,0
3,4404,65.83,0.9937,103.44,1445.5,1,0
3,4405,67.33,1.0027,104.96,1447.6,1,0
3,4406,65.53,1.0258,108.54,1443.0,1,0
3,4407,67.78,1.0109,101.2,1445.4,1,0
3,4408,64.76,0.9876,105.55,1454.0,1,0
3,4409,66.59,1.0561,103.57,1460.2,1,0
3,4410,68.04,1.0758,107.76,1435.7,1,0
3,4411,67.22,1.0851,102.47,1455.0,1,0
3,4412,66.54,1.1073,105.35,1438.9,1,0
3,4413,67.67,1.0564,104.76,1452.3,1,0
3,4414,66.3,1.047,105.55,1468.4,1,0
3,4415,68.44,1.0334,101.8,1451.9,1,0
3,4416,67.03,1.0928,101.31,1450.4,1,0
3,4417,66.23,1.1214,105.92,1473.6,1,0
3,4418,69.35,1.0411,105.1,1453.2,1,0
3,4419,68.76,1.003,103.49,1439.1,1,0
3,4420,68.42,1.083,106.55,1451.2,1,0
3,4421,67.41,1.0249,105.02,1484.6,1,0
3,4422,67.14,1.1258,105.38,1454.7,1,0
3,4423,69.35,1.1164,104.67,1444.6,1,0
3,4424,70.24,1.1102,105.2,1447.2,1,0
3,4425,66.6,1.1563,112.42,1460.4,1,0
3,4426,69.24,1.1005,108.47,1454.7,1,0
3,4427,68.99,1.11,102.88,1466.2,1,0
3,4428,69.19,1.1638,103.21,1462.1,1,0
3,4429,69.38,1.149,108.17,1488.7,1,0
3,4430,65.68,1.1548,107.71,1450.6,1,0
3,4431,72.88,1.1223,107.91,1458.7,1,0
3,4432,69.59,1.1215,106.43,1471.1,1,0
3,4433,68.63,1.1055,106.32,1453.7,1,0
3,4434,70.28,1.0897,106.31,1470.7,1,0
3,4435,69.88,1.1154,103.57,1452.6,1,0
3,4436,70.09,1.1969,108.64,1454.0,1,0
3,4437,69.04,1.1457,109.09,1452.2,1,0
3,4438,70.17,1.1758,109.38,1475.2,1,0
3,4439,69.5,1.1298,105.29,1468.8,1,0
3,4440,71.65,1.2226,104.67,1465.0,1,0
3,4441,70.25,1.14,108.69,1455.8,1,0
3,4442,68.32,1.1268,105.45,1451.7,1,0
3,4443,71.19,1.1822,105.98,1436.9,1,0
3,4444,70.1,1.1834,106.47,1464.3,1,0
3,4445,71.04,0.9997,107.89,1472.4,1,0
3,4446,70.32,1.2606,108.52,1463.4,1,0
3,4447,69.12,1.1449,108.88,1466.3,1,0
3,4448,69.16,1.1124,108.89,1450.3,1,0
3,4449,69.89,1.1761,108.97,1452.3,1,0
3,4450,70.43,1.1656,107.52,1448.6,1,0
3,4451,71.53,1.1374,106.43,1469.6,1,0
3,4452,71.15,1.1882,105.68,1472.1,1,0
3,4453,69.5,1.1363,108.06,1473.9,1,0
3,4454,72.49,1.1628,106.27,1458.4,1,0
3,4455,69.52,1.1635,108.29,1443.8,1,0
3,4456,70.92,1.1072,106.12,1440.0,1,0
3,4457,70.4,1.0767,104.88,1444.7,1,0
3,4458,72.41,1.0999,105.35,1451.0,1,0
3,4459,68.23,1.1625,108.17,1449.9,1,0
3,4460,70.98,1.148,101.61,1453.1,1,0
3,4461,71.28,1.1074,107.45,1460.0,1,0
3,4462,70.16,1.1032,104.58,1455.7,1,0
3,4463,71.89,1.179,114.01,1450.4,1,0
3,4464,71.44,1.1696,109.58,1439.5,1,0
3,4465,69.0,1.2546,107.43,1448.6,1,0
3,4466,70.74,1.1555,107.46,1445.4,1,0
3,4467,73.4,1.087,105.55,1446.2,1,0
3,4468,72.59,1.2214,105.17,1448.2,1,0
3,4469,70.36,1.1489,108.13,1447.4,1,0
3,4470,72.58,1.1788,108.0,1429.3,1,0
3,4471,72.02,1.1518,104.42,1446.9,1,0
3,4472,70.68,1.184,112.83,1457.9,1,0
3,4473,72.0,1.188,111.21,1442.4,1,0
3,4474,71.14,1.1561,112.16,1450.7,1,0
3,4475,73.66,1.1286,109.72,1431.8,1,0
3,4476,73.37,1.2035,106.77,1457.2,1,0
3,4477,72.47,1.1716,108.48,1460.3,1,0
3,4478,72.08,1.1389,105.26,1446.4,1,0
3,4479,71.8,1.1506,108.46,1469.8,1,0
3,4480,73.2,1.1136,108.75,1436.9,1,0
3,4481,71.88,1.1844,107.72,1425.1,1,0
3,4482,73.65,1.1488,107.99,1452.9,1,0
3,4483,73.52,1.1814,107.32,1442.2,1,0
3,4484,73.6,1.1326,111.47,1464.7,1,0
3,4485,71.68,1.2212,104.43,1434.5,1,0
3,4486,74.08,1.2398,107.2,1445.2,1,0
3,4487,70.21,1.1634,110.41,1448.2,1,0
3,4488,74.02,1.1744,111.48,1427.5,1,0
3,4489,73.25,1.22,110.38,1435.0,1,0
3,4490,72.55,1.0934,110.05,1420.5,1,0
3,4491,71.07,1.1842,106.54,1426.5,1,0
3,4492,72.56,1.1896,110.42,1449.6,1,0
3,4493,74.48,1.1552,109.54,1427.5,1,0
3,4494,73.68,1.1562,105.81,1430.8,1,0
3,4495,74.07,1.1776,109.93,1446.1,1,0
3,4496,73.22,1.2695,105.48,1421.2,1,0
3,4497,73.75,1.1827,108.64,1423.8,1,0
3,4498,73.06,1.204,110.94,1434.2,1,0
3,4499,70.24,1.2698,110.84,1421.5,1,0
3,4500,74.86,1.2446,107.16,1439.5,1,0
3,4501,75.3,1.2604,107.43,1428.3,1,0
3,4502,73.59,1.1963,108.16,1424.1,1,0
3,4503,73.45,1.2528,107.26,1426.2,1,0
3,4504,74.84,1.2181,108.56,1429.9,1,0
3,4505,74.6,1.2489,105.99,1420.6,1,0
3,4506,73.43,1.2122,108.35,1413.9,1,0
3,4507,72.82,1.2117,111.29,1425.7,1,0
3,4508,73.71,1.2272,107.28,1424.6,1,0
3,4509,73.43,1.2689,108.24,1413.3,1,0
3,4510,73.9,1.2357,107.37,1412.1,1,0
3,4511,76.83,1.3522,109.81,1435.6,1,0
3,4512,74.89,1.2835,108.27,1403.6,1,0
3,4513,73.41,1.2135,110.29,1390.7,1,0
3,4514,73.89,1.2717,109.17,1409.0,1,0
3,4515,74.05,1.2158,108.25,1408.2,1,0
3,4516,76.45,1.2886,105.97,1398.1,1,0
3,4517,75.04,1.2828,107.25,1414.8,1,0
3,4518,73.25,1.3086,110.54,1414.1,1,0
3,4519,74.49,1.2632,107.83,1414.9,1,0
3,4520,72.78,1.3595,106.69,1411.6,1,0
3,4521,74.25,1.2641,109.29,1406.8,1,0
3,4522,76.5,1.3512,104.36,1396.7,1,0
3,4523,73.8,1.3103,106.13,1427.1,1,0
3,4524,75.03,1.3299,108.23,1416.9,1,0
3,4525,75.42,1.2777,105.47,1396.8,1,0
3,4526,73.96,1.3094,106.07,1388.7,1,0
3,4527,75.67,1.3658,108.72,1417.0,1,0
3,4528,74.88,1.3503,109.62,1395.9,1,0
3,4529,73.72,1.3298,106.2,1398.5,1,0
3,4530,75.22,1.2717,107.66,1386.6,1,0
3,4531,75.28,1.3114,107.35,1414.1,1,0
3,4532,75.84,1.3335,108.03,1405.8,1,0
3,4533,75.14,1.4131,106.29,1395.1,1,0
3,4534,74.33,1.3971,106.05,1396.5,1,0
3,4535,76.05,1.3908,106.68,1397.8,1,0
3,4536,75.53,1.3938,104.99,1385.6,1,0
3,4537,75.18,1.392,108.76,1384.6,1,0
3,4538,74.71,1.448,107.98,1401.3,1,0
3,4539,74.48,1.4004,104.06,1393.0,1,0
3,4540,75.98,1.4118,105.67,1406.9,1,0
3,4541,77.12,1.3572,104.22,1398.7,1,0
3,4542,74.06,1.438,108.75,1391.3,1,0
3,4543,74.98,1.4517,106.36,1387.9,1,0
3,4544,75.66,1.3664,104.83,1402.7,1,0
3,4545,74.73,1.4171,109.07,1398.2,1,0
3,4546,74.96,1.4435,104.07,1398.3,1,0
3,4547,78.44,1.3767,105.79,1398.5,1,0
3,4548,74.87,1.4175,109.32,1387.9,1,0
3,4549,75.22,1.43,105.59,1376.7,1,0
3,4550,76.09,1.4675,102.68,1399.5,1,0
3,4551,77.58,1.3746,106.47,1382.3,1,0
3,4552,75.83,1.4413,106.94,1371.3,1,0
3,4553,77.52,1.4327,106.5,1396.8,1,0
3,4554,76.83,1.3874,112.29,1396.3,1,0
3,4555,75.73,1.4298,105.96,1381.6,1,0
3,4556,75.4,1.4261,107.45,1378.2,1,0
3,4557,77.1,1.3992,109.75,1399.8,1,0
3,4558,76.83,1.4661,107.25,1400.9,1,0
3,4559,74.5,1.3998,105.67,1388.0,1,0
3,4560,75.53,1.436,107.24,1378.1,1,0
3,4561,75.15,1.4136,110.11,1390.4,1,0
3,4562,77.21,1.4618,108.35,1387.5,1,0
3,4563,76.08,1.3976,106.43,1381.7,1,0
3,4564,74.28,1.3788,107.23,1403.5,1,0
3,4565,77.27,1.4019,105.26,1397.8,1,0
3,4566,77.6,1.4471,104.25,1385.0,1,0
3,4567,76.46,1.4481,104.54,1395.5,1,0
3,4568,75.11,1.4543,101.46,1395.9,1,0
3,4569,75.9,1.4663,103.28,1381.3,1,0
3,4570,76.62,1.4655,104.98,1381.4,1,0
3,4571,77.93,1.4338,105.49,1383.8,1,0
3,4572,77.64,1.4753,108.05,1414.1,1,0
3,4573,76.43,1.4188,105.26,1402.1,1,0
3,4574,76.65,1.4216,107.28,1390.3,1,0
3,4575,77.95,1.487,104.23,1390.6,1,0
3,4576,76.38,1.48,107.13,1379.1,1,0
3,4577,76.9,1.4008,104.34,1385.1,1,0
3,4578,76.46,1.4629,104.28,1394.4,1,0
3,4579,76.43,1.4657,104.32,1391.9,1,0
3,4580,75.72,1.4731,101.5,1360.4,1,0
3,4581,76.67,1.4722,107.94,1370.6,1,0
3,4582,74.58,1.4958,109.01,1397.5,1,0
3,4583,78.14,1.4864,107.56,1386.9,1,0
3,4584,77.72,1.4833,102.6,1393.5,1,0
3,4585,77.59,1.5,102.08,1388.2,1,0
3,4586,78.05,1.4594,102.4,1402.4,1,0
3,4587,76.96,1.4836,106.52,1388.4,1,0
3,4588,76.92,1.5195,103.04,1397.4,1,0
3,4589,76.13,1.5266,107.87,1385.7,1,0
3,4590,77.67,1.554,104.56,1403.9,1,0
3,4591,79.33,1.4312,105.67,1393.6,1,0
3,4592,75.79,1.4347,103.36,1404.3,1,0
3,4593,78.11,1.4062,107.63,1392.9,1,0
3,4594,76.43,1.3873,107.6,1387.4,1,0
3,4595,75.15,1.5187,101.23,1383.5,1,0
3,4596,77.32,1.5207,101.56,1377.0,1,0
3,4597,78.41,1.4945,106.76,1410.4,1,0
3,4598,76.69,1.5088,107.47,1409.9,1,0
3,4599,76.0,1.4794,105.44,1403.3,1,0
3,4600,76.12,1.4507,103.97,1386.7,1,0
3,4601,78.52,1.4656,109.04,1403.5,1,0
3,4602,77.81,1.4292,106.62,1388.6,1,0
3,4603,76.81,1.4536,103.69,1397.3,1,0
3,4604,76.02,1.4739,104.83,1403.2,1,0
3,4605,79.07,1.5282,102.25,1402.9,1,0
3,4606,79.01,1.5309,107.76,1372.7,1,0
3,4607,77.41,1.4376,104.0,1380.6,1,0
3,4608,74.01,1.4753,105.38,1414.8,1,0
3,4609,77.25,1.415,105.49,1382.6,1,0
3,4610,76.6,1.4822,106.31,1393.3,1,0
3,4611,79.56,1.4956,107.14,1426.6,1,0
3,4612,77.66,1.5534,106.43,1411.5,1,0
3,4613,75.69,1.4659,105.71,1386.9,1,0
3,4614,76.53,1.4889,104.22,1388.9,1,0
3,4615,75.42,1.4795,106.93,1393.3,1,0
3,4616,79.53,1.5508,106.66,1415.6,1,0
3,4617,77.63,1.4707,101.76,1399.8,1,0
3,4618,79.06,1.422,107.0,1405.0,1,0
3,4619,76.37,1.4444,106.3,1407.8,1,0
3,4620,79.38,1.5043,102.99,1393.8,1,0
3,4621,76.13,1.5028,104.19,1382.6,1,0
3,4622,76.29,1.47,103.62,1399.4,1,0
3,4623,78.23,1.4828,109.43,1405.4,1,0
3,4624,77.52,1.5627,101.6,1400.0,1,0
3,4625,77.66,1.5878,106.43,1399.7,1,0
3,4626,74.32,1.5536,107.46,1393.7,1,0
3,4627,74.49,1.5098,105.58,1399.1,1,0
3,4628,77.38,1.5192,103.9,1416.1,1,0
3,4629,78.32,1.5262,107.53,1389.6,1,0
3,4630,76.33,1.5175,101.44,1400.4,1,0
3,4631,77.2,1.5734,102.53,1392.1,1,0
3,4632,77.31,1.4969,102.35,1403.2,1,0
3,4633,77.76,1.5225,103.26,1411.7,1,0
3,4634,77.3,1.5583,104.96,1423.9,1,0
3,4635,78.03,1.5245,103.84,1415.0,1,0
3,4636,76.98,1.5831,108.52,1390.7,1,0
3,4637,78.32,1.4844,107.89,1413.6,1,0
3,4638,78.07,1.6409,108.23,1411.4,1,0
3,4639,75.64,1.5571,100.36,1410.5,1,0
3,4640,78.18,1.5251,107.28,1428.7,1,0
3,4641,74.31,1.5335,108.59,1418.1,1,0
3,4642,77.88,1.592,106.75,1396.4,1,0
3,4643,76.88,1.6477,105.83,1413.2,1,0
3,4644,78.21,1.5838,107.57,1422.0,1,0
3,4645,78.49,1.5189,104.98,1399.1,1,0
3,4646,76.85,1.6255,108.12,1388.4,1,0
3,4647,76.38,1.6345,108.22,1399.4,1,0
3,4648,78.42,1.5749,106.17,1415.4,1,0
3,4649,77.54,1.6258,105.34,1388.4,1,0
3,4650,76.04,1.5803,106.52,1408.4,1,0
3,4651,77.61,1.6052,108.15,1414.3,1,0
3,4652,78.96,1.6695,105.96,1386.3,1,0
3,4653,77.23,1.6218,104.57,1404.8,1,0
3,4654,76.93,1.6032,108.82,1412.6,1,0
3,4655,76.99,1.6643,100.12,1404.3,1,0
3,4656,76.6,1.6828,107.48,1394.8,1,0
3,4657,78.79,1.7014,108.1,1417.6,1,0
3,4658,75.72,1.6488,104.41,1398.3,1,0
3,4659,76.93,1.6502,100.63,1436.5,1,0
3,4660,77.29,1.7344,106.38,1410.7,1,0
3,4661,79.08,1.6813,107.23,1414.2,1,0
3,4662,76.57,1.7047,107.55,1414.2,1,0
3,4663,77.17,1.7127,104.1,1404.7,1,0
3,4664,77.45,1.7183,106.32,1392.9,1,0
3,4665,77.39,1.6125,108.0,1416.4,1,0
3,4666,78.5,1.6677,106.18,1416.6,1,0
3,4667,77.21,1.7457,106.99,1385.7,1,0
3,4668,76.86,1.6801,107.15,1420.4,1,0
3,4669,76.38,1.7217,109.14,1411.1,1,0
3,4670,76.63,1.7119,104.18,1403.0,1,0
3,4671,76.08,1.7056,106.66,1401.4,1,0
3,4672,75.17,1.6951,109.67,1405.6,1,0
3,4673,78.15,1.7357,109.34,1393.6,1,0
3,4674,76.56,1.7107,106.05,1392.2,1,0
3,4675,78.39,1.758,106.93,1397.8,1,0
3,4676,76.66,1.6837,106.46,1395.8,1,0
3,4677,75.41,1.7004,103.39,1404.0,1,0
3,4678,75.27,1.7122,108.46,1385.9,1,0
3,4679,74.76,1.7687,107.06,1399.2,1,0
3,4680,76.32,1.7137,107.66,1393.3,1,0
3,4681,77.44,1.732,109.96,1400.9,1,0
3,4682,77.42,1.6958,106.89,1382.1,1,0
3,4683,76.64,1.7701,107.53,1381.4,1,0
3,4684,76.65,1.7542,107.02,1408.9,1,0
3,4685,74.77,1.7829,106.86,1401.4,1,0
3,4686,77.19,1.805,105.04,1409.5,1,0
3,4687,75.97,1.8103,109.23,1392.4,1,0
3,4688,77.75,1.7666,105.79,1411.7,1,0
3,4689,76.6,1.7126,109.64,1388.6,1,0
3,4690,77.19,1.759,109.37,1380.5,1,0
3,4691,75.2,1.7759,107.16,1389.9,1,0
3,4692,76.62,1.8025,105.88,1372.1,1,0
3,4693,75.84,1.8923,109.79,1385.8,1,0
3,4694,76.23,1.7791,109.8,1379.4,1,0
3,4695,77.22,1.824,109.2,1406.6,1,0
3,4696,77.01,1.7466,109.67,1406.8,1,0
3,4697,77.71,1.7574,105.73,1393.7,1,0
3,4698,74.79,1.8263,110.04,1389.3,1,0
3,4699,78.69,1.7268,109.65,1359.5,1,0
3,4700,77.85,1.7681,109.25,1393.5,1,0
3,4701,76.0,1.795,108.08,1374.7,1,0
3,4702,73.66,1.6954,108.29,1359.5,1,0
3,4703,75.46,1.6942,107.71,1395.5,1,0
3,4704,76.24,1.7387,109.08,1379.0,1,0
3,4705,74.7,1.7708,111.48,1373.3,1,0
3,4706,74.16,1.7442,107.27,1375.5,1,0
3,4707,75.21,1.8405,111.27,1381.4,1,0
3,4708,75.76,1.7728,106.62,1379.4,1,0
3,4709,75.23,1.7278,110.77,1387.3,1,0
3,4710,76.5,1.7481,109.87,1384.9,1,0
3,4711,76.62,1.7968,111.07,1373.6,1,0
3,4712,76.54,1.7195,110.64,1368.3,1,0
3,4713,76.65,1.7027,108.5,1388.4,1,0
3,4714,76.8,1.8102,109.78,1372.0,1,0
3,4715,76.92,1.8153,109.13,1354.3,1,0
3,4716,76.66,1.7268,109.18,1364.1,1,0
3,4717,75.77,1.7754,110.73,1369.5,1,0
3,4718,76.16,1.8105,109.47,1355.7,1,0
3,4719,78.73,1.737,112.74,1350.0,1,0
3,4720,74.35,1.7669,109.23,1358.1,1,0
3,4721,76.48,1.8051,107.95,1352.8,1,0
3,4722,75.27,1.7624,110.69,1335.9,1,0
3,4723,75.35,1.787,113.0,1357.4,1,0
3,4724,76.84,1.7745,111.18,1358.4,1,0
3,4725,78.39,1.7433,110.45,1364.0,1,0
3,4726,76.37,1.7743,114.9,1347.6,1,0
3,4727,74.6,1.8401,112.94,1355.3,1,0
3,4728,74.46,1.7734,111.95,1372.2,1,0
3,4729,77.03,1.7344,110.81,1358.4,1,0
3,4730,76.23,1.7816,111.82,1345.9,1,0
3,4731,75.17,1.8001,112.16,1360.1,1,0
3,4732,77.38,1.7519,114.51,1352.8,1,0
3,4733,75.38,1.7158,111.54,1333.7,1,0
3,4734,75.38,1.845,109.19,1360.0,1,0
3,4735,76.01,1.7873,110.12,1364.3,1,0
3,4736,76.26,1.742,108.35,1349.5,1,0
3,4737,75.28,1.7742,110.65,1348.9,1,0
3,4738,75.74,1.8582,113.31,1345.4,1,0
3,4739,74.68,1.8866,111.11,1351.9,1,0
3,4740,76.37,1.8363,114.52,1349.1,1,0
3,4741,74.47,1.8056,111.24,1345.6,1,0
3,4742,75.99,1.735,112.1,1341.5,1,0
3,4743,74.43,1.8879,114.12,1342.5,1,0
3,4744,75.55,1.7757,110.24,1348.2,1,0
3,4745,75.24,1.7814,111.49,1332.8,1,0
3,4746,78.8,1.7683,111.59,1352.9,1,0
3,4747,75.1,1.8232,113.59,1319.6,1,0
3,4748,74.63,1.7649,110.8,1332.0,1,0
3,4749,72.81,1.8622,111.57,1344.1,1,0
3,4750,74.04,1.8303,113.82,1351.4,1,0
3,4751,74.85,1.8756,109.32,1335.3,1,0
3,4752,74.69,1.8617,112.84,1342.6,1,0
3,4753,77.15,1.8389,111.6,1350.1,1,0
3,4754,73.88,1.7734,110.37,1342.1,1,0
3,4755,76.55,1.8683,109.91,1341.1,1,0
3,4756,74.66,1.8391,114.3,1334.5,1,0
3,4757,76.8,1.8879,112.52,1321.3,1,0
3,4758,74.93,1.8499,115.16,1345.3,1,0
3,4759,76.57,1.8724,115.41,1336.5,1,0
3,4760,73.93,1.8583,115.58,1335.9,1,0
3,4761,77.27,1.8415,111.63,1338.1,1,0
3,4762,75.0,1.8357,109.71,1340.6,1,0
3,4763,76.31,1.8988,111.42,1332.5,1,0
3,4764,74.55,1.8448,111.67,1341.2,1,0
3,4765,78.14,1.9539,113.09,1340.0,1,0
3,4766,76.32,1.9474,113.7,1336.5,1,0
3,4767,76.2,1.9116,113.72,1334.2,1,0
3,4768,74.84,1.8338,112.59,1335.1,1,0
3,4769,74.66,1.9369,111.12,1353.7,1,0
3,4770,74.56,1.8729,111.04,1333.9,1,0
3,4771,74.72,1.8882,113.43,1327.9,1,0
3,4772,73.28,1.8912,111.32,1353.1,1,0
3,4773,74.92,1.9385,114.04,1346.2,1,0
3,4774,75.67,1.935,110.37,1342.8,1,0
3,4775,74.7,1.9878,112.59,1342.8,1,0
3,4776,75.09,1.9178,113.45,1344.5,1,0
3,4777,75.42,1.979,113.46,1350.2,1,0
3,4778,75.79,2.0406,112.64,1335.9,1,0
3,4779,74.65,1.9535,112.94,1333.3,1,0
3,4780,72.64,1.9679,117.22,1353.2,1,0
3,4781,72.85,1.9247,116.7,1339.2,1,0
3,4782,74.75,1.9828,113.03,1336.2,1,0
3,4783,75.38,1.901,114.25,1337.9,1,0
3,4784,75.26,2.0307,116.29,1346.4,1,0
3,4785,76.77,1.9976,117.35,1343.7,1,0
3,4786,73.99,2.021,113.43,1349.9,1,0
3,4787,75.53,2.0093,113.12,1330.0,1,0
3,4788,75.98,2.0217,115.72,1349.1,1,0
3,4789,74.22,1.972,113.73,1347.8,1,0
3,4790,74.81,1.9539,115.74,1352.2,1,0
3,4791,75.41,2.0384,115.19,1340.0,1,0
3,4792,76.49,2.1283,117.08,1342.3,1,0
3,4793,75.29,2.0739,114.79,1333.3,1,0
3,4794,73.6,1.9625,115.07,1338.4,1,0
3,4795,76.04,1.9876,114.68,1334.3,1,0
3,4796,75.12,2.0533,115.69,1356.5,1,0
3,4797,75.54,2.0464,114.98,1358.8,1,0
3,4798,76.02,2.0395,112.07,1342.5,1,0
3,4799,77.3,2.0752,114.95,1334.0,1,0
3,4800,73.84,2.0753,110.6,1333.8,1,0
3,4801,76.09,2.0998,115.21,1326.8,1,0
3,4802,74.73,1.9919,109.19,1336.6,1,0
3,4803,75.41,2.0794,113.58,1337.6,1,0
3,4804,75.41,2.0625,115.99,1351.0,1,0
3,4805,73.65,2.0978,111.62,1359.1,1,0
3,4806,73.99,2.116,113.29,1348.6,1,0
3,4807,76.43,2.1036,116.52,1343.4,1,0
3,4808,74.8,2.1261,110.97,1335.9,1,0
3,4809,74.76,2.0431,114.47,1341.1,1,0
3,4810,73.78,2.1244,113.67,1343.7,1,0
3,4811,72.02,2.0749,115.6,1353.0,1,0
3,4812,74.41,2.0917,115.25,1340.5,1,0
3,4813,77.05,2.0605,112.21,1344.0,1,0
3,4814,75.4,2.0948,115.09,1362.3,1,0
3,4815,74.56,2.0501,116.81,1344.3,1,0
3,4816,76.6,2.1186,112.23,1337.3,1,0
3,4817,76.08,2.086,115.25,1345.4,1,0
3,4818,74.03,2.0733,113.99,1349.0,1,0
3,4819,76.2,2.136,115.81,1347.8,1,0
3,4820,76.22,2.0826,114.93,1327.9,1,0
3,4821,72.56,2.0912,117.47,1330.4,1,0
3,4822,76.08,2.1062,115.39,1348.7,1,0
3,4823,75.4,2.0307,109.22,1344.9,1,0
3,4824,76.6,2.1372,115.62,1349.5,1,0
3,4825,75.3,2.0397,113.03,1368.7,1,0
3,4826,72.87,2.137,112.96,1349.6,1,0
3,4827,76.48,2.0982,115.22,1362.3,1,0
3,4828,76.22,2.0751,113.02,1342.2,1,0
3,4829,74.63,2.1097,112.92,1345.0,1,0
3,4830,74.76,2.0887,117.02,1336.2,1,0
3,4831,75.93,2.0933,112.56,1357.6,1,0
3,4832,73.58,2.068,115.59,1370.4,1,0
3,4833,75.23,2.0903,112.82,1351.6,1,0
3,4834,77.22,2.1615,113.02,1350.9,1,0
3,4835,76.26,2.1662,112.98,1359.0,1,0
3,4836,73.68,2.075,115.83,1352.1,1,0
3,4837,74.97,2.1275,113.31,1352.8,1,0
3,4838,75.36,2.111,113.97,1363.5,1,0
3,4839,74.81,2.059,113.06,1329.6,1,0
3,4840,73.47,2.1073,110.08,1357.1,1,0
3,4841,75.09,2.0458,112.11,1372.0,1,0
3,4842,75.55,2.0865,111.43,1356.5,1,0
3,4843,73.3,2.0946,115.73,1363.0,1,0
3,4844,75.56,2.0881,112.77,1353.7,1,0
3,4845,75.26,2.1995,111.27,1343.1,1,0
3,4846,73.98,2.1386,114.33,1353.1,1,0
3,4847,75.45,2.1562,115.02,1348.2,1,0
3,4848,74.94,2.1019,112.68,1362.3,1,0
3,4849,75.74,2.03,115.84,1356.3,1,0
3,4850,74.86,2.0693,117.02,1355.7,1,0
3,4851,74.64,2.0274,112.08,1335.4,1,0
3,4852,75.47,2.1102,115.45,1357.1,1,0
3,4853,76.01,2.1221,112.44,1367.1,1,0
3,4854,73.27,2.0588,114.19,1369.9,1,0
3,4855,75.39,2.0765,111.72,1367.6,1,0
3,4856,76.93,2.083,111.81,1358.3,1,0
3,4857,76.04,2.1019,111.84,1364.6,1,0
3,4858,74.79,2.1122,111.88,1362.0,1,0
3,4859,74.73,2.0787,114.89,1341.3,1,0
3,4860,75.31,2.1098,111.13,1342.4,1,0
3,4861,76.44,2.1352,111.33,1366.8,1,0
3,4862,76.51,2.1197,115.66,1356.6,1,0
3,4863,75.83,2.1574,115.71,1331.8,1,0
3,4864,75.14,2.0726,114.64,1355.0,1,0
3,4865,75.77,2.2187,115.85,1364.5,1,0
3,4866,75.39,2.143,113.11,1369.3,1,0
3,4867,74.02,2.0722,113.16,1341.1,1,0
3,4868,74.34,2.0951,113.7,1365.3,1,0
3,4869,75.55,2.1764,112.67,1344.7,1,0
3,4870,76.76,2.0866,113.0,1369.2,1,0
3,4871,74.53,2.1317,110.53,1358.7,1,0
3,4872,77.05,2.1198,110.8,1338.2,1,0
3,4873,74.22,2.1673,108.81,1353.4,1,0
3,4874,77.56,2.1192,116.64,1352.5,1,0
3,4875,74.89,2.1519,109.4,1348.1,1,0
3,4876,76.87,2.1471,111.2,1358.9,1,0
3,4877,74.82,2.1832,114.07,1337.4,1,0
3,4878,75.26,2.1858,110.99,1338.4,1,0
3,4879,74.45,2.2051,113.76,1347.4,1,0
3,4880,74.84,2.1813,111.15,1336.2,1,0
3,4881,76.18,2.1624,111.83,1372.3,1,0
3,4882,74.01,2.1608,113.93,1331.4,1,0
3,4883,75.94,2.2903,114.07,1340.6,1,0
3,4884,79.08,2.1559,113.52,1345.4,1,0
3,4885,77.31,2.1759,109.73,1334.9,1,0
3,4886,76.85,2.1699,114.57,1337.0,1,0
3,4887,75.95,2.1825,115.05,1341.0,1,0
3,4888,77.96,2.2718,112.68,1340.2,1,0
3,4889,76.47,2.3112,108.62,1346.7,1,0
3,4890,78.49,2.1873,114.46,1330.7,1,0
3,4891,78.71,2.2182,110.25,1352.3,1,0
3,4892,77.99,2.1957,111.78,1333.9,1,0
3,4893,78.42,2.2279,113.71,1341.5,1,0
3,4894,77.85,2.2021,109.26,1340.9,1,0
3,4895,77.37,2.2304,110.29,1345.2,1,0
3,4896,77.56,2.2177,109.38,1350.7,1,0
3,4897,78.74,2.261,111.84,1341.8,1,0
3,4898,77.5,2.2583,111.58,1333.4,1,0
3,4899,75.77,2.2902,111.0,1339.6,1,0
3,4900,74.86,2.2468,112.64,1323.1,1,0
3,4901,76.07,2.2348,113.01,1341.7,1,0
3,4902,78.24,2.2493,109.7,1328.1,1,0
3,4903,74.71,2.2785,115.17,1346.8,1,0
3,4904,76.66,2.2508,111.09,1329.1,1,0
3,4905,77.52,2.2523,111.86,1338.1,1,0
3,4906,76.95,2.2955,114.78,1321.7,1,0
3,4907,77.37,2.257,112.7,1319.5,1,0
3,4908,77.86,2.2491,116.27,1311.1,1,0
3,4909,78.63,2.3339,112.45,1333.4,1,0
3,4910,78.47,2.3237,113.71,1329.4,1,0
3,4911,76.82,2.2833,111.9,1327.9,1,0
3,4912,78.24,2.3704,111.83,1326.4,1,0
3,4913,76.11,2.2898,110.05,1306.2,1,0
3,4914,78.6,2.3727,112.64,1310.5,1,0
3,4915,79.42,2.3521,108.62,1333.8,1,0
3,4916,78.45,2.2963,110.2,1319.0,1,0
3,4917,79.05,2.3553,113.29,1309.7,1,0
3,4918,78.71,2.3508,113.5,1316.2,1,0
3,4919,77.19,2.3931,111.23,1344.8,1,0
3,4920,79.31,2.377,107.97,1309.2,1,0
3,4921,79.99,2.3993,110.57,1299.1,1,0
3,4922,76.77,2.3122,108.96,1316.1,1,0
3,4923,76.51,2.3724,113.5,1328.2,1,0
3,4924,79.19,2.3252,108.83,1303.5,1,0
3,4925,78.41,2.3644,112.04,1311.5,1,0
3,4926,78.09,2.3374,113.46,1306.7,1,0
3,4927,80.1,2.3859,109.55,1301.7,1,0
3,4928,78.94,2.3989,111.93,1312.4,1,0
3,4929,79.55,2.3247,110.38,1311.5,1,0
3,4930,78.97,2.2927,112.69,1317.3,1,0
3,4931,80.13,2.3954,106.43,1315.5,1,0
3,4932,81.63,2.4867,111.01,1305.0,1,0
3,4933,80.3,2.4362,112.31,1315.2,1,0
3,4934,77.47,2.4078,107.99,1303.3,1,0
3,4935,79.21,2.4454,108.37,1315.8,1,0
3,4936,82.71,2.4034,111.24,1332.0,1,0
3,4937,78.88,2.3968,115.38,1325.9,1,0
3,4938,78.97,2.309,111.33,1308.3,1,0
3,4939,78.77,2.3999,111.99,1301.7,1,0
3,4940,81.31,2.2946,111.31,1290.3,1,0
3,4941,79.82,2.341,111.13,1298.5,1,0
3,4942,80.04,2.3789,106.85,1310.0,1,0
3,4943,79.58,2.4446,110.81,1304.0,1,0
3,4944,81.26,2.3562,109.63,1299.4,1,0
3,4945,78.76,2.4474,105.85,1306.0,1,0
3,4946,79.98,2.4563,115.22,1291.4,1,0
3,4947,80.43,2.3428,111.56,1294.3,1,0
3,4948,80.72,2.4164,111.91,1292.1,1,0
3,4949,79.66,2.4121,108.17,1276.8,1,0
3,4950,82.19,2.4232,110.19,1291.4,1,0
3,4951,79.25,2.3702,113.09,1308.0,1,0
3,4952,77.09,2.3705,111.41,1288.4,1,0
3,4953,81.41,2.4644,112.8,1288.1,1,0
3,4954,81.53,2.3976,109.76,1283.6,1,0
3,4955,81.52,2.4023,111.85,1300.1,1,0
3,4956,83.44,2.437,108.74,1303.1,1,0
3,4957,78.46,2.4743,114.73,1287.5,1,0
3,4958,81.76,2.4212,111.57,1289.8,1,0
3,4959,82.39,2.3853,110.02,1282.1,1,0
3,4960,83.42,2.4593,114.5,1289.1,1,0
3,4961,79.55,2.3607,111.92,1278.4,1,0
3,4962,79.74,2.375,109.26,1280.2,1,0
3,4963,80.96,2.3938,113.17,1274.5,1,0
3,4964,82.78,2.411,111.9,1282.6,1,0
3,4965,81.66,2.4167,113.41,1284.6,1,0
3,4966,79.77,2.3302,111.83,1279.0,1,0
3,4967,81.56,2.4434,110.9,1271.2,1,0
3,4968,82.5,2.4526,109.68,1280.9,1,0
3,4969,81.78,2.4288,112.06,1288.3,1,0
3,4970,81.38,2.4171,112.95,1275.2,1,0
3,4971,82.4,2.4073,110.2,1305.1,1,0
3,4972,82.91,2.4693,110.17,1296.5,1,0
3,4973,81.4,2.4157,112.06,1287.6,1,0
3,4974,79.93,2.3983,112.78,1285.7,1,0
3,4975,82.9,2.3671,108.34,1293.3,1,0
3,4976,82.9,2.4716,110.2,1287.8,1,0
3,4977,82.57,2.3716,111.68,1294.3,1,0
3,4978,80.6,2.4373,114.32,1268.2,1,0
3,4979,82.02,2.3909,111.4,1285.2,1,0
3,4980,80.72,2.4271,112.54,1264.3,1,0
3,4981,82.89,2.3261,111.71,1284.4,1,0
3,4982,84.41,2.3983,109.91,1280.4,1,0
3,4983,82.19,2.3905,113.1,1275.8,1,0
3,4984,81.71,2.3872,108.92,1287.0,1,0
3,4985,82.17,2.4369,112.97,1265.0,1,0
3,4986,81.52,2.4209,110.5,1302.8,1,0
3,4987,81.88,2.3792,108.78,1267.4,1,0
3,4988,83.15,2.4129,112.93,1286.1,1,0
3,4989,84.51,2.5311,111.05,1295.9,1,0
3,4990,83.52,2.4293,114.89,1262.9,1,0
3,4991,84.48,2.4545,109.76,1259.4,1,0
3,4992,84.66,2.4609,111.52,1297.1,1,0
3,4993,85.06,2.4118,113.24,1280.0,1,0
3,4994,82.94,2.4407,111.03,1300.8,1,0
3,4995,83.8,2.4588,112.73,1270.5,1,0
3,4996,84.59,2.4216,114.12,1292.2,1,0
3,4997,85.26,2.4171,114.77,1290.7,1,0
3,4998,82.86,2.4551,112.28,1290.9,1,0
3,4999,82.59,2.4407,110.89,1287.2,1,0
4,0,60.03,0.5046,102.99,1496.0,0,3800
4,1,60.36,0.4851,101.56,1505.3,0,3799
4,2,59.63,0.4833,99.34,1515.6,0,3798
4,3,59.9,0.4416,100.06,1504.1,0,3797
4,4,58.67,0.4969,98.0,1494.5,0,3796
4,5,57.13,0.4516,101.78,1496.7,0,3795
4,6,60.65,0.4772,100.85,1502.8,0,3794
4,7,59.3,0.4955,98.14,1499.9,0,3793
4,8,60.87,0.5372,96.6,1505.2,0,3792
4,9,61.57,0.5023,100.37,1505.3,0,3791
4,10,60.48,0.5434,100.8,1491.7,0,3790
4,11,60.86,0.541,99.23,1522.3,0,3789
4,12,58.83,0.5468,99.92,1502.0,0,3788
4,13,61.61,0.5562,99.88,1496.9,0,3787
4,14,58.6,0.5414,99.47,1501.7,0,3786
4,15,60.15,0.514,101.67,1508.0,0,3785
4,16,59.59,0.5191,101.63,1499.9,0,3784
4,17,60.88,0.6129,97.91,1491.6,0,3783
4,18,60.75,0.5356,102.76,1496.3,0,3782
4,19,59.09,0.5272,102.56,1528.3,0,3781
4,20,60.27,0.513,101.23,1508.4,0,3780
4,21,59.37,0.5235,100.43,1501.8,0,3779
4,22,60.34,0.6314,104.0,1516.8,0,3778
4,23,61.54,0.5769,102.91,1502.9,0,3777
4,24,59.34,0.5562,97.51,1519.2,0,3776
4,25,63.24,0.5569,102.23,1527.9,0,3775
4,26,60.69,0.481,101.15,1538.2,0,3774
4,27,62.14,0.53,102.14,1494.8,0,3773
4,28,64.08,0.5278,101.4,1497.0,0,3772
4,29,59.44,0.5894,101.15,1502.9,0,3771
4,30,60.91,0.5397,104.64,1519.6,0,3770
4,31,61.16,0.5344,106.31,1513.9,0,3769
4,32,60.46,0.5683,108.36,1522.3,0,3768
4,33,62.95,0.5544,102.98,1511.6,0,3767
4,34,61.44,0.5411,104.31,1514.2,0,3766
4,35,63.25,0.6181,98.93,1502.2,0,3765
4,36,61.1,0.6196,99.27,1485.9,0,3764
4,37,62.23,0.4994,102.86,1521.9,0,3763
4,38,61.33,0.5629,101.67,1525.2,0,3762
4,39,61.39,0.5708,102.3,1525.1,0,3761
4,40,62.22,0.5695,103.31,1505.3,0,3760
4,41,62.69,0.4881,103.02,1511.0,0,3759
4,42,61.01,0.5576,102.83,1516.9,0,3758
4,43,61.07,0.5243,104.08,1520.8,0,3757
4,44,61.34,0.5452,99.87,1533.8,0,3756
4,45,62.0,0.5733,102.71,1515.2,0,3755
4,46,60.53,0.5477,104.01,1513.8,0,3754
4,47,61.94,0.4715,100.35,1518.9,0,3753
4,48,63.66,0.5357,102.72,1526.2,0,3752
4,49,60.74,0.4949,102.43,1505.3,0,3751
4,50,62.1,0.509,99.19,1528.4,0,3750
4,51,64.56,0.4851,103.26,1512.0,0,3749
4,52,61.77,0.5287,101.73,1514.3,0,3748
4,53,61.44,0.5287,103.13,1516.0,0,3747
4,54,62.9,0.525,102.54,1511.6,0,3746
4,55,62.61,0.4998,102.84,1525.3,0,3745
4,56,63.68,0.4319,103.12,1535.2,0,3744
4,57,60.79,0.5078,105.51,1528.7,0,3743
4,58,62.81,0.4777,106.77,1526.2,0,3742
4,59,62.91,0.5447,99.17,1519.9,0,3741
4,60,62.71,0.5006,105.65,1509.9,0,3740
4,61,62.01,0.4646,101.15,1525.8,0,3739
4,62,63.15,0.4518,105.04,1523.8,0,3738
4,63,64.39,0.4923,102.06,1500.3,0,3737
4,64,63.09,0.5016,105.15,1502.1,0,3736
4,65,63.22,0.3957,100.14,1509.8,0,3735
4,66,63.51,0.4075,100.73,1498.4,0,3734
4,67,62.83,0.514,101.45,1526.6,0,3733
4,68,62.34,0.4893,104.92,1526.9,0,3732
4,69,63.56,0.4277,102.67,1535.0,0,3731
4,70,65.0,0.4713,105.58,1529.4,0,3730
4,71,64.04,0.4959,100.3,1506.4,0,3729
4,72,63.02,0.5042,103.0,1531.0,0,3728
4,73,64.76,0.4637,104.73,1505.3,0,3727
4,74,64.48,0.4505,98.69,1513.5,0,3726
4,75,64.87,0.441,100.58,1516.2,0,3725
4,76,61.18,0.4446,107.09,1520.7,0,3724
4,77,63.75,0.4655,105.94,1502.6,0,3723
4,78,65.7,0.3897,102.9,1518.1,0,3722
4,79,65.64,0.464,100.74,1531.3,0,3721
4,80,63.51,0.4404,103.01,1510.4,0,3720
4,81,62.91,0.4877,103.91,1525.1,0,3719
4,82,62.67,0.3928,102.37,1522.4,0,3718
4,83,63.63,0.4167,102.75,1515.0,0,3717
4,84,63.62,0.3893,101.0,1521.7,0,3716
4,85,64.27,0.4848,105.62,1487.9,0,3715
4,86,63.55,0.4585,101.19,1500.3,0,3714
4,87,63.03,0.4775,104.42,1508.8,0,3713
4,88,63.56,0.3828,104.97,1514.7,0,3712
4,89,63.63,0.4385,106.39,1517.4,0,3711
4,90,63.31,0.5044,104.21,1501.0,0,3710
4,91,62.22,0.5001,100.88,1514.5,0,3709
4,92,63.73,0.4664,100.34,1491.7,0,3708
4,93,63.33,0.3883,101.85,1505.6,0,3707
4,94,63.62,0.4584,99.63,1499.6,0,3706
4,95,62.83,0.4813,99.71,1500.0,0,3705
4,96,64.8,0.4429,102.28,1496.0,0,3704
4,97,64.57,0.5095,103.29,1510.9,0,3703
4,98,61.26,0.397,100.04,1526.2,0,3702
4,99,65.34,0.4512,102.59,1502.9,0,3701
4,100,64.32,0.4902,101.21,1493.1,0,3700
4,101,64.75,0.4687,104.58,1496.5,0,3699
4,102,64.98,0.4954,97.46,1504.2,0,3698
4,103,65.16,0.5294,100.6,1508.5,0,3697
4,104,62.88,0.4283,103.14,1512.2,0,3696
4,105,66.15,0.4625,103.76,1491.5,0,3695
4,106,63.52,0.5392,102.19,1491.9,0,3694
4,107,63.99,0.4705,103.31,1491.2,0,3693
4,108,65.35,0.44,103.61,1509.1,0,3692
4,109,62.41,0.4006,102.2,1496.0,0,3691
4,110,66.16,0.4516,103.06,1495.3,0,3690
4,111,63.72,0.4478,101.32,1508.7,0,3689
4,112,63.88,0.5167,103.02,1495.5,0,3688
4,113,67.46,0.4333,102.28,1514.0,0,3687
4,114,62.64,0.3968,103.3,1499.2,0,3686
4,115,62.4,0.4536,103.02,1492.5,0,3685
4,116,65.04,0.5232,103.75,1508.5,0,3684
4,117,63.38,0.4881,104.26,1513.7,0,3683
4,118,63.47,0.5069,99.52,1483.8,0,3682
4,119,64.4,0.4689,103.1,1511.7,0,3681
4,120,65.02,0.4814,100.62,1486.8,0,3680
4,121,64.39,0.5163,103.82,1489.6,0,3679
4,122,65.37,0.4907,99.88,1480.3,0,3678
4,123,63.06,0.5429,100.69,1496.4,0,3677
4,124,66.37,0.475,102.82,1473.0,0,3676
4,125,62.57,0.4885,102.66,1488.7,0,3675
4,126,64.92,0.4755,98.37,1491.5,0,3674
4,127,66.89,0.481,102.97,1491.5,0,3673
4,128,64.16,0.5115,103.85,1502.6,0,3672
4,129,65.98,0.5199,102.42,1501.1,0,3671
4,130,63.54,0.5346,102.61,1481.1,0,3670
4,131,63.19,0.5043,101.19,1481.0,0,3669
4,132,62.63,0.583,99.57,1498.6,0,3668
4,133,64.23,0.4974,103.49,1498.7,0,3667
4,134,66.82,0.5654,102.52,1485.5,0,3666
4,135,65.27,0.5141,101.7,1471.2,0,3665
4,136,65.73,0.5848,102.09,1479.3,0,3664
4,137,68.49,0.491,101.52,1476.3,0,3663
4,138,65.18,0.4653,99.33,1477.3,0,3662
4,139,64.58,0.4786,101.76,1481.8,0,3661
4,140,65.21,0.5012,97.94,1465.3,0,3660
4,141,66.11,0.5051,101.12,1483.0,0,3659
4,142,64.97,0.5016,102.66,1471.2,0,3658
4,143,65.34,0.5978,98.8,1486.8,0,3657
4,144,64.62,0.4788,103.12,1481.8,0,3656
4,145,64.86,0.5447,97.53,1481.9,0,3655
4,146,66.73,0.5213,101.92,1497.7,0,3654
4,147,64.41,0.467,100.77,1485.7,0,3653
4,148,65.35,0.5001,98.69,1483.9,0,3652
4,149,64.79,0.5294,103.42,1470.8,0,3651
4,150,65.23,0.5771,100.89,1498.3,0,3650
4,151,63.92,0.5871,101.32,1462.6,0,3649
4,152,65.23,0.5422,99.34,1469.3,0,3648
4,153,64.96,0.5768,100.24,1479.8,0,3647
4,154,66.11,0.5885,97.16,1479.1,0,3646
4,155,64.65,0.5838,99.81,1485.4,0,3645
4,156,66.25,0.5403,101.06,1470.8,0,3644
4,157,66.71,0.5225,101.34,1489.6,0,3643
4,158,65.47,0.5601,100.99,1483.6,0,3642
4,159,65.17,0.577,102.66,1475.8,0,3641
4,160,65.32,0.6127,100.97,1486.1,0,3640
4,161,66.02,0.5321,101.75,1485.0,0,3639
4,162,64.87,0.5038,99.19,1485.8,0,3638
4,163,66.45,0.5446,100.94,1453.6,0,3637
4,164,66.3,0.596,99.29,1450.7,0,3636
4,165,65.14,0.5408,101.06,1488.5,0,3635
4,166,64.5,0.533,101.78,1494.7,0,3634
4,167,66.55,0.5369,98.85,1465.5,0,3633
4,168,63.85,0.5435,98.42,1467.1,0,3632
4,169,64.27,0.4796,95.21,1483.7,0,3631
4,170,63.59,0.4978,96.2,1466.9,0,3630
4,171,64.32,0.5262,100.67,1480.7,0,3629
4,172,66.29,0.5037,98.29,1498.1,0,3628
4,173,65.58,0.6241,98.52,1476.0,0,3627
4,174,65.17,0.5147,98.88,1483.3,0,3626
4,175,65.5,0.5473,99.62,1483.9,0,3625
4,176,66.47,0.5222,97.56,1476.0,0,3624
4,177,64.39,0.4909,97.23,1479.7,0,3623
4,178,65.46,0.5557,99.14,1488.4,0,3622
4,179,65.5,0.5365,98.18,1485.8,0,3621
4,180,64.65,0.4891,96.0,1485.1,0,3620
4,181,63.9,0.5605,99.0,1488.2,0,3619
4,182,63.13,0.4561,101.56,1473.2,0,3618
4,183,63.19,0.4644,95.6,1475.3,0,3617
4,184,64.22,0.476,99.27,1487.9,0,3616
4,185,65.64,0.523,98.51,1498.9,0,3615
4,186,65.33,0.529,102.24,1487.6,0,3614
4,187,66.79,0.487,99.19,1477.3,0,3613
4,188,64.38,0.5129,98.04,1468.2,0,3612
4,189,65.8,0.4331,99.67,1479.8,0,3611
4,190,63.61,0.5208,96.19,1485.7,0,3610
4,191,65.79,0.4689,98.47,1477.7,0,3609
4,192,64.8,0.5001,100.74,1488.1,0,3608
4,193,66.1,0.4842,99.49,1517.6,0,3607
4,194,64.73,0.4378,96.37,1498.8,0,3606
4,195,61.73,0.4929,95.39,1496.4,0,3605
4,196,65.68,0.4467,98.21,1505.6,0,3604
4,197,65.56,0.4702,97.94,1491.7,0,3603
4,198,62.58,0.4656,99.53,1476.4,0,3602
4,199,63.39,0.4739,98.03,1499.1,0,3601
4,200,65.32,0.4371,96.8,1496.5,0,3600
4,201,65.18,0.4781,96.22,1512.3,0,3599
4,202,66.57,0.4252,99.43,1505.8,0,3598
4,203,66.04,0.4848,95.49,1487.7,0,3597
4,204,64.46,0.4408,97.71,1496.6,0,3596
4,205,62.52,0.476,94.68,1494.9,0,3595
4,206,64.17,0.4613,96.92,1482.7,0,3594
4,207,64.27,0.5046,98.15,1488.8,0,3593
4,208,64.42,0.4679,99.3,1505.6,0,3592
4,209,66.17,0.4106,96.95,1500.3,0,3591
4,210,63.2,0.4512,94.9,1505.3,0,3590
4,211,65.4,0.4534,98.88,1506.3,0,3589
4,212,66.8,0.4655,98.0,1495.5,0,3588
4,213,63.47,0.4603,98.98,1514.8,0,3587
4,214,63.5,0.4645,96.24,1476.0,0,3586
4,215,65.22,0.4482,94.99,1513.5,0,3585
4,216,65.57,0.4154,96.66,1501.3,0,3584
4,217,63.83,0.5113,96.43,1501.0,0,3583
4,218,64.26,0.4905,99.15,1490.3,0,3582
4,219,62.53,0.5126,94.88,1503.3,0,3581
4,220,64.95,0.379,97.82,1498.4,0,3580
4,221,63.3,0.454,96.7,1503.7,0,3579
4,222,64.06,0.5033,102.94,1514.7,0,3578
4,223,63.63,0.4319,95.05,1523.4,0,3577
4,224,64.95,0.4995,92.22,1521.4,0,3576
4,225,63.31,0.4623,97.17,1525.3,0,3575
4,226,62.75,0.4358,94.74,1502.0,0,3574
4,227,63.77,0.4748,97.51,1498.2,0,3573
4,228,65.11,0.4796,95.4,1503.8,0,3572
4,229,63.55,0.4476,97.34,1509.5,0,3571
4,230,65.91,0.514,95.33,1507.2,0,3570
4,231,64.49,0.4112,96.69,1512.7,0,3569
4,232,63.32,0.4332,96.18,1514.0,0,3568
4,233,63.55,0.4557,97.0,1530.0,0,3567
4,234,64.18,0.4662,96.09,1507.2,0,3566
4,235,65.03,0.5294,100.07,1529.9,0,3565
4,236,66.13,0.4951,94.55,1501.3,0,3564
4,237,64.9,0.5002,98.62,1522.8,0,3563
4,238,64.53,0.4952,96.81,1526.4,0,3562
4,239,64.37,0.4646,97.19,1527.3,0,3561
4,240,64.8,0.4779,97.54,1513.8,0,3560
4,241,61.79,0.4487,95.45,1526.6,0,3559
4,242,64.49,0.428,96.1,1501.7,0,3558
4,243,63.21,0.4934,97.75,1537.2,0,3557
4,244,64.65,0.4757,98.06,1507.0,0,3556
4,245,65.04,0.4895,95.09,1527.7,0,3555
4,246,63.64,0.4097,97.82,1520.3,0,3554
4,247,61.65,0.4807,97.14,1539.0,0,3553
4,248,62.08,0.425,96.94,1533.2,0,3552
4,249,61.54,0.4978,98.63,1525.8,0,3551
4,250,64.52,0.4748,95.3,1526.3,0,3550
4,251,62.99,0.5036,94.98,1512.2,0,3549
4,252,60.7,0.4981,98.62,1518.3,0,3548
4,253,62.23,0.5295,96.99,1510.2,0,3547
4,254,60.91,0.5468,100.35,1510.6,0,3546
4,255,63.04,0.5218,94.57,1529.6,0,3545
4,256,64.55,0.5168,99.89,1521.2,0,3544
4,257,66.43,0.4776,96.69,1502.7,0,3543
4,258,63.5,0.5217,99.05,1510.3,0,3542
4,259,61.75,0.4824,99.75,1524.0,0,3541
4,260,61.33,0.5289,97.32,1487.0,0,3540
4,261,61.09,0.5213,96.17,1519.7,0,3539
4,262,63.72,0.5602,97.95,1518.9,0,3538
4,263,62.66,0.5641,98.81,1534.3,0,3537
4,264,62.03,0.5204,96.07,1519.2,0,3536
4,265,61.88,0.5138,99.21,1519.5,0,3535
4,266,61.21,0.5932,98.87,1534.3,0,3534
4,267,60.75,0.5842,95.67,1533.0,0,3533
4,268,61.97,0.5229,92.62,1527.3,0,3532
4,269,62.57,0.5143,94.44,1522.5,0,3531
4,270,60.98,0.5696,101.46,1507.1,0,3530
4,271,61.4,0.5261,98.0,1510.7,0,3529
4,272,63.16,0.4827,97.36,1510.5,0,3528
4,273,61.31,0.5695,96.96,1517.6,0,3527
4,274,62.51,0.5797,98.45,1524.2,0,3526
4,275,59.11,0.5854,96.75,1513.9,0,3525
4,276,59.68,0.563,100.49,1506.5,0,3524
4,277,61.23,0.6218,96.59,1516.3,0,3523
4,278,63.07,0.5536,99.58,1510.2,0,3522
4,279,61.39,0.5469,97.72,1523.5,0,3521
4,280,63.04,0.5226,97.69,1519.0,0,3520
4,281,62.44,0.555,99.29,1521.8,0,3519
4,282,62.91,0.5627,93.56,1517.8,0,3518
4,283,64.36,0.5359,95.56,1513.8,0,3517
4,284,62.49,0.4794,99.8,1505.7,0,3516
4,285,61.03,0.5957,101.17,1515.3,0,3515
4,286,61.61,0.5536,99.31,1513.7,0,3514
4,287,61.83,0.5392,96.5,1519.0,0,3513
4,288,61.56,0.5734,95.4,1515.4,0,3512
4,289,62.37,0.5305,95.78,1512.7,0,3511
4,290,61.51,0.5398,97.06,1526.2,0,3510
4,291,62.13,0.5367,97.7,1520.2,0,3509
4,292,60.86,0.5596,99.86,1512.1,0,3508
4,293,61.89,0.5781,98.46,1525.4,0,3507
4,294,60.33,0.5385,102.97,1537.5,0,3506
4,295,61.06,0.5511,97.64,1506.9,0,3505
4,296,60.77,0.5654,96.33,1516.1,0,3504
4,297,61.77,0.5034,99.59,1517.5,0,3503
4,298,61.21,0.5146,95.82,1479.9,0,3502
4,299,60.7,0.5422,100.77,1514.6,0,3501
4,300,61.96,0.5416,102.8,1512.0,0,3500
4,301,61.56,0.5184,94.42,1499.7,0,3499
4,302,59.62,0.5677,98.76,1500.3,0,3498
4,303,60.32,0.5152,92.97,1495.6,0,3497
4,304,60.92,0.5972,98.82,1508.0,0,3496
4,305,62.93,0.4758,101.06,1496.4,0,3495
4,306,61.93,0.451,99.72,1500.3,0,3494
4,307,59.87,0.4721,101.83,1501.3,0,3493
4,308,59.17,0.5239,100.51,1492.4,0,3492
4,309,61.91,0.4753,101.87,1506.1,0,3491
4,310,60.34,0.4788,97.79,1523.5,0,3490
4,311,58.87,0.482,102.8,1493.6,0,3489
4,312,59.24,0.4874,101.56,1488.9,0,3488
4,313,61.18,0.5477,97.79,1500.4,0,3487
4,314,61.01,0.4946,99.6,1502.6,0,3486
4,315,59.8,0.5123,99.83,1498.1,0,3485
4,316,58.79,0.4671,103.47,1491.4,0,3484
4,317,59.05,0.5604,98.52,1503.9,0,3483
4,318,59.32,0.5247,100.1,1503.4,0,3482
4,319,58.14,0.4827,102.45,1503.9,0,3481
4,320,59.44,0.4556,102.63,1507.4,0,3480
4,321,58.61,0.5254,98.71,1498.7,0,3479
4,322,59.4,0.5249,101.86,1504.6,0,3478
4,323,58.13,0.4209,101.02,1484.3,0,3477
4,324,60.18,0.4961,100.81,1484.7,0,3476
4,325,59.06,0.5104,101.14,1467.1,0,3475
4,326,60.43,0.4436,103.02,1493.5,0,3474
4,327,59.83,0.4552,101.86,1491.7,0,3473
4,328,59.28,0.4865,97.58,1496.4,0,3472
4,329,58.05,0.3918,98.72,1494.3,0,3471
4,330,59.58,0.465,98.58,1492.3,0,3470
4,331,57.73,0.4286,101.01,1478.5,0,3469
4,332,57.9,0.4388,100.91,1503.2,0,3468
4,333,58.77,0.3727,102.88,1490.0,0,3467
4,334,56.99,0.4703,102.46,1481.1,0,3466
4,335,62.11,0.4356,102.52,1493.3,0,3465
4,336,58.63,0.4535,103.61,1486.9,0,3464
4,337,56.4,0.4467,105.0,1487.6,0,3463
4,338,60.44,0.3918,100.16,1478.8,0,3462
4,339,59.45,0.5449,100.7,1500.8,0,3461
4,340,59.33,0.4191,98.94,1471.6,0,3460
4,341,59.01,0.3884,105.03,1475.0,0,3459
4,342,56.99,0.4646,100.99,1486.7,0,3458
4,343,59.43,0.4536,103.31,1486.5,0,3457
4,344,57.85,0.4813,101.88,1488.8,0,3456
4,345,57.26,0.451,104.58,1480.0,0,3455
4,346,57.9,0.4103,101.25,1491.0,0,3454
4,347,57.97,0.4702,95.73,1471.0,0,3453
4,348,58.9,0.3507,100.87,1485.3,0,3452
4,349,60.23,0.473,101.79,1495.2,0,3451
4,350,59.46,0.4027,101.27,1476.0,0,3450
4,351,57.18,0.4511,101.9,1490.3,0,3449
4,352,58.33,0.427,100.57,1475.7,0,3448
4,353,58.8,0.441,106.83,1468.1,0,3447
4,354,55.73,0.4447,97.11,1458.1,0,3446
4,355,54.77,0.3876,101.11,1487.9,0,3445
4,356,55.36,0.4547,100.75,1488.7,0,3444
4,357,57.7,0.5113,101.87,1494.6,0,3443
4,358,57.49,0.4818,102.14,1484.6,0,3442
4,359,57.75,0.4977,104.54,1491.3,0,3441
4,360,58.49,0.4641,103.03,1476.3,0,3440
4,361,56.85,0.4826,106.19,1469.3,0,3439
4,362,57.36,0.4167,101.11,1473.2,0,3438
4,363,56.21,0.5124,104.45,1469.1,0,3437
4,364,56.37,0.4433,102.16,1492.8,0,3436
4,365,57.62,0.4729,106.81,1467.3,0,3435
4,366,57.43,0.5019,102.68,1467.5,0,3434
4,367,58.16,0.4519,99.46,1482.2,0,3433
4,368,58.83,0.5809,102.54,1497.7,0,3432
4,369,57.07,0.4549,103.03,1477.3,0,3431
4,370,57.63,0.5242,99.57,1474.3,0,3430
4,371,56.46,0.4253,101.92,1478.6,0,3429
4,372,56.39,0.4763,102.71,1472.4,0,3428
4,373,56.71,0.4404,102.97,1478.3,0,3427
4,374,55.53,0.4986,103.88,1477.2,0,3426
4,375,55.35,0.5118,102.53,1487.6,0,3425
4,376,56.11,0.5262,101.49,1463.3,0,3424
4,377,55.99,0.5239,105.03,1474.0,0,3423
4,378,55.87,0.5451,101.53,1497.4,0,3422
4,379,56.51,0.5792,103.24,1473.8,0,3421
4,380,56.89,0.4354,100.06,1487.6,0,3420
4,381,56.77,0.5773,103.82,1492.7,0,3419
4,382,57.69,0.4713,101.75,1485.3,0,3418
4,383,56.42,0.5858,101.38,1474.1,0,3417
4,384,56.21,0.5929,106.22,1467.0,0,3416
4,385,56.89,0.5265,101.93,1487.2,0,3415
4,386,58.98,0.5288,100.33,1478.9,0,3414
4,387,57.88,0.4982,102.83,1468.1,0,3413
4,388,56.88,0.5261,100.99,1481.5,0,3412
4,389,55.82,0.5422,104.34,1489.5,0,3411
4,390,56.65,0.5633,103.88,1475.7,0,3410
4,391,56.01,0.6238,103.44,1482.6,0,3409
4,392,55.74,0.5597,100.46,1467.8,0,3408
4,393,55.39,0.5712,102.37,1478.6,0,3407
4,394,57.14,0.5463,106.28,1477.2,0,3406
4,395,58.69,0.5485,102.92,1506.1,0,3405
4,396,56.22,0.604,101.39,1493.5,0,3404
4,397,54.65,0.5517,102.97,1493.9,0,3403
4,398,57.38,0.5104,103.59,1482.6,0,3402
4,399,57.03,0.4769,103.34,1501.7,0,3401
4,400,55.54,0.5441,105.3,1490.4,0,3400
4,401,54.8,0.5585,103.88,1488.7,0,3399
4,402,55.55,0.5959,102.09,1479.6,0,3398
4,403,56.24,0.5801,101.78,1502.6,0,3397
4,404,55.86,0.4869,102.03,1477.2,0,3396
4,405,56.23,0.6043,101.02,1482.8,0,3395
4,406,56.38,0.5407,104.43,1499.6,0,3394
4,407,56.21,0.5237,106.21,1493.7,0,3393
4,408,55.43,0.5674,101.21,1483.1,0,3392
4,409,55.22,0.5631,100.8,1519.0,0,3391
4,410,55.53,0.5651,104.72,1472.0,0,3390
4,411,56.19,0.6023,101.82,1488.2,0,3389
4,412,55.79,0.6182,102.24,1523.3,0,3388
4,413,56.63,0.516,98.74,1499.2,0,3387
4,414,57.69,0.5463,105.44,1497.0,0,3386
4,415,56.29,0.5988,102.16,1501.2,0,3385
4,416,56.87,0.5313,104.68,1504.3,0,3384
4,417,57.13,0.5864,103.88,1486.2,0,3383
4,418,53.7,0.5698,103.34,1499.7,0,3382
4,419,54.47,0.5584,101.58,1500.4,0,3381
4,420,54.48,0.5529,103.5,1496.7,0,3380
4,421,57.41,0.4809,106.87,1514.8,0,3379
4,422,56.4,0.5614,106.15,1504.4,0,3378
4,423,54.15,0.5286,102.95,1502.8,0,3377
4,424,54.13,0.5354,101.66,1517.4,0,3376
4,425,53.14,0.5552,101.52,1502.3,0,3375
4,426,53.43,0.4852,100.98,1496.0,0,3374
4,427,57.95,0.4892,102.36,1506.8,0,3373
4,428,55.96,0.5431,101.42,1491.9,0,3372
4,429,57.12,0.4699,102.73,1501.2,0,3371
4,430,54.26,0.5576,101.93,1490.0,0,3370
4,431,55.74,0.5994,101.08,1497.4,0,3369
4,432,54.88,0.495,103.61,1504.1,0,3368
4,433,55.2,0.4909,103.25,1511.6,0,3367
4,434,54.13,0.5352,102.58,1487.9,0,3366
4,435,51.61,0.495,106.12,1510.1,0,3365
4,436,55.6,0.5233,102.51,1518.7,0,3364
4,437,53.8,0.5281,103.04,1510.5,0,3363
4,438,56.55,0.5118,103.24,1513.1,0,3362
4,439,55.01,0.4748,99.93,1518.8,0,3361
4,440,53.92,0.5437,100.94,1512.7,0,3360
4,441,54.52,0.4866,100.6,1519.0,0,3359
4,442,56.33,0.4878,103.45,1505.0,0,3358
4,443,55.69,0.5084,99.75,1511.9,0,3357
4,444,52.8,0.5302,100.71,1522.9,0,3356
4,445,56.47,0.48,104.94,1510.6,0,3355
4,446,55.19,0.5121,99.86,1502.9,0,3354
4,447,58.4,0.4068,99.17,1506.9,0,3353
4,448,54.21,0.4181,100.54,1513.6,0,3352
4,449,56.37,0.5392,102.67,1529.8,0,3351
4,450,55.06,0.4541,100.79,1524.9,0,3350
4,451,53.72,0.4332,97.19,1516.9,0,3349
4,452,54.81,0.498,101.48,1519.8,0,3348
4,453,54.61,0.3966,104.02,1512.7,0,3347
4,454,55.25,0.4686,102.55,1510.2,0,3346
4,455,53.1,0.5493,100.5,1516.5,0,3345
4,456,56.29,0.4216,100.94,1536.4,0,3344
4,457,54.36,0.4351,98.11,1515.2,0,3343
4,458,56.25,0.5085,101.84,1518.4,0,3342
4,459,53.99,0.5003,100.15,1522.8,0,3341
4,460,57.51,0.4357,103.13,1531.0,0,3340
4,461,54.01,0.4435,100.24,1515.9,0,3339
4,462,54.99,0.4406,101.17,1524.3,0,3338
4,463,53.15,0.442,98.36,1512.3,0,3337
4,464,54.38,0.4521,98.51,1515.5,0,3336
4,465,55.23,0.4332,99.9,1506.0,0,3335
4,466,55.84,0.4909,99.41,1518.0,0,3334
4,467,56.16,0.429,101.39,1522.1,0,3333
4,468,53.86,0.4412,97.95,1527.5,0,3332
4,469,55.07,0.509,102.63,1530.7,0,3331
4,470,54.3,0.5046,100.04,1510.7,0,3330
4,471,55.65,0.4455,97.58,1525.1,0,3329
4,472,55.24,0.4596,100.34,1511.7,0,3328
4,473,54.79,0.4353,94.72,1526.8,0,3327
4,474,56.95,0.4934,99.58,1534.2,0,3326
4,475,56.03,0.4206,98.71,1524.2,0,3325
4,476,55.36,0.4495,98.31,1536.8,0,3324
4,477,54.54,0.4976,99.75,1536.8,0,3323
4,478,53.76,0.491,98.86,1516.7,0,3322
4,479,55.61,0.4431,101.37,1522.5,0,3321
4,480,53.19,0.4213,104.04,1526.6,0,3320
4,481,55.48,0.4524,101.9,1518.0,0,3319
4,482,56.98,0.4003,100.41,1519.5,0,3318
4,483,53.69,0.5054,98.84,1525.1,0,3317
4,484,56.6,0.47,95.01,1509.0,0,3316
4,485,54.06,0.4833,103.14,1524.8,0,3315
4,486,55.23,0.5032,100.88,1519.6,0,3314
4,487,54.67,0.3613,101.32,1535.8,0,3313
4,488,53.92,0.5143,99.13,1505.1,0,3312
4,489,55.6,0.4965,99.73,1529.9,0,3311
4,490,53.65,0.473,98.38,1514.2,0,3310
4,491,56.0,0.4413,102.44,1529.6,0,3309
4,492,54.86,0.4875,96.38,1502.7,0,3308
4,493,53.79,0.4792,97.91,1497.8,0,3307
4,494,54.67,0.3984,96.35,1530.1,0,3306
4,495,55.31,0.4765,96.47,1508.5,0,3305
4,496,56.11,0.5173,99.07,1501.2,0,3304
4,497,54.15,0.3991,101.22,1518.6,0,3303
4,498,56.28,0.4974,99.0,1514.2,0,3302
4,499,53.58,0.5504,94.98,1503.5,0,3301
4,500,54.54,0.4866,97.77,1513.1,0,3300
4,501,52.01,0.4713,95.98,1517.7,0,3299
4,502,56.55,0.4505,98.11,1517.2,0,3298
4,503,53.01,0.5335,95.84,1511.4,0,3297
4,504,54.56,0.5336,100.67,1500.8,0,3296
4,505,54.79,0.4631,99.36,1522.8,0,3295
4,506,56.42,0.4516,100.75,1517.0,0,3294
4,507,55.46,0.5333,99.78,1511.8,0,3293
4,508,56.01,0.4728,98.28,1498.4,0,3292
4,509,55.2,0.5286,100.25,1523.5,0,3291
4,510,54.64,0.5882,97.89,1515.6,0,3290
4,511,56.76,0.4719,98.99,1497.1,0,3289
4,512,57.04,0.496,97.12,1499.0,0,3288
4,513,55.46,0.4972,102.15,1507.7,0,3287
4,514,55.75,0.5364,98.68,1511.9,0,3286
4,515,55.65,0.5383,97.4,1520.5,0,3285
4,516,54.52,0.5625,98.24,1506.8,0,3284
4,517,56.36,0.5045,91.3,1493.7,0,3283
4,518,57.48,0.5438,99.19,1499.4,0,3282
4,519,54.77,0.5528,96.36,1494.1,0,3281
4,520,55.4,0.6204,96.36,1489.7,0,3280
4,521,55.94,0.6056,97.11,1510.9,0,3279
4,522,54.81,0.5636,97.07,1499.7,0,3278
4,523,57.33,0.5683,97.2,1497.2,0,3277
4,524,54.89,0.551,100.35,1502.3,0,3276
4,525,56.09,0.5783,98.22,1493.4,0,3275
4,526,55.57,0.5122,96.49,1496.3,0,3274
4,527,55.81,0.5297,96.97,1482.4,0,3273
4,528,55.62,0.5125,98.85,1479.7,0,3272
4,529,57.49,0.5394,98.02,1486.0,0,3271
4,530,56.56,0.5254,98.71,1504.4,0,3270
4,531,57.66,0.5438,95.94,1498.5,0,3269
4,532,57.5,0.4892,95.68,1492.7,0,3268
4,533,54.34,0.5932,101.96,1474.7,0,3267
4,534,55.1,0.5234,97.85,1490.2,0,3266
4,535,56.27,0.532,95.35,1476.2,0,3265
4,536,57.44,0.4639,93.85,1498.2,0,3264
4,537,55.99,0.5401,97.37,1497.2,0,3263
4,538,57.65,0.5709,93.45,1510.1,0,3262
4,539,55.06,0.5532,97.94,1504.0,0,3261
4,540,55.4,0.514,99.38,1501.7,0,3260
4,541,56.0,0.5482,97.17,1483.2,0,3259
4,542,56.48,0.5175,97.08,1488.2,0,3258
4,543,56.85,0.5243,94.32,1501.0,0,3257
4,544,55.5,0.4998,98.76,1499.5,0,3256
4,545,58.26,0.5999,98.4,1498.7,0,3255
4,546,56.39,0.586,97.32,1492.6,0,3254
4,547,56.04,0.5746,97.54,1490.9,0,3253
4,548,56.2,0.5019,96.42,1491.3,0,3252
4,549,58.05,0.4824,100.65,1490.4,0,3251
4,550,56.8,0.5495,94.46,1488.0,0,3250
4,551,56.61,0.5676,98.06,1480.0,0,3249
4,552,55.09,0.535,100.63,1468.7,0,3248
4,553,54.01,0.5537,95.29,1500.8,0,3247
4,554,55.95,0.5367,98.49,1479.9,0,3246
4,555,56.05,0.5476,95.49,1480.4,0,3245
4,556,56.03,0.5559,95.48,1474.9,0,3244
4,557,56.17,0.4316,92.37,1501.7,0,3243
4,558,55.18,0.5083,95.78,1502.2,0,3242
4,559,57.24,0.4759,96.41,1500.0,0,3241
4,560,55.13,0.5284,101.25,1474.7,0,3240
4,561,57.23,0.5204,95.78,1475.7,0,3239
4,562,57.4,0.4931,98.27,1493.3,0,3238
4,563,56.63,0.4909,100.39,1478.5,0,3237
4,564,55.27,0.5382,97.62,1479.8,0,3236
4,565,56.94,0.5151,93.95,1487.4,0,3235
4,566,56.2,0.5269,94.37,1481.3,0,3234
4,567,57.49,0.5305,95.1,1492.4,0,3233
4,568,55.97,0.4294,96.12,1467.1,0,3232
4,569,59.34,0.4744,97.81,1476.7,0,3231
4,570,57.38,0.5288,97.8,1469.6,0,3230
4,571,56.21,0.5198,98.85,1483.4,0,3229
4,572,56.62,0.5937,94.62,1498.9,0,3228
4,573,57.47,0.4752,97.15,1479.7,0,3227
4,574,57.16,0.4588,96.76,1481.3,0,3226
4,575,57.44,0.4595,99.19,1463.8,0,3225
4,576,57.05,0.5116,98.5,1475.9,0,3224
4,577,58.19,0.4476,101.82,1485.0,0,3223
4,578,56.93,0.4543,98.29,1482.9,0,3222
4,579,58.06,0.4247,99.45,1475.9,0,3221
4,580,58.32,0.5271,100.35,1483.6,0,3220
4,581,57.17,0.438,96.81,1485.4,0,3219
4,582,58.04,0.5019,98.48,1478.4,0,3218
4,583,59.38,0.4874,93.43,1464.3,0,3217
4,584,58.78,0.4795,97.11,1464.4,0,3216
4,585,56.81,0.4266,98.06,1476.1,0,3215
4,586,57.91,0.3615,96.15,1482.3,0,3214
4,587,60.25,0.4909,95.18,1479.5,0,3213
4,588,58.82,0.4738,97.03,1483.8,0,3212
4,589,58.61,0.4417,98.23,1476.5,0,3211
4,590,57.15,0.4834,96.32,1481.4,0,3210
4,591,59.25,0.3975,95.1,1481.1,0,3209
4,592,56.52,0.4243,97.07,1484.3,0,3208
4,593,57.76,0.4275,97.88,1482.5,0,3207
4,594,57.28,0.4669,96.77,1510.1,0,3206
4,595,56.43,0.4735,98.87,1484.2,0,3205
4,596,57.85,0.4174,99.83,1493.1,0,3204
4,597,58.63,0.3925,97.67,1494.9,0,3203
4,598,59.41,0.514,96.8,1464.9,0,3202
4,599,58.2,0.4472,97.82,1493.6,0,3201
4,600,57.65,0.3894,102.08,1487.1,0,3200
4,601,57.06,0.4339,99.05,1502.8,0,3199
4,602,60.08,0.4535,96.68,1478.9,0,3198
4,603,58.51,0.4727,97.2,1505.1,0,3197
4,604,58.58,0.4507,98.89,1482.4,0,3196
4,605,60.48,0.4282,104.24,1483.1,0,3195
4,606,57.74,0.4934,100.19,1480.2,0,3194
4,607,57.58,0.4974,98.06,1488.1,0,3193
4,608,59.89,0.5098,101.92,1471.3,0,3192
4,609,55.56,0.4566,96.28,1497.6,0,3191
4,610,59.48,0.4907,96.22,1506.8,0,3190
4,611,59.33,0.3938,101.83,1474.4,0,3189
4,612,58.13,0.4815,96.17,1491.3,0,3188
4,613,59.39,0.4505,96.97,1493.6,0,3187
4,614,60.79,0.5096,101.26,1478.5,0,3186
4,615,58.74,0.5068,97.34,1495.4,0,3185
4,616,61.5,0.4785,97.09,1513.5,0,3184
4,617,59.05,0.5012,98.43,1490.0,0,3183
4,618,56.9,0.4261,98.85,1473.9,0,3182
4,619,58.68,0.5113,100.52,1511.4,0,3181
4,620,61.43,0.4826,100.2,1500.9,0,3180
4,621,59.08,0.459,103.35,1485.8,0,3179
4,622,61.87,0.4558,99.63,1494.0,0,3178
4,623,60.45,0.5113,101.32,1498.5,0,3177
4,624,59.46,0.4014,97.97,1493.4,0,3176
4,625,59.78,0.3969,100.69,1501.1,0,3175
4,626,59.2,0.6053,99.43,1496.1,0,3174
4,627,59.75,0.4895,96.37,1501.7,0,3173
4,628,59.44,0.483,102.13,1505.7,0,3172
4,629,60.55,0.4896,99.09,1513.3,0,3171
4,630,61.52,0.4221,102.63,1487.0,0,3170
4,631,58.57,0.5397,102.84,1506.5,0,3169
4,632,60.98,0.5062,98.62,1495.9,0,3168
4,633,61.29,0.4868,102.6,1508.8,0,3167
4,634,61.72,0.5824,99.69,1508.1,0,3166
4,635,59.48,0.6053,96.71,1504.3,0,3165
4,636,58.6,0.5371,99.7,1494.6,0,3164
4,637,59.87,0.5267,97.43,1502.4,0,3163
4,638,61.29,0.4972,98.98,1526.6,0,3162
4,639,61.76,0.4873,101.87,1504.4,0,3161
4,640,60.89,0.5073,105.54,1496.6,0,3160
4,641,59.08,0.5691,102.02,1510.5,0,3159
4,642,59.67,0.4917,99.0,1505.5,0,3158
4,643,59.95,0.5597,99.67,1525.4,0,3157
4,644,60.86,0.5217,100.76,1503.3,0,3156
4,645,60.83,0.4919,103.04,1504.1,0,3155
4,646,60.99,0.5393,100.97,1505.5,0,3154
4,647,62.13,0.611,99.95,1502.3,0,3153
4,648,62.02,0.5315,103.78,1507.2,0,3152
4,649,58.95,0.5611,97.27,1507.2,0,3151
4,650,59.93,0.5201,102.38,1503.9,0,3150
4,651,58.84,0.5186,102.59,1517.8,0,3149
4,652,61.14,0.6408,103.18,1526.7,0,3148
4,653,60.1,0.6464,101.26,1505.4,0,3147
4,654,60.95,0.6009,99.15,1514.5,0,3146
4,655,58.66,0.5532,104.43,1498.8,0,3145
4,656,61.69,0.5998,99.44,1510.1,0,3144
4,657,61.99,0.5383,99.15,1542.1,0,3143
4,658,62.77,0.5402,100.95,1526.3,0,3142
4,659,59.34,0.4814,101.88,1528.6,0,3141
4,660,60.42,0.5568,102.33,1524.5,0,3140
4,661,61.17,0.6034,102.17,1509.1,0,3139
4,662,61.14,0.5016,100.37,1516.6,0,3138
4,663,62.01,0.5262,100.28,1519.1,0,3137
4,664,60.97,0.5775,102.4,1521.9,0,3136
4,665,60.39,0.5279,100.93,1516.6,0,3135
4,666,62.28,0.5465,103.53,1527.4,0,3134
4,667,59.81,0.5444,102.34,1506.4,0,3133
4,668,61.95,0.5515,103.48,1526.8,0,3132
4,669,61.47,0.5211,106.38,1520.7,0,3131
4,670,62.67,0.5112,100.1,1520.9,0,3130
4,671,62.17,0.5398,101.78,1516.1,0,3129
4,672,62.4,0.4846,101.62,1518.0,0,3128
4,673,59.15,0.5295,104.33,1526.6,0,3127
4,674,63.27,0.5646,102.97,1526.6,0,3126
4,675,61.64,0.4469,98.46,1522.0,0,3125
4,676,63.44,0.5627,105.22,1521.6,0,3124
4,677,62.67,0.5139,97.73,1527.7,0,3123
4,678,64.31,0.5207,103.61,1532.3,0,3122
4,679,60.48,0.5264,103.56,1520.0,0,3121
4,680,62.61,0.6046,104.52,1512.5,0,3120
4,681,62.57,0.5046,103.13,1518.5,0,3119
4,682,62.88,0.5259,101.07,1519.0,0,3118
4,683,64.48,0.5376,98.75,1519.1,0,3117
4,684,62.84,0.5042,102.88,1501.7,0,3116
4,685,62.52,0.5839,102.86,1522.1,0,3115
4,686,61.67,0.4742,103.78,1507.5,0,3114
4,687,63.38,0.4785,102.51,1517.5,0,3113
4,688,63.5,0.5337,100.69,1507.1,0,3112
4,689,62.64,0.5025,106.79,1509.1,0,3111
4,690,62.52,0.42,104.23,1520.3,0,3110
4,691,61.66,0.5043,102.74,1516.5,0,3109
4,692,63.85,0.4855,99.8,1498.6,0,3108
4,693,62.95,0.5325,103.52,1523.4,0,3107
4,694,64.98,0.4942,106.04,1512.1,0,3106
4,695,65.72,0.4268,100.69,1519.4,0,3105
4,696,63.99,0.4315,99.88,1511.9,0,3104
4,697,62.89,0.4695,101.15,1529.3,0,3103
4,698,61.09,0.4469,101.86,1527.1,0,3102
4,699,63.85,0.4704,103.21,1515.6,0,3101
4,700,61.6,0.4897,102.55,1525.7,0,3100
4,701,63.23,0.4677,105.76,1507.8,0,3099
4,702,63.6,0.4122,106.86,1527.0,0,3098
4,703,62.63,0.4555,102.56,1528.2,0,3097
4,704,65.15,0.4685,102.86,1507.3,0,3096
4,705,63.44,0.4614,105.68,1504.1,0,3095
4,706,63.16,0.4267,101.87,1499.1,0,3094
4,707,62.48,0.4283,106.69,1530.7,0,3093
4,708,61.52,0.3417,108.58,1521.0,0,3092
4,709,64.84,0.453,104.44,1506.1,0,3091
4,710,65.44,0.5463,103.31,1504.8,0,3090
4,711,64.03,0.5164,103.38,1513.0,0,3089
4,712,64.03,0.4785,107.27,1526.3,0,3088
4,713,62.03,0.4404,100.28,1506.4,0,3087
4,714,63.36,0.3884,103.94,1498.7,0,3086
4,715,63.88,0.4358,105.03,1489.2,0,3085
4,716,64.85,0.4153,102.49,1514.9,0,3084
4,717,64.67,0.4364,100.44,1501.0,0,3083
4,718,63.79,0.3763,102.15,1513.6,0,3082
4,719,63.69,0.4263,101.93,1523.7,0,3081
4,720,63.29,0.5115,99.26,1510.7,0,3080
4,721,65.58,0.4429,102.84,1499.8,0,3079
4,722,63.51,0.4782,101.3,1506.6,0,3078
4,723,65.49,0.4347,102.58,1492.1,0,3077
4,724,64.34,0.4303,101.94,1514.0,0,3076
4,725,64.1,0.4127,103.03,1497.5,0,3075
4,726,61.53,0.3815,103.89,1501.7,0,3074
4,727,63.86,0.4607,103.2,1517.9,0,3073
4,728,62.27,0.4693,104.11,1502.8,0,3072
4,729,63.76,0.4472,101.43,1492.8,0,3071
4,730,64.0,0.4335,102.88,1529.2,0,3070
4,731,61.79,0.4262,103.74,1490.0,0,3069
4,732,65.86,0.4115,102.81,1497.6,0,3068
4,733,65.05,0.4834,98.94,1501.8,0,3067
4,734,62.1,0.4595,106.14,1495.8,0,3066
4,735,64.72,0.4794,99.68,1495.5,0,3065
4,736,63.13,0.5096,102.53,1480.1,0,3064
4,737,65.09,0.4701,104.85,1495.1,0,3063
4,738,63.95,0.4965,103.41,1489.8,0,3062
4,739,65.38,0.5659,99.36,1501.7,0,3061
4,740,65.1,0.4368,103.91,1489.3,0,3060
4,741,64.98,0.4869,102.66,1486.4,0,3059
4,742,64.19,0.4833,99.09,1500.0,0,3058
4,743,64.34,0.5172,101.97,1479.0,0,3057
4,744,63.66,0.4587,103.62,1508.4,0,3056
4,745,65.17,0.4501,104.66,1483.8,0,3055
4,746,65.47,0.5552,103.22,1490.4,0,3054
4,747,66.34,0.4161,105.95,1500.7,0,3053
4,748,63.18,0.5251,101.2,1485.9,0,3052
4,749,66.1,0.4892,99.84,1470.7,0,3051
4,750,64.78,0.4739,103.73,1500.4,0,3050
4,751,61.46,0.429,102.49,1496.6,0,3049
4,752,66.49,0.4717,98.69,1485.8,0,3048
4,753,65.3,0.5224,100.11,1487.5,0,3047
4,754,66.18,0.4859,98.74,1507.4,0,3046
4,755,63.12,0.4984,101.23,1475.9,0,3045
4,756,66.02,0.5307,102.99,1496.4,0,3044
4,757,65.59,0.5731,103.53,1499.1,0,3043
4,758,64.89,0.4965,101.98,1471.7,0,3042
4,759,64.57,0.6181,103.77,1507.1,0,3041
4,760,63.95,0.5447,102.85,1483.7,0,3040
4,761,64.77,0.4552,100.09,1497.7,0,3039
4,762,67.74,0.5117,104.5,1480.4,0,3038
4,763,65.21,0.4899,102.29,1482.8,0,3037
4,764,64.55,0.5624,104.47,1473.5,0,3036
4,765,65.32,0.5858,102.48,1489.2,0,3035
4,766,66.28,0.5804,100.31,1474.8,0,3034
4,767,66.4,0.504,101.81,1489.7,0,3033
4,768,65.88,0.575,102.24,1470.9,0,3032
4,769,67.22,0.5528,100.28,1489.1,0,3031
4,770,66.66,0.5147,103.35,1484.1,0,3030
4,771,67.57,0.558,102.79,1483.9,0,3029
4,772,63.56,0.551,102.84,1472.1,0,3028
4,773,63.81,0.5327,101.37,1481.3,0,3027
4,774,62.42,0.525,100.93,1486.7,0,3026
4,775,63.52,0.511,99.43,1479.7,0,3025
4,776,67.29,0.5788,99.74,1477.1,0,3024
4,777,62.66,0.5551,102.08,1487.7,0,3023
4,778,65.64,0.5625,97.06,1498.2,0,3022
4,779,63.02,0.57,99.41,1475.6,0,3021
4,780,64.26,0.5667,96.72,1492.1,0,3020
4,781,64.32,0.5119,100.29,1472.6,0,3019
4,782,66.53,0.5662,102.52,1483.3,0,3018
4,783,64.51,0.5795,100.45,1496.9,0,3017
4,784,64.58,0.5586,101.18,1479.7,0,3016
4,785,66.6,0.5184,101.82,1455.9,0,3015
4,786,64.54,0.5692,104.44,1479.8,0,3014
4,787,65.18,0.5714,101.14,1468.0,0,3013
4,788,65.62,0.5256,100.06,1487.7,0,3012
4,789,64.51,0.5345,104.27,1472.5,0,3011
4,790,65.82,0.6208,100.59,1484.9,0,3010
4,791,64.11,0.6279,97.15,1491.3,0,3009
4,792,63.55,0.4925,98.84,1486.8,0,3008
4,793,65.34,0.5832,101.41,1487.6,0,3007
4,794,66.33,0.4753,94.71,1493.6,0,3006
4,795,66.45,0.5369,96.54,1474.2,0,3005
4,796,64.59,0.627,102.91,1480.3,0,3004
4,797,63.71,0.6161,99.03,1506.6,0,3003
4,798,65.68,0.5549,96.79,1486.6,0,3002
4,799,65.62,0.5096,99.29,1483.0,0,3001
4,800,64.9,0.6048,98.22,1497.6,0,3000
4,801,63.53,0.5529,95.68,1485.0,0,2999
4,802,62.37,0.4884,102.0,1486.7,0,2998
4,803,64.85,0.5069,98.04,1462.7,0,2997
4,804,65.04,0.5137,104.28,1476.4,0,2996
4,805,65.16,0.5165,101.63,1491.5,0,2995
4,806,65.97,0.6123,95.2,1490.8,0,2994
4,807,65.62,0.5648,98.7,1474.5,0,2993
4,808,63.94,0.5118,95.05,1495.0,0,2992
4,809,64.93,0.5085,100.66,1487.7,0,2991
4,810,64.04,0.5067,99.23,1485.0,0,2990
4,811,67.07,0.5196,98.54,1483.3,0,2989
4,812,65.06,0.4607,100.02,1472.3,0,2988
4,813,64.95,0.5259,97.48,1496.0,0,2987
4,814,63.2,0.4247,98.83,1487.6,0,2986
4,815,65.46,0.4642,95.76,1476.3,0,2985
4,816,62.84,0.4874,96.69,1479.2,0,2984
4,817,64.58,0.5602,100.84,1495.9,0,2983
4,818,65.57,0.4827,97.08,1479.1,0,2982
4,819,61.97,0.475,98.01,1497.7,0,2981
4,820,64.99,0.4906,98.54,1480.8,0,2980
4,821,65.13,0.5029,98.64,1493.6,0,2979
4,822,65.15,0.4578,96.48,1483.2,0,2978
4,823,63.7,0.5219,99.43,1500.8,0,2977
4,824,63.01,0.5626,97.96,1491.1,0,2976
4,825,65.05,0.4708,92.69,1498.4,0,2975
4,826,65.3,0.4125,100.76,1483.4,0,2974
4,827,66.63,0.465,98.97,1498.9,0,2973
4,828,62.93,0.5462,95.58,1498.8,0,2972
4,829,64.18,0.5277,98.35,1489.4,0,2971
4,830,64.54,0.5417,100.44,1479.4,0,2970
4,831,63.73,0.4572,95.1,1502.7,0,2969
4,832,65.91,0.5405,96.66,1493.7,0,2968
4,833,64.92,0.4333,95.23,1511.7,0,2967
4,834,62.44,0.4796,98.78,1501.1,0,2966
4,835,64.63,0.4897,97.01,1477.5,0,2965
4,836,63.97,0.5212,96.29,1499.9,0,2964
4,837,62.76,0.4762,96.73,1484.5,0,2963
4,838,62.83,0.4155,98.02,1493.5,0,2962
4,839,63.76,0.4707,93.36,1488.9,0,2961
4,840,63.9,0.4907,94.77,1514.7,0,2960
4,841,62.51,0.4373,100.34,1506.0,0,2959
4,842,64.72,0.4971,98.68,1511.9,0,2958
4,843,64.79,0.3672,93.64,1485.8,0,2957
4,844,65.83,0.4373,98.29,1498.5,0,2956
4,845,67.54,0.3718,97.49,1499.9,0,2955
4,846,63.28,0.4216,95.29,1514.8,0,2954
4,847,67.33,0.462,97.76,1500.6,0,2953
4,848,64.23,0.4597,100.28,1496.3,0,2952
4,849,65.54,0.4447,100.17,1506.2,0,2951
4,850,63.39,0.4101,96.07,1500.2,0,2950
4,851,63.85,0.3694,96.88,1494.0,0,2949
4,852,64.22,0.3883,97.18,1507.2,0,2948
4,853,63.3,0.4164,96.0,1518.8,0,2947
4,854,64.71,0.4828,98.85,1501.4,0,2946
4,855,62.7,0.438,98.26,1514.1,0,2945
4,856,62.27,0.3783,97.48,1513.5,0,2944
4,857,62.74,0.4005,98.34,1513.0,0,2943
4,858,62.28,0.4561,93.75,1525.3,0,2942
4,859,63.19,0.4511,98.13,1516.7,0,2941
4,860,64.25,0.5052,97.98,1523.3,0,2940
4,861,60.56,0.4412,96.71,1513.8,0,2939
4,862,64.02,0.4157,101.19,1508.8,0,2938
4,863,65.89,0.454,96.85,1522.7,0,2937
4,864,63.34,0.459,95.35,1512.5,0,2936
4,865,62.59,0.436,94.81,1496.0,0,2935
4,866,62.86,0.5676,97.28,1500.5,0,2934
4,867,62.33,0.5054,100.13,1530.1,0,2933
4,868,64.3,0.3991,96.22,1507.8,0,2932
4,869,64.83,0.4803,98.76,1522.2,0,2931
4,870,65.03,0.5016,97.5,1523.5,0,2930
4,871,63.69,0.4948,97.28,1528.1,0,2929
4,872,63.77,0.4921,98.4,1520.0,0,2928
4,873,63.63,0.5287,97.22,1512.1,0,2927
4,874,62.4,0.4852,96.94,1509.7,0,2926
4,875,63.71,0.5395,97.92,1542.4,0,2925
4,876,62.19,0.4804,98.5,1531.3,0,2924
4,877,65.06,0.4623,95.95,1515.9,0,2923
4,878,65.8,0.4994,95.94,1528.0,0,2922
4,879,63.82,0.4506,97.97,1507.1,0,2921
4,880,62.22,0.5269,94.84,1510.5,0,2920
4,881,62.96,0.4917,93.52,1502.8,0,2919
4,882,62.43,0.5904,96.61,1529.4,0,2918
4,883,61.83,0.4043,95.11,1514.8,0,2917
4,884,61.21,0.4883,97.37,1532.8,0,2916
4,885,62.35,0.4883,97.63,1506.7,0,2915
4,886,63.52,0.5257,93.97,1511.6,0,2914
4,887,62.35,0.5353,99.07,1512.7,0,2913
4,888,61.6,0.512,97.72,1520.7,0,2912
4,889,62.18,0.5802,97.61,1531.2,0,2911
4,890,64.31,0.5645,98.79,1509.0,0,2910
4,891,63.8,0.5348,95.08,1517.0,0,2909
4,892,61.38,0.5015,98.03,1529.5,0,2908
4,893,61.61,0.547,96.83,1545.0,0,2907
4,894,63.67,0.5495,97.31,1512.1,0,2906
4,895,62.29,0.513,100.95,1525.9,0,2905
4,896,62.17,0.4504,95.73,1528.1,0,2904
4,897,61.05,0.5728,96.77,1508.4,0,2903
4,898,62.36,0.5648,99.42,1521.7,0,2902
4,899,60.22,0.5342,95.49,1525.5,0,2901
4,900,63.47,0.5354,98.49,1512.8,0,2900
4,901,60.9,0.4825,96.94,1503.7,0,2899
4,902,62.19,0.4617,101.13,1520.9,0,2898
4,903,61.3,0.5297,96.19,1515.8,0,2897
4,904,61.28,0.5446,99.06,1532.8,0,2896
4,905,61.37,0.5188,99.05,1518.8,0,2895
4,906,63.17,0.5419,99.05,1527.4,0,2894
4,907,60.96,0.5718,100.0,1529.3,0,2893
4,908,61.43,0.5849,96.57,1538.1,0,2892
4,909,60.4,0.4836,97.78,1514.2,0,2891
4,910,62.53,0.5118,98.28,1525.4,0,2890
4,911,60.33,0.5771,97.7,1512.2,0,2889
4,912,60.8,0.5747,96.8,1532.8,0,2888
4,913,61.94,0.5217,97.35,1523.9,0,2887
4,914,63.62,0.5679,97.56,1507.0,0,2886
4,915,60.56,0.5466,98.54,1525.7,0,2885
4,916,58.97,0.5922,101.84,1506.5,0,2884
4,917,59.41,0.4968,97.96,1512.0,0,2883
4,918,60.45,0.56,97.19,1511.7,0,2882
4,919,59.87,0.4668,98.94,1516.0,0,2881
4,920,61.17,0.5144,96.64,1500.1,0,2880
4,921,60.79,0.4532,101.75,1518.8,0,2879
4,922,58.88,0.553,94.81,1498.1,0,2878
4,923,60.51,0.4871,100.03,1513.1,0,2877
4,924,61.74,0.5613,99.4,1516.2,0,2876
4,925,61.01,0.5257,98.51,1513.2,0,2875
4,926,61.95,0.5484,100.44,1497.2,0,2874
4,927,61.26,0.6013,97.16,1516.6,0,2873
4,928,61.4,0.5154,98.96,1514.1,0,2872
4,929,60.32,0.5018,101.27,1515.1,0,2871
4,930,60.32,0.605,98.63,1522.0,0,2870
4,931,57.94,0.5191,101.06,1497.0,0,2869
4,932,61.85,0.5207,95.85,1506.1,0,2868
4,933,60.11,0.4825,101.19,1512.2,0,2867
4,934,60.4,0.4585,103.33,1498.8,0,2866
4,935,60.89,0.5575,100.71,1493.7,0,2865
4,936,62.41,0.4766,97.75,1503.0,0,2864
4,937,60.32,0.5674,101.46,1499.8,0,2863
4,938,59.49,0.5366,100.72,1507.4,0,2862
4,939,61.34,0.5108,100.96,1495.5,0,2861
4,940,61.45,0.4316,100.28,1488.9,0,2860
4,941,60.84,0.5522,97.77,1504.4,0,2859
4,942,61.67,0.5543,100.78,1514.0,0,2858
4,943,59.51,0.5212,100.54,1504.8,0,2857
4,944,59.32,0.5081,98.43,1483.8,0,2856
4,945,59.52,0.4441,100.5,1508.3,0,2855
4,946,61.18,0.4231,102.86,1486.5,0,2854
4,947,58.24,0.4872,102.02,1520.7,0,2853
4,948,60.9,0.4817,96.37,1523.8,0,2852
4,949,62.35,0.4476,100.8,1502.8,0,2851
4,950,61.56,0.4999,102.15,1506.2,0,2850
4,951,59.25,0.4904,98.22,1484.4,0,2849
4,952,58.8,0.4635,101.17,1491.8,0,2848
4,953,59.67,0.3703,101.37,1512.2,0,2847
4,954,61.08,0.5502,99.93,1506.6,0,2846
4,955,60.38,0.4232,97.29,1493.9,0,2845
4,956,59.49,0.4912,102.28,1503.0,0,2844
4,957,61.08,0.5627,101.86,1497.1,0,2843
4,958,58.71,0.4883,103.52,1473.1,0,2842
4,959,59.0,0.478,100.57,1497.3,0,2841
4,960,58.85,0.4054,101.76,1489.4,0,2840
4,961,58.24,0.5192,102.36,1508.7,0,2839
4,962,59.22,0.4792,102.56,1487.9,0,2838
4,963,58.39,0.4369,104.15,1481.8,0,2837
4,964,58.36,0.4743,101.78,1493.9,0,2836
4,965,59.95,0.4705,101.2,1490.3,0,2835
4,966,59.63,0.4602,98.53,1483.7,0,2834
4,967,58.58,0.4279,103.26,1478.2,0,2833
4,968,58.58,0.5188,101.3,1498.5,0,2832
4,969,57.49,0.3469,100.84,1492.9,0,2831
4,970,57.74,0.4923,102.72,1467.4,0,2830
4,971,58.01,0.5111,97.56,1478.1,0,2829
4,972,55.54,0.4227,101.26,1480.5,0,2828
4,973,59.04,0.4666,101.38,1489.5,0,2827
4,974,60.0,0.4318,103.14,1490.0,0,2826
4,975,59.33,0.4639,102.01,1480.7,0,2825
4,976,59.09,0.5122,99.39,1470.8,0,2824
4,977,59.03,0.4783,99.78,1495.9,0,2823
4,978,59.24,0.4341,102.71,1482.9,0,2822
4,979,57.66,0.4614,102.41,1492.6,0,2821
4,980,59.14,0.3916,98.56,1476.6,0,2820
4,981,56.15,0.4827,99.61,1485.9,0,2819
4,982,58.26,0.4979,102.65,1476.1,0,2818
4,983,57.15,0.513,103.62,1490.2,0,2817
4,984,57.51,0.5096,102.05,1496.9,0,2816
4,985,58.37,0.4732,100.15,1493.0,0,2815
4,986,57.83,0.4566,100.74,1476.5,0,2814
4,987,55.4,0.4908,104.07,1488.7,0,2813
4,988,60.12,0.5171,103.42,1480.7,0,2812
4,989,58.13,0.4202,103.76,1449.0,0,2811
4,990,57.3,0.4565,103.36,1472.2,0,2810
4,991,58.08,0.4824,101.83,1479.2,0,2809
4,992,57.68,0.4798,102.62,1478.9,0,2808
4,993,57.35,0.5245,103.24,1493.6,0,2807
4,994,58.21,0.4498,99.53,1483.5,0,2806
4,995,56.7,0.4694,102.23,1481.5,0,2805
4,996,55.68,0.4591,103.51,1466.1,0,2804
4,997,57.0,0.4736,102.57,1473.2,0,2803
4,998,56.34,0.5009,103.45,1469.5,0,2802
4,999,55.68,0.4684,104.86,1480.6,0,2801
4,1000,57.85,0.4683,101.66,1482.1,0,2800
4,1001,57.43,0.479,104.13,1493.6,0,2799
4,1002,58.1,0.5314,104.31,1485.4,0,2798
4,1003,58.1,0.472,104.76,1495.3,0,2797
4,1004,57.93,0.4693,102.6,1479.0,0,2796
4,1005,57.94,0.5499,105.22,1466.4,0,2795
4,1006,57.66,0.4856,98.66,1493.3,0,2794
4,1007,59.5,0.4802,100.33,1482.4,0,2793
4,1008,55.99,0.6043,104.27,1463.0,0,2792
4,1009,57.0,0.509,104.77,1494.5,0,2791
4,1010,57.28,0.5709,102.08,1481.9,0,2790
4,1011,56.56,0.494,105.56,1484.4,0,2789
4,1012,57.04,0.5832,105.25,1484.0,0,2788
4,1013,57.06,0.5158,100.05,1474.0,0,2787
4,1014,56.34,0.5284,106.98,1482.2,0,2786
4,1015,57.96,0.5368,103.67,1475.8,0,2785
4,1016,56.02,0.5804,102.39,1489.7,0,2784
4,1017,56.95,0.451,102.87,1490.5,0,2783
4,1018,57.09,0.4604,101.11,1485.3,0,2782
4,1019,56.39,0.521,104.48,1481.7,0,2781
4,1020,56.11,0.5794,101.7,1481.7,0,2780
4,1021,54.3,0.4909,103.12,1510.3,0,2779
4,1022,53.88,0.5697,103.57,1474.3,0,2778
4,1023,56.03,0.5713,102.65,1486.4,0,2777
4,1024,55.31,0.5627,100.29,1504.7,0,2776
4,1025,55.12,0.5374,103.97,1510.3,0,2775
4,1026,56.22,0.5079,103.08,1489.8,0,2774
4,1027,57.35,0.5685,101.55,1500.9,0,2773
4,1028,55.96,0.495,101.48,1491.1,0,2772
4,1029,54.16,0.5586,104.18,1467.0,0,2771
4,1030,55.34,0.522,104.27,1495.2,0,2770
4,1031,58.31,0.5417,104.45,1492.6,0,2769
4,1032,54.89,0.5353,102.92,1485.0,0,2768
4,1033,56.03,0.5195,102.61,1476.4,0,2767
4,1034,55.11,0.5389,100.78,1483.8,0,2766
4,1035,55.95,0.5524,101.39,1484.3,0,2765
4,1036,58.44,0.5287,103.09,1488.9,0,2764
4,1037,56.74,0.5991,101.93,1498.1,0,2763
4,1038,55.38,0.6284,103.03,1485.2,0,2762
4,1039,55.84,0.5048,100.49,1496.9,0,2761
4,1040,57.53,0.5165,101.95,1496.2,0,2760
4,1041,55.32,0.5175,100.82,1496.5,0,2759
4,1042,56.14,0.4965,103.17,1489.5,0,2758
4,1043,57.0,0.5769,103.81,1476.2,0,2757
4,1044,56.27,0.5688,101.87,1502.8,0,2756
4,1045,55.17,0.4939,103.03,1509.2,0,2755
4,1046,56.19,0.5573,100.11,1487.9,0,2754
4,1047,55.63,0.5418,103.21,1512.8,0,2753
4,1048,55.94,0.4883,104.57,1495.9,0,2752
4,1049,56.43,0.5956,106.06,1498.3,0,2751
4,1050,55.54,0.5299,105.28,1499.3,0,2750
4,1051,54.83,0.569,102.96,1505.0,0,2749
4,1052,56.5,0.5223,104.75,1499.6,0,2748
4,1053,56.07,0.5369,103.0,1504.7,0,2747
4,1054,56.17,0.5129,102.57,1532.5,0,2746
4,1055,55.48,0.5698,102.36,1494.4,0,2745
4,1056,57.26,0.5352,103.05,1515.5,0,2744
4,1057,56.77,0.4837,99.89,1504.2,0,2743
4,1058,55.14,0.5357,104.2,1507.3,0,2742
4,1059,55.01,0.5295,106.95,1506.5,0,2741
4,1060,56.47,0.538,102.21,1508.5,0,2740
4,1061,54.94,0.4443,105.02,1513.6,0,2739
4,1062,56.33,0.4814,100.78,1492.5,0,2738
4,1063,54.56,0.4843,101.53,1500.1,0,2737
4,1064,55.06,0.45,98.94,1508.0,0,2736
4,1065,55.07,0.5582,102.54,1500.5,0,2735
4,1066,53.95,0.5851,100.48,1509.3,0,2734
4,1067,55.27,0.5012,101.62,1519.2,0,2733
4,1068,56.53,0.4943,100.32,1505.1,0,2732
4,1069,58.59,0.4486,101.44,1514.3,0,2731
4,1070,54.73,0.4228,101.87,1512.9,0,2730
4,1071,55.18,0.532,100.21,1510.3,0,2729
4,1072,56.22,0.509,101.26,1520.8,0,2728
4,1073,54.39,0.4382,99.44,1502.0,0,2727
4,1074,57.21,0.5393,100.24,1507.5,0,2726
4,1075,54.42,0.512,99.44,1521.2,0,2725
4,1076,55.38,0.5653,103.97,1511.7,0,2724
4,1077,57.35,0.5036,101.86,1499.1,0,2723
4,1078,54.09,0.4613,100.74,1519.6,0,2722
4,1079,55.05,0.4818,102.09,1525.3,0,2721
4,1080,55.16,0.4718,102.06,1519.6,0,2720
4,1081,55.3,0.5262,103.17,1517.5,0,2719
4,1082,54.65,0.4248,99.07,1517.0,0,2718
4,1083,54.15,0.4623,99.35,1530.5,0,2717
4,1084,52.57,0.4509,101.96,1521.4,0,2716
4,1085,54.68,0.4828,103.19,1527.6,0,2715
4,1086,54.97,0.4813,101.62,1519.1,0,2714
4,1087,55.17,0.3297,103.67,1508.1,0,2713
4,1088,55.79,0.4869,102.51,1539.8,0,2712
4,1089,55.34,0.4711,102.47,1526.0,0,2711
4,1090,53.59,0.4911,101.08,1521.2,0,2710
4,1091,52.57,0.4944,101.57,1515.6,0,2709
4,1092,54.6,0.4497,99.64,1503.2,0,2708
4,1093,54.7,0.4333,97.91,1517.5,0,2707
4,1094,55.54,0.5331,99.18,1522.1,0,2706
4,1095,56.44,0.4452,102.87,1558.3,0,2705
4,1096,54.67,0.4617,101.27,1526.8,0,2704
4,1097,54.43,0.4753,102.34,1509.3,0,2703
4,1098,54.51,0.4497,106.19,1501.6,0,2702
4,1099,56.21,0.4134,99.01,1528.3,0,2701
4,1100,54.66,0.5213,102.64,1500.7,0,2700
4,1101,54.63,0.3791,99.69,1520.1,0,2699
4,1102,54.05,0.4541,99.46,1521.8,0,2698
4,1103,52.56,0.4503,98.01,1500.7,0,2697
4,1104,54.9,0.4815,97.12,1517.6,0,2696
4,1105,56.41,0.4374,96.13,1520.8,0,2695
4,1106,55.04,0.3657,99.88,1532.6,0,2694
4,1107,54.15,0.4669,102.7,1502.9,0,2693
4,1108,54.98,0.3881,98.54,1527.1,0,2692
4,1109,54.45,0.4881,97.74,1521.3,0,2691
4,1110,52.51,0.5058,97.75,1518.7,0,2690
4,1111,52.95,0.4779,98.96,1508.5,0,2689
4,1112,54.82,0.4368,100.51,1519.3,0,2688
4,1113,56.35,0.4566,99.52,1519.1,0,2687
4,1114,56.08,0.5014,100.57,1517.3,0,2686
4,1115,55.46,0.4509,99.33,1511.5,0,2685
4,1116,53.68,0.4733,96.2,1512.1,0,2684
4,1117,53.64,0.4576,97.63,1503.0,0,2683
4,1118,56.32,0.4739,98.53,1509.0,0,2682
4,1119,54.47,0.5218,100.02,1507.8,0,2681
4,1120,54.55,0.5077,99.88,1510.5,0,2680
4,1121,55.61,0.4866,100.96,1518.3,0,2679
4,1122,54.51,0.4761,97.25,1518.3,0,2678
4,1123,55.01,0.5384,98.98,1535.8,0,2677
4,1124,52.71,0.4912,99.98,1522.1,0,2676
4,1125,56.91,0.4008,97.7,1519.6,0,2675
4,1126,53.89,0.4152,99.91,1512.4,0,2674
4,1127,54.35,0.5181,95.4,1511.6,0,2673
4,1128,57.48,0.4788,99.32,1496.6,0,2672
4,1129,56.02,0.5694,100.87,1505.2,0,2671
4,1130,57.82,0.5047,101.4,1524.4,0,2670
4,1131,56.22,0.4874,101.76,1502.4,0,2669
4,1132,54.91,0.5217,95.73,1511.2,0,2668
4,1133,56.01,0.4882,96.62,1519.8,0,2667
4,1134,55.8,0.5832,98.5,1513.3,0,2666
4,1135,56.55,0.485,97.59,1509.6,0,2665
4,1136,55.47,0.6022,99.67,1514.5,0,2664
4,1137,56.15,0.5262,99.69,1501.5,0,2663
4,1138,54.62,0.5604,99.41,1502.0,0,2662
4,1139,56.86,0.5462,96.32,1518.9,0,2661
4,1140,55.67,0.5374,96.28,1510.2,0,2660
4,1141,55.08,0.4904,97.75,1515.3,0,2659
4,1142,55.85,0.5213,94.8,1504.2,0,2658
4,1143,55.51,0.5082,97.82,1501.6,0,2657
4,1144,58.18,0.5531,100.75,1512.3,0,2656
4,1145,55.31,0.4974,95.22,1511.6,0,2655
4,1146,55.92,0.5119,100.1,1490.5,0,2654
4,1147,53.23,0.516,98.12,1512.0,0,2653
4,1148,55.69,0.508,95.02,1498.3,0,2652
4,1149,54.56,0.5908,97.57,1505.0,0,2651
4,1150,54.84,0.572,99.39,1512.3,0,2650
4,1151,56.63,0.4992,95.23,1489.6,0,2649
4,1152,54.07,0.4461,95.23,1499.0,0,2648
4,1153,57.21,0.5993,97.35,1490.7,0,2647
4,1154,57.15,0.6162,97.59,1502.5,0,2646
4,1155,55.86,0.5242,97.46,1492.4,0,2645
4,1156,56.9,0.6217,98.17,1501.6,0,2644
4,1157,55.16,0.4783,95.44,1499.0,0,2643
4,1158,58.72,0.5435,99.97,1495.4,0,2642
4,1159,55.14,0.5396,99.08,1510.5,0,2641
4,1160,57.63,0.5759,98.16,1505.2,0,2640
4,1161,56.83,0.5945,95.24,1489.8,0,2639
4,1162,57.07,0.5241,95.73,1498.3,0,2638
4,1163,54.95,0.544,98.36,1502.4,0,2637
4,1164,57.35,0.5777,94.23,1511.2,0,2636
4,1165,56.55,0.6193,94.85,1504.0,0,2635
4,1166,56.5,0.5485,97.99,1508.3,0,2634
4,1167,56.32,0.453,97.73,1498.4,0,2633
4,1168,56.36,0.5782,98.34,1472.8,0,2632
4,1169,56.42,0.5275,96.54,1482.7,0,2631
4,1170,56.09,0.5056,95.54,1508.7,0,2630
4,1171,56.45,0.5646,96.12,1478.0,0,2629
4,1172,56.0,0.6246,94.7,1486.1,0,2628
4,1173,53.8,0.5668,95.22,1501.4,0,2627
4,1174,56.53,0.6095,96.42,1501.3,0,2626
4,1175,56.95,0.5074,94.78,1486.0,0,2625
4,1176,56.77,0.5247,97.62,1480.4,0,2624
4,1177,55.08,0.5396,98.86,1498.1,0,2623
4,1178,56.91,0.4966,95.48,1491.7,0,2622
4,1179,57.29,0.5415,99.73,1484.9,0,2621
4,1180,58.31,0.4606,97.6,1503.9,0,2620
4,1181,56.19,0.5161,94.61,1496.8,0,2619
4,1182,55.98,0.4714,95.31,1482.2,0,2618
4,1183,54.96,0.5879,99.52,1490.9,0,2617
4,1184,55.53,0.4645,95.79,1483.6,0,2616
4,1185,58.72,0.5292,102.9,1480.4,0,2615
4,1186,56.36,0.4506,97.47,1492.8,0,2614
4,1187,55.33,0.5007,95.09,1498.4,0,2613
4,1188,58.07,0.4641,96.12,1489.1,0,2612
4,1189,56.12,0.5142,97.01,1478.9,0,2611
4,1190,55.11,0.5114,99.74,1489.9,0,2610
4,1191,55.85,0.5483,96.9,1494.5,0,2609
4,1192,58.59,0.5266,97.54,1485.3,0,2608
4,1193,56.48,0.4685,95.99,1479.4,0,2607
4,1194,57.29,0.5282,101.65,1464.2,0,2606
4,1195,57.39,0.4743,101.23,1487.2,0,2605
4,1196,58.6,0.5452,99.41,1500.6,0,2604
4,1197,58.0,0.472,98.21,1489.3,0,2603
4,1198,58.62,0.4999,95.21,1489.8,0,2602
4,1199,55.49,0.4802,96.18,1468.9,0,2601
4,1200,59.11,0.5058,98.33,1481.2,0,2600
4,1201,58.8,0.5888,97.78,1476.8,0,2599
4,1202,58.86,0.4494,97.94,1491.9,0,2598
4,1203,56.78,0.5027,97.07,1496.3,0,2597
4,1204,57.39,0.4161,96.22,1486.4,0,2596
4,1205,57.7,0.4256,99.0,1489.4,0,2595
4,1206,56.3,0.4873,96.41,1497.1,0,2594
4,1207,56.12,0.4401,98.28,1476.9,0,2593
4,1208,55.19,0.5033,97.37,1481.4,0,2592
4,1209,56.94,0.4884,102.22,1496.2,0,2591
4,1210,60.68,0.4556,98.74,1486.7,0,2590
4,1211,55.67,0.4409,92.42,1475.2,0,2589
4,1212,60.02,0.4975,102.02,1482.1,0,2588
4,1213,58.72,0.3832,96.95,1474.2,0,2587
4,1214,55.61,0.4701,98.69,1478.4,0,2586
4,1215,59.14,0.424,96.04,1487.7,0,2585
4,1216,57.82,0.4699,98.55,1473.5,0,2584
4,1217,56.52,0.4371,97.59,1483.3,0,2583
4,1218,59.93,0.4447,96.3,1475.6,0,2582
4,1219,56.82,0.4652,100.12,1492.0,0,2581
4,1220,57.35,0.4746,98.06,1466.0,0,2580
4,1221,58.44,0.4389,101.0,1481.4,0,2579
4,1222,59.64,0.4339,102.14,1498.8,0,2578
4,1223,60.49,0.5329,99.72,1497.9,0,2577
4,1224,58.41,0.4135,96.56,1468.0,0,2576
4,1225,59.1,0.5417,96.74,1454.3,0,2575
4,1226,58.05,0.3463,96.71,1460.9,0,2574
4,1227,56.71,0.4822,97.72,1491.2,0,2573
4,1228,58.71,0.4174,96.56,1500.4,0,2572
4,1229,58.32,0.3468,99.82,1489.6,0,2571
4,1230,58.03,0.4988,94.53,1488.3,0,2570
4,1231,59.4,0.5368,96.49,1477.1,0,2569
4,1232,57.9,0.4366,102.59,1480.9,0,2568
4,1233,57.63,0.4271,98.54,1483.2,0,2567
4,1234,58.18,0.4425,98.77,1476.5,0,2566
4,1235,56.56,0.3924,100.05,1489.6,0,2565
4,1236,59.29,0.4438,98.13,1469.4,0,2564
4,1237,60.38,0.4591,97.08,1487.1,0,2563
4,1238,58.22,0.4397,98.5,1473.6,0,2562
4,1239,59.12,0.4127,99.46,1494.7,0,2561
4,1240,61.77,0.4969,98.97,1473.4,0,2560
4,1241,59.49,0.466,100.31,1494.1,0,2559
4,1242,58.75,0.4756,99.97,1506.1,0,2558
4,1243,59.18,0.4491,96.99,1469.3,0,2557
4,1244,60.35,0.4352,97.39,1493.1,0,2556
4,1245,60.88,0.4616,97.81,1461.2,0,2555
4,1246,59.1,0.4614,102.29,1504.9,0,2554
4,1247,58.25,0.5047,96.58,1491.3,0,2553
4,1248,56.32,0.5203,99.45,1506.3,0,2552
4,1249,59.0,0.4748,100.69,1502.8,0,2551
4,1250,58.59,0.4018,101.74,1488.7,0,2550
4,1251,58.06,0.4639,97.22,1488.7,0,2549
4,1252,60.59,0.5286,102.51,1498.5,0,2548
4,1253,59.95,0.5419,101.57,1496.6,0,2547
4,1254,59.88,0.4897,100.09,1489.1,0,2546
4,1255,59.39,0.4101,100.1,1494.0,0,2545
4,1256,62.19,0.5551,100.15,1488.1,0,2544
4,1257,60.98,0.4553,98.6,1497.5,0,2543
4,1258,58.77,0.5182,103.35,1499.5,0,2542
4,1259,61.25,0.5689,100.35,1500.4,0,2541
4,1260,58.83,0.5589,101.59,1484.9,0,2540
4,1261,59.84,0.5808,101.1,1492.6,0,2539
4,1262,60.25,0.5002,104.89,1506.1,0,2538
4,1263,58.44,0.4793,101.5,1501.0,0,2537
4,1264,58.96,0.5739,100.28,1518.2,0,2536
4,1265,62.13,0.5168,102.48,1502.0,0,2535
4,1266,60.99,0.5545,97.98,1504.5,0,2534
4,1267,61.85,0.5657,101.88,1511.6,0,2533
4,1268,59.34,0.5258,101.0,1503.4,0,2532
4,1269,58.84,0.5324,103.29,1514.5,0,2531
4,1270,59.63,0.426,99.98,1502.2,0,2530
4,1271,63.04,0.5244,99.64,1503.9,0,2529
4,1272,61.57,0.5106,103.3,1505.9,0,2528
4,1273,62.73,0.5605,99.93,1503.9,0,2527
4,1274,59.74,0.5921,100.16,1508.4,0,2526
4,1275,58.97,0.5602,101.69,1512.2,0,2525
4,1276,60.71,0.5704,100.01,1513.4,0,2524
4,1277,61.92,0.5701,105.14,1493.8,0,2523
4,1278,58.94,0.5007,102.46,1494.1,0,2522
4,1279,59.54,0.5204,102.23,1506.4,0,2521
4,1280,58.74,0.4782,101.57,1527.1,0,2520
4,1281,62.79,0.6332,102.2,1499.2,0,2519
4,1282,61.11,0.5745,103.66,1510.0,0,2518
4,1283,61.08,0.4452,99.89,1512.1,0,2517
4,1284,59.82,0.5716,102.51,1516.1,0,2516
4,1285,61.96,0.6073,103.19,1511.0,0,2515
4,1286,63.35,0.5989,105.63,1507.5,0,2514
4,1287,60.67,0.5939,103.29,1511.0,0,2513
4,1288,61.48,0.5433,102.03,1510.8,0,2512
4,1289,62.62,0.5957,100.66,1507.3,0,2511
4,1290,63.13,0.5578,99.88,1508.9,0,2510
4,1291,62.34,0.5369,101.79,1515.8,0,2509
4,1292,63.17,0.5448,100.3,1497.0,0,2508
4,1293,62.53,0.4745,102.48,1519.6,0,2507
4,1294,62.73,0.5425,100.69,1520.2,0,2506
4,1295,61.18,0.5623,101.11,1525.4,0,2505
4,1296,64.4,0.5713,99.91,1519.1,0,2504
4,1297,63.45,0.5028,102.11,1516.8,0,2503
4,1298,61.87,0.4909,102.22,1498.6,0,2502
4,1299,61.85,0.5312,98.59,1535.9,0,2501
4,1300,59.59,0.547,102.99,1523.1,0,2500
4,1301,63.79,0.5495,102.17,1518.3,0,2499
4,1302,63.62,0.5962,99.91,1522.2,0,2498
4,1303,60.38,0.5366,102.17,1536.0,0,2497
4,1304,60.14,0.535,102.44,1514.6,0,2496
4,1305,62.89,0.4563,104.06,1508.5,0,2495
4,1306,63.52,0.529,101.73,1510.7,0,2494
4,1307,62.01,0.5416,103.73,1518.7,0,2493
4,1308,61.6,0.5331,101.9,1517.0,0,2492
4,1309,63.51,0.557,102.92,1514.7,0,2491
4,1310,61.69,0.4721,105.46,1533.5,0,2490
4,1311,62.85,0.4929,103.35,1519.4,0,2489
4,1312,63.5,0.5509,100.67,1523.8,0,2488
4,1313,62.38,0.4782,99.29,1516.6,0,2487
4,1314,61.62,0.5464,106.43,1525.3,0,2486
4,1315,62.7,0.4712,102.48,1514.1,0,2485
4,1316,63.02,0.5172,106.09,1523.1,0,2484
4,1317,62.61,0.526,105.38,1527.1,0,2483
4,1318,65.56,0.487,103.12,1516.5,0,2482
4,1319,64.97,0.4527,104.52,1518.4,0,2481
4,1320,62.41,0.5191,102.6,1535.4,0,2480
4,1321,63.11,0.4321,102.74,1538.5,0,2479
4,1322,62.45,0.4666,106.13,1522.8,0,2478
4,1323,60.94,0.4253,102.36,1536.0,0,2477
4,1324,63.08,0.4892,101.81,1519.0,0,2476
4,1325,62.28,0.5092,102.64,1515.3,0,2475
4,1326,62.74,0.5023,104.56,1519.6,0,2474
4,1327,63.6,0.5127,102.27,1529.8,0,2473
4,1328,65.04,0.4941,104.45,1517.8,0,2472
4,1329,64.04,0.5284,104.2,1511.9,0,2471
4,1330,62.89,0.5786,100.78,1522.0,0,2470
4,1331,64.92,0.4761,100.69,1509.4,0,2469
4,1332,63.73,0.4984,104.63,1527.7,0,2468
4,1333,61.89,0.4557,102.79,1507.2,0,2467
4,1334,62.04,0.4959,103.31,1507.1,0,2466
4,1335,62.36,0.44,100.08,1505.0,0,2465
4,1336,62.36,0.4812,104.85,1520.6,0,2464
4,1337,63.85,0.4276,101.8,1530.5,0,2463
4,1338,62.86,0.5349,104.24,1505.9,0,2462
4,1339,64.17,0.4595,106.51,1524.7,0,2461
4,1340,63.76,0.4653,101.8,1509.3,0,2460
4,1341,62.11,0.5173,106.67,1524.7,0,2459
4,1342,65.59,0.4656,102.59,1502.2,0,2458
4,1343,65.54,0.4112,102.23,1524.0,0,2457
4,1344,64.1,0.439,99.35,1520.7,0,2456
4,1345,62.35,0.4275,100.56,1514.6,0,2455
4,1346,64.66,0.4301,104.6,1521.7,0,2454
4,1347,63.97,0.4239,104.49,1505.0,0,2453
4,1348,62.8,0.5226,100.87,1507.8,0,2452
4,1349,63.62,0.5188,103.7,1490.4,0,2451
4,1350,63.0,0.4729,101.5,1497.5,0,2450
4,1351,64.62,0.4687,102.91,1507.5,0,2449
4,1352,63.75,0.4411,102.38,1504.9,0,2448
4,1353,61.93,0.5077,102.04,1530.3,0,2447
4,1354,62.27,0.4653,105.78,1534.1,0,2446
4,1355,63.43,0.5473,104.94,1478.1,0,2445
4,1356,61.44,0.5266,102.91,1512.1,0,2444
4,1357,63.84,0.4104,100.12,1499.8,0,2443
4,1358,64.69,0.4835,104.21,1517.3,0,2442
4,1359,62.4,0.4196,100.46,1495.1,0,2441
4,1360,62.72,0.4037,104.57,1491.9,0,2440
4,1361,63.27,0.4031,104.35,1519.6,0,2439
4,1362,64.62,0.4727,100.16,1498.2,0,2438
4,1363,64.7,0.5126,103.33,1495.2,0,2437
4,1364,65.34,0.4915,99.3,1505.6,0,2436
4,1365,61.97,0.473,102.08,1502.7,0,2435
4,1366,64.82,0.4484,102.61,1488.0,0,2434
4,1367,65.46,0.5303,102.53,1480.4,0,2433
4,1368,61.75,0.4603,102.6,1481.4,0,2432
4,1369,66.26,0.4533,101.85,1503.8,0,2431
4,1370,64.44,0.5228,104.14,1502.8,0,2430
4,1371,64.42,0.4941,103.8,1486.6,0,2429
4,1372,66.48,0.5824,101.78,1487.9,0,2428
4,1373,64.82,0.5594,100.5,1494.1,0,2427
4,1374,66.35,0.4427,103.29,1467.1,0,2426
4,1375,65.35,0.4324,100.45,1485.2,0,2425
4,1376,65.13,0.4584,104.45,1506.5,0,2424
4,1377,66.05,0.495,101.86,1485.3,0,2423
4,1378,64.18,0.5154,98.46,1479.2,0,2422
4,1379,66.03,0.5865,100.25,1478.8,0,2421
4,1380,63.6,0.514,100.23,1480.3,0,2420
4,1381,66.81,0.5627,103.67,1486.4,0,2419
4,1382,65.52,0.5207,102.54,1507.0,0,2418
4,1383,65.66,0.4439,105.81,1487.7,0,2417
4,1384,63.74,0.5417,105.52,1497.1,0,2416
4,1385,66.09,0.5031,98.91,1485.9,0,2415
4,1386,64.5,0.4319,99.64,1493.0,0,2414
4,1387,64.4,0.4771,104.1,1479.4,0,2413
4,1388,65.05,0.5206,104.17,1487.8,0,2412
4,1389,65.66,0.5,105.4,1494.5,0,2411
4,1390,63.1,0.5111,99.31,1483.3,0,2410
4,1391,67.11,0.492,101.16,1493.1,0,2409
4,1392,64.72,0.5157,99.69,1495.8,0,2408
4,1393,65.56,0.5506,101.35,1499.3,0,2407
4,1394,66.31,0.503,98.04,1486.3,0,2406
4,1395,66.4,0.5625,101.96,1474.5,0,2405
4,1396,65.08,0.4855,99.38,1478.9,0,2404
4,1397,66.03,0.4964,99.29,1484.5,0,2403
4,1398,68.11,0.5392,104.98,1481.1,0,2402
4,1399,65.44,0.5211,100.02,1461.2,0,2401
4,1400,64.4,0.5315,100.06,1479.9,0,2400
4,1401,66.97,0.5771,100.2,1490.5,0,2399
4,1402,63.15,0.539,102.6,1494.5,0,2398
4,1403,65.47,0.5422,100.93,1486.3,0,2397
4,1404,64.54,0.4775,100.34,1484.1,0,2396
4,1405,63.94,0.4543,100.04,1486.2,0,2395
4,1406,64.43,0.5538,101.85,1483.7,0,2394
4,1407,65.24,0.5739,102.99,1478.1,0,2393
4,1408,66.31,0.5058,98.02,1482.3,0,2392
4,1409,65.4,0.4915,103.07,1478.4,0,2391
4,1410,64.45,0.559,103.54,1486.6,0,2390
4,1411,65.05,0.5544,101.03,1477.5,0,2389
4,1412,66.24,0.5245,101.17,1491.9,0,2388
4,1413,65.56,0.6314,100.58,1464.5,0,2387
4,1414,63.93,0.5423,96.88,1475.8,0,2386
4,1415,63.87,0.5919,97.12,1478.9,0,2385
4,1416,64.1,0.5541,98.79,1480.9,0,2384
4,1417,66.31,0.5136,101.7,1475.6,0,2383
4,1418,65.18,0.5038,99.45,1470.9,0,2382
4,1419,64.74,0.6005,98.99,1474.0,0,2381
4,1420,65.52,0.563,98.64,1484.7,0,2380
4,1421,63.92,0.5242,100.23,1473.0,0,2379
4,1422,65.17,0.5093,100.75,1471.5,0,2378
4,1423,64.34,0.5633,98.85,1483.0,0,2377
4,1424,65.27,0.5487,100.09,1484.9,0,2376
4,1425,64.49,0.5067,95.55,1474.0,0,2375
4,1426,65.23,0.4834,100.79,1485.4,0,2374
4,1427,63.68,0.5397,96.72,1482.6,0,2373
4,1428,65.93,0.5297,97.97,1484.7,0,2372
4,1429,65.2,0.518,100.67,1471.1,0,2371
4,1430,64.29,0.5225,98.53,1480.7,0,2370
4,1431,65.02,0.5554,100.93,1479.5,0,2369
4,1432,66.4,0.4591,98.56,1483.8,0,2368
4,1433,63.39,0.5168,96.36,1483.4,0,2367
4,1434,63.92,0.4614,98.66,1492.5,0,2366
4,1435,65.2,0.5455,98.87,1473.5,0,2365
4,1436,63.0,0.4969,100.35,1482.5,0,2364
4,1437,64.75,0.5244,100.05,1499.4,0,2363
4,1438,65.93,0.4826,98.33,1479.6,0,2362
4,1439,65.24,0.5192,100.12,1485.4,0,2361
4,1440,65.39,0.5471,98.31,1479.5,0,2360
4,1441,64.6,0.518,94.35,1493.4,0,2359
4,1442,62.91,0.536,99.3,1479.0,0,2358
4,1443,64.18,0.5531,96.59,1468.4,0,2357
4,1444,65.39,0.4797,96.23,1496.3,0,2356
4,1445,63.7,0.4364,96.84,1496.3,0,2355
4,1446,63.08,0.5573,96.7,1490.5,0,2354
4,1447,64.91,0.5348,100.53,1497.7,0,2353
4,1448,63.31,0.4648,102.08,1495.8,0,2352
4,1449,64.82,0.4832,95.91,1498.9,0,2351
4,1450,66.44,0.5675,98.35,1492.9,0,2350
4,1451,64.77,0.4698,95.99,1483.7,0,2349
4,1452,64.68,0.4916,98.92,1497.9,0,2348
4,1453,65.7,0.5313,99.1,1504.7,0,2347
4,1454,64.61,0.4443,100.03,1483.2,0,2346
4,1455,65.03,0.4444,96.61,1477.1,0,2345
4,1456,64.29,0.5498,97.0,1503.5,0,2344
4,1457,64.24,0.4672,96.0,1501.2,0,2343
4,1458,63.73,0.4592,96.78,1493.2,0,2342
4,1459,66.76,0.4625,99.49,1492.8,0,2341
4,1460,63.52,0.3853,97.6,1498.4,0,2340
4,1461,63.95,0.4191,99.41,1496.7,0,2339
4,1462,64.12,0.4434,96.06,1506.3,0,2338
4,1463,65.24,0.4186,98.86,1491.8,0,2337
4,1464,64.51,0.4398,98.75,1486.3,0,2336
4,1465,63.39,0.4513,96.64,1482.5,0,2335
4,1466,64.47,0.4985,96.56,1521.9,0,2334
4,1467,65.77,0.4117,100.6,1499.0,0,2333
4,1468,63.93,0.4383,100.65,1516.8,0,2332
4,1469,64.8,0.4799,98.91,1500.4,0,2331
4,1470,63.89,0.4542,97.36,1493.9,0,2330
4,1471,65.58,0.4918,96.94,1491.3,0,2329
4,1472,65.18,0.4477,98.44,1493.7,0,2328
4,1473,64.29,0.4826,95.06,1501.0,0,2327
4,1474,63.5,0.4971,95.61,1503.3,0,2326
4,1475,63.58,0.4967,99.36,1516.6,0,2325
4,1476,64.07,0.4511,93.71,1496.2,0,2324
4,1477,65.29,0.4671,96.63,1492.0,0,2323
4,1478,64.59,0.4127,97.65,1496.1,0,2322
4,1479,65.92,0.5202,101.65,1505.1,0,2321
4,1480,64.83,0.4421,97.51,1496.4,0,2320
4,1481,63.11,0.4407,98.21,1521.4,0,2319
4,1482,63.99,0.441,97.79,1503.3,0,2318
4,1483,62.65,0.4634,96.93,1512.1,0,2317
4,1484,64.61,0.4992,95.34,1516.0,0,2316
4,1485,65.72,0.4409,98.44,1494.0,0,2315
4,1486,64.14,0.4862,101.97,1521.2,0,2314
4,1487,62.83,0.4602,100.65,1523.8,0,2313
4,1488,65.39,0.4156,97.93,1516.0,0,2312
4,1489,64.03,0.4114,99.69,1533.1,0,2311
4,1490,64.06,0.4709,99.6,1532.7,0,2310
4,1491,63.5,0.4578,99.03,1514.4,0,2309
4,1492,64.45,0.4873,96.4,1529.4,0,2308
4,1493,65.15,0.5167,97.45,1521.6,0,2307
4,1494,65.49,0.481,98.49,1530.8,0,2306
4,1495,64.21,0.4451,95.43,1527.9,0,2305
4,1496,62.23,0.5058,100.24,1488.3,0,2304
4,1497,61.06,0.4278,93.91,1520.4,0,2303
4,1498,63.36,0.4869,100.14,1514.0,0,2302
4,1499,63.55,0.4061,97.67,1529.8,0,2301
4,1500,64.29,0.4731,100.93,1519.2,0,2300
4,1501,63.38,0.5036,97.44,1515.7,0,2299
4,1502,63.56,0.5007,98.38,1519.7,0,2298
4,1503,62.9,0.5323,98.35,1523.1,0,2297
4,1504,61.75,0.4606,97.46,1498.5,0,2296
4,1505,62.76,0.5302,96.84,1524.6,0,2295
4,1506,63.2,0.5038,97.57,1516.1,0,2294
4,1507,63.65,0.4958,96.62,1522.0,0,2293
4,1508,65.06,0.4976,97.5,1508.2,0,2292
4,1509,63.46,0.4885,95.13,1512.8,0,2291
4,1510,63.02,0.4896,95.32,1519.7,0,2290
4,1511,62.51,0.4778,96.96,1522.6,0,2289
4,1512,61.58,0.4587,98.48,1530.0,0,2288
4,1513,60.58,0.6473,92.38,1527.3,0,2287
4,1514,64.28,0.4777,97.37,1516.3,0,2286
4,1515,63.26,0.6104,98.86,1523.7,0,2285
4,1516,63.03,0.5432,97.54,1516.2,0,2284
4,1517,61.48,0.521,95.66,1508.4,0,2283
4,1518,63.51,0.476,98.24,1519.3,0,2282
4,1519,61.83,0.5132,97.81,1517.6,0,2281
4,1520,62.77,0.5263,97.0,1506.6,0,2280
4,1521,60.55,0.5422,99.92,1523.0,0,2279
4,1522,64.83,0.5122,94.34,1518.8,0,2278
4,1523,61.15,0.5234,98.35,1529.6,0,2277
4,1524,61.61,0.4775,94.55,1526.0,0,2276
4,1525,63.65,0.5209,95.69,1503.9,0,2275
4,1526,62.21,0.5136,100.67,1512.6,0,2274
4,1527,60.8,0.6336,98.35,1501.8,0,2273
4,1528,61.83,0.5435,94.33,1527.6,0,2272
4,1529,62.56,0.553,96.47,1509.9,0,2271
4,1530,63.59,0.5389,99.4,1532.9,0,2270
4,1531,61.88,0.5875,96.74,1511.6,0,2269
4,1532,59.54,0.4783,98.42,1504.6,0,2268
4,1533,61.34,0.5677,96.92,1496.8,0,2267
4,1534,62.76,0.5941,100.51,1504.9,0,2266
4,1535,61.52,0.5853,97.62,1526.1,0,2265
4,1536,63.34,0.5305,97.89,1507.6,0,2264
4,1537,61.18,0.5742,94.28,1509.2,0,2263
4,1538,61.57,0.5859,101.08,1510.7,0,2262
4,1539,59.57,0.5194,96.5,1510.9,0,2261
4,1540,63.45,0.5977,97.76,1513.5,0,2260
4,1541,61.79,0.5362,98.08,1516.3,0,2259
4,1542,62.36,0.5911,96.46,1505.5,0,2258
4,1543,62.93,0.497,95.18,1504.6,0,2257
4,1544,65.58,0.4603,100.55,1509.1,0,2256
4,1545,60.2,0.5439,96.53,1527.7,0,2255
4,1546,62.23,0.5963,99.41,1493.1,0,2254
4,1547,61.46,0.5667,97.8,1504.7,0,2253
4,1548,62.57,0.5903,97.27,1508.9,0,2252
4,1549,60.86,0.594,98.77,1515.7,0,2251
4,1550,61.85,0.5735,95.35,1536.7,0,2250
4,1551,62.49,0.5215,98.18,1507.1,0,2249
4,1552,61.41,0.564,102.36,1510.5,0,2248
4,1553,60.78,0.5534,95.11,1526.2,0,2247
4,1554,61.38,0.5921,102.81,1525.8,0,2246
4,1555,60.1,0.5683,98.22,1503.0,0,2245
4,1556,61.56,0.5953,99.95,1507.0,0,2244
4,1557,61.97,0.5914,99.51,1497.2,0,2243
4,1558,59.56,0.4437,102.38,1525.3,0,2242
4,1559,60.93,0.4739,98.25,1503.9,0,2241
4,1560,60.53,0.537,98.26,1518.0,0,2240
4,1561,61.1,0.5645,99.99,1504.8,0,2239
4,1562,60.25,0.6068,98.4,1500.3,0,2238
4,1563,58.61,0.5063,101.8,1510.8,0,2237
4,1564,62.3,0.5595,98.81,1524.0,0,2236
4,1565,60.7,0.5483,101.57,1505.5,0,2235
4,1566,62.22,0.5106,100.7,1513.2,0,2234
4,1567,60.94,0.514,99.07,1499.7,0,2233
4,1568,60.99,0.5506,103.24,1497.2,0,2232
4,1569,57.97,0.5149,99.52,1491.7,0,2231
4,1570,61.97,0.4948,101.41,1499.7,0,2230
4,1571,62.19,0.3971,100.0,1488.2,0,2229
4,1572,59.93,0.4337,101.46,1514.2,0,2228
4,1573,58.78,0.5024,101.01,1501.6,0,2227
4,1574,60.35,0.5131,100.05,1496.0,0,2226
4,1575,57.65,0.478,99.0,1495.3,0,2225
4,1576,58.42,0.4405,99.33,1498.7,0,2224
4,1577,59.61,0.4656,102.05,1480.8,0,2223
4,1578,59.51,0.5291,98.22,1494.2,0,2222
4,1579,59.9,0.3948,100.1,1496.2,0,2221
4,1580,59.06,0.437,100.54,1487.4,0,2220
4,1581,60.1,0.5152,98.36,1495.3,0,2219
4,1582,59.05,0.459,101.35,1501.9,0,2218
4,1583,58.09,0.5276,99.71,1498.5,0,2217
4,1584,60.1,0.4724,98.27,1497.8,0,2216
4,1585,58.22,0.5092,102.63,1473.2,0,2215
4,1586,58.72,0.4747,101.44,1466.9,0,2214
4,1587,56.72,0.4259,103.38,1482.0,0,2213
4,1588,59.29,0.3873,102.07,1485.8,0,2212
4,1589,59.5,0.4237,102.45,1479.2,0,2211
4,1590,55.78,0.4838,98.68,1490.1,0,2210
4,1591,59.0,0.4358,100.35,1505.0,0,2209
4,1592,59.86,0.4649,100.43,1496.8,0,2208
4,1593,59.1,0.4716,105.22,1505.0,0,2207
4,1594,58.73,0.4701,99.23,1480.8,0,2206
4,1595,58.91,0.4596,102.65,1494.0,0,2205
4,1596,57.8,0.5198,99.63,1477.7,0,2204
4,1597,59.61,0.4516,99.44,1479.1,0,2203
4,1598,57.37,0.439,101.43,1484.6,0,2202
4,1599,61.8,0.5184,100.8,1481.4,0,2201
4,1600,58.33,0.423,102.77,1490.1,0,2200
4,1601,58.02,0.4734,100.39,1473.1,0,2199
4,1602,58.17,0.5116,101.76,1491.1,0,2198
4,1603,56.92,0.4822,101.69,1488.9,0,2197
4,1604,57.91,0.4278,101.06,1503.2,0,2196
4,1605,59.53,0.4496,100.14,1467.4,0,2195
4,1606,58.56,0.5262,102.14,1496.2,0,2194
4,1607,59.11,0.5051,102.36,1473.0,0,2193
4,1608,57.29,0.4455,103.11,1489.8,0,2192
4,1609,60.62,0.3983,100.97,1481.3,0,2191
4,1610,60.05,0.4533,101.17,1482.0,0,2190
4,1611,59.66,0.4924,99.25,1497.0,0,2189
4,1612,59.16,0.4643,101.51,1471.2,0,2188
4,1613,59.32,0.4205,102.41,1497.6,0,2187
4,1614,59.85,0.4434,103.67,1485.8,0,2186
4,1615,59.76,0.5023,102.53,1470.8,0,2185
4,1616,59.16,0.4547,104.64,1478.7,0,2184
4,1617,58.61,0.5235,100.38,1479.6,0,2183
4,1618,57.31,0.5088,105.53,1477.1,0,2182
4,1619,59.17,0.43,103.06,1478.5,0,2181
4,1620,58.63,0.3784,97.32,1471.7,0,2180
4,1621,55.77,0.4592,103.44,1463.8,0,2179
4,1622,56.43,0.4847,102.75,1473.9,0,2178
4,1623,58.16,0.4588,105.2,1468.1,0,2177
4,1624,57.83,0.4944,102.99,1476.3,0,2176
4,1625,57.71,0.4412,102.76,1479.4,0,2175
4,1626,56.68,0.4693,100.45,1471.4,0,2174
4,1627,56.49,0.5376,103.57,1494.2,0,2173
4,1628,56.4,0.5105,102.74,1490.6,0,2172
4,1629,57.18,0.5555,99.86,1486.6,0,2171
4,1630,55.26,0.5313,106.0,1486.0,0,2170
4,1631,58.39,0.5599,103.12,1485.4,0,2169
4,1632,56.85,0.4942,102.44,1487.4,0,2168
4,1633,54.63,0.5041,104.06,1480.3,0,2167
4,1634,57.81,0.4969,98.47,1479.8,0,2166
4,1635,56.95,0.4234,103.2,1495.5,0,2165
4,1636,56.53,0.5515,98.58,1485.9,0,2164
4,1637,54.89,0.4952,102.49,1476.6,0,2163
4,1638,57.43,0.4625,105.16,1491.7,0,2162
4,1639,55.31,0.5368,103.9,1480.5,0,2161
4,1640,57.34,0.4895,102.39,1488.9,0,2160
4,1641,56.26,0.5598,100.85,1487.9,0,2159
4,1642,56.49,0.4374,102.31,1487.2,0,2158
4,1643,54.75,0.5215,102.36,1485.3,0,2157
4,1644,55.42,0.4546,100.3,1479.0,0,2156
4,1645,57.12,0.5943,106.65,1466.7,0,2155
4,1646,55.3,0.5303,101.76,1488.9,0,2154
4,1647,55.76,0.4744,104.88,1495.8,0,2153
4,1648,55.46,0.4863,99.75,1489.9,0,2152
4,1649,56.74,0.5799,101.07,1499.3,0,2151
4,1650,56.93,0.5861,105.04,1496.6,0,2150
4,1651,57.64,0.514,103.76,1484.4,0,2149
4,1652,57.77,0.4977,102.54,1489.3,0,2148
4,1653,54.54,0.4932,103.79,1491.2,0,2147
4,1654,56.83,0.5426,106.93,1487.0,0,2146
4,1655,55.86,0.5116,105.49,1482.2,0,2145
4,1656,55.38,0.5561,104.4,1493.4,0,2144
4,1657,56.54,0.5715,100.93,1509.9,0,2143
4,1658,56.67,0.5172,103.86,1483.4,0,2142
4,1659,54.0,0.5832,102.31,1489.8,0,2141
4,1660,53.29,0.5304,104.54,1496.5,0,2140
4,1661,57.75,0.5246,105.3,1483.6,0,2139
4,1662,55.93,0.5341,102.89,1487.1,0,2138
4,1663,56.82,0.5917,102.21,1505.6,0,2137
4,1664,56.78,0.5442,105.11,1495.5,0,2136
4,1665,55.93,0.5399,105.76,1491.1,0,2135
4,1666,55.9,0.5629,105.47,1487.4,0,2134
4,1667,56.22,0.5759,104.66,1490.8,0,2133
4,1668,57.95,0.5245,103.32,1500.3,0,2132
4,1669,53.33,0.5485,103.55,1481.2,0,2131
4,1670,53.75,0.4651,101.72,1499.8,0,2130
4,1671,54.66,0.5416,101.47,1486.7,0,2129
4,1672,53.85,0.5961,96.94,1478.6,0,2128
4,1673,57.78,0.5414,98.39,1489.9,0,2127
4,1674,55.46,0.5291,104.79,1482.9,0,2126
4,1675,54.83,0.5423,101.48,1496.1,0,2125
4,1676,55.84,0.4949,107.98,1502.7,0,2124
4,1677,55.55,0.616,103.38,1499.1,0,2123
4,1678,55.6,0.4858,103.47,1502.0,0,2122
4,1679,58.65,0.4853,101.2,1497.6,0,2121
4,1680,57.43,0.5803,100.65,1498.5,0,2120
4,1681,56.38,0.5859,99.03,1513.8,0,2119
4,1682,54.76,0.5192,105.11,1502.7,0,2118
4,1683,55.13,0.4929,102.03,1505.0,0,2117
4,1684,53.53,0.4666,105.57,1516.3,0,2116
4,1685,55.28,0.5053,102.49,1513.8,0,2115
4,1686,55.18,0.5565,101.26,1507.3,0,2114
4,1687,56.21,0.5169,96.97,1510.1,0,2113
4,1688,55.09,0.505,100.39,1500.4,0,2112
4,1689,55.76,0.4929,100.77,1498.9,0,2111
4,1690,55.25,0.4372,102.18,1499.9,0,2110
4,1691,54.96,0.4872,104.62,1511.8,0,2109
4,1692,54.71,0.4881,104.43,1523.7,0,2108
4,1693,55.89,0.4014,96.82,1504.6,0,2107
4,1694,55.61,0.5232,107.62,1511.2,0,2106
4,1695,56.01,0.5378,103.09,1503.8,0,2105
4,1696,54.86,0.447,101.71,1490.2,0,2104
4,1697,54.57,0.4546,103.23,1517.2,0,2103
4,1698,54.4,0.4803,97.1,1517.2,0,2102
4,1699,55.9,0.4856,100.32,1532.7,0,2101
4,1700,56.75,0.4375,103.28,1521.8,0,2100
4,1701,55.51,0.4531,99.95,1508.0,0,2099
4,1702,53.74,0.5022,103.03,1503.4,0,2098
4,1703,56.54,0.5675,99.88,1514.6,0,2097
4,1704,55.0,0.4226,105.95,1517.5,0,2096
4,1705,52.82,0.4383,104.91,1507.9,0,2095
4,1706,56.09,0.4688,104.52,1502.9,0,2094
4,1707,54.47,0.5003,101.41,1503.2,0,2093
4,1708,56.08,0.4262,97.63,1514.7,0,2092
4,1709,55.35,0.4118,99.91,1515.4,0,2091
4,1710,54.77,0.425,96.91,1510.8,0,2090
4,1711,55.35,0.4497,102.75,1521.2,0,2089
4,1712,55.47,0.4271,98.65,1520.7,0,2088
4,1713,53.29,0.5014,99.61,1524.5,0,2087
4,1714,55.42,0.4598,100.98,1515.1,0,2086
4,1715,55.52,0.4995,96.69,1510.4,0,2085
4,1716,56.31,0.4032,101.81,1523.6,0,2084
4,1717,55.28,0.4248,98.77,1518.5,0,2083
4,1718,53.36,0.4748,102.95,1513.1,0,2082
4,1719,56.0,0.4322,101.12,1520.9,0,2081
4,1720,55.15,0.4846,97.32,1516.5,0,2080
4,1721,58.28,0.4192,100.01,1501.6,0,2079
4,1722,54.78,0.4372,101.34,1511.7,0,2078
4,1723,53.78,0.4791,103.86,1508.2,0,2077
4,1724,55.43,0.4449,103.71,1506.8,0,2076
4,1725,56.54,0.471,99.9,1536.9,0,2075
4,1726,55.97,0.4553,99.56,1504.4,0,2074
4,1727,55.61,0.4368,100.25,1526.4,0,2073
4,1728,58.21,0.4466,101.28,1517.5,0,2072
4,1729,54.3,0.471,99.23,1538.6,0,2071
4,1730,53.28,0.3927,97.96,1509.4,0,2070
4,1731,53.14,0.4291,100.43,1515.6,0,2069
4,1732,54.07,0.455,100.63,1515.3,0,2068
4,1733,54.03,0.4732,100.49,1519.9,0,2067
4,1734,55.54,0.4908,102.42,1512.7,0,2066
4,1735,55.39,0.3991,99.77,1513.1,0,2065
4,1736,52.91,0.4892,100.39,1531.2,0,2064
4,1737,54.99,0.4449,99.95,1513.7,0,2063
4,1738,55.59,0.4243,98.92,1526.4,0,2062
4,1739,55.28,0.482,100.41,1510.6,0,2061
4,1740,55.56,0.4429,101.73,1514.2,0,2060
4,1741,57.7,0.5017,99.8,1530.2,0,2059
4,1742,54.92,0.4606,97.79,1512.9,0,2058
4,1743,53.52,0.428,101.11,1505.5,0,2057
4,1744,56.64,0.5278,100.07,1526.8,0,2056
4,1745,56.2,0.4427,100.59,1521.3,0,2055
4,1746,56.29,0.5161,100.14,1512.9,0,2054
4,1747,54.78,0.4901,100.56,1535.3,0,2053
4,1748,54.29,0.5147,96.5,1512.2,0,2052
4,1749,55.33,0.4664,102.18,1513.2,0,2051
4,1750,55.72,0.5063,95.12,1523.0,0,2050
4,1751,56.31,0.463,99.43,1515.5,0,2049
4,1752,55.79,0.4941,102.05,1514.6,0,2048
4,1753,54.51,0.4544,102.51,1523.1,0,2047
4,1754,53.9,0.4769,96.75,1517.1,0,2046
4,1755,53.58,0.4661,98.55,1517.5,0,2045
4,1756,56.7,0.4855,98.51,1513.5,0,2044
4,1757,56.12,0.4839,100.39,1506.5,0,2043
4,1758,56.61,0.5434,99.3,1504.0,0,2042
4,1759,55.17,0.4771,98.27,1515.7,0,2041
4,1760,55.0,0.5527,96.78,1495.3,0,2040
4,1761,54.09,0.4927,97.9,1501.3,0,2039
4,1762,53.58,0.5186,96.55,1508.6,0,2038
4,1763,56.21,0.5057,95.12,1491.3,0,2037
4,1764,52.87,0.559,95.31,1507.7,0,2036
4,1765,56.75,0.5369,98.87,1481.4,0,2035
4,1766,53.79,0.4992,97.54,1511.1,0,2034
4,1767,57.57,0.5554,95.74,1512.0,0,2033
4,1768,52.7,0.596,97.79,1492.0,0,2032
4,1769,54.24,0.4628,95.1,1500.6,0,2031
4,1770,55.72,0.546,98.09,1492.9,0,2030
4,1771,56.01,0.5348,97.63,1509.4,0,2029
4,1772,55.77,0.5442,99.18,1509.1,0,2028
4,1773,54.75,0.5417,102.09,1512.2,0,2027
4,1774,55.59,0.484,95.04,1516.3,0,2026
4,1775,54.22,0.5107,93.0,1519.3,0,2025
4,1776,55.63,0.5702,99.24,1495.1,0,2024
4,1777,55.5,0.4931,97.14,1495.5,0,2023
4,1778,56.98,0.5279,97.54,1496.1,0,2022
4,1779,55.27,0.5968,99.38,1480.5,0,2021
4,1780,56.82,0.5258,90.57,1495.3,0,2020
4,1781,56.11,0.4997,98.65,1495.9,0,2019
4,1782,53.03,0.5897,98.32,1507.9,0,2018
4,1783,55.7,0.5877,99.12,1486.1,0,2017
4,1784,55.35,0.5213,99.28,1492.4,0,2016
4,1785,54.25,0.5937,97.71,1493.9,0,2015
4,1786,56.91,0.5696,95.81,1514.3,0,2014
4,1787,55.76,0.5765,94.15,1491.8,0,2013
4,1788,57.96,0.5198,99.95,1487.6,0,2012
4,1789,55.75,0.4726,93.12,1486.1,0,2011
4,1790,55.34,0.53,99.13,1512.1,0,2010
4,1791,54.37,0.6005,97.04,1495.0,0,2009
4,1792,56.48,0.5707,99.23,1501.8,0,2008
4,1793,56.09,0.5695,99.4,1491.6,0,2007
4,1794,55.38,0.5695,93.15,1490.1,0,2006
4,1795,53.14,0.6072,98.33,1481.7,0,2005
4,1796,57.04,0.5554,98.88,1500.3,0,2004
4,1797,55.96,0.5242,97.77,1495.3,0,2003
4,1798,56.44,0.508,96.57,1486.8,0,2002
4,1799,57.4,0.5096,100.53,1509.7,0,2001
4,1800,58.26,0.5886,94.84,1510.0,0,2000
4,1801,56.18,0.5765,91.99,1489.6,0,1999
4,1802,56.93,0.5456,95.39,1469.1,0,1998
4,1803,56.51,0.5517,97.55,1496.0,0,1997
4,1804,56.41,0.4661,97.73,1479.1,0,1996
4,1805,58.39,0.5099,98.15,1499.4,0,1995
4,1806,57.51,0.437,95.54,1479.1,0,1994
4,1807,55.85,0.503,94.61,1482.7,0,1993
4,1808,57.48,0.5171,96.6,1474.5,0,1992
4,1809,54.98,0.6752,98.46,1476.2,0,1991
4,1810,56.52,0.5132,94.27,1484.0,0,1990
4,1811,57.8,0.449,97.86,1486.6,0,1989
4,1812,58.23,0.5227,98.04,1492.7,0,1988
4,1813,55.09,0.5109,96.21,1470.9,0,1987
4,1814,56.69,0.5351,93.21,1474.2,0,1986
4,1815,55.67,0.5388,95.49,1488.2,0,1985
4,1816,54.14,0.477,101.27,1480.2,0,1984
4,1817,56.35,0.5255,99.32,1488.5,0,1983
4,1818,56.4,0.4577,93.36,1471.2,0,1982
4,1819,55.12,0.5209,98.09,1475.7,0,1981
4,1820,59.38,0.4789,96.19,1480.2,0,1980
4,1821,56.4,0.52,97.66,1473.5,0,1979
4,1822,56.73,0.4889,94.2,1480.9,0,1978
4,1823,57.29,0.4026,97.47,1498.3,0,1977
4,1824,56.58,0.5278,101.39,1457.4,0,1976
4,1825,58.59,0.4973,97.12,1483.0,0,1975
4,1826,56.88,0.4824,97.48,1502.4,0,1974
4,1827,57.51,0.4456,101.74,1460.0,0,1973
4,1828,55.73,0.4966,95.19,1479.3,0,1972
4,1829,58.17,0.4324,100.38,1477.9,0,1971
4,1830,60.49,0.497,98.04,1473.3,0,1970
4,1831,60.7,0.5089,97.74,1468.7,0,1969
4,1832,56.48,0.4764,99.71,1489.8,0,1968
4,1833,57.85,0.431,92.79,1486.0,0,1967
4,1834,56.67,0.5275,98.05,1473.4,0,1966
4,1835,57.08,0.5163,94.82,1498.4,0,1965
4,1836,55.58,0.4746,96.76,1465.6,0,1964
4,1837,56.84,0.4214,98.27,1484.5,0,1963
4,1838,56.23,0.3848,99.29,1472.9,0,1962
4,1839,56.86,0.431,96.86,1463.8,0,1961
4,1840,57.67,0.4821,102.65,1472.5,0,1960
4,1841,58.08,0.4197,101.08,1484.8,0,1959
4,1842,57.86,0.498,96.21,1505.3,0,1958
4,1843,55.29,0.4724,96.39,1482.4,0,1957
4,1844,58.9,0.5332,95.83,1472.7,0,1956
4,1845,57.02,0.4317,101.05,1481.9,0,1955
4,1846,59.01,0.421,97.74,1495.3,0,1954
4,1847,58.3,0.3911,99.48,1480.4,0,1953
4,1848,58.2,0.4183,96.04,1468.0,0,1952
4,1849,55.41,0.4222,98.77,1475.6,0,1951
4,1850,58.71,0.3616,97.28,1482.1,0,1950
4,1851,56.27,0.4944,97.34,1488.1,0,1949
4,1852,60.1,0.4141,99.77,1487.6,0,1948
4,1853,59.61,0.4124,98.69,1485.4,0,1947
4,1854,58.62,0.4908,102.03,1479.6,0,1946
4,1855,59.14,0.383,97.71,1483.9,0,1945
4,1856,57.33,0.487,96.34,1489.0,0,1944
4,1857,58.53,0.4595,99.16,1485.8,0,1943
4,1858,59.55,0.4781,97.62,1511.6,0,1942
4,1859,57.44,0.4713,99.27,1479.0,0,1941
4,1860,58.11,0.4415,99.78,1491.6,0,1940
4,1861,59.57,0.3896,97.24,1489.1,0,1939
4,1862,56.43,0.4298,98.56,1497.8,0,1938
4,1863,60.47,0.4988,99.39,1459.0,0,1937
4,1864,58.13,0.4826,95.75,1496.2,0,1936
4,1865,59.08,0.4757,98.2,1488.4,0,1935
4,1866,58.88,0.452,96.89,1494.3,0,1934
4,1867,59.12,0.478,100.23,1477.4,0,1933
4,1868,58.3,0.3904,99.06,1495.5,0,1932
4,1869,59.65,0.4625,101.15,1486.0,0,1931
4,1870,57.71,0.4431,101.6,1482.6,0,1930
4,1871,58.18,0.5016,97.81,1475.3,0,1929
4,1872,60.59,0.4754,99.79,1508.0,0,1928
4,1873,57.01,0.4376,96.11,1500.9,0,1927
4,1874,59.76,0.4919,98.36,1486.2,0,1926
4,1875,57.89,0.4573,99.35,1486.9,0,1925
4,1876,60.19,0.4478,98.99,1501.2,0,1924
4,1877,58.95,0.466,99.39,1488.4,0,1923
4,1878,60.57,0.4439,99.62,1487.7,0,1922
4,1879,62.19,0.4357,99.76,1490.9,0,1921
4,1880,58.51,0.4646,97.5,1507.7,0,1920
4,1881,59.73,0.5326,99.04,1485.9,0,1919
4,1882,59.86,0.5609,99.68,1491.4,0,1918
4,1883,57.24,0.5133,99.11,1495.9,0,1917
4,1884,59.07,0.5036,103.34,1496.9,0,1916
4,1885,61.58,0.4871,98.16,1495.1,0,1915
4,1886,59.51,0.4847,99.46,1501.7,0,1914
4,1887,60.02,0.4884,96.9,1518.0,0,1913
4,1888,60.04,0.5654,100.04,1520.5,0,1912
4,1889,58.93,0.4764,102.75,1500.9,0,1911
4,1890,58.84,0.4595,100.25,1504.2,0,1910
4,1891,59.79,0.5079,98.11,1512.6,0,1909
4,1892,61.77,0.4933,102.38,1499.7,0,1908
4,1893,60.47,0.4644,99.48,1500.0,0,1907
4,1894,60.35,0.4984,102.41,1505.8,0,1906
4,1895,60.58,0.5619,106.01,1517.5,0,1905
4,1896,59.99,0.5134,98.89,1506.1,0,1904
4,1897,61.91,0.5015,97.87,1507.5,0,1903
4,1898,60.46,0.4599,104.47,1502.5,0,1902
4,1899,60.78,0.4414,99.75,1503.5,0,1901
4,1900,61.93,0.6287,102.5,1512.0,0,1900
4,1901,60.59,0.5245,96.62,1503.1,0,1899
4,1902,61.76,0.5689,101.05,1500.6,0,1898
4,1903,60.51,0.5272,99.03,1513.7,0,1897
4,1904,59.64,0.583,99.13,1517.3,0,1896
4,1905,59.71,0.5596,101.12,1517.5,0,1895
4,1906,62.43,0.5437,99.3,1502.7,0,1894
4,1907,61.12,0.6109,100.05,1516.0,0,1893
4,1908,61.01,0.5205,101.09,1520.2,0,1892
4,1909,60.63,0.5736,100.54,1532.5,0,1891
4,1910,60.58,0.5814,103.88,1505.8,0,1890
4,1911,58.99,0.5213,100.25,1518.1,0,1889
4,1912,62.03,0.5846,102.68,1524.7,0,1888
4,1913,60.57,0.5277,103.65,1522.0,0,1887
4,1914,60.1,0.6352,102.46,1514.7,0,1886
4,1915,60.44,0.5518,102.43,1518.0,0,1885
4,1916,62.74,0.5088,102.57,1516.1,0,1884
4,1917,60.9,0.5591,101.66,1498.8,0,1883
4,1918,62.51,0.487,102.31,1503.1,0,1882
4,1919,61.9,0.5261,102.88,1525.6,0,1881
4,1920,61.48,0.5679,103.33,1511.9,0,1880
4,1921,60.76,0.5645,101.43,1523.5,0,1879
4,1922,61.88,0.5582,98.63,1533.0,0,1878
4,1923,61.14,0.6127,102.75,1532.5,0,1877
4,1924,64.5,0.5283,99.31,1516.1,0,1876
4,1925,63.22,0.5809,103.0,1518.3,0,1875
4,1926,61.71,0.5787,100.65,1527.7,0,1874
4,1927,60.76,0.6033,104.19,1518.5,0,1873
4,1928,61.13,0.5388,100.92,1516.6,0,1872
4,1929,63.17,0.5555,103.51,1525.0,0,1871
4,1930,61.39,0.5748,102.47,1523.0,0,1870
4,1931,62.03,0.5216,102.46,1527.2,0,1869
4,1932,64.51,0.6022,104.46,1522.8,0,1868
4,1933,61.97,0.4998,99.7,1525.5,0,1867
4,1934,61.85,0.5594,102.17,1515.6,0,1866
4,1935,61.38,0.5291,102.44,1525.5,0,1865
4,1936,60.95,0.484,101.61,1515.8,0,1864
4,1937,61.35,0.4276,105.97,1531.9,0,1863
4,1938,62.57,0.5215,104.68,1496.3,0,1862
4,1939,63.07,0.4956,102.49,1531.2,0,1861
4,1940,61.84,0.5347,104.78,1534.0,0,1860
4,1941,62.19,0.5553,106.6,1509.3,0,1859
4,1942,65.53,0.5837,102.15,1531.3,0,1858
4,1943,62.55,0.4706,101.63,1505.0,0,1857
4,1944,61.62,0.5512,101.8,1523.9,0,1856
4,1945,61.64,0.4661,101.24,1526.8,0,1855
4,1946,61.07,0.5109,104.19,1509.8,0,1854
4,1947,61.68,0.539,101.42,1525.4,0,1853
4,1948,64.31,0.5182,104.8,1511.5,0,1852
4,1949,64.7,0.5307,104.91,1511.6,0,1851
4,1950,59.64,0.5595,102.94,1520.8,0,1850
4,1951,63.84,0.4074,101.51,1519.6,0,1849
4,1952,61.98,0.5042,101.89,1513.8,0,1848
4,1953,62.21,0.4765,100.39,1542.6,0,1847
4,1954,62.67,0.4717,103.35,1508.7,0,1846
4,1955,61.29,0.4765,104.27,1524.5,0,1845
4,1956,63.65,0.492,104.89,1503.4,0,1844
4,1957,62.47,0.4453,103.42,1511.5,0,1843
4,1958,62.33,0.4588,100.74,1535.2,0,1842
4,1959,62.55,0.5078,105.19,1511.7,0,1841
4,1960,64.33,0.4074,99.39,1532.6,0,1840
4,1961,62.8,0.4709,104.74,1520.6,0,1839
4,1962,66.25,0.4608,102.74,1509.5,0,1838
4,1963,63.69,0.4885,98.92,1516.0,0,1837
4,1964,63.18,0.4525,105.22,1522.0,0,1836
4,1965,63.45,0.4797,102.99,1540.0,0,1835
4,1966,64.54,0.455,104.54,1495.8,0,1834
4,1967,64.45,0.4137,102.74,1516.6,0,1833
4,1968,63.93,0.5259,99.68,1513.0,0,1832
4,1969,64.59,0.4405,101.08,1503.1,0,1831
4,1970,63.83,0.4148,100.25,1504.9,0,1830
4,1971,65.19,0.4941,103.2,1518.3,0,1829
4,1972,65.6,0.4795,102.13,1510.2,0,1828
4,1973,64.28,0.4279,103.31,1529.7,0,1827
4,1974,64.12,0.4571,98.56,1499.6,0,1826
4,1975,64.91,0.4362,105.51,1520.6,0,1825
4,1976,63.96,0.4351,103.93,1515.3,0,1824
4,1977,63.83,0.4286,102.72,1521.4,0,1823
4,1978,61.95,0.4334,104.2,1494.8,0,1822
4,1979,64.61,0.4684,103.63,1503.4,0,1821
4,1980,63.78,0.4454,104.13,1504.8,0,1820
4,1981,62.08,0.5283,101.42,1493.6,0,1819
4,1982,63.33,0.4299,103.51,1506.6,0,1818
4,1983,65.3,0.4578,104.24,1516.0,0,1817
4,1984,65.29,0.4307,102.52,1517.4,0,1816
4,1985,65.81,0.5062,102.91,1501.7,0,1815
4,1986,62.87,0.3891,104.03,1499.5,0,1814
4,1987,65.22,0.4516,102.67,1492.0,0,1813
4,1988,65.55,0.5135,100.95,1498.5,0,1812
4,1989,63.65,0.4718,101.08,1495.2,0,1811
4,1990,66.32,0.4434,105.7,1490.8,0,1810
4,1991,66.01,0.4428,99.55,1503.2,0,1809
4,1992,64.69,0.4408,103.56,1504.9,0,1808
4,1993,61.66,0.4182,103.08,1494.6,0,1807
4,1994,63.27,0.518,103.32,1487.1,0,1806
4,1995,65.61,0.4586,102.27,1504.5,0,1805
4,1996,65.59,0.4794,100.29,1499.8,0,1804
4,1997,66.45,0.416,96.69,1505.4,0,1803
4,1998,63.89,0.4504,100.4,1498.0,0,1802
4,1999,66.26,0.4832,102.74,1494.7,0,1801
4,2000,62.55,0.4298,102.76,1507.5,0,1800
4,2001,64.19,0.4851,101.72,1486.0,0,1799
4,2002,64.52,0.4613,106.08,1507.5,0,1798
4,2003,64.05,0.4556,98.03,1490.2,0,1797
4,2004,62.64,0.4138,99.33,1481.4,0,1796
4,2005,65.88,0.4885,102.64,1496.6,0,1795
4,2006,63.93,0.4455,97.97,1507.7,0,1794
4,2007,63.68,0.4892,104.26,1485.8,0,1793
4,2008,64.03,0.5254,102.35,1481.5,0,1792
4,2009,63.48,0.5337,101.4,1498.0,0,1791
4,2010,65.94,0.4867,99.26,1501.5,0,1790
4,2011,62.76,0.5178,102.88,1499.3,0,1789
4,2012,66.18,0.4932,98.93,1481.3,0,1788
4,2013,65.58,0.5621,101.02,1487.9,0,1787
4,2014,65.63,0.4577,103.27,1477.6,0,1786
4,2015,64.42,0.4922,100.93,1495.3,0,1785
4,2016,66.27,0.4173,100.9,1505.3,0,1784
4,2017,63.5,0.5075,102.27,1480.6,0,1783
4,2018,65.46,0.5236,104.68,1479.2,0,1782
4,2019,64.29,0.4935,102.6,1498.9,0,1781
4,2020,65.27,0.4633,102.87,1466.1,0,1780
4,2021,65.22,0.5027,102.12,1477.7,0,1779
4,2022,65.13,0.4715,101.32,1489.4,0,1778
4,2023,64.08,0.5512,99.74,1504.8,0,1777
4,2024,64.41,0.5324,100.92,1477.8,0,1776
4,2025,64.49,0.5499,99.68,1483.1,0,1775
4,2026,62.91,0.604,104.06,1486.9,0,1774
4,2027,63.83,0.5501,102.13,1463.1,0,1773
4,2028,65.96,0.5196,100.91,1467.7,0,1772
4,2029,64.55,0.562,102.55,1471.9,0,1771
4,2030,65.59,0.5431,96.63,1477.2,0,1770
4,2031,65.59,0.6138,98.82,1485.5,0,1769
4,2032,66.27,0.5578,100.9,1476.4,0,1768
4,2033,64.98,0.4909,100.57,1477.1,0,1767
4,2034,66.08,0.5569,98.64,1488.1,0,1766
4,2035,65.42,0.5639,101.1,1474.9,0,1765
4,2036,63.11,0.6063,97.41,1486.0,0,1764
4,2037,63.93,0.4777,98.08,1480.5,0,1763
4,2038,62.85,0.5585,100.74,1471.9,0,1762
4,2039,63.94,0.5202,97.14,1467.4,0,1761
4,2040,65.77,0.5417,96.2,1477.0,0,1760
4,2041,64.59,0.5319,100.02,1477.1,0,1759
4,2042,64.33,0.5168,99.58,1485.2,0,1758
4,2043,66.95,0.514,100.87,1470.9,0,1757
4,2044,64.74,0.5506,101.18,1496.1,0,1756
4,2045,62.66,0.6239,99.77,1485.5,0,1755
4,2046,64.18,0.6126,101.79,1491.9,0,1754
4,2047,64.57,0.5802,99.75,1464.9,0,1753
4,2048,66.7,0.529,97.93,1494.1,0,1752
4,2049,63.0,0.4911,102.31,1488.2,0,1751
4,2050,64.75,0.5541,100.14,1484.1,0,1750
4,2051,64.87,0.5802,103.29,1489.4,0,1749
4,2052,63.86,0.5535,99.89,1473.4,0,1748
4,2053,64.87,0.5827,97.13,1469.9,0,1747
4,2054,64.76,0.5648,99.35,1484.4,0,1746
4,2055,65.2,0.4981,96.94,1470.5,0,1745
4,2056,63.17,0.5442,97.73,1476.1,0,1744
4,2057,65.93,0.5429,98.64,1492.3,0,1743
4,2058,62.58,0.5129,99.74,1467.0,0,1742
4,2059,68.1,0.5449,100.39,1479.5,0,1741
4,2060,64.02,0.5404,101.86,1477.1,0,1740
4,2061,65.63,0.4887,94.45,1481.1,0,1739
4,2062,64.8,0.5509,96.17,1486.2,0,1738
4,2063,61.58,0.5285,99.6,1477.6,0,1737
4,2064,61.8,0.5575,99.86,1500.5,0,1736
4,2065,65.17,0.5582,99.23,1475.9,0,1735
4,2066,66.14,0.5977,99.51,1478.4,0,1734
4,2067,63.22,0.5239,101.07,1473.9,0,1733
4,2068,65.13,0.5091,98.33,1474.6,0,1732
4,2069,65.46,0.5382,97.42,1495.8,0,1731
4,2070,63.61,0.5031,98.84,1480.8,0,1730
4,2071,63.52,0.5034,100.06,1487.3,0,1729
4,2072,63.75,0.5317,98.25,1504.9,0,1728
4,2073,63.38,0.4754,99.71,1487.1,0,1727
4,2074,66.21,0.4693,100.63,1480.4,0,1726
4,2075,65.47,0.4409,97.25,1475.5,0,1725
4,2076,65.66,0.4652,96.91,1488.5,0,1724
4,2077,63.48,0.4843,99.21,1487.4,0,1723
4,2078,64.75,0.472,95.14,1488.0,0,1722
4,2079,64.87,0.5162,100.18,1475.4,0,1721
4,2080,64.95,0.5301,97.86,1478.4,0,1720
4,2081,65.76,0.4769,96.32,1486.0,0,1719
4,2082,65.65,0.3864,96.86,1505.9,0,1718
4,2083,64.2,0.4354,97.88,1471.7,0,1717
4,2084,64.38,0.4623,94.59,1493.5,0,1716
4,2085,64.75,0.4491,93.64,1488.3,0,1715
4,2086,65.98,0.4836,96.61,1504.6,0,1714
4,2087,65.23,0.4695,100.81,1502.9,0,1713
4,2088,65.35,0.4607,98.37,1504.5,0,1712
4,2089,63.86,0.4438,93.17,1490.1,0,1711
4,2090,62.15,0.5381,95.51,1490.3,0,1710
4,2091,63.09,0.4482,92.41,1503.6,0,1709
4,2092,63.66,0.4696,101.32,1505.9,0,1708
4,2093,65.44,0.5208,96.05,1492.1,0,1707
4,2094,65.15,0.4633,95.35,1494.5,0,1706
4,2095,63.6,0.484,96.47,1493.7,0,1705
4,2096,66.06,0.4729,96.61,1523.3,0,1704
4,2097,64.28,0.4875,93.52,1498.7,0,1703
4,2098,61.87,0.3798,96.76,1503.8,0,1702
4,2099,62.28,0.4368,93.72,1513.6,0,1701
4,2100,66.88,0.4627,98.21,1502.5,0,1700
4,2101,64.1,0.4588,99.04,1495.1,0,1699
4,2102,62.82,0.3759,99.15,1531.7,0,1698
4,2103,63.37,0.4042,94.78,1512.2,0,1697
4,2104,65.65,0.4981,96.98,1505.1,0,1696
4,2105,64.15,0.4721,96.37,1503.9,0,1695
4,2106,64.58,0.357,96.21,1506.9,0,1694
4,2107,64.92,0.4267,93.11,1510.2,0,1693
4,2108,66.15,0.4272,97.59,1508.4,0,1692
4,2109,63.43,0.4396,99.13,1511.2,0,1691
4,2110,63.05,0.4886,99.95,1493.4,0,1690
4,2111,62.47,0.4646,97.55,1504.9,0,1689
4,2112,64.54,0.4748,97.37,1509.2,0,1688
4,2113,63.28,0.433,99.59,1513.4,0,1687
4,2114,63.01,0.4526,92.42,1504.9,0,1686
4,2115,63.43,0.5137,96.39,1520.0,0,1685
4,2116,63.52,0.4266,96.39,1489.8,0,1684
4,2117,62.35,0.5155,98.79,1513.6,0,1683
4,2118,63.61,0.4208,97.26,1506.2,0,1682
4,2119,65.17,0.4446,98.09,1523.9,0,1681
4,2120,62.67,0.4525,99.81,1511.5,0,1680
4,2121,64.17,0.5128,94.51,1524.4,0,1679
4,2122,61.28,0.4185,98.16,1522.8,0,1678
4,2123,62.24,0.4604,98.52,1530.1,0,1677
4,2124,59.8,0.4593,95.7,1529.2,0,1676
4,2125,63.84,0.4434,99.87,1518.5,0,1675
4,2126,63.94,0.5102,96.7,1511.6,0,1674
4,2127,61.45,0.4965,100.51,1515.8,0,1673
4,2128,61.02,0.4322,96.35,1531.4,0,1672
4,2129,62.26,0.4741,102.14,1492.0,0,1671
4,2130,63.92,0.4142,94.64,1501.2,0,1670
4,2131,62.12,0.5498,96.96,1520.1,0,1669
4,2132,61.0,0.4891,96.39,1532.3,0,1668
4,2133,63.44,0.5484,98.16,1535.4,0,1667
4,2134,65.24,0.508,94.49,1501.3,0,1666
4,2135,63.71,0.452,97.61,1537.0,0,1665
4,2136,62.45,0.5223,96.75,1507.0,0,1664
4,2137,65.91,0.4837,97.37,1518.0,0,1663
4,2138,62.96,0.5564,93.49,1507.7,0,1662
4,2139,63.99,0.4753,96.06,1520.1,0,1661
4,2140,63.56,0.52,97.91,1518.3,0,1660
4,2141,64.14,0.5505,95.15,1534.1,0,1659
4,2142,63.41,0.5312,95.35,1504.9,0,1658
4,2143,60.54,0.4931,97.72,1521.5,0,1657
4,2144,61.6,0.5794,99.9,1508.4,0,1656
4,2145,62.57,0.4905,96.29,1532.7,0,1655
4,2146,61.01,0.5234,96.91,1509.8,0,1654
4,2147,62.99,0.5433,96.07,1509.7,0,1653
4,2148,63.17,0.5139,100.95,1526.6,0,1652
4,2149,59.8,0.5337,95.1,1539.9,0,1651
4,2150,61.48,0.5526,98.0,1535.1,0,1650
4,2151,65.15,0.5124,93.7,1506.0,0,1649
4,2152,61.57,0.5155,95.41,1518.2,0,1648
4,2153,64.04,0.5048,97.88,1524.7,0,1647
4,2154,61.62,0.5318,99.73,1534.6,0,1646
4,2155,63.67,0.5754,97.21,1519.9,0,1645
4,2156,64.04,0.5377,97.04,1509.6,0,1644
4,2157,61.16,0.4845,95.37,1516.5,0,1643
4,2158,64.09,0.6176,97.8,1508.2,0,1642
4,2159,60.49,0.5016,101.25,1517.4,0,1641
4,2160,63.21,0.5627,97.04,1516.2,0,1640
4,2161,60.15,0.5427,100.77,1531.2,0,1639
4,2162,61.29,0.5253,97.28,1527.4,0,1638
4,2163,63.22,0.5473,98.17,1513.5,0,1637
4,2164,61.53,0.608,95.81,1529.5,0,1636
4,2165,60.15,0.491,99.96,1522.0,0,1635
4,2166,61.15,0.4622,97.7,1502.0,0,1634
4,2167,63.49,0.5533,99.09,1519.8,0,1633
4,2168,61.27,0.5315,102.24,1526.4,0,1632
4,2169,59.53,0.6334,92.98,1507.2,0,1631
4,2170,62.27,0.4303,99.13,1516.6,0,1630
4,2171,62.4,0.5624,97.97,1511.5,0,1629
4,2172,62.59,0.5835,93.49,1501.5,0,1628
4,2173,61.0,0.5362,96.56,1516.5,0,1627
4,2174,61.91,0.5792,95.33,1495.4,0,1626
4,2175,60.24,0.6434,95.38,1509.9,0,1625
4,2176,61.15,0.6271,100.37,1511.1,0,1624
4,2177,60.97,0.5183,98.72,1507.5,0,1623
4,2178,59.4,0.5783,96.89,1506.5,0,1622
4,2179,60.81,0.5528,99.44,1524.8,0,1621
4,2180,59.89,0.5407,98.83,1510.4,0,1620
4,2181,60.89,0.4679,97.96,1513.8,0,1619
4,2182,60.72,0.5351,101.55,1518.0,0,1618
4,2183,59.59,0.5092,97.67,1485.2,0,1617
4,2184,60.02,0.5933,98.32,1515.7,0,1616
4,2185,61.39,0.5309,100.46,1501.4,0,1615
4,2186,61.35,0.5459,100.26,1517.4,0,1614
4,2187,61.47,0.4961,101.33,1521.5,0,1613
4,2188,60.72,0.5082,98.39,1495.2,0,1612
4,2189,61.88,0.5401,96.45,1513.6,0,1611
4,2190,60.8,0.5429,96.93,1517.5,0,1610
4,2191,60.91,0.5277,97.62,1515.2,0,1609
4,2192,58.81,0.5745,97.7,1524.0,0,1608
4,2193,60.95,0.4653,98.54,1506.9,0,1607
4,2194,60.15,0.553,99.12,1500.8,0,1606
4,2195,60.8,0.4783,102.57,1497.8,0,1605
4,2196,61.58,0.5232,98.23,1496.0,0,1604
4,2197,61.88,0.5712,100.36,1519.1,0,1603
4,2198,59.53,0.4907,100.24,1502.3,0,1602
4,2199,61.32,0.4775,99.67,1513.3,0,1601
4,2200,61.59,0.5168,101.3,1486.6,0,1600
4,2201,57.55,0.4323,104.1,1502.5,0,1599
4,2202,59.07,0.5411,95.81,1499.4,0,1598
4,2203,60.43,0.4961,105.13,1497.1,0,1597
4,2204,59.21,0.4372,101.47,1492.3,0,1596
4,2205,58.08,0.4817,95.81,1496.7,0,1595
4,2206,61.39,0.4839,105.75,1491.0,0,1594
4,2207,59.4,0.3907,99.64,1487.1,0,1593
4,2208,60.04,0.5341,102.66,1501.6,0,1592
4,2209,58.98,0.4445,100.44,1491.9,0,1591
4,2210,60.06,0.4977,100.98,1505.3,0,1590
4,2211,59.15,0.4128,101.71,1489.9,0,1589
4,2212,60.01,0.4283,99.12,1496.0,0,1588
4,2213,61.49,0.4041,98.82,1481.1,0,1587
4,2214,60.08,0.4537,96.96,1498.0,0,1586
4,2215,59.25,0.4169,102.91,1488.5,0,1585
4,2216,59.8,0.543,99.19,1483.5,0,1584
4,2217,58.11,0.4761,101.07,1492.5,0,1583
4,2218,59.49,0.4797,98.11,1506.7,0,1582
4,2219,58.95,0.467,103.54,1492.4,0,1581
4,2220,57.11,0.4828,101.13,1476.5,0,1580
4,2221,59.35,0.4821,103.31,1483.0,0,1579
4,2222,59.14,0.4192,100.04,1486.1,0,1578
4,2223,60.26,0.4422,101.67,1477.9,0,1577
4,2224,58.5,0.4626,100.41,1485.1,0,1576
4,2225,59.07,0.397,102.02,1484.2,0,1575
4,2226,59.99,0.487,103.69,1486.4,0,1574
4,2227,59.02,0.4581,101.59,1486.4,0,1573
4,2228,57.99,0.4452,102.41,1487.0,0,1572
4,2229,59.55,0.4548,102.42,1492.1,0,1571
4,2230,58.46,0.3862,105.0,1471.3,0,1570
4,2231,60.25,0.4328,102.3,1483.3,0,1569
4,2232,57.67,0.4328,103.94,1496.4,0,1568
4,2233,59.41,0.3887,102.55,1486.6,0,1567
4,2234,57.85,0.4073,101.43,1498.0,0,1566
4,2235,57.8,0.4721,98.94,1483.6,0,1565
4,2236,58.29,0.4475,101.31,1487.7,0,1564
4,2237,57.09,0.4393,99.02,1474.4,0,1563
4,2238,58.82,0.5166,101.88,1460.7,0,1562
4,2239,56.94,0.531,101.29,1493.2,0,1561
4,2240,56.94,0.4225,100.22,1475.9,0,1560
4,2241,54.88,0.4729,104.64,1471.6,0,1559
4,2242,57.21,0.459,98.79,1501.1,0,1558
4,2243,57.37,0.4921,100.81,1472.7,0,1557
4,2244,58.68,0.4369,99.6,1500.3,0,1556
4,2245,60.05,0.4463,100.9,1512.4,0,1555
4,2246,55.84,0.4267,103.01,1476.9,0,1554
4,2247,59.38,0.5146,104.65,1484.5,0,1553
4,2248,58.61,0.4193,104.51,1485.8,0,1552
4,2249,57.78,0.518,104.42,1471.7,0,1551
4,2250,61.7,0.4755,100.91,1485.9,0,1550
4,2251,56.39,0.4491,100.86,1487.8,0,1549
4,2252,57.9,0.4447,103.92,1489.1,0,1548
4,2253,58.3,0.4231,100.63,1502.0,0,1547
4,2254,57.2,0.4447,100.57,1467.8,0,1546
4,2255,58.5,0.4837,102.26,1481.6,0,1545
4,2256,58.99,0.4263,104.62,1475.8,0,1544
4,2257,56.93,0.4549,100.54,1478.9,0,1543
4,2258,55.87,0.4401,102.17,1477.2,0,1542
4,2259,56.9,0.4669,102.8,1472.6,0,1541
4,2260,57.08,0.497,102.33,1483.7,0,1540
4,2261,56.72,0.4812,99.49,1483.1,0,1539
4,2262,56.32,0.49,105.57,1497.6,0,1538
4,2263,57.07,0.5234,104.67,1487.3,0,1537
4,2264,55.86,0.4501,101.39,1497.6,0,1536
4,2265,56.41,0.4297,107.99,1454.5,0,1535
4,2266,59.14,0.5454,103.62,1477.5,0,1534
4,2267,57.31,0.5224,103.15,1471.4,0,1533
4,2268,57.26,0.4759,101.89,1501.5,0,1532
4,2269,57.34,0.504,105.41,1492.7,0,1531
4,2270,55.46,0.5029,99.97,1475.9,0,1530
4,2271,57.88,0.5393,103.39,1469.2,0,1529
4,2272,56.14,0.5638,102.3,1480.3,0,1528
4,2273,55.87,0.5082,97.47,1476.5,0,1527
4,2274,56.43,0.5223,100.9,1490.5,0,1526
4,2275,55.27,0.62,103.27,1462.1,0,1525
4,2276,56.7,0.5277,105.12,1493.1,0,1524
4,2277,55.8,0.571,102.19,1495.7,0,1523
4,2278,58.03,0.6577,103.67,1495.3,0,1522
4,2279,55.07,0.5727,103.76,1486.5,0,1521
4,2280,56.76,0.5676,101.67,1487.1,0,1520
4,2281,56.13,0.5251,99.64,1491.8,0,1519
4,2282,55.7,0.5387,105.66,1480.4,0,1518
4,2283,57.41,0.533,100.06,1493.0,0,1517
4,2284,55.52,0.5439,99.46,1500.8,0,1516
4,2285,57.3,0.574,103.23,1489.6,0,1515
4,2286,55.09,0.5422,104.51,1508.4,0,1514
4,2287,57.56,0.5432,103.88,1485.0,0,1513
4,2288,55.02,0.5545,104.69,1511.5,0,1512
4,2289,56.4,0.5317,102.38,1479.7,0,1511
4,2290,56.22,0.5007,100.3,1485.2,0,1510
4,2291,57.02,0.4835,102.89,1481.8,0,1509
4,2292,55.15,0.4344,102.8,1514.3,0,1508
4,2293,56.21,0.4869,104.97,1479.3,0,1507
4,2294,56.25,0.5135,103.82,1491.9,0,1506
4,2295,58.1,0.5031,104.41,1493.7,0,1505
4,2296,54.16,0.533,101.6,1489.9,0,1504
4,2297,57.06,0.5387,102.97,1489.1,0,1503
4,2298,55.25,0.5568,103.6,1520.2,0,1502
4,2299,55.08,0.5983,106.5,1502.6,0,1501
4,2300,56.22,0.5471,103.98,1492.3,0,1500
4,2301,56.24,0.5775,103.0,1490.0,0,1499
4,2302,57.09,0.5061,100.47,1504.1,0,1498
4,2303,55.23,0.5435,102.57,1480.5,0,1497
4,2304,55.67,0.4738,100.27,1505.7,0,1496
4,2305,56.54,0.5377,101.57,1511.6,0,1495
4,2306,55.3,0.5937,100.21,1491.4,0,1494
4,2307,55.8,0.5283,99.38,1492.3,0,1493
4,2308,56.74,0.5852,100.32,1494.6,0,1492
4,2309,57.16,0.5278,100.87,1511.6,0,1491
4,2310,55.3,0.4864,101.33,1479.8,0,1490
4,2311,56.43,0.4844,100.7,1504.6,0,1489
4,2312,57.5,0.5667,105.67,1491.0,0,1488
4,2313,55.23,0.5667,102.52,1495.0,0,1487
4,2314,57.61,0.5224,101.26,1508.8,0,1486
4,2315,56.06,0.579,100.64,1485.3,0,1485
4,2316,56.7,0.5345,102.35,1508.3,0,1484
4,2317,56.87,0.5699,96.74,1506.8,0,1483
4,2318,56.28,0.4738,102.25,1498.7,0,1482
4,2319,55.26,0.5362,104.75,1504.7,0,1481
4,2320,54.82,0.5629,98.66,1503.9,0,1480
4,2321,53.03,0.5461,98.11,1513.1,0,1479
4,2322,54.41,0.5578,98.71,1505.9,0,1478
4,2323,55.08,0.5434,103.68,1496.0,0,1477
4,2324,54.37,0.5553,105.62,1506.2,0,1476
4,2325,57.59,0.5081,102.89,1512.6,0,1475
4,2326,55.0,0.5028,99.91,1500.2,0,1474
4,2327,54.92,0.4584,99.99,1510.6,0,1473
4,2328,54.98,0.4489,103.25,1509.2,0,1472
4,2329,55.98,0.5388,101.59,1512.9,0,1471
4,2330,56.47,0.4666,101.19,1517.6,0,1470
4,2331,55.1,0.5062,100.95,1526.1,0,1469
4,2332,55.84,0.4924,104.35,1510.7,0,1468
4,2333,55.69,0.4577,104.47,1518.3,0,1467
4,2334,53.55,0.5546,98.67,1513.1,0,1466
4,2335,57.52,0.4848,102.3,1512.5,0,1465
4,2336,55.38,0.4936,100.81,1501.5,0,1464
4,2337,55.02,0.525,98.74,1514.8,0,1463
4,2338,55.21,0.4397,103.02,1524.1,0,1462
4,2339,54.8,0.5319,103.61,1518.8,0,1461
4,2340,58.04,0.4608,99.82,1539.7,0,1460
4,2341,55.05,0.5212,101.59,1538.0,0,1459
4,2342,54.83,0.4345,100.81,1515.0,0,1458
4,2343,53.24,0.4147,98.04,1510.8,0,1457
4,2344,56.3,0.3903,100.26,1511.9,0,1456
4,2345,57.29,0.4351,100.31,1528.7,0,1455
4,2346,53.86,0.4185,99.88,1539.1,0,1454
4,2347,54.41,0.483,100.93,1523.5,0,1453
4,2348,55.83,0.4588,97.77,1523.6,0,1452
4,2349,56.15,0.4336,102.0,1512.1,0,1451
4,2350,55.28,0.4798,98.13,1505.2,0,1450
4,2351,56.59,0.451,98.22,1512.2,0,1449
4,2352,55.6,0.4555,98.99,1511.1,0,1448
4,2353,54.41,0.4446,101.38,1518.4,0,1447
4,2354,56.81,0.4503,97.27,1528.8,0,1446
4,2355,55.62,0.4541,99.66,1518.1,0,1445
4,2356,56.42,0.4413,99.93,1521.2,0,1444
4,2357,55.79,0.3916,98.46,1517.4,0,1443
4,2358,54.55,0.4252,101.39,1522.9,0,1442
4,2359,54.45,0.4692,100.62,1528.0,0,1441
4,2360,55.0,0.3611,99.81,1514.9,0,1440
4,2361,56.06,0.4251,99.14,1527.3,0,1439
4,2362,56.14,0.4743,100.8,1536.4,0,1438
4,2363,54.75,0.4343,97.0,1520.1,0,1437
4,2364,53.01,0.3805,101.7,1511.2,0,1436
4,2365,53.86,0.517,102.3,1516.2,0,1435
4,2366,54.13,0.4396,96.85,1517.8,0,1434
4,2367,56.6,0.4687,100.93,1503.0,0,1433
4,2368,54.41,0.4305,98.14,1524.3,0,1432
4,2369,52.06,0.4543,97.98,1504.6,0,1431
4,2370,52.61,0.4421,95.91,1528.1,0,1430
4,2371,55.4,0.4534,97.43,1525.0,0,1429
4,2372,53.56,0.483,102.91,1505.5,0,1428
4,2373,54.57,0.4142,101.08,1522.6,0,1427
4,2374,56.13,0.4661,97.91,1510.7,0,1426
4,2375,54.85,0.4763,99.35,1514.8,0,1425
4,2376,56.4,0.4674,100.38,1517.7,0,1424
4,2377,56.11,0.5163,99.99,1523.0,0,1423
4,2378,54.43,0.4988,101.01,1517.2,0,1422
4,2379,55.38,0.4564,100.44,1508.0,0,1421
4,2380,54.28,0.5095,100.66,1506.4,0,1420
4,2381,55.21,0.5448,95.9,1525.7,0,1419
4,2382,55.75,0.4999,101.54,1505.9,0,1418
4,2383,54.57,0.5197,94.29,1531.1,0,1417
4,2384,54.53,0.4554,95.87,1526.2,0,1416
4,2385,53.96,0.5141,99.36,1522.1,0,1415
4,2386,56.0,0.4901,100.31,1503.4,0,1414
4,2387,55.33,0.4056,99.48,1503.0,0,1413
4,2388,55.11,0.5262,96.67,1506.6,0,1412
4,2389,56.67,0.5807,97.88,1515.9,0,1411
4,2390,53.98,0.6141,97.57,1518.1,0,1410
4,2391,57.58,0.4621,98.9,1501.7,0,1409
4,2392,56.27,0.5521,98.08,1506.4,0,1408
4,2393,54.75,0.5666,97.55,1501.5,0,1407
4,2394,55.91,0.4658,95.46,1520.8,0,1406
4,2395,53.3,0.5304,97.35,1514.5,0,1405
4,2396,56.4,0.5324,93.3,1508.5,0,1404
4,2397,56.15,0.4977,96.85,1526.6,0,1403
4,2398,56.46,0.486,97.35,1501.2,0,1402
4,2399,55.99,0.5771,97.89,1526.6,0,1401
4,2400,54.91,0.5043,98.25,1509.6,0,1400
4,2401,54.99,0.5401,97.72,1512.9,0,1399
4,2402,53.97,0.5444,97.91,1507.8,0,1398
4,2403,54.13,0.538,100.54,1509.0,0,1397
4,2404,56.67,0.5849,100.46,1506.9,0,1396
4,2405,54.27,0.5262,98.79,1518.1,0,1395
4,2406,57.04,0.5884,96.62,1503.4,0,1394
4,2407,54.78,0.5076,93.95,1495.1,0,1393
4,2408,55.54,0.5424,95.91,1513.4,0,1392
4,2409,55.68,0.5411,96.4,1506.5,0,1391
4,2410,56.83,0.526,100.56,1492.6,0,1390
4,2411,56.68,0.5503,95.18,1483.7,0,1389
4,2412,55.94,0.5102,97.92,1491.2,0,1388
4,2413,53.49,0.5976,99.77,1506.3,0,1387
4,2414,56.75,0.6504,99.34,1489.1,0,1386
4,2415,55.24,0.6005,96.39,1491.8,0,1385
4,2416,55.57,0.5073,98.28,1510.6,0,1384
4,2417,55.02,0.5193,99.84,1504.2,0,1383
4,2418,56.84,0.4312,97.14,1496.7,0,1382
4,2419,55.8,0.5296,99.84,1506.7,0,1381
4,2420,55.25,0.5731,100.69,1475.0,0,1380
4,2421,56.38,0.5547,97.71,1473.5,0,1379
4,2422,54.28,0.5953,97.9,1503.1,0,1378
4,2423,54.7,0.5139,98.11,1496.3,0,1377
4,2424,57.64,0.5486,94.9,1486.4,0,1376
4,2425,54.71,0.5471,97.47,1493.3,0,1375
4,2426,56.24,0.5657,97.02,1501.6,0,1374
4,2427,54.99,0.5553,96.03,1487.0,0,1373
4,2428,54.28,0.5648,97.99,1478.4,0,1372
4,2429,55.09,0.4884,95.74,1490.8,0,1371
4,2430,57.39,0.5946,96.04,1506.5,0,1370
4,2431,55.11,0.5608,97.63,1494.8,0,1369
4,2432,58.54,0.5434,96.78,1502.0,0,1368
4,2433,57.96,0.5305,99.16,1487.7,0,1367
4,2434,54.78,0.4937,95.57,1495.0,0,1366
4,2435,54.35,0.5177,97.98,1484.2,0,1365
4,2436,54.94,0.5882,95.46,1492.2,0,1364
4,2437,55.73,0.5137,96.35,1480.8,0,1363
4,2438,56.59,0.4513,96.7,1474.4,0,1362
4,2439,58.74,0.5442,98.84,1482.6,0,1361
4,2440,56.88,0.4999,94.85,1497.2,0,1360
4,2441,55.9,0.4975,98.67,1489.3,0,1359
4,2442,58.01,0.4603,97.22,1476.5,0,1358
4,2443,55.87,0.5671,95.86,1468.8,0,1357
4,2444,57.36,0.5435,95.7,1479.4,0,1356
4,2445,56.92,0.4576,94.21,1474.4,0,1355
4,2446,56.05,0.5833,96.77,1494.0,0,1354
4,2447,55.87,0.4879,95.97,1485.6,0,1353
4,2448,59.15,0.5516,97.8,1482.4,0,1352
4,2449,55.01,0.5416,97.61,1492.4,0,1351
4,2450,56.55,0.516,100.22,1497.1,0,1350
4,2451,55.43,0.4928,100.4,1489.6,0,1349
4,2452,55.75,0.4347,95.55,1490.3,0,1348
4,2453,57.9,0.5074,97.11,1473.3,0,1347
4,2454,56.1,0.5048,98.38,1470.1,0,1346
4,2455,57.82,0.4392,94.9,1480.3,0,1345
4,2456,58.2,0.4698,97.44,1485.4,0,1344
4,2457,55.96,0.5002,96.19,1483.5,0,1343
4,2458,56.2,0.4628,95.76,1482.8,0,1342
4,2459,59.0,0.4405,96.8,1485.8,0,1341
4,2460,56.76,0.4842,96.8,1494.3,0,1340
4,2461,56.43,0.5101,101.28,1495.1,0,1339
4,2462,57.78,0.4497,96.39,1465.6,0,1338
4,2463,57.06,0.5078,100.66,1467.2,0,1337
4,2464,59.15,0.4696,96.29,1476.8,0,1336
4,2465,57.71,0.4799,93.59,1469.4,0,1335
4,2466,55.74,0.4288,94.98,1478.9,0,1334
4,2467,57.73,0.4767,98.63,1497.5,0,1333
4,2468,57.09,0.5124,96.04,1482.2,0,1332
4,2469,56.73,0.4063,98.78,1473.0,0,1331
4,2470,60.35,0.4527,97.92,1472.4,0,1330
4,2471,56.39,0.4625,95.56,1481.8,0,1329
4,2472,57.67,0.4744,95.71,1500.1,0,1328
4,2473,57.51,0.434,96.92,1488.1,0,1327
4,2474,57.3,0.4494,101.47,1496.2,0,1326
4,2475,57.6,0.4529,99.49,1485.6,0,1325
4,2476,57.48,0.4895,98.71,1471.3,0,1324
4,2477,57.81,0.4332,99.77,1483.1,0,1323
4,2478,56.92,0.4932,95.79,1482.6,0,1322
4,2479,59.49,0.4207,99.44,1489.2,0,1321
4,2480,58.82,0.4024,98.84,1487.2,0,1320
4,2481,56.22,0.4123,96.38,1485.4,0,1319
4,2482,58.52,0.4744,99.76,1482.3,0,1318
4,2483,59.28,0.4475,101.91,1477.7,0,1317
4,2484,60.11,0.498,99.8,1487.3,0,1316
4,2485,58.78,0.5358,100.0,1490.6,0,1315
4,2486,59.34,0.4311,97.86,1497.5,0,1314
4,2487,58.03,0.4201,98.57,1493.6,0,1313
4,2488,60.15,0.4864,95.45,1489.5,0,1312
4,2489,58.14,0.5319,97.23,1492.0,0,1311
4,2490,56.82,0.4144,95.14,1493.5,0,1310
4,2491,56.82,0.4457,99.38,1475.4,0,1309
4,2492,58.8,0.4381,97.44,1485.0,0,1308
4,2493,59.67,0.4521,100.41,1497.2,0,1307
4,2494,57.04,0.442,95.94,1490.3,0,1306
4,2495,59.24,0.4404,96.93,1480.9,0,1305
4,2496,59.23,0.4654,97.24,1494.6,0,1304
4,2497,59.78,0.507,97.66,1496.4,0,1303
4,2498,59.29,0.3696,97.78,1484.3,0,1302
4,2499,57.39,0.4977,100.89,1510.9,0,1301
4,2500,58.1,0.4856,99.75,1501.1,0,1300
4,2501,57.62,0.4998,99.37,1496.1,0,1299
4,2502,58.59,0.5433,102.16,1494.7,0,1298
4,2503,58.95,0.4234,98.12,1493.2,0,1297
4,2504,57.76,0.4928,103.16,1502.8,0,1296
4,2505,58.43,0.4719,102.11,1489.7,0,1295
4,2506,57.18,0.4782,98.91,1483.6,0,1294
4,2507,59.86,0.5292,97.76,1489.8,0,1293
4,2508,59.29,0.4086,99.02,1505.7,0,1292
4,2509,59.0,0.4904,95.74,1474.4,0,1291
4,2510,57.74,0.4859,97.54,1491.6,0,1290
4,2511,57.66,0.5274,102.37,1496.0,0,1289
4,2512,60.97,0.5758,100.58,1492.9,0,1288
4,2513,62.07,0.5458,102.21,1502.1,0,1287
4,2514,60.04,0.5795,103.83,1492.9,0,1286
4,2515,59.38,0.4741,102.87,1502.5,0,1285
4,2516,60.32,0.4888,98.44,1497.5,0,1284
4,2517,60.18,0.4999,99.21,1514.2,0,1283
4,2518,59.6,0.5756,104.31,1485.3,0,1282
4,2519,59.75,0.5287,102.16,1496.4,0,1281
4,2520,61.4,0.527,99.85,1496.0,0,1280
4,2521,60.03,0.5298,99.21,1509.3,0,1279
4,2522,61.1,0.484,100.8,1514.8,0,1278
4,2523,58.59,0.471,99.58,1487.7,0,1277
4,2524,60.84,0.5324,101.76,1491.7,0,1276
4,2525,62.07,0.5045,99.51,1498.7,0,1275
4,2526,63.19,0.5374,100.86,1501.8,0,1274
4,2527,59.49,0.5108,100.65,1485.4,0,1273
4,2528,60.72,0.5265,100.57,1518.5,0,1272
4,2529,60.94,0.5445,103.73,1517.7,0,1271
4,2530,59.62,0.545,100.42,1520.0,0,1270
4,2531,59.99,0.6076,103.41,1514.3,0,1269
4,2532,60.75,0.4789,101.9,1516.6,0,1268
4,2533,60.31,0.5482,103.06,1510.5,0,1267
4,2534,62.25,0.5494,101.47,1515.0,0,1266
4,2535,63.05,0.5546,104.24,1524.9,0,1265
4,2536,62.67,0.4851,101.17,1515.3,0,1264
4,2537,62.8,0.5911,102.19,1516.5,0,1263
4,2538,60.82,0.4871,101.17,1523.5,0,1262
4,2539,60.61,0.5739,104.01,1515.8,0,1261
4,2540,60.41,0.5082,103.67,1517.2,0,1260
4,2541,61.79,0.5353,99.33,1532.5,0,1259
4,2542,63.65,0.5347,106.26,1494.9,0,1258
4,2543,60.77,0.5575,99.24,1519.6,0,1257
4,2544,62.88,0.5598,102.65,1512.9,0,1256
4,2545,60.18,0.5588,102.4,1497.3,0,1255
4,2546,60.77,0.5456,101.32,1509.8,0,1254
4,2547,64.98,0.5676,104.09,1516.4,0,1253
4,2548,62.4,0.6174,103.99,1526.3,0,1252
4,2549,63.0,0.5796,100.13,1531.1,0,1251
4,2550,61.47,0.5155,97.49,1529.3,0,1250
4,2551,60.67,0.5788,101.55,1527.1,0,1249
4,2552,62.78,0.517,104.38,1502.2,0,1248
4,2553,60.47,0.5377,102.77,1536.0,0,1247
4,2554,62.82,0.5517,100.74,1528.2,0,1246
4,2555,60.65,0.5309,101.67,1525.0,0,1245
4,2556,62.81,0.5661,105.05,1515.0,0,1244
4,2557,62.85,0.492,100.41,1552.0,0,1243
4,2558,62.9,0.6036,104.4,1522.3,0,1242
4,2559,61.93,0.5493,101.5,1519.1,0,1241
4,2560,62.19,0.6154,100.54,1507.6,0,1240
4,2561,61.97,0.5146,99.91,1502.9,0,1239
4,2562,63.81,0.5166,102.18,1520.5,0,1238
4,2563,62.64,0.5624,104.04,1532.4,0,1237
4,2564,63.14,0.5901,102.59,1527.2,0,1236
4,2565,62.77,0.5638,102.07,1519.5,0,1235
4,2566,62.64,0.5343,104.64,1522.9,0,1234
4,2567,64.59,0.5464,103.84,1520.6,0,1233
4,2568,60.98,0.5641,104.08,1513.6,0,1232
4,2569,60.02,0.5664,101.31,1517.8,0,1231
4,2570,62.63,0.5277,103.04,1528.9,0,1230
4,2571,61.72,0.5124,104.84,1516.6,0,1229
4,2572,65.82,0.5703,104.42,1510.5,0,1228
4,2573,63.88,0.5344,103.23,1530.7,0,1227
4,2574,64.42,0.491,104.36,1536.3,0,1226
4,2575,63.8,0.496,105.18,1523.6,0,1225
4,2576,63.92,0.532,103.17,1518.9,0,1224
4,2577,62.7,0.5273,104.84,1525.9,0,1223
4,2578,63.19,0.5169,102.33,1509.2,0,1222
4,2579,63.14,0.4834,100.56,1514.4,0,1221
4,2580,64.16,0.5072,96.32,1513.8,0,1220
4,2581,64.08,0.546,101.39,1518.8,0,1219
4,2582,63.76,0.497,102.95,1508.2,0,1218
4,2583,61.37,0.4981,104.04,1526.9,0,1217
4,2584,62.63,0.4741,100.28,1508.5,0,1216
4,2585,62.37,0.4864,100.7,1522.5,0,1215
4,2586,63.86,0.5093,101.14,1519.5,0,1214
4,2587,64.1,0.4772,105.63,1502.3,0,1213
4,2588,64.87,0.4843,106.13,1514.2,0,1212
4,2589,62.43,0.4744,100.52,1516.2,0,1211
4,2590,63.06,0.4204,103.81,1514.2,0,1210
4,2591,64.91,0.4108,102.29,1518.5,0,1209
4,2592,61.65,0.4315,103.73,1516.1,0,1208
4,2593,62.6,0.4654,104.9,1527.5,0,1207
4,2594,63.39,0.4616,103.06,1517.7,0,1206
4,2595,64.46,0.5059,103.45,1522.0,0,1205
4,2596,63.81,0.4943,98.61,1518.1,0,1204
4,2597,63.69,0.4705,103.15,1528.7,0,1203
4,2598,63.43,0.4694,104.19,1504.0,0,1202
4,2599,65.41,0.5261,101.44,1526.0,0,1201
4,2600,62.33,0.4255,102.23,1498.5,0,1200
4,2601,63.66,0.4972,104.39,1515.0,0,1199
4,2602,62.22,0.4193,104.23,1512.7,0,1198
4,2603,64.17,0.4497,103.74,1516.5,0,1197
4,2604,63.91,0.4841,96.99,1503.3,0,1196
4,2605,64.5,0.4882,103.96,1491.3,0,1195
4,2606,64.3,0.4744,102.35,1504.7,0,1194
4,2607,65.23,0.4679,104.11,1495.9,0,1193
4,2608,63.41,0.4577,103.7,1520.5,0,1192
4,2609,62.8,0.4951,105.08,1512.1,0,1191
4,2610,64.12,0.496,105.86,1503.3,0,1190
4,2611,63.52,0.5137,103.36,1492.8,0,1189
4,2612,63.79,0.4962,100.65,1501.4,0,1188
4,2613,64.55,0.4816,103.15,1510.7,0,1187
4,2614,64.76,0.4109,103.35,1503.9,0,1186
4,2615,65.18,0.4095,100.81,1508.6,0,1185
4,2616,64.61,0.4259,102.97,1490.8,0,1184
4,2617,64.38,0.4541,100.86,1493.1,0,1183
4,2618,65.22,0.4865,102.09,1508.5,0,1182
4,2619,64.36,0.4589,104.7,1498.3,0,1181
4,2620,62.48,0.4055,105.27,1496.8,0,1180
4,2621,64.84,0.4241,102.59,1490.4,0,1179
4,2622,62.75,0.5354,97.59,1509.6,0,1178
4,2623,61.97,0.4591,100.97,1493.6,0,1177
4,2624,64.2,0.4671,103.07,1482.0,0,1176
4,2625,66.14,0.3749,99.37,1493.3,0,1175
4,2626,63.66,0.4533,100.81,1498.8,0,1174
4,2627,65.19,0.5507,101.2,1496.4,0,1173
4,2628,67.67,0.5401,104.08,1486.1,0,1172
4,2629,62.65,0.4925,101.29,1490.6,0,1171
4,2630,64.82,0.4884,101.18,1495.8,0,1170
4,2631,64.43,0.4847,102.46,1494.7,0,1169
4,2632,64.48,0.5134,100.19,1496.3,0,1168
4,2633,66.25,0.521,102.15,1504.9,0,1167
4,2634,64.97,0.4337,100.99,1490.4,0,1166
4,2635,64.34,0.519,102.39,1491.8,0,1165
4,2636,64.48,0.5153,102.92,1483.5,0,1164
4,2637,63.82,0.5423,103.71,1475.0,0,1163
4,2638,64.95,0.4621,97.97,1500.6,0,1162
4,2639,65.43,0.4916,101.75,1477.0,0,1161
4,2640,65.21,0.4724,104.49,1479.7,0,1160
4,2641,65.64,0.4889,102.16,1504.7,0,1159
4,2642,65.06,0.4789,103.32,1491.0,0,1158
4,2643,65.22,0.4636,105.11,1491.0,0,1157
4,2644,64.08,0.4842,102.82,1504.8,0,1156
4,2645,64.48,0.5307,102.04,1498.9,0,1155
4,2646,65.06,0.4843,102.74,1480.6,0,1154
4,2647,63.95,0.5289,99.46,1473.2,0,1153
4,2648,65.36,0.556,102.03,1481.5,0,1152
4,2649,64.74,0.5823,101.91,1456.2,0,1151
4,2650,65.18,0.5458,98.72,1497.1,0,1150
4,2651,63.39,0.4906,103.26,1481.2,0,1149
4,2652,64.23,0.5473,102.84,1493.1,0,1148
4,2653,65.14,0.6063,103.97,1492.5,0,1147
4,2654,63.87,0.5096,101.68,1461.9,0,1146
4,2655,65.34,0.5762,102.84,1474.4,0,1145
4,2656,66.89,0.584,102.24,1464.9,0,1144
4,2657,66.8,0.5888,99.78,1481.4,0,1143
4,2658,66.46,0.5598,102.69,1497.8,0,1142
4,2659,65.4,0.5373,103.53,1477.8,0,1141
4,2660,64.96,0.6017,102.11,1487.0,0,1140
4,2661,65.87,0.5395,100.99,1489.2,0,1139
4,2662,67.14,0.5513,98.53,1457.1,0,1138
4,2663,65.38,0.4838,101.85,1477.9,0,1137
4,2664,66.07,0.5549,102.95,1467.5,0,1136
4,2665,65.23,0.4712,101.32,1472.3,0,1135
4,2666,63.37,0.5617,96.3,1476.9,0,1134
4,2667,63.68,0.6122,97.89,1482.7,0,1133
4,2668,66.41,0.5274,101.47,1487.8,0,1132
4,2669,65.88,0.5786,98.77,1489.3,0,1131
4,2670,64.57,0.5149,100.7,1472.4,0,1130
4,2671,64.24,0.5418,101.15,1477.5,0,1129
4,2672,63.99,0.5762,98.25,1470.4,0,1128
4,2673,64.31,0.6,102.36,1501.1,0,1127
4,2674,64.71,0.4913,100.04,1483.9,0,1126
4,2675,67.93,0.5573,100.21,1463.1,0,1125
4,2676,64.54,0.622,99.37,1465.0,0,1124
4,2677,65.15,0.5423,98.59,1476.1,0,1123
4,2678,64.31,0.5132,103.12,1479.7,0,1122
4,2679,65.28,0.5637,97.71,1487.0,0,1121
4,2680,66.37,0.55,97.28,1478.2,0,1120
4,2681,62.36,0.5386,97.76,1483.0,0,1119
4,2682,64.86,0.4271,100.98,1492.4,0,1118
4,2683,66.95,0.4743,100.92,1470.5,0,1117
4,2684,62.8,0.5656,101.36,1474.7,0,1116
4,2685,64.16,0.5367,98.78,1484.5,0,1115
4,2686,64.44,0.531,96.52,1502.0,0,1114
4,2687,64.02,0.536,101.05,1506.2,0,1113
4,2688,65.32,0.5557,99.27,1481.5,0,1112
4,2689,66.12,0.4576,98.08,1473.7,0,1111
4,2690,64.15,0.6135,98.28,1482.4,0,1110
4,2691,65.9,0.5306,95.06,1488.2,0,1109
4,2692,65.23,0.5704,95.99,1494.7,0,1108
4,2693,65.63,0.4755,98.19,1479.2,0,1107
4,2694,62.92,0.4872,98.47,1488.5,0,1106
4,2695,64.34,0.4786,102.71,1494.9,0,1105
4,2696,65.29,0.5109,100.93,1488.1,0,1104
4,2697,64.37,0.6088,94.12,1492.2,0,1103
4,2698,62.63,0.5538,96.6,1493.4,0,1102
4,2699,65.24,0.5361,102.08,1495.2,0,1101
4,2700,65.35,0.5212,101.36,1486.6,0,1100
4,2701,64.92,0.5872,98.47,1513.2,0,1099
4,2702,66.38,0.5917,98.78,1504.7,0,1098
4,2703,64.13,0.5687,96.27,1484.3,0,1097
4,2704,64.33,0.4887,98.73,1496.4,0,1096
4,2705,65.25,0.4541,99.25,1501.8,0,1095
4,2706,63.53,0.4615,99.13,1478.0,0,1094
4,2707,67.01,0.5661,97.81,1480.9,0,1093
4,2708,64.38,0.5166,95.84,1507.6,0,1092
4,2709,63.15,0.5004,100.86,1500.1,0,1091
4,2710,64.35,0.4471,101.01,1486.1,0,1090
4,2711,65.16,0.482,94.96,1479.5,0,1089
4,2712,64.95,0.455,98.94,1490.6,0,1088
4,2713,62.17,0.5195,100.41,1486.3,0,1087
4,2714,64.94,0.4551,98.97,1481.5,0,1086
4,2715,64.54,0.4737,101.99,1505.9,0,1085
4,2716,66.96,0.4562,96.72,1486.1,0,1084
4,2717,65.66,0.3846,97.94,1486.6,0,1083
4,2718,63.93,0.3956,98.66,1495.7,0,1082
4,2719,64.52,0.4492,98.53,1505.6,0,1081
4,2720,64.48,0.4625,97.99,1506.6,0,1080
4,2721,65.84,0.4196,93.9,1513.0,0,1079
4,2722,64.99,0.4425,97.57,1503.4,0,1078
4,2723,62.56,0.4111,95.04,1509.8,0,1077
4,2724,63.92,0.3884,94.33,1514.9,0,1076
4,2725,63.11,0.4076,99.11,1516.5,0,1075
4,2726,64.21,0.4472,98.59,1511.7,0,1074
4,2727,64.13,0.3537,98.79,1515.6,0,1073
4,2728,63.19,0.3885,99.09,1487.1,0,1072
4,2729,65.08,0.4788,94.11,1492.9,0,1071
4,2730,65.6,0.5235,97.14,1519.3,0,1070
4,2731,66.39,0.4607,100.29,1503.9,0,1069
4,2732,64.04,0.4347,94.05,1507.0,0,1068
4,2733,62.59,0.5127,97.44,1509.6,0,1067
4,2734,65.77,0.4086,95.93,1521.6,0,1066
4,2735,64.32,0.4515,98.46,1510.7,0,1065
4,2736,63.58,0.4467,98.56,1501.4,0,1064
4,2737,64.41,0.4495,99.03,1495.4,0,1063
4,2738,64.06,0.4718,95.7,1525.3,0,1062
4,2739,65.0,0.4307,99.09,1500.4,0,1061
4,2740,62.66,0.4791,94.24,1518.0,0,1060
4,2741,62.03,0.4329,100.46,1510.5,0,1059
4,2742,64.06,0.4538,96.81,1504.5,0,1058
4,2743,63.75,0.4638,96.21,1517.3,0,1057
4,2744,64.55,0.4319,95.86,1517.2,0,1056
4,2745,62.26,0.42,96.75,1498.4,0,1055
4,2746,62.96,0.4769,95.84,1521.7,0,1054
4,2747,63.6,0.4975,97.54,1508.7,0,1053
4,2748,66.27,0.4276,99.21,1504.8,0,1052
4,2749,62.9,0.4243,100.06,1501.1,0,1051
4,2750,61.99,0.4492,96.95,1502.2,0,1050
4,2751,63.06,0.518,95.56,1506.5,0,1049
4,2752,62.49,0.4352,99.49,1519.3,0,1048
4,2753,62.66,0.4594,99.01,1518.0,0,1047
4,2754,62.63,0.3971,98.84,1524.6,0,1046
4,2755,62.34,0.4213,98.19,1508.4,0,1045
4,2756,63.49,0.429,96.25,1516.7,0,1044
4,2757,61.54,0.4758,94.33,1506.4,0,1043
4,2758,61.85,0.5063,96.46,1516.7,0,1042
4,2759,61.23,0.4707,92.73,1499.7,0,1041
4,2760,61.58,0.5264,99.36,1518.8,0,1040
4,2761,62.92,0.4917,99.12,1531.9,0,1039
4,2762,63.56,0.5211,94.66,1522.4,0,1038
4,2763,63.54,0.551,95.12,1517.4,0,1037
4,2764,63.7,0.5063,94.98,1530.2,0,1036
4,2765,62.65,0.483,97.27,1499.8,0,1035
4,2766,63.48,0.5295,94.83,1519.3,0,1034
4,2767,63.14,0.4772,95.9,1512.3,0,1033
4,2768,62.35,0.5974,98.55,1520.2,0,1032
4,2769,63.58,0.4878,96.18,1526.1,0,1031
4,2770,62.98,0.4861,96.97,1503.8,0,1030
4,2771,59.23,0.581,94.13,1519.8,0,1029
4,2772,63.31,0.5352,98.2,1527.7,0,1028
4,2773,62.72,0.5019,99.67,1518.0,0,1027
4,2774,61.39,0.5589,98.71,1524.5,0,1026
4,2775,60.68,0.5148,96.58,1526.4,0,1025
4,2776,60.74,0.5291,95.22,1510.8,0,1024
4,2777,62.73,0.4987,94.06,1534.5,0,1023
4,2778,62.33,0.4933,98.84,1532.6,0,1022
4,2779,61.21,0.6035,95.69,1512.4,0,1021
4,2780,60.75,0.5229,97.87,1516.4,0,1020
4,2781,62.48,0.5441,97.44,1512.1,0,1019
4,2782,62.17,0.5588,98.11,1514.1,0,1018
4,2783,62.42,0.5229,99.71,1526.5,0,1017
4,2784,62.59,0.5377,100.62,1516.7,0,1016
4,2785,60.14,0.5135,101.52,1510.2,0,1015
4,2786,61.5,0.4939,99.07,1521.6,0,1014
4,2787,62.64,0.5348,97.77,1526.8,0,1013
4,2788,60.01,0.5428,96.53,1538.0,0,1012
4,2789,59.11,0.4845,97.37,1519.7,0,1011
4,2790,59.96,0.494,98.27,1521.7,0,1010
4,2791,62.03,0.5229,96.28,1521.2,0,1009
4,2792,59.46,0.5188,99.42,1503.9,0,1008
4,2793,58.99,0.5158,98.94,1520.9,0,1007
4,2794,62.0,0.5249,97.81,1530.6,0,1006
4,2795,60.33,0.5769,99.56,1518.1,0,1005
4,2796,60.95,0.5438,98.11,1524.0,0,1004
4,2797,60.34,0.5205,103.73,1504.3,0,1003
4,2798,62.37,0.497,98.07,1517.9,0,1002
4,2799,59.76,0.4999,99.37,1503.4,0,1001
4,2800,62.89,0.4763,103.16,1521.5,0,1000
4,2801,61.53,0.6065,98.93,1515.1,0,999
4,2802,60.04,0.5749,98.13,1508.0,0,998
4,2803,62.88,0.5973,99.02,1523.2,0,997
4,2804,60.25,0.5412,99.34,1518.8,0,996
4,2805,60.33,0.5505,96.25,1511.0,0,995
4,2806,61.26,0.591,100.82,1520.7,0,994
4,2807,62.1,0.4656,100.91,1512.1,0,993
4,2808,60.97,0.542,97.92,1513.4,0,992
4,2809,58.81,0.4626,97.28,1507.3,0,991
4,2810,61.8,0.5873,101.45,1518.9,0,990
4,2811,60.72,0.5545,99.89,1491.3,0,989
4,2812,59.02,0.5266,97.32,1506.5,0,988
4,2813,60.55,0.5732,98.22,1513.3,0,987
4,2814,59.89,0.4767,96.08,1515.6,0,986
4,2815,60.78,0.4727,98.2,1507.5,0,985
4,2816,61.21,0.5373,99.85,1499.8,0,984
4,2817,61.25,0.5457,97.49,1509.3,0,983
4,2818,61.82,0.4773,100.23,1501.0,0,982
4,2819,58.0,0.4694,98.27,1515.1,0,981
4,2820,59.75,0.5163,99.8,1495.6,0,980
4,2821,60.93,0.5113,103.16,1502.2,0,979
4,2822,60.28,0.4595,101.12,1496.4,0,978
4,2823,63.7,0.457,97.34,1505.8,0,977
4,2824,59.21,0.5813,99.84,1497.9,0,976
4,2825,60.26,0.4439,100.84,1498.6,0,975
4,2826,61.69,0.4661,102.12,1506.3,0,974
4,2827,62.74,0.5974,103.9,1483.1,0,973
4,2828,60.88,0.4228,97.5,1479.6,0,972
4,2829,61.39,0.4068,100.91,1484.6,0,971
4,2830,59.99,0.486,98.09,1480.2,0,970
4,2831,60.83,0.4771,98.0,1504.1,0,969
4,2832,61.59,0.4369,99.2,1491.9,0,968
4,2833,60.0,0.5007,100.59,1489.0,0,967
4,2834,63.47,0.4417,100.05,1508.8,0,966
4,2835,55.94,0.4379,100.61,1480.0,0,965
4,2836,59.42,0.5082,100.09,1493.0,0,964
4,2837,63.06,0.45,100.29,1477.2,0,963
4,2838,59.51,0.4908,101.6,1490.1,0,962
4,2839,58.59,0.4888,101.51,1496.6,0,961
4,2840,59.37,0.4161,100.3,1486.1,0,960
4,2841,58.66,0.454,99.16,1500.6,0,959
4,2842,57.19,0.5166,103.4,1492.1,0,958
4,2843,58.8,0.4514,103.85,1495.1,0,957
4,2844,57.84,0.486,99.09,1476.6,0,956
4,2845,58.58,0.5407,101.45,1471.6,0,955
4,2846,59.34,0.4767,101.73,1488.0,0,954
4,2847,60.26,0.3845,98.39,1506.5,0,953
4,2848,59.59,0.4537,105.0,1490.8,0,952
4,2849,59.39,0.4716,98.54,1482.2,0,951
4,2850,58.62,0.4924,101.87,1487.7,0,950
4,2851,59.21,0.4395,103.11,1485.4,0,949
4,2852,58.3,0.4759,101.46,1492.0,0,948
4,2853,57.37,0.361,101.57,1500.5,0,947
4,2854,55.9,0.4742,100.21,1493.5,0,946
4,2855,61.64,0.4237,98.95,1489.3,0,945
4,2856,58.86,0.4972,100.47,1493.8,0,944
4,2857,57.92,0.4512,99.76,1495.4,0,943
4,2858,57.73,0.4267,98.21,1488.8,0,942
4,2859,57.94,0.3978,100.74,1490.6,0,941
4,2860,58.32,0.4139,101.15,1482.0,0,940
4,2861,60.57,0.4825,101.33,1477.8,0,939
4,2862,56.96,0.4998,101.81,1471.1,0,938
4,2863,58.52,0.5115,102.16,1474.3,0,937
4,2864,59.91,0.4743,99.45,1485.6,0,936
4,2865,57.62,0.4538,105.75,1492.4,0,935
4,2866,58.0,0.3873,103.47,1488.4,0,934
4,2867,58.27,0.4041,100.91,1488.8,0,933
4,2868,58.97,0.4564,98.5,1480.0,0,932
4,2869,60.23,0.4982,103.53,1484.5,0,931
4,2870,58.42,0.388,98.03,1483.1,0,930
4,2871,58.2,0.422,98.07,1470.7,0,929
4,2872,56.38,0.4517,104.05,1494.3,0,928
4,2873,58.19,0.5138,101.92,1490.9,0,927
4,2874,56.93,0.4448,101.49,1478.1,0,926
4,2875,57.45,0.4908,99.05,1486.8,0,925
4,2876,55.03,0.4636,103.51,1485.4,0,924
4,2877,56.17,0.4122,97.49,1468.5,0,923
4,2878,55.86,0.5075,100.47,1489.2,0,922
4,2879,57.48,0.4378,99.44,1471.2,0,921
4,2880,57.56,0.4661,104.35,1486.1,0,920
4,2881,56.25,0.408,104.38,1495.1,0,919
4,2882,58.71,0.4544,99.12,1490.4,0,918
4,2883,58.16,0.4345,100.95,1480.6,0,917
4,2884,58.49,0.4346,103.72,1490.1,0,916
4,2885,58.59,0.4483,103.89,1469.1,0,915
4,2886,57.39,0.5296,102.14,1473.4,0,914
4,2887,57.17,0.5191,104.56,1492.1,0,913
4,2888,56.65,0.465,105.17,1488.2,0,912
4,2889,58.27,0.4481,101.04,1484.9,0,911
4,2890,55.65,0.5823,101.09,1463.1,0,910
4,2891,59.2,0.4601,108.08,1481.5,0,909
4,2892,57.87,0.5269,103.47,1494.3,0,908
4,2893,56.86,0.5293,100.25,1475.4,0,907
4,2894,59.29,0.526,103.52,1469.3,0,906
4,2895,56.04,0.576,99.97,1453.4,0,905
4,2896,55.7,0.4935,104.86,1480.3,0,904
4,2897,56.57,0.4957,100.64,1473.9,0,903
4,2898,54.97,0.5058,103.9,1475.3,0,902
4,2899,57.32,0.5549,102.65,1480.7,0,901
4,2900,56.55,0.5427,104.82,1494.1,0,900
4,2901,56.53,0.4896,103.99,1477.1,0,899
4,2902,56.59,0.555,100.56,1494.9,0,898
4,2903,57.95,0.5548,103.1,1480.7,0,897
4,2904,55.74,0.5139,102.09,1509.9,0,896
4,2905,57.9,0.5014,107.34,1472.4,0,895
4,2906,55.1,0.5514,103.89,1489.1,0,894
4,2907,55.54,0.5208,100.55,1492.5,0,893
4,2908,56.07,0.493,101.74,1487.2,0,892
4,2909,54.92,0.5606,104.74,1497.1,0,891
4,2910,57.66,0.5565,102.48,1470.2,0,890
4,2911,56.68,0.5025,102.35,1490.6,0,889
4,2912,57.82,0.5016,99.91,1498.7,0,888
4,2913,57.2,0.4484,100.75,1487.8,0,887
4,2914,58.17,0.6226,101.65,1465.1,0,886
4,2915,55.63,0.5612,103.26,1493.7,0,885
4,2916,57.71,0.5702,102.93,1503.7,0,884
4,2917,56.36,0.5481,102.54,1483.0,0,883
4,2918,54.48,0.6047,99.85,1497.9,0,882
4,2919,58.06,0.5059,102.33,1481.9,0,881
4,2920,58.7,0.5363,103.81,1495.2,0,880
4,2921,57.08,0.5282,100.7,1487.4,0,879
4,2922,52.93,0.5695,103.61,1501.2,0,878
4,2923,55.75,0.5749,103.01,1489.1,0,877
4,2924,57.33,0.6296,99.69,1495.4,0,876
4,2925,56.81,0.5455,103.23,1510.7,0,875
4,2926,54.82,0.5658,101.4,1509.4,0,874
4,2927,55.17,0.5024,102.64,1496.7,0,873
4,2928,55.51,0.4947,102.25,1506.6,0,872
4,2929,54.37,0.5303,102.55,1495.6,0,871
4,2930,55.31,0.5029,104.06,1487.6,0,870
4,2931,56.53,0.5303,100.78,1508.1,0,869
4,2932,55.91,0.5943,104.66,1516.6,0,868
4,2933,54.2,0.6122,103.49,1473.8,0,867
4,2934,57.56,0.5359,105.87,1492.8,0,866
4,2935,56.92,0.5548,100.55,1515.4,0,865
4,2936,54.82,0.604,100.86,1486.3,0,864
4,2937,53.91,0.5289,104.83,1488.3,0,863
4,2938,55.26,0.5689,104.1,1502.3,0,862
4,2939,54.32,0.4605,102.67,1501.0,0,861
4,2940,54.9,0.6191,99.12,1513.3,0,860
4,2941,52.84,0.473,105.51,1498.1,0,859
4,2942,54.14,0.5373,102.34,1509.5,0,858
4,2943,55.31,0.4582,99.61,1517.3,0,857
4,2944,53.42,0.5167,104.74,1497.2,0,856
4,2945,55.19,0.4664,100.45,1496.0,0,855
4,2946,54.79,0.546,103.35,1505.0,0,854
4,2947,56.47,0.4979,100.05,1510.2,0,853
4,2948,55.22,0.5153,100.1,1526.0,0,852
4,2949,55.64,0.5445,103.09,1512.0,0,851
4,2950,54.14,0.5076,103.55,1507.9,0,850
4,2951,55.23,0.5436,102.87,1523.8,0,849
4,2952,55.03,0.5275,105.58,1501.1,0,848
4,2953,54.58,0.4843,96.86,1522.3,0,847
4,2954,56.79,0.5306,102.42,1512.8,0,846
4,2955,55.91,0.533,100.41,1499.1,0,845
4,2956,56.07,0.489,101.18,1519.0,0,844
4,2957,57.12,0.4647,102.42,1516.5,0,843
4,2958,55.31,0.4925,102.63,1507.2,0,842
4,2959,56.63,0.4584,98.63,1517.0,0,841
4,2960,55.73,0.5556,100.0,1509.1,0,840
4,2961,55.7,0.4756,104.41,1507.2,0,839
4,2962,55.6,0.416,99.12,1505.4,0,838
4,2963,54.21,0.435,102.09,1499.7,0,837
4,2964,57.31,0.4315,105.08,1515.0,0,836
4,2965,56.02,0.4643,105.05,1495.7,0,835
4,2966,55.98,0.4823,103.47,1524.4,0,834
4,2967,56.25,0.5062,101.97,1530.5,0,833
4,2968,54.84,0.484,101.64,1521.9,0,832
4,2969,54.75,0.4205,104.86,1527.5,0,831
4,2970,55.52,0.4875,99.98,1503.1,0,830
4,2971,52.97,0.5325,100.55,1518.7,0,829
4,2972,53.24,0.4645,100.8,1514.5,0,828
4,2973,56.62,0.4905,99.08,1516.8,0,827
4,2974,54.0,0.4347,98.88,1513.7,0,826
4,2975,56.06,0.3781,97.44,1521.1,0,825
4,2976,56.23,0.4352,102.37,1517.1,0,824
4,2977,56.16,0.4463,99.75,1513.3,0,823
4,2978,53.64,0.4643,99.65,1535.4,0,822
4,2979,55.52,0.4721,100.76,1533.7,0,821
4,2980,55.68,0.46,102.94,1535.9,0,820
4,2981,55.47,0.4067,95.86,1519.5,0,819
4,2982,54.72,0.4273,101.31,1512.6,0,818
4,2983,54.96,0.465,99.56,1506.8,0,817
4,2984,55.66,0.4581,100.5,1495.7,0,816
4,2985,53.73,0.4353,100.33,1515.5,0,815
4,2986,54.91,0.4851,99.83,1520.3,0,814
4,2987,56.29,0.5485,97.92,1526.9,0,813
4,2988,54.95,0.4944,98.9,1520.1,0,812
4,2989,53.9,0.4423,96.46,1512.5,0,811
4,2990,56.11,0.4871,98.88,1517.6,0,810
4,2991,56.63,0.4329,102.15,1528.1,0,809
4,2992,54.28,0.4359,100.74,1506.9,0,808
4,2993,56.01,0.4049,99.6,1544.1,0,807
4,2994,55.94,0.403,96.47,1509.5,0,806
4,2995,53.41,0.4674,100.06,1515.3,0,805
4,2996,54.83,0.5293,103.6,1516.8,0,804
4,2997,54.54,0.5228,96.91,1524.7,0,803
4,2998,54.53,0.4655,93.71,1512.4,0,802
4,2999,54.45,0.508,99.91,1514.7,0,801
4,3000,56.13,0.4988,98.97,1513.0,0,800
4,3001,54.46,0.4538,99.14,1523.4,0,799
4,3002,54.4,0.4767,98.63,1501.7,0,798
4,3003,55.7,0.4971,98.58,1520.7,0,797
4,3004,56.18,0.4773,100.35,1510.5,0,796
4,3005,54.43,0.4229,98.43,1517.8,0,795
4,3006,55.42,0.4675,98.32,1529.0,0,794
4,3007,53.37,0.4639,99.69,1515.8,0,793
4,3008,54.81,0.4465,97.01,1503.2,0,792
4,3009,53.14,0.5093,98.43,1523.9,0,791
4,3010,54.66,0.4409,98.85,1502.2,0,790
4,3011,54.69,0.4214,97.34,1503.5,0,789
4,3012,54.71,0.4687,95.87,1516.6,0,788
4,3013,58.18,0.5029,99.82,1516.9,0,787
4,3014,54.95,0.5152,98.88,1527.6,0,786
4,3015,53.43,0.5168,93.18,1502.1,0,785
4,3016,55.59,0.5096,95.67,1511.5,0,784
4,3017,55.23,0.5445,96.5,1501.8,0,783
4,3018,55.55,0.4804,100.89,1500.2,0,782
4,3019,54.06,0.4838,99.5,1513.2,0,781
4,3020,57.37,0.547,98.27,1491.7,0,780
4,3021,56.42,0.4908,100.79,1506.9,0,779
4,3022,55.51,0.5806,100.49,1501.5,0,778
4,3023,54.16,0.4339,98.11,1494.3,0,777
4,3024,54.65,0.4714,99.2,1500.0,0,776
4,3025,56.32,0.516,100.78,1512.1,0,775
4,3026,56.31,0.5417,99.91,1500.7,0,774
4,3027,54.17,0.4952,97.91,1500.1,0,773
4,3028,55.29,0.5477,97.54,1488.5,0,772
4,3029,54.14,0.4844,96.82,1507.5,0,771
4,3030,55.28,0.5086,96.48,1516.9,0,770
4,3031,58.56,0.6303,98.45,1492.8,0,769
4,3032,56.0,0.5017,98.65,1502.9,0,768
4,3033,54.47,0.5863,95.44,1506.5,0,767
4,3034,57.87,0.5314,96.83,1502.1,0,766
4,3035,55.01,0.5317,94.91,1502.3,0,765
4,3036,54.16,0.5843,98.56,1508.9,0,764
4,3037,55.39,0.5506,95.37,1498.7,0,763
4,3038,53.02,0.5181,97.76,1495.4,0,762
4,3039,57.9,0.5754,95.43,1497.4,0,761
4,3040,57.23,0.5446,97.87,1507.3,0,760
4,3041,54.89,0.5539,96.57,1500.8,0,759
4,3042,56.16,0.5299,99.85,1497.2,0,758
4,3043,53.43,0.5387,97.37,1498.4,0,757
4,3044,57.4,0.5997,97.61,1469.3,0,756
4,3045,55.2,0.5072,92.79,1496.8,0,755
4,3046,56.96,0.5135,98.12,1483.7,0,754
4,3047,55.48,0.5679,97.24,1479.4,0,753
4,3048,55.47,0.5424,96.81,1503.7,0,752
4,3049,55.76,0.5087,97.84,1491.0,0,751
4,3050,55.67,0.5752,94.92,1475.2,0,750
4,3051,57.05,0.5875,95.45,1499.7,0,749
4,3052,55.25,0.5146,97.38,1490.5,0,748
4,3053,56.62,0.5434,99.25,1481.0,0,747
4,3054,56.47,0.5174,97.54,1489.4,0,746
4,3055,56.36,0.5021,97.04,1489.5,0,745
4,3056,55.11,0.5333,98.14,1482.7,0,744
4,3057,55.24,0.5195,95.71,1473.0,0,743
4,3058,57.58,0.4826,100.97,1497.4,0,742
4,3059,54.39,0.5068,98.3,1483.3,0,741
4,3060,58.31,0.5443,97.4,1482.5,0,740
4,3061,59.0,0.5043,96.1,1473.2,0,739
4,3062,56.24,0.5493,95.36,1485.5,0,738
4,3063,54.15,0.5214,99.69,1497.6,0,737
4,3064,58.31,0.4629,98.11,1470.3,0,736
4,3065,55.61,0.5393,95.25,1487.0,0,735
4,3066,56.66,0.5682,96.2,1481.0,0,734
4,3067,58.04,0.5695,96.31,1489.7,0,733
4,3068,54.8,0.4867,98.85,1477.7,0,732
4,3069,58.06,0.5063,97.6,1492.5,0,731
4,3070,57.45,0.5473,98.57,1477.3,0,730
4,3071,57.31,0.6061,101.37,1468.5,0,729
4,3072,55.86,0.454,98.17,1475.0,0,728
4,3073,57.67,0.5151,101.53,1469.3,0,727
4,3074,56.93,0.5117,98.91,1479.5,0,726
4,3075,55.72,0.4748,97.41,1484.1,0,725
4,3076,57.2,0.521,99.52,1480.0,0,724
4,3077,57.6,0.5221,94.19,1494.1,0,723
4,3078,58.8,0.4761,96.11,1468.1,0,722
4,3079,57.55,0.5204,94.97,1474.8,0,721
4,3080,56.37,0.5261,93.52,1498.3,0,720
4,3081,56.7,0.5075,98.09,1480.8,0,719
4,3082,56.15,0.4724,97.55,1481.1,0,718
4,3083,56.97,0.561,93.82,1471.3,0,717
4,3084,58.61,0.4993,99.84,1478.2,0,716
4,3085,56.25,0.4814,98.56,1494.8,0,715
4,3086,59.07,0.4489,102.09,1476.1,0,714
4,3087,56.04,0.5512,95.27,1473.9,0,713
4,3088,56.68,0.4848,96.62,1481.1,0,712
4,3089,57.98,0.4327,95.75,1467.1,0,711
4,3090,55.85,0.5009,95.44,1479.5,0,710
4,3091,57.67,0.4837,99.84,1488.3,0,709
4,3092,56.43,0.4496,97.59,1466.4,0,708
4,3093,57.55,0.499,98.02,1486.7,0,707
4,3094,58.29,0.4308,99.48,1499.6,0,706
4,3095,58.04,0.4972,98.49,1484.2,0,705
4,3096,57.51,0.5112,97.17,1484.0,0,704
4,3097,58.77,0.4605,98.28,1478.0,0,703
4,3098,56.68,0.4694,99.43,1468.8,0,702
4,3099,57.89,0.4821,97.25,1482.5,0,701
4,3100,57.44,0.487,99.71,1475.1,0,700
4,3101,57.68,0.4208,97.1,1473.0,0,699
4,3102,56.33,0.4162,95.55,1496.9,0,698
4,3103,59.21,0.3969,99.4,1495.9,0,697
4,3104,57.53,0.453,95.54,1468.5,0,696
4,3105,59.67,0.4319,99.58,1477.6,0,695
4,3106,59.05,0.466,99.56,1495.6,0,694
4,3107,59.8,0.4365,100.52,1488.6,0,693
4,3108,59.38,0.4992,97.07,1483.2,0,692
4,3109,58.77,0.4066,97.66,1472.4,0,691
4,3110,56.66,0.4856,97.01,1481.6,0,690
4,3111,59.22,0.4857,96.17,1490.0,0,689
4,3112,57.98,0.4636,97.36,1490.6,0,688
4,3113,59.21,0.3752,96.51,1473.9,0,687
4,3114,58.99,0.4625,96.69,1477.6,0,686
4,3115,58.15,0.4532,99.97,1503.2,0,685
4,3116,61.32,0.3327,95.73,1492.7,0,684
4,3117,58.6,0.4574,95.31,1495.0,0,683
4,3118,59.61,0.4577,98.13,1494.4,0,682
4,3119,58.74,0.5027,98.26,1476.6,0,681
4,3120,61.07,0.3698,100.1,1490.4,0,680
4,3121,58.08,0.4093,99.14,1496.2,0,679
4,3122,58.0,0.4286,96.89,1490.0,0,678
4,3123,57.36,0.3982,100.48,1473.0,0,677
4,3124,59.42,0.4591,96.59,1488.4,0,676
4,3125,59.74,0.4748,99.84,1506.9,0,675
4,3126,58.05,0.5042,96.06,1492.8,0,674
4,3127,60.48,0.5322,97.69,1489.3,0,673
4,3128,61.11,0.4217,99.66,1506.2,0,672
4,3129,61.93,0.5709,99.11,1484.4,0,671
4,3130,59.58,0.4829,95.14,1483.2,0,670
4,3131,57.8,0.4333,101.36,1502.8,0,669
4,3132,57.45,0.453,104.15,1486.7,0,668
4,3133,59.74,0.4791,101.22,1484.5,0,667
4,3134,58.43,0.431,97.7,1499.1,0,666
4,3135,62.11,0.5193,100.57,1502.4,0,665
4,3136,59.04,0.5201,98.84,1521.1,0,664
4,3137,56.28,0.4819,99.62,1512.1,0,663
4,3138,60.68,0.5141,100.69,1502.1,0,662
4,3139,60.8,0.5297,100.98,1495.8,0,661
4,3140,60.75,0.4393,104.09,1499.8,0,660
4,3141,59.46,0.4566,100.45,1498.1,0,659
4,3142,61.62,0.4993,99.04,1486.8,0,658
4,3143,60.21,0.5114,99.07,1497.6,0,657
4,3144,58.91,0.4319,100.37,1505.1,0,656
4,3145,61.34,0.5299,99.99,1495.0,0,655
4,3146,59.99,0.5315,98.46,1495.7,0,654
4,3147,60.99,0.4705,97.71,1518.4,0,653
4,3148,58.19,0.5279,102.5,1515.6,0,652
4,3149,58.6,0.4987,100.63,1495.2,0,651
4,3150,60.22,0.5072,99.21,1490.7,0,650
4,3151,60.3,0.5393,99.73,1495.5,0,649
4,3152,61.36,0.516,99.08,1512.0,0,648
4,3153,59.45,0.4916,104.49,1520.8,0,647
4,3154,60.32,0.5833,100.17,1505.3,0,646
4,3155,59.45,0.5375,99.93,1505.6,0,645
4,3156,59.45,0.5005,102.52,1521.7,0,644
4,3157,59.55,0.4969,100.63,1506.3,0,643
4,3158,61.9,0.557,107.9,1517.2,0,642
4,3159,62.83,0.5731,103.15,1503.7,0,641
4,3160,58.62,0.5338,97.53,1506.3,0,640
4,3161,61.21,0.5301,102.29,1511.9,0,639
4,3162,61.35,0.4975,101.08,1512.6,0,638
4,3163,60.14,0.461,102.24,1508.4,0,637
4,3164,60.83,0.5333,100.0,1519.6,0,636
4,3165,61.9,0.533,100.55,1498.4,0,635
4,3166,62.2,0.4902,100.34,1510.2,0,634
4,3167,60.67,0.5055,98.61,1496.3,0,633
4,3168,61.22,0.5651,103.2,1507.3,0,632
4,3169,62.64,0.5297,99.15,1523.9,0,631
4,3170,59.93,0.5466,99.58,1506.8,0,630
4,3171,61.14,0.5115,99.57,1524.5,0,629
4,3172,60.76,0.6244,102.98,1495.1,0,628
4,3173,61.0,0.5293,101.3,1523.3,0,627
4,3174,58.35,0.5889,102.46,1511.3,0,626
4,3175,60.84,0.4954,100.15,1522.3,0,625
4,3176,60.39,0.6156,100.96,1528.1,0,624
4,3177,62.02,0.5246,101.02,1524.8,0,623
4,3178,62.33,0.6028,102.76,1523.0,0,622
4,3179,60.41,0.6411,103.3,1514.3,0,621
4,3180,61.66,0.5308,101.51,1535.0,0,620
4,3181,60.06,0.5159,101.93,1503.6,0,619
4,3182,62.14,0.5359,102.73,1540.7,0,618
4,3183,61.91,0.5364,99.5,1525.5,0,617
4,3184,60.87,0.4871,97.78,1519.0,0,616
4,3185,60.49,0.4843,102.46,1509.7,0,615
4,3186,62.14,0.5018,97.98,1525.5,0,614
4,3187,63.58,0.519,101.58,1528.3,0,613
4,3188,60.35,0.5461,103.64,1519.7,0,612
4,3189,62.78,0.5695,104.65,1534.3,0,611
4,3190,60.75,0.4648,103.81,1513.4,0,610
4,3191,61.44,0.5499,106.87,1512.7,0,609
4,3192,62.03,0.5402,102.33,1511.2,0,608
4,3193,64.36,0.5734,106.02,1520.7,0,607
4,3194,64.73,0.446,101.37,1507.2,0,606
4,3195,62.31,0.5147,104.84,1528.2,0,605
4,3196,62.21,0.5229,101.65,1516.5,0,604
4,3197,62.43,0.5284,101.6,1529.6,0,603
4,3198,61.37,0.5251,103.92,1522.4,0,602
4,3199,64.02,0.5889,103.91,1529.8,0,601
4,3200,63.4,0.4567,100.42,1531.0,0,600
4,3201,62.28,0.4675,101.68,1523.3,0,599
4,3202,62.07,0.4813,103.55,1514.0,0,598
4,3203,62.21,0.5356,99.71,1516.7,0,597
4,3204,62.26,0.4509,101.57,1517.1,0,596
4,3205,63.83,0.4718,101.73,1508.6,0,595
4,3206,64.4,0.5368,102.3,1531.1,0,594
4,3207,62.13,0.4814,105.57,1530.5,0,593
4,3208,63.5,0.5392,105.06,1502.9,0,592
4,3209,63.04,0.452,101.53,1505.3,0,591
4,3210,61.57,0.509,105.84,1523.4,0,590
4,3211,64.43,0.5132,103.72,1509.2,0,589
4,3212,62.76,0.4924,103.84,1498.8,0,588
4,3213,64.41,0.4755,99.32,1495.5,0,587
4,3214,63.91,0.4968,103.95,1520.4,0,586
4,3215,65.7,0.4416,104.86,1521.1,0,585
4,3216,64.61,0.4014,103.25,1521.6,0,584
4,3217,63.52,0.3996,103.03,1512.0,0,583
4,3218,63.03,0.4823,101.43,1498.4,0,582
4,3219,62.24,0.4735,101.86,1524.7,0,581
4,3220,64.75,0.4488,105.34,1530.7,0,580
4,3221,63.29,0.4937,106.11,1511.8,0,579
4,3222,61.7,0.4173,104.19,1527.5,0,578
4,3223,64.04,0.4646,102.56,1508.6,0,577
4,3224,63.63,0.4823,104.1,1488.6,0,576
4,3225,64.51,0.4929,100.28,1512.4,0,575
4,3226,65.72,0.5007,103.31,1500.5,0,574
4,3227,66.16,0.4454,102.42,1524.4,0,573
4,3228,63.56,0.3875,105.63,1507.6,0,572
4,3229,64.29,0.4397,100.85,1513.1,0,571
4,3230,63.72,0.4762,105.21,1503.0,0,570
4,3231,64.63,0.5101,106.31,1518.3,0,569
4,3232,62.8,0.4134,103.14,1507.8,0,568
4,3233,63.65,0.5818,104.93,1505.3,0,567
4,3234,64.2,0.5279,102.13,1512.4,0,566
4,3235,64.15,0.444,98.92,1496.8,0,565
4,3236,64.4,0.4899,104.94,1504.6,0,564
4,3237,63.57,0.4947,104.26,1504.3,0,563
4,3238,63.11,0.5427,103.09,1482.3,0,562
4,3239,64.17,0.4451,105.66,1521.6,0,561
4,3240,64.8,0.4717,103.03,1492.3,0,560
4,3241,63.41,0.5051,101.45,1508.4,0,559
4,3242,64.38,0.4822,103.14,1507.6,0,558
4,3243,65.39,0.3873,98.63,1516.3,0,557
4,3244,65.23,0.4733,104.31,1506.6,0,556
4,3245,64.32,0.4127,101.23,1494.3,0,555
4,3246,65.41,0.3991,105.19,1508.0,0,554
4,3247,64.2,0.4867,101.21,1486.6,0,553
4,3248,63.61,0.5158,105.31,1489.0,0,552
4,3249,65.88,0.4522,106.65,1500.7,0,551
4,3250,65.03,0.3769,103.25,1503.3,0,550
4,3251,64.52,0.3655,102.0,1491.1,0,549
4,3252,65.1,0.4548,99.59,1499.4,0,548
4,3253,63.87,0.4363,102.25,1500.7,0,547
4,3254,65.02,0.4762,100.82,1506.1,0,546
4,3255,64.77,0.4591,107.1,1497.6,0,545
4,3256,64.39,0.4676,104.3,1493.5,0,544
4,3257,64.16,0.4996,102.03,1491.1,0,543
4,3258,65.46,0.5079,104.64,1493.8,0,542
4,3259,64.61,0.44,100.6,1479.1,0,541
4,3260,65.5,0.4423,99.38,1495.0,0,540
4,3261,67.14,0.5828,100.06,1478.9,0,539
4,3262,63.57,0.4724,105.35,1483.4,0,538
4,3263,64.19,0.4928,100.85,1486.9,0,537
4,3264,64.74,0.4848,105.51,1490.0,0,536
4,3265,66.53,0.4948,102.51,1478.4,0,535
4,3266,63.73,0.5358,98.52,1479.4,0,534
4,3267,65.38,0.515,103.48,1484.0,0,533
4,3268,66.83,0.496,101.84,1496.3,0,532
4,3269,62.44,0.4674,103.77,1498.4,0,531
4,3270,64.91,0.5536,101.88,1495.9,0,530
4,3271,66.55,0.5788,105.84,1491.0,0,529
4,3272,65.39,0.5284,102.64,1491.1,0,528
4,3273,64.27,0.5389,99.43,1491.5,0,527
4,3274,64.86,0.5254,99.28,1491.0,0,526
4,3275,63.91,0.4772,99.79,1477.9,0,525
4,3276,63.33,0.6072,100.51,1478.6,0,524
4,3277,63.74,0.467,98.41,1488.0,0,523
4,3278,63.53,0.4898,98.38,1480.0,0,522
4,3279,65.06,0.5173,103.01,1488.8,0,521
4,3280,66.08,0.5663,99.76,1486.4,0,520
4,3281,65.56,0.5725,98.32,1461.8,0,519
4,3282,63.17,0.522,100.07,1458.8,0,518
4,3283,66.11,0.4681,100.89,1480.6,0,517
4,3284,63.9,0.5388,101.36,1501.5,0,516
4,3285,65.37,0.559,99.92,1483.6,0,515
4,3286,65.59,0.5807,98.8,1476.1,0,514
4,3287,66.52,0.5514,97.87,1477.2,0,513
4,3288,64.46,0.5713,103.6,1478.7,0,512
4,3289,63.09,0.6045,100.21,1476.8,0,511
4,3290,66.33,0.5223,98.28,1494.2,0,510
4,3291,65.37,0.599,99.02,1491.4,0,509
4,3292,64.43,0.5108,97.31,1473.4,0,508
4,3293,63.91,0.5142,98.26,1489.6,0,507
4,3294,65.65,0.5846,100.31,1483.0,0,506
4,3295,64.7,0.5747,98.09,1477.9,0,505
4,3296,64.06,0.5391,101.57,1481.6,0,504
4,3297,65.39,0.5676,101.83,1483.3,0,503
4,3298,63.62,0.5253,97.7,1465.2,0,502
4,3299,64.67,0.6001,98.31,1477.0,0,501
4,3300,67.34,0.5316,100.32,1485.6,0,500
4,3301,65.41,0.5268,97.36,1493.7,0,499
4,3302,64.12,0.517,99.46,1472.4,0,498
4,3303,64.93,0.5343,101.64,1473.9,0,497
4,3304,66.01,0.5748,97.72,1477.0,0,496
4,3305,65.29,0.5396,99.95,1488.7,0,495
4,3306,64.55,0.5033,99.79,1488.0,0,494
4,3307,64.95,0.5696,98.52,1473.6,0,493
4,3308,65.49,0.5794,95.49,1474.8,0,492
4,3309,66.67,0.5707,100.49,1493.9,0,491
4,3310,66.44,0.5166,96.97,1477.2,0,490
4,3311,65.52,0.5832,100.64,1465.4,0,489
4,3312,65.44,0.5915,101.01,1507.0,0,488
4,3313,65.44,0.4545,100.2,1490.9,0,487
4,3314,64.13,0.4801,97.97,1474.9,0,486
4,3315,63.29,0.5059,94.65,1493.6,0,485
4,3316,63.44,0.4972,102.37,1475.6,0,484
4,3317,63.63,0.4555,101.01,1494.2,0,483
4,3318,65.07,0.5392,98.86,1484.8,0,482
4,3319,64.87,0.5301,99.36,1473.6,0,481
4,3320,63.49,0.5177,102.2,1476.6,0,480
4,3321,65.38,0.4999,98.43,1490.3,0,479
4,3322,62.44,0.5867,100.18,1484.1,0,478
4,3323,65.9,0.5294,97.33,1495.1,0,477
4,3324,63.88,0.5362,97.09,1471.1,0,476
4,3325,66.12,0.5271,101.92,1483.1,0,475
4,3326,64.49,0.546,104.57,1479.0,0,474
4,3327,65.87,0.5446,93.67,1499.5,0,473
4,3328,65.49,0.5589,96.67,1491.2,0,472
4,3329,66.71,0.5068,99.97,1486.6,0,471
4,3330,63.96,0.4992,98.91,1490.1,0,470
4,3331,67.32,0.487,99.08,1496.5,0,469
4,3332,64.36,0.4963,95.74,1492.5,0,468
4,3333,64.41,0.5025,96.82,1487.9,0,467
4,3334,65.47,0.4312,96.71,1485.5,0,466
4,3335,64.11,0.4449,97.79,1506.6,0,465
4,3336,64.56,0.5745,97.7,1494.0,0,464
4,3337,64.48,0.4251,100.16,1503.1,0,463
4,3338,65.52,0.4553,94.61,1489.5,0,462
4,3339,62.98,0.4599,100.11,1487.9,0,461
4,3340,63.54,0.5018,99.1,1492.4,0,460
4,3341,66.29,0.4804,96.82,1489.1,0,459
4,3342,64.99,0.4219,97.14,1494.1,0,458
4,3343,63.09,0.4665,101.98,1472.7,0,457
4,3344,64.61,0.4835,93.97,1483.3,0,456
4,3345,64.51,0.4745,97.86,1508.7,0,455
4,3346,64.95,0.4685,96.74,1483.7,0,454
4,3347,63.21,0.4415,99.18,1492.6,0,453
4,3348,64.04,0.4192,96.4,1486.6,0,452
4,3349,65.95,0.464,97.42,1492.5,0,451
4,3350,64.51,0.486,98.11,1491.1,0,450
4,3351,65.03,0.4306,97.55,1509.3,0,449
4,3352,65.48,0.447,95.48,1499.5,0,448
4,3353,62.88,0.4078,99.41,1496.1,0,447
4,3354,66.05,0.4476,99.58,1496.6,0,446
4,3355,64.1,0.483,97.19,1503.0,0,445
4,3356,63.82,0.4379,100.86,1499.2,0,444
4,3357,64.78,0.509,100.06,1492.9,0,443
4,3358,64.5,0.4402,95.06,1509.0,0,442
4,3359,62.21,0.4284,95.55,1509.5,0,441
4,3360,60.6,0.4688,95.55,1500.4,0,440
4,3361,61.85,0.4306,98.64,1505.3,0,439
4,3362,64.5,0.4394,100.71,1506.6,0,438
4,3363,63.68,0.5527,94.53,1520.3,0,437
4,3364,63.02,0.4609,96.85,1482.8,0,436
4,3365,64.36,0.4957,97.33,1490.0,0,435
4,3366,64.05,0.5124,98.49,1522.7,0,434
4,3367,63.13,0.4136,96.38,1484.1,0,433
4,3368,63.75,0.4131,95.7,1511.9,0,432
4,3369,62.03,0.5095,98.53,1521.5,0,431
4,3370,64.48,0.4207,95.58,1511.9,0,430
4,3371,64.46,0.4607,101.08,1514.1,0,429
4,3372,61.55,0.4369,96.24,1507.0,0,428
4,3373,63.49,0.3451,95.08,1511.6,0,427
4,3374,61.24,0.4973,95.13,1515.9,0,426
4,3375,64.8,0.4303,96.71,1512.1,0,425
4,3376,62.69,0.41,94.78,1525.9,0,424
4,3377,64.52,0.4809,101.31,1507.3,0,423
4,3378,65.35,0.4162,94.3,1502.9,0,422
4,3379,64.11,0.4817,95.78,1531.3,0,421
4,3380,64.1,0.4883,97.37,1518.6,0,420
4,3381,62.87,0.4267,95.78,1514.8,0,419
4,3382,64.19,0.5037,97.33,1534.9,0,418
4,3383,64.12,0.4839,96.39,1514.2,0,417
4,3384,65.03,0.4777,97.63,1505.1,0,416
4,3385,62.67,0.454,97.78,1513.5,0,415
4,3386,62.3,0.4277,98.68,1507.4,0,414
4,3387,63.41,0.518,98.24,1525.2,0,413
4,3388,64.83,0.5056,96.53,1512.9,0,412
4,3389,63.48,0.5044,93.42,1510.8,0,411
4,3390,63.81,0.4995,98.96,1520.9,0,410
4,3391,64.63,0.4801,94.83,1522.5,0,409
4,3392,62.43,0.4009,99.18,1508.7,0,408
4,3393,63.32,0.503,98.53,1547.8,0,407
4,3394,65.58,0.5686,93.2,1515.6,0,406
4,3395,64.72,0.4637,94.15,1526.9,0,405
4,3396,62.73,0.5921,95.35,1522.5,0,404
4,3397,63.16,0.5896,98.94,1534.2,0,403
4,3398,62.47,0.4678,98.1,1509.1,0,402
4,3399,62.52,0.468,98.66,1519.9,0,401
4,3400,62.6,0.532,97.04,1518.3,0,400
4,3401,62.16,0.5171,97.32,1517.9,0,399
4,3402,61.73,0.5154,94.38,1535.3,0,398
4,3403,63.81,0.4695,98.31,1511.7,0,397
4,3404,62.74,0.4863,98.6,1506.2,0,396
4,3405,64.12,0.5306,99.93,1528.6,0,395
4,3406,64.19,0.4288,96.73,1514.7,0,394
4,3407,64.2,0.4626,96.99,1510.9,0,393
4,3408,63.67,0.5406,98.91,1524.6,0,392
4,3409,59.18,0.5239,102.66,1520.4,0,391
4,3410,63.17,0.5552,95.65,1534.3,0,390
4,3411,63.26,0.5989,98.97,1509.1,0,389
4,3412,61.62,0.6147,97.66,1517.0,0,388
4,3413,62.84,0.5554,97.43,1514.5,0,387
4,3414,63.71,0.6053,94.92,1533.6,0,386
4,3415,60.82,0.608,100.06,1510.2,0,385
4,3416,61.58,0.5521,98.62,1531.4,0,384
4,3417,63.3,0.5141,96.67,1526.5,0,383
4,3418,63.7,0.4346,96.54,1513.5,0,382
4,3419,61.04,0.5361,100.62,1501.0,0,381
4,3420,61.02,0.5777,97.45,1513.7,0,380
4,3421,59.49,0.598,97.52,1499.2,0,379
4,3422,62.68,0.5714,99.25,1509.7,0,378
4,3423,62.5,0.6111,99.47,1491.8,0,377
4,3424,60.61,0.5529,94.74,1506.7,0,376
4,3425,60.67,0.564,98.07,1524.7,0,375
4,3426,62.03,0.5365,96.88,1499.9,0,374
4,3427,62.49,0.5972,100.36,1525.4,0,373
4,3428,60.31,0.544,100.27,1478.6,0,372
4,3429,61.49,0.5232,98.85,1502.7,0,371
4,3430,62.39,0.5301,97.89,1505.9,0,370
4,3431,60.97,0.5716,96.91,1518.4,0,369
4,3432,61.39,0.596,100.17,1508.6,0,368
4,3433,64.5,0.5073,97.05,1509.9,0,367
4,3434,60.95,0.492,97.88,1497.8,0,366
4,3435,59.82,0.5414,98.96,1512.6,0,365
4,3436,59.47,0.5561,99.43,1506.3,0,364
4,3437,60.18,0.4549,98.41,1512.5,0,363
4,3438,60.25,0.5476,99.2,1498.1,0,362
4,3439,63.01,0.4977,95.32,1516.8,0,361
4,3440,59.9,0.5169,103.07,1491.7,0,360
4,3441,59.64,0.503,100.02,1517.0,0,359
4,3442,60.33,0.5296,100.6,1512.4,0,358
4,3443,62.06,0.5598,101.01,1516.1,0,357
4,3444,61.03,0.5566,101.81,1495.0,0,356
4,3445,61.4,0.474,97.55,1501.7,0,355
4,3446,61.65,0.5548,100.82,1514.3,0,354
4,3447,60.33,0.6109,97.54,1500.1,0,353
4,3448,57.84,0.5674,96.48,1506.9,0,352
4,3449,59.36,0.4594,100.05,1507.5,0,351
4,3450,60.64,0.5662,98.66,1506.5,0,350
4,3451,61.11,0.4845,98.65,1500.4,0,349
4,3452,60.39,0.4735,95.35,1492.1,0,348
4,3453,58.32,0.5016,98.37,1499.0,0,347
4,3454,57.66,0.5276,98.5,1493.8,0,346
4,3455,61.52,0.5202,100.66,1494.2,0,345
4,3456,58.7,0.4553,105.68,1508.0,0,344
4,3457,58.92,0.4894,100.7,1495.1,0,343
4,3458,60.2,0.551,102.85,1484.1,0,342
4,3459,59.38,0.4044,102.87,1503.0,0,341
4,3460,58.92,0.4976,98.89,1473.7,0,340
4,3461,59.94,0.503,99.25,1490.0,0,339
4,3462,58.9,0.4726,104.99,1485.4,0,338
4,3463,58.4,0.4935,102.63,1496.8,0,337
4,3464,58.27,0.4862,101.91,1487.2,0,336
4,3465,58.0,0.5021,102.02,1503.5,0,335
4,3466,57.21,0.5123,102.45,1488.8,0,334
4,3467,60.42,0.5191,100.66,1512.3,0,333
4,3468,58.78,0.4602,95.36,1482.7,0,332
4,3469,59.32,0.4751,100.78,1495.0,0,331
4,3470,57.18,0.4417,102.24,1497.3,0,330
4,3471,57.71,0.4469,101.22,1488.5,0,329
4,3472,58.39,0.4838,97.16,1481.6,0,328
4,3473,59.06,0.4628,100.04,1473.6,0,327
4,3474,59.05,0.535,99.63,1498.5,0,326
4,3475,58.6,0.4545,99.3,1486.2,0,325
4,3476,60.14,0.4484,102.01,1502.7,0,324
4,3477,59.91,0.3846,101.28,1516.2,0,323
4,3478,60.39,0.3962,98.45,1484.1,0,322
4,3479,57.73,0.4822,100.05,1486.7,0,321
4,3480,57.71,0.4893,99.6,1483.2,0,320
4,3481,57.95,0.5338,104.16,1478.3,0,319
4,3482,59.29,0.3975,103.24,1462.6,0,318
4,3483,59.89,0.415,102.18,1479.0,0,317
4,3484,58.59,0.4497,102.63,1456.5,0,316
4,3485,57.73,0.4288,102.69,1510.1,0,315
4,3486,58.78,0.3952,98.15,1490.5,0,314
4,3487,58.27,0.5063,99.9,1471.5,0,313
4,3488,58.71,0.434,104.39,1477.1,0,312
4,3489,59.01,0.4532,102.86,1490.4,0,311
4,3490,56.65,0.5646,100.47,1491.8,0,310
4,3491,56.52,0.404,100.16,1490.7,0,309
4,3492,58.8,0.4677,98.15,1472.7,0,308
4,3493,58.45,0.463,103.01,1488.9,0,307
4,3494,58.2,0.4861,105.28,1496.9,0,306
4,3495,57.84,0.5045,101.77,1474.3,0,305
4,3496,57.66,0.3543,102.96,1487.6,0,304
4,3497,56.36,0.4474,99.24,1493.2,0,303
4,3498,57.09,0.4759,101.05,1483.1,0,302
4,3499,57.73,0.3779,100.64,1465.8,0,301
4,3500,58.94,0.4386,102.91,1478.9,0,300
4,3501,59.03,0.4547,101.36,1499.5,0,299
4,3502,59.3,0.4476,105.12,1474.9,0,298
4,3503,59.89,0.5188,103.6,1492.9,0,297
4,3504,60.1,0.5083,101.47,1484.6,0,296
4,3505,58.25,0.4629,105.05,1469.2,0,295
4,3506,58.13,0.5267,103.36,1479.2,0,294
4,3507,60.22,0.4905,102.74,1479.9,0,293
4,3508,55.19,0.5042,101.28,1475.0,0,292
4,3509,57.15,0.4314,99.56,1471.0,0,291
4,3510,55.67,0.448,104.29,1467.2,0,290
4,3511,56.64,0.4561,97.82,1511.2,0,289
4,3512,59.09,0.4384,103.15,1465.4,0,288
4,3513,57.29,0.5292,104.82,1479.9,0,287
4,3514,57.94,0.5564,103.76,1486.9,0,286
4,3515,57.33,0.4154,101.87,1477.0,0,285
4,3516,58.09,0.5313,100.16,1471.9,0,284
4,3517,57.08,0.4311,104.92,1478.6,0,283
4,3518,56.2,0.4795,102.44,1488.3,0,282
4,3519,58.24,0.5169,105.83,1487.2,0,281
4,3520,58.18,0.496,100.58,1493.9,0,280
4,3521,57.2,0.4818,105.74,1480.7,0,279
4,3522,58.34,0.5103,103.05,1478.4,0,278
4,3523,55.99,0.5054,104.36,1477.1,0,277
4,3524,56.86,0.4619,101.63,1511.0,0,276
4,3525,57.49,0.5521,102.06,1490.6,0,275
4,3526,56.46,0.6035,103.46,1475.6,0,274
4,3527,57.3,0.5438,103.68,1474.8,0,273
4,3528,57.64,0.5184,106.24,1459.3,0,272
4,3529,57.4,0.4972,103.89,1485.3,0,271
4,3530,55.05,0.5617,104.46,1501.8,0,270
4,3531,56.4,0.6089,97.77,1481.9,0,269
4,3532,56.12,0.5359,105.82,1481.6,0,268
4,3533,55.53,0.5388,103.71,1481.8,0,267
4,3534,56.57,0.487,104.97,1485.0,0,266
4,3535,58.16,0.5127,108.28,1488.3,0,265
4,3536,54.48,0.5815,104.64,1508.2,0,264
4,3537,55.51,0.5382,105.25,1488.3,0,263
4,3538,56.61,0.5005,101.43,1515.3,0,262
4,3539,55.51,0.5261,104.44,1478.0,0,261
4,3540,56.46,0.5051,100.45,1500.5,0,260
4,3541,56.21,0.5661,103.33,1483.5,0,259
4,3542,57.04,0.5393,101.57,1490.4,0,258
4,3543,54.61,0.5617,103.63,1501.8,0,257
4,3544,54.74,0.5943,101.41,1480.9,0,256
4,3545,54.09,0.6162,104.44,1483.4,0,255
4,3546,57.5,0.5437,104.13,1472.9,0,254
4,3547,57.67,0.5334,104.22,1499.2,0,253
4,3548,55.03,0.459,99.76,1497.4,0,252
4,3549,57.9,0.5841,102.15,1485.7,0,251
4,3550,53.67,0.5525,101.46,1496.6,0,250
4,3551,53.78,0.6061,103.4,1477.3,0,249
4,3552,56.88,0.5559,101.4,1492.2,0,248
4,3553,53.0,0.5814,103.01,1489.3,0,247
4,3554,55.94,0.5992,104.8,1495.9,0,246
4,3555,56.92,0.4983,106.54,1499.2,0,245
4,3556,55.15,0.4926,100.46,1489.9,0,244
4,3557,56.83,0.5308,103.85,1505.7,0,243
4,3558,55.43,0.5963,100.79,1508.5,0,242
4,3559,55.5,0.6137,104.32,1498.5,0,241
4,3560,54.32,0.621,101.51,1505.6,0,240
4,3561,55.33,0.6341,97.1,1518.1,0,239
4,3562,56.5,0.5417,101.63,1494.8,0,238
4,3563,55.52,0.5462,102.48,1491.1,0,237
4,3564,55.75,0.5646,106.28,1498.2,0,236
4,3565,54.51,0.5265,101.82,1506.2,0,235
4,3566,54.26,0.5707,101.48,1514.3,0,234
4,3567,58.5,0.537,102.43,1498.4,0,233
4,3568,53.03,0.5422,102.14,1506.4,0,232
4,3569,56.39,0.5534,101.85,1509.2,0,231
4,3570,56.62,0.5584,103.75,1507.8,0,230
4,3571,56.33,0.5209,100.77,1503.5,0,229
4,3572,56.87,0.4971,96.73,1502.1,0,228
4,3573,52.86,0.4682,101.93,1478.8,0,227
4,3574,54.73,0.5273,102.48,1512.1,0,226
4,3575,53.24,0.4405,102.12,1524.3,0,225
4,3576,55.67,0.4749,99.79,1524.6,0,224
4,3577,54.12,0.4853,103.14,1500.5,0,223
4,3578,54.23,0.5475,102.14,1507.6,0,222
4,3579,54.18,0.4965,100.81,1526.9,0,221
4,3580,55.93,0.4579,100.43,1504.8,0,220
4,3581,55.84,0.5037,102.36,1501.8,0,219
4,3582,55.75,0.4943,100.49,1525.0,0,218
4,3583,55.02,0.5271,99.44,1504.7,0,217
4,3584,54.61,0.4503,98.72,1507.0,0,216
4,3585,55.34,0.5178,101.42,1517.0,0,215
4,3586,54.44,0.4296,105.99,1537.4,0,214
4,3587,55.39,0.5295,100.9,1511.2,0,213
4,3588,55.05,0.5534,102.62,1509.8,0,212
4,3589,54.62,0.4702,97.63,1511.1,0,211
4,3590,55.01,0.492,103.42,1518.3,0,210
4,3591,57.13,0.4335,102.53,1526.0,0,209
4,3592,55.02,0.4742,100.14,1522.7,0,208
4,3593,57.37,0.4073,101.17,1525.3,0,207
4,3594,53.97,0.4897,104.54,1505.3,0,206
4,3595,54.22,0.5235,102.46,1529.1,0,205
4,3596,56.79,0.4234,102.17,1510.6,0,204
4,3597,57.06,0.459,104.69,1513.5,0,203
4,3598,56.14,0.354,102.52,1509.0,0,202
4,3599,55.47,0.3721,100.15,1532.1,0,201
4,3600,56.29,0.4476,99.1,1532.6,0,200
4,3601,55.19,0.5083,106.6,1534.7,0,199
4,3602,55.9,0.4394,102.28,1496.7,0,198
4,3603,55.93,0.4858,100.73,1526.8,0,197
4,3604,57.15,0.428,101.35,1521.7,0,196
4,3605,57.22,0.4351,101.0,1523.0,0,195
4,3606,54.95,0.4408,97.94,1525.0,0,194
4,3607,53.65,0.3907,101.59,1493.8,0,193
4,3608,54.35,0.4896,101.61,1535.4,0,192
4,3609,56.51,0.4975,99.57,1507.2,0,191
4,3610,56.38,0.4292,101.27,1516.7,0,190
4,3611,56.14,0.4661,102.29,1513.0,0,189
4,3612,56.18,0.4652,99.35,1528.1,0,188
4,3613,56.07,0.5209,100.85,1506.9,0,187
4,3614,55.65,0.4323,98.82,1521.1,0,186
4,3615,57.4,0.4097,98.0,1513.3,0,185
4,3616,56.38,0.4435,95.58,1523.1,0,184
4,3617,53.89,0.4982,99.63,1520.9,0,183
4,3618,56.81,0.4965,101.24,1500.7,0,182
4,3619,57.7,0.4749,100.67,1523.3,0,181
4,3620,53.7,0.563,102.21,1516.1,0,180
4,3621,54.03,0.4213,99.32,1529.0,0,179
4,3622,57.22,0.4493,100.57,1511.1,0,178
4,3623,53.67,0.456,97.93,1511.0,0,177
4,3624,56.31,0.5002,99.67,1542.1,0,176
4,3625,53.84,0.4401,101.14,1502.6,0,175
4,3626,55.66,0.5047,101.97,1523.4,0,174
4,3627,53.57,0.4822,99.53,1515.0,0,173
4,3628,54.63,0.5123,100.0,1491.5,0,172
4,3629,55.98,0.4268,97.1,1497.2,0,171
4,3630,55.34,0.533,99.71,1521.4,0,170
4,3631,55.07,0.5402,98.44,1519.6,0,169
4,3632,57.54,0.5481,98.59,1509.0,0,168
4,3633,55.39,0.4716,101.09,1517.5,0,167
4,3634,55.03,0.4904,97.69,1502.9,0,166
4,3635,56.84,0.5176,99.67,1509.7,0,165
4,3636,55.45,0.5292,99.4,1505.9,0,164
4,3637,57.4,0.5353,98.57,1503.2,0,163
4,3638,54.85,0.5633,99.1,1492.2,0,162
4,3639,55.39,0.4971,100.85,1518.1,0,161
4,3640,55.41,0.5792,95.38,1495.1,0,160
4,3641,55.59,0.5676,102.81,1515.6,0,159
4,3642,56.03,0.5231,97.22,1503.2,0,158
4,3643,56.25,0.594,98.06,1515.8,0,157
4,3644,56.0,0.5681,100.92,1509.2,0,156
4,3645,57.68,0.5396,100.75,1511.7,0,155
4,3646,55.56,0.4968,97.43,1510.8,0,154
4,3647,57.06,0.5232,96.54,1485.3,0,153
4,3648,55.87,0.6067,99.72,1498.1,0,152
4,3649,59.3,0.6253,95.27,1487.5,0,151
4,3650,56.92,0.5547,95.89,1498.3,0,150
4,3651,57.08,0.6803,94.74,1496.9,0,149
4,3652,55.25,0.6234,100.35,1509.3,0,148
4,3653,55.33,0.549,96.68,1510.3,0,147
4,3654,58.92,0.6189,97.74,1497.2,0,146
4,3655,59.09,0.6246,98.54,1487.7,0,145
4,3656,55.61,0.5646,97.29,1502.3,0,144
4,3657,57.99,0.5298,95.07,1497.0,0,143
4,3658,56.61,0.6803,95.62,1491.1,0,142
4,3659,57.38,0.57,96.09,1518.3,0,141
4,3660,58.13,0.6051,101.98,1494.1,0,140
4,3661,55.65,0.6344,97.74,1509.3,0,139
4,3662,59.16,0.6314,102.21,1499.4,0,138
4,3663,56.82,0.6022,95.99,1491.0,0,137
4,3664,57.35,0.6437,97.7,1502.7,0,136
4,3665,55.73,0.664,96.78,1497.0,0,135
4,3666,56.45,0.6391,100.89,1485.1,0,134
4,3667,59.15,0.6606,100.92,1488.1,0,133
4,3668,58.4,0.6272,98.31,1497.4,0,132
4,3669,56.76,0.6772,97.59,1486.9,0,131
4,3670,58.45,0.6346,101.37,1489.5,0,130
4,3671,57.78,0.6415,98.51,1482.6,0,129
4,3672,58.87,0.6372,97.26,1494.5,0,128
4,3673,57.3,0.6193,96.1,1473.8,0,127
4,3674,55.65,0.6952,99.17,1467.1,0,126
4,3675,59.49,0.7199,97.08,1463.2,0,125
4,3676,57.26,0.5774,98.75,1468.8,0,124
4,3677,58.15,0.6835,97.68,1498.3,0,123
4,3678,57.35,0.6415,100.51,1491.8,0,122
4,3679,59.69,0.6935,95.29,1481.0,0,121
4,3680,57.3,0.6876,98.03,1470.3,0,120
4,3681,57.14,0.6794,98.02,1492.8,0,119
4,3682,58.73,0.7083,96.01,1488.5,0,118
4,3683,57.71,0.6216,98.82,1467.2,0,117
4,3684,56.73,0.6687,96.85,1489.9,0,116
4,3685,56.92,0.6305,101.95,1481.2,0,115
4,3686,59.07,0.6911,97.06,1471.2,0,114
4,3687,58.79,0.67,101.01,1486.4,0,113
4,3688,58.06,0.6029,100.9,1483.7,0,112
4,3689,57.93,0.6021,96.46,1487.1,0,111
4,3690,56.73,0.6795,104.11,1472.6,0,110
4,3691,57.08,0.5981,96.29,1474.2,0,109
4,3692,59.9,0.6458,100.81,1473.5,0,108
4,3693,58.3,0.6716,97.64,1479.0,0,107
4,3694,56.69,0.6665,99.18,1473.5,0,106
4,3695,58.24,0.6488,98.66,1461.3,0,105
4,3696,59.18,0.6638,98.68,1462.3,0,104
4,3697,58.94,0.6939,100.11,1489.7,0,103
4,3698,59.58,0.6593,99.06,1473.8,0,102
4,3699,58.39,0.6794,99.19,1482.7,0,101
4,3700,56.22,0.6553,97.07,1458.0,0,100
4,3701,57.1,0.6361,98.9,1480.1,0,99
4,3702,58.99,0.6494,98.13,1482.3,0,98
4,3703,58.45,0.6198,97.09,1465.6,0,97
4,3704,58.53,0.6085,100.25,1472.8,0,96
4,3705,57.73,0.7096,100.33,1448.9,0,95
4,3706,60.33,0.6455,95.66,1453.6,0,94
4,3707,57.12,0.6621,94.51,1474.3,0,93
4,3708,60.13,0.6595,98.98,1444.3,0,92
4,3709,59.4,0.5779,98.5,1457.9,0,91
4,3710,59.02,0.7243,101.94,1456.5,0,90
4,3711,60.95,0.6095,99.66,1455.3,0,89
4,3712,59.85,0.5948,97.71,1468.3,0,88
4,3713,58.46,0.6457,96.45,1467.4,0,87
4,3714,58.93,0.6464,97.38,1452.8,0,86
4,3715,58.63,0.589,101.35,1461.7,0,85
4,3716,59.7,0.6947,101.05,1476.5,0,84
4,3717,59.43,0.687,100.81,1462.1,0,83
4,3718,58.76,0.6266,95.63,1451.6,0,82
4,3719,58.53,0.6724,102.37,1471.0,0,81
4,3720,61.57,0.6178,93.42,1478.2,0,80
4,3721,61.67,0.6101,97.73,1471.7,0,79
4,3722,60.32,0.6494,95.92,1468.0,0,78
4,3723,61.7,0.6388,98.85,1466.2,0,77
4,3724,61.35,0.6364,99.79,1465.3,0,76
4,3725,61.64,0.6175,99.73,1487.6,0,75
4,3726,62.39,0.6446,101.86,1464.1,0,74
4,3727,60.58,0.5985,97.38,1466.7,0,73
4,3728,60.87,0.6822,99.21,1469.5,0,72
4,3729,59.13,0.6757,99.99,1462.4,0,71
4,3730,59.1,0.6396,99.53,1457.6,0,70
4,3731,61.11,0.6431,100.17,1477.4,0,69
4,3732,60.87,0.6284,99.83,1468.2,0,68
4,3733,61.01,0.6813,99.24,1484.1,0,67
4,3734,60.72,0.5881,98.24,1466.5,0,66
4,3735,61.54,0.5962,98.53,1462.6,0,65
4,3736,60.02,0.6568,99.6,1459.7,0,64
4,3737,60.87,0.6325,98.63,1451.2,0,63
4,3738,61.4,0.6996,100.36,1457.0,0,62
4,3739,61.19,0.6414,97.54,1451.3,0,61
4,3740,61.02,0.6147,99.78,1484.0,0,60
4,3741,60.67,0.6781,100.55,1474.5,0,59
4,3742,62.06,0.6739,101.45,1464.4,0,58
4,3743,60.83,0.704,99.34,1450.2,0,57
4,3744,61.73,0.6371,98.56,1471.2,0,56
4,3745,61.5,0.6975,99.75,1461.7,0,55
4,3746,61.08,0.6168,101.98,1460.3,0,54
4,3747,60.35,0.7001,100.7,1464.4,0,53
4,3748,62.38,0.7085,99.32,1470.9,0,52
4,3749,60.43,0.6673,100.15,1465.4,0,51
4,3750,62.06,0.6653,102.24,1477.6,0,50
4,3751,63.12,0.6646,102.34,1472.6,0,49
4,3752,61.47,0.7092,103.09,1455.8,0,48
4,3753,62.42,0.7318,101.12,1459.2,0,47
4,3754,62.58,0.7163,102.23,1454.9,0,46
4,3755,64.46,0.6618,102.99,1471.4,0,45
4,3756,63.6,0.7078,102.33,1485.2,0,44
4,3757,62.32,0.7519,101.63,1477.6,0,43
4,3758,61.63,0.6785,99.23,1459.5,0,42
4,3759,61.33,0.6882,104.26,1459.9,0,41
4,3760,61.05,0.6513,101.0,1462.0,0,40
4,3761,61.93,0.8007,100.82,1466.8,0,39
4,3762,64.51,0.6753,103.12,1467.7,0,38
4,3763,62.36,0.7161,101.77,1480.6,0,37
4,3764,62.59,0.7105,102.73,1478.6,0,36
4,3765,61.1,0.7276,99.93,1474.0,0,35
4,3766,63.6,0.7191,100.49,1465.5,0,34
4,3767,63.52,0.7147,102.62,1487.1,0,33
4,3768,62.51,0.7099,101.39,1475.5,0,32
4,3769,63.55,0.7373,99.01,1469.3,0,31
4,3770,62.15,0.7456,103.41,1488.1,0,30
4,3771,61.82,0.7153,102.15,1472.9,0,29
4,3772,64.79,0.8035,104.07,1486.9,0,28
4,3773,64.54,0.7769,102.65,1464.2,0,27
4,3774,63.49,0.7599,101.71,1478.5,0,26
4,3775,61.17,0.7294,100.58,1479.6,0,25
4,3776,64.85,0.7332,104.33,1486.3,0,24
4,3777,61.72,0.7801,99.61,1473.8,0,23
4,3778,63.86,0.7713,103.0,1475.2,0,22
4,3779,64.72,0.8253,102.0,1477.2,0,21
4,3780,64.21,0.8082,105.22,1474.1,0,20
4,3781,66.34,0.804,103.83,1481.1,0,19
4,3782,61.27,0.8146,102.48,1476.4,0,18
4,3783,63.53,0.8284,102.97,1475.2,0,17
4,3784,65.64,0.7557,101.15,1483.5,0,16
4,3785,63.0,0.837,105.16,1471.9,0,15
4,3786,66.26,0.7108,103.14,1500.0,0,14
4,3787,64.72,0.8182,101.12,1484.5,0,13
4,3788,63.97,0.7751,102.68,1474.1,0,12
4,3789,65.21,0.7676,102.87,1502.0,0,11
4,3790,64.47,0.8047,106.4,1479.2,0,10
4,3791,66.0,0.7513,106.5,1476.8,0,9
4,3792,62.94,0.7621,104.05,1477.6,0,8
4,3793,65.26,0.8509,104.41,1481.3,0,7
4,3794,64.67,0.8792,105.63,1468.1,0,6
4,3795,62.12,0.8313,104.87,1500.5,0,5
4,3796,63.43,0.8434,102.61,1486.4,0,4
4,3797,63.62,0.8013,105.72,1493.4,0,3
4,3798,65.83,0.8067,104.23,1476.4,0,2
4,3799,64.34,0.8117,102.16,1463.0,0,1
4,3800,66.83,0.8169,107.75,1482.3,1,0
4,3801,63.32,0.8738,103.47,1482.8,1,0
4,3802,66.17,0.7889,102.99,1497.4,1,0
4,3803,65.37,0.8144,105.47,1500.3,1,0
4,3804,64.32,0.8369,103.85,1498.9,1,0
4,3805,67.06,0.8372,105.61,1506.6,1,0
4,3806,64.52,0.8504,103.58,1463.8,1,0
4,3807,66.32,0.7919,106.32,1492.9,1,0
4,3808,62.38,0.8356,102.98,1498.5,1,0
4,3809,66.48,0.8301,105.03,1490.9,1,0
4,3810,65.47,0.8617,100.57,1487.1,1,0
4,3811,64.74,0.8215,100.83,1496.6,1,0
4,3812,66.14,0.8633,105.66,1488.9,1,0
4,3813,66.98,0.8982,108.03,1485.7,1,0
4,3814,65.18,0.8094,102.84,1475.1,1,0
4,3815,66.89,0.7894,105.76,1488.8,1,0
4,3816,65.55,0.8622,106.23,1488.3,1,0
4,3817,67.81,0.8576,105.9,1497.7,1,0
4,3818,67.63,0.8486,104.93,1488.9,1,0
4,3819,65.73,0.8411,103.86,1487.1,1,0
4,3820,67.45,0.8349,102.53,1477.7,1,0
4,3821,66.69,0.9008,99.58,1492.9,1,0
4,3822,64.42,0.8781,105.35,1490.6,1,0
4,3823,66.48,0.8349,105.13,1483.3,1,0
4,3824,67.87,0.8161,103.47,1498.7,1,0
4,3825,67.83,0.839,104.56,1495.6,1,0
4,3826,67.95,0.8209,100.4,1475.3,1,0
4,3827,68.1,0.8129,106.27,1487.6,1,0
4,3828,68.05,0.8394,106.49,1488.9,1,0
4,3829,66.77,0.9019,107.58,1493.2,1,0
4,3830,64.61,0.8492,103.68,1485.7,1,0
4,3831,67.59,0.8385,105.2,1488.9,1,0
4,3832,66.84,0.8725,110.08,1474.2,1,0
4,3833,67.96,0.8318,103.34,1493.2,1,0
4,3834,67.03,0.8523,104.64,1479.8,1,0
4,3835,67.27,0.8623,107.19,1497.2,1,0
4,3836,67.22,0.8066,103.47,1519.2,1,0
4,3837,67.48,0.8951,105.05,1491.4,1,0
4,3838,66.82,0.8906,104.54,1476.4,1,0
4,3839,67.89,0.8464,105.75,1488.2,1,0
4,3840,67.23,0.8137,106.75,1470.1,1,0
4,3841,67.67,0.7841,105.6,1484.3,1,0
4,3842,67.49,0.7651,108.11,1476.3,1,0
4,3843,68.13,0.7912,107.22,1490.5,1,0
4,3844,66.13,0.7835,104.47,1477.7,1,0
4,3845,69.27,0.8108,106.94,1456.9,1,0
4,3846,67.8,0.8357,107.37,1479.3,1,0
4,3847,67.67,0.7492,109.23,1485.2,1,0
4,3848,69.24,0.834,106.11,1482.6,1,0
4,3849,69.6,0.7974,103.94,1487.6,1,0
4,3850,68.37,0.8283,103.64,1477.4,1,0
4,3851,66.57,0.8661,102.76,1464.6,1,0
4,3852,68.19,0.8016,105.28,1467.1,1,0
4,3853,67.16,0.84,107.21,1479.8,1,0
4,3854,69.67,0.814,105.94,1477.7,1,0
4,3855,67.39,0.7932,107.11,1474.0,1,0
4,3856,65.17,0.843,104.59,1467.7,1,0
4,3857,68.07,0.7895,107.0,1474.3,1,0
4,3858,67.59,0.8635,108.06,1476.8,1,0
4,3859,68.6,0.7985,105.36,1483.8,1,0
4,3860,69.51,0.7973,106.67,1463.3,1,0
4,3861,68.14,0.8199,105.27,1462.6,1,0
4,3862,68.16,0.7635,106.17,1468.9,1,0
4,3863,70.13,0.8276,105.38,1475.8,1,0
4,3864,67.94,0.8509,105.62,1466.8,1,0
4,3865,69.77,0.7998,108.23,1462.4,1,0
4,3866,70.06,0.8135,105.66,1460.5,1,0
4,3867,67.16,0.8209,105.95,1472.1,1,0
4,3868,67.82,0.7779,105.73,1476.6,1,0
4,3869,68.26,0.8967,109.52,1475.0,1,0
4,3870,69.73,0.8413,103.54,1464.2,1,0
4,3871,69.15,0.8254,105.27,1473.1,1,0
4,3872,69.47,0.8581,106.45,1473.7,1,0
4,3873,67.95,0.8658,106.67,1450.0,1,0
4,3874,68.91,0.8139,101.74,1459.4,1,0
4,3875,69.38,0.8946,107.79,1476.8,1,0
4,3876,68.98,0.8873,103.64,1460.4,1,0
4,3877,68.86,0.9274,106.01,1453.5,1,0
4,3878,68.66,0.8932,104.29,1462.5,1,0
4,3879,69.93,0.8551,100.08,1443.8,1,0
4,3880,68.77,0.8785,104.68,1459.1,1,0
4,3881,69.1,0.8477,107.66,1459.5,1,0
4,3882,69.41,0.8449,105.06,1454.9,1,0
4,3883,68.37,0.9652,104.43,1470.6,1,0
4,3884,68.03,0.8644,104.92,1442.3,1,0
4,3885,70.49,0.9042,106.04,1449.1,1,0
4,3886,67.17,0.8699,106.42,1447.9,1,0
4,3887,70.87,0.9101,103.72,1450.9,1,0
4,3888,71.89,0.8032,106.71,1462.7,1,0
4,3889,70.43,0.8702,104.46,1450.0,1,0
4,3890,71.27,0.9223,105.95,1459.2,1,0
4,3891,70.98,0.9321,105.0,1461.4,1,0
4,3892,70.71,0.9629,102.93,1438.0,1,0
4,3893,71.23,0.8914,104.83,1443.7,1,0
4,3894,68.64,0.9521,106.27,1459.2,1,0
4,3895,70.23,0.9211,107.0,1444.0,1,0
4,3896,68.98,0.9002,102.69,1443.9,1,0
4,3897,69.32,0.9127,104.24,1437.6,1,0
4,3898,71.06,0.9954,104.87,1439.3,1,0
4,3899,71.13,0.9703,103.0,1453.8,1,0
4,3900,69.68,0.8725,107.86,1438.5,1,0
4,3901,71.03,0.9455,111.52,1437.3,1,0
4,3902,69.38,0.8926,107.72,1427.9,1,0
4,3903,71.12,1.0319,101.18,1417.3,1,0
4,3904,69.97,1.0003,102.9,1432.7,1,0
4,3905,68.78,0.9773,103.69,1456.8,1,0
4,3906,73.37,0.8946,101.77,1446.2,1,0
4,3907,69.34,0.8938,105.34,1434.8,1,0
4,3908,70.8,0.9891,102.34,1455.4,1,0
4,3909,68.75,0.9487,104.03,1443.0,1,0
4,3910,69.85,0.916,108.72,1429.1,1,0
4,3911,70.35,0.957,102.48,1434.3,1,0
4,3912,71.36,0.9118,103.66,1435.1,1,0
4,3913,72.27,0.9477,105.49,1433.6,1,0
4,3914,71.4,0.904,103.97,1431.4,1,0
4,3915,70.96,0.9417,104.17,1424.0,1,0
4,3916,71.14,1.0189,105.02,1425.7,1,0
4,3917,69.85,0.9852,101.34,1435.4,1,0
4,3918,70.2,1.0542,105.87,1422.7,1,0
4,3919,69.97,0.9578,103.0,1439.6,1,0
4,3920,70.12,0.9844,102.52,1459.5,1,0
4,3921,69.45,0.9762,102.9,1450.5,1,0
4,3922,69.62,0.9849,103.1,1449.0,1,0
4,3923,71.94,1.0165,100.6,1429.6,1,0
4,3924,71.37,1.023,105.87,1444.1,1,0
4,3925,70.42,1.0692,107.83,1420.4,1,0
4,3926,67.6,1.0152,104.78,1437.8,1,0
4,3927,70.49,0.9109,103.37,1430.2,1,0
4,3928,70.34,0.9751,101.68,1423.9,1,0
4,3929,70.51,0.9889,101.22,1430.6,1,0
4,3930,70.28,1.066,103.58,1437.5,1,0
4,3931,71.15,1.0353,102.62,1450.7,1,0
4,3932,69.91,0.9506,103.9,1432.1,1,0
4,3933,71.88,1.0345,101.45,1428.9,1,0
4,3934,71.85,1.0446,101.44,1437.0,1,0
4,3935,72.57,1.0244,102.84,1437.6,1,0
4,3936,71.65,1.0283,101.81,1432.7,1,0
4,3937,71.68,1.0666,103.86,1438.4,1,0
4,3938,70.94,1.0178,103.09,1424.8,1,0
4,3939,71.82,1.0157,106.58,1428.6,1,0
4,3940,70.64,0.9756,102.17,1432.1,1,0
4,3941,70.26,1.0215,106.03,1427.7,1,0
4,3942,70.33,0.9932,104.27,1426.2,1,0
4,3943,70.93,1.0145,101.85,1433.7,1,0
4,3944,71.74,1.0354,103.23,1423.0,1,0
4,3945,72.06,0.9888,101.43,1432.3,1,0
4,3946,71.49,1.0942,97.81,1435.5,1,0
4,3947,71.25,1.0134,106.16,1447.3,1,0
4,3948,72.67,0.986,102.55,1446.5,1,0
4,3949,71.07,0.9859,100.82,1439.2,1,0
4,3950,70.7,1.0928,102.54,1435.0,1,0
4,3951,73.56,0.9457,106.03,1457.5,1,0
4,3952,71.87,0.984,104.21,1434.3,1,0
4,3953,72.87,0.9419,104.59,1439.7,1,0
4,3954,70.56,0.9984,101.61,1429.5,1,0
4,3955,69.34,1.0028,105.03,1436.1,1,0
4,3956,73.22,1.0798,104.46,1443.9,1,0
4,3957,71.86,1.0631,103.68,1444.7,1,0
4,3958,72.07,1.0076,101.05,1422.9,1,0
4,3959,69.95,1.0253,99.35,1431.2,1,0
4,3960,73.27,1.0229,101.66,1449.1,1,0
4,3961,71.25,1.0384,104.92,1435.3,1,0
4,3962,69.58,0.9611,103.46,1443.9,1,0
4,3963,71.04,1.0291,102.72,1438.7,1,0
4,3964,70.93,0.9934,102.37,1436.5,1,0
4,3965,73.23,1.0177,102.58,1450.6,1,0
4,3966,71.78,1.0079,100.15,1449.8,1,0
4,3967,70.58,1.0408,99.3,1454.1,1,0
4,3968,70.83,0.9761,102.83,1440.4,1,0
4,3969,69.45,0.9625,102.86,1453.3,1,0
4,3970,72.3,0.9919,101.81,1444.4,1,0
4,3971,70.69,1.0029,103.28,1457.6,1,0
4,3972,70.42,0.9473,98.99,1431.5,1,0
4,3973,72.23,0.928,100.29,1449.0,1,0
4,3974,72.66,1.0577,103.27,1444.5,1,0
4,3975,70.76,1.0095,102.44,1440.4,1,0
4,3976,70.49,1.0174,102.37,1434.1,1,0
4,3977,72.18,1.0232,99.78,1430.9,1,0
4,3978,71.79,0.9565,101.79,1447.8,1,0
4,3979,70.55,1.0358,101.72,1439.3,1,0
4,3980,70.51,0.9716,98.43,1437.7,1,0
4,3981,71.68,1.0045,102.43,1442.4,1,0
4,3982,71.59,1.0078,96.78,1419.6,1,0
4,3983,70.43,0.9799,100.84,1458.1,1,0
4,3984,71.07,1.0446,100.32,1449.0,1,0
4,3985,71.98,0.976,98.84,1441.7,1,0
4,3986,71.47,1.0772,105.62,1450.9,1,0
4,3987,69.49,1.0483,98.08,1449.6,1,0
4,3988,71.86,0.9735,100.71,1457.9,1,0
4,3989,72.52,0.9517,101.87,1453.1,1,0
4,3990,71.61,0.9726,103.53,1455.3,1,0
4,3991,70.37,1.1018,101.17,1460.8,1,0
4,3992,70.56,0.9416,99.18,1455.2,1,0
4,3993,71.85,1.0438,100.35,1457.7,1,0
4,3994,70.44,1.022,104.63,1443.0,1,0
4,3995,72.32,1.0859,103.76,1461.0,1,0
4,3996,70.93,1.0126,96.96,1453.7,1,0
4,3997,71.1,1.0721,101.91,1435.5,1,0
4,3998,71.0,0.9399,101.87,1462.9,1,0
4,3999,73.03,1.0719,100.27,1447.6,1,0
4,4000,68.13,1.0212,103.22,1449.0,1,0
4,4001,71.96,1.0278,97.87,1468.3,1,0
4,4002,69.06,0.9598,99.1,1454.2,1,0
4,4003,71.9,1.0462,101.73,1445.8,1,0
4,4004,69.69,1.0189,100.93,1457.9,1,0
4,4005,70.74,0.997,100.96,1440.8,1,0
4,4006,69.99,1.036,98.96,1467.6,1,0
4,4007,67.74,1.0637,105.36,1453.7,1,0
4,4008,67.87,1.0007,100.16,1451.9,1,0
4,4009,71.54,1.0738,102.01,1451.5,1,0
4,4010,70.33,1.0799,102.86,1471.8,1,0
4,4011,70.35,1.1094,99.98,1481.3,1,0
4,4012,71.3,1.0293,103.15,1455.5,1,0
4,4013,70.47,0.9844,104.45,1471.2,1,0
4,4014,72.01,1.066,105.04,1461.4,1,0
4,4015,70.62,1.0546,102.55,1470.1,1,0
4,4016,70.68,1.0442,104.38,1460.2,1,0
4,4017,71.26,1.1462,100.63,1458.6,1,0
4,4018,73.29,1.0383,99.6,1474.1,1,0
4,4019,69.98,1.089,100.72,1468.4,1,0
4,4020,72.02,1.1291,101.85,1453.3,1,0
4,4021,70.2,1.0321,104.13,1469.6,1,0
4,4022,68.62,1.1601,101.04,1457.8,1,0
4,4023,70.35,1.156,101.11,1449.7,1,0
4,4024,68.6,1.1044,102.32,1436.1,1,0
4,4025,70.64,1.1064,102.97,1460.2,1,0
4,4026,69.58,1.145,99.9,1468.1,1,0
4,4027,72.58,1.116,102.85,1477.4,1,0
4,4028,68.93,1.0588,104.01,1454.2,1,0
4,4029,70.66,1.0955,101.24,1472.6,1,0
4,4030,71.53,1.1505,100.1,1457.5,1,0
4,4031,72.73,1.0924,103.72,1461.4,1,0
4,4032,69.97,1.1283,103.29,1465.6,1,0
4,4033,68.77,1.1297,100.71,1471.0,1,0
4,4034,70.46,1.2024,101.26,1456.0,1,0
4,4035,70.91,1.1245,98.45,1454.2,1,0
4,4036,71.08,1.1962,101.86,1446.6,1,0
4,4037,69.67,1.1381,99.9,1461.6,1,0
4,4038,68.62,1.2044,102.15,1479.5,1,0
4,4039,69.18,1.1995,100.46,1447.2,1,0
4,4040,69.36,1.1815,101.13,1462.5,1,0
4,4041,67.37,1.1697,103.34,1446.6,1,0
4,4042,71.34,1.2016,100.37,1463.6,1,0
4,4043,69.52,1.1222,100.01,1437.7,1,0
4,4044,68.39,1.2412,105.29,1449.5,1,0
4,4045,68.99,1.1795,104.55,1455.4,1,0
4,4046,70.33,1.2325,100.3,1441.8,1,0
4,4047,69.8,1.214,103.36,1445.8,1,0
4,4048,70.6,1.2559,103.38,1459.6,1,0
4,4049,68.0,1.1873,101.78,1450.3,1,0
4,4050,69.88,1.2598,102.58,1448.1,1,0
4,4051,70.94,1.1788,103.21,1450.7,1,0
4,4052,69.06,1.1729,103.1,1444.3,1,0
4,4053,69.08,1.2184,106.67,1449.9,1,0
4,4054,69.82,1.2105,104.21,1443.7,1,0
4,4055,71.39,1.2352,99.81,1445.8,1,0
4,4056,67.71,1.2088,108.78,1450.6,1,0
4,4057,69.32,1.2692,104.73,1444.3,1,0
4,4058,67.69,1.2014,102.45,1445.9,1,0
4,4059,69.24,1.1146,97.7,1424.9,1,0
4,4060,68.63,1.2048,103.76,1438.1,1,0
4,4061,70.56,1.2553,103.02,1434.8,1,0
4,4062,68.95,1.2412,103.46,1437.2,1,0
4,4063,68.82,1.2267,102.93,1437.0,1,0
4,4064,69.51,1.2068,104.92,1450.8,1,0
4,4065,68.5,1.2475,102.78,1453.1,1,0
4,4066,70.42,1.1869,103.54,1448.7,1,0
4,4067,67.74,1.2132,103.69,1437.0,1,0
4,4068,68.89,1.2077,100.64,1429.2,1,0
4,4069,68.79,1.1999,103.21,1447.6,1,0
4,4070,67.98,1.1451,102.29,1433.6,1,0
4,4071,68.28,1.1863,103.18,1446.6,1,0
4,4072,69.49,1.2296,104.03,1425.9,1,0
4,4073,68.13,1.1383,108.29,1454.9,1,0
4,4074,66.61,1.2156,101.46,1436.3,1,0
4,4075,69.27,1.1599,107.71,1433.6,1,0
4,4076,68.23,1.2019,105.21,1439.4,1,0
4,4077,66.38,1.2091,104.76,1426.9,1,0
4,4078,70.75,1.1917,106.26,1440.8,1,0
4,4079,69.92,1.1677,101.79,1424.4,1,0
4,4080,70.4,1.1738,106.83,1418.7,1,0
4,4081,66.34,1.2364,101.58,1437.2,1,0
4,4082,69.21,1.1941,107.15,1417.8,1,0
4,4083,67.13,1.1893,101.03,1436.4,1,0
4,4084,67.74,1.1698,106.05,1443.7,1,0
4,4085,68.03,1.2312,107.11,1419.1,1,0
4,4086,65.56,1.2215,105.45,1431.6,1,0
4,4087,69.18,1.2229,107.41,1430.7,1,0
4,4088,67.37,1.1624,106.48,1422.8,1,0
4,4089,68.59,1.165,108.82,1426.4,1,0
4,4090,68.21,1.1338,104.55,1422.8,1,0
4,4091,70.07,1.2026,102.86,1416.2,1,0
4,4092,66.98,1.1762,105.89,1408.4,1,0
4,4093,66.71,1.1833,102.33,1422.6,1,0
4,4094,67.85,1.2589,104.33,1420.7,1,0
4,4095,68.67,1.1819,103.3,1424.4,1,0
4,4096,70.08,1.1884,107.96,1409.7,1,0
4,4097,67.53,1.1842,104.5,1409.2,1,0
4,4098,68.06,1.1323,103.76,1432.0,1,0
4,4099,67.53,1.1365,102.51,1412.6,1,0
4,4100,69.31,1.1896,104.33,1415.7,1,0
4,4101,68.03,1.2252,105.29,1441.3,1,0
4,4102,69.12,1.2272,106.05,1407.5,1,0
4,4103,71.06,1.137,106.07,1422.8,1,0
4,4104,67.35,1.1578,103.33,1420.4,1,0
4,4105,69.06,1.1697,103.66,1423.5,1,0
4,4106,66.99,1.182,110.05,1424.2,1,0
4,4107,66.71,1.1794,105.86,1407.0,1,0
4,4108,69.06,1.172,106.08,1410.0,1,0
4,4109,70.05,1.1316,107.76,1408.6,1,0
4,4110,67.39,1.2132,104.83,1424.2,1,0
4,4111,67.16,1.203,102.12,1426.4,1,0
4,4112,69.37,1.191,109.73,1404.6,1,0
4,4113,66.91,1.1799,105.77,1415.0,1,0
4,4114,66.54,1.1751,102.4,1397.5,1,0
4,4115,70.89,1.1584,110.38,1410.0,1,0
4,4116,66.72,1.1878,108.9,1402.4,1,0
4,4117,66.44,1.2365,108.42,1397.8,1,0
4,4118,68.71,1.239,110.17,1404.7,1,0
4,4119,67.36,1.1787,105.66,1402.6,1,0
4,4120,68.07,1.2077,106.56,1404.3,1,0
4,4121,67.72,1.1416,103.95,1414.1,1,0
4,4122,67.19,1.2448,109.19,1411.6,1,0
4,4123,64.34,1.2316,108.79,1416.5,1,0
4,4124,68.65,1.3201,105.22,1400.9,1,0
4,4125,67.81,1.1586,110.67,1404.0,1,0
4,4126,70.15,1.1816,109.57,1404.0,1,0
4,4127,66.71,1.176,108.8,1418.4,1,0
4,4128,67.93,1.1743,109.07,1398.7,1,0
4,4129,66.21,1.2813,110.19,1398.8,1,0
4,4130,68.05,1.268,105.87,1410.6,1,0
4,4131,67.14,1.2375,103.5,1403.1,1,0
4,4132,69.69,1.2766,105.88,1393.8,1,0
4,4133,66.94,1.3002,108.61,1423.8,1,0
4,4134,65.49,1.2522,107.42,1415.2,1,0
4,4135,66.46,1.2935,112.59,1426.1,1,0
4,4136,66.96,1.2177,107.39,1406.1,1,0
4,4137,69.02,1.2983,107.05,1389.6,1,0
4,4138,66.45,1.3215,109.21,1384.3,1,0
4,4139,67.07,1.1981,109.51,1399.2,1,0
4,4140,66.3,1.2564,110.39,1401.5,1,0
4,4141,67.98,1.2668,109.96,1408.5,1,0
4,4142,69.59,1.2161,108.6,1405.1,1,0
4,4143,65.23,1.3329,110.28,1402.9,1,0
4,4144,67.36,1.2791,103.96,1386.8,1,0
4,4145,66.15,1.3228,106.8,1402.2,1,0
4,4146,66.84,1.2691,109.62,1416.7,1,0
4,4147,65.08,1.2685,108.48,1403.6,1,0
4,4148,69.53,1.2665,109.57,1405.6,1,0
4,4149,67.27,1.3081,110.31,1405.3,1,0
4,4150,67.99,1.219,110.87,1391.0,1,0
4,4151,67.54,1.3105,110.79,1409.3,1,0
4,4152,66.74,1.3021,107.56,1417.2,1,0
4,4153,67.06,1.2602,106.64,1386.6,1,0
4,4154,66.84,1.3381,110.24,1401.3,1,0
4,4155,68.8,1.3426,110.15,1398.9,1,0
4,4156,66.46,1.3211,109.13,1392.6,1,0
4,4157,64.44,1.2833,109.34,1419.9,1,0
4,4158,64.97,1.4064,108.26,1406.0,1,0
4,4159,66.09,1.3351,108.53,1408.1,1,0
4,4160,66.04,1.381,108.33,1392.0,1,0
4,4161,65.33,1.3599,107.98,1405.7,1,0
4,4162,66.09,1.3332,110.04,1396.2,1,0
4,4163,66.63,1.3371,107.99,1407.1,1,0
4,4164,67.78,1.3513,110.04,1406.1,1,0
4,4165,64.79,1.303,107.46,1397.9,1,0
4,4166,65.87,1.3697,107.77,1398.5,1,0
4,4167,67.57,1.3833,105.88,1413.2,1,0
4,4168,67.83,1.4273,111.11,1414.9,1,0
4,4169,66.21,1.4008,109.4,1411.2,1,0
4,4170,65.44,1.3483,110.12,1408.9,1,0
4,4171,63.8,1.3664,112.32,1390.6,1,0
4,4172,65.45,1.3774,107.13,1405.7,1,0
4,4173,66.99,1.3857,108.28,1397.3,1,0
4,4174,66.59,1.352,108.24,1407.5,1,0
4,4175,66.27,1.3681,106.8,1413.5,1,0
4,4176,66.8,1.3397,106.7,1420.0,1,0
4,4177,66.38,1.3154,108.13,1402.0,1,0
4,4178,66.66,1.3827,111.04,1402.6,1,0
4,4179,66.62,1.3751,107.9,1417.2,1,0
4,4180,66.84,1.345,107.81,1416.2,1,0
4,4181,67.46,1.2707,109.77,1426.7,1,0
4,4182,66.4,1.351,108.05,1409.6,1,0
4,4183,65.58,1.395,108.95,1415.4,1,0
4,4184,63.16,1.3641,108.56,1395.9,1,0
4,4185,65.63,1.3792,107.8,1409.0,1,0
4,4186,65.58,1.4551,106.8,1410.0,1,0
4,4187,67.15,1.3672,107.49,1416.5,1,0
4,4188,68.38,1.3884,109.51,1427.2,1,0
4,4189,66.52,1.3365,109.89,1427.6,1,0
4,4190,64.95,1.452,108.05,1400.7,1,0
4,4191,68.04,1.3809,111.92,1430.5,1,0
4,4192,66.81,1.3693,111.04,1423.6,1,0
4,4193,65.88,1.4176,109.98,1419.6,1,0
4,4194,66.04,1.3596,108.89,1407.7,1,0
4,4195,65.43,1.3154,109.01,1414.1,1,0
4,4196,65.27,1.3518,105.77,1425.0,1,0
4,4197,68.2,1.3676,105.93,1420.3,1,0
4,4198,65.84,1.4219,109.06,1434.4,1,0
4,4199,64.88,1.3444,109.95,1432.3,1,0
4,4200,66.33,1.382,109.4,1424.9,1,0
4,4201,65.66,1.4,111.12,1436.2,1,0
4,4202,65.66,1.414,109.73,1422.1,1,0
4,4203,65.27,1.4329,109.22,1417.4,1,0
4,4204,66.28,1.351,108.39,1433.8,1,0
4,4205,66.67,1.3284,111.3,1436.1,1,0
4,4206,65.05,1.4097,106.16,1421.1,1,0
4,4207,65.07,1.3411,107.48,1415.9,1,0
4,4208,67.51,1.3618,110.05,1431.5,1,0
4,4209,66.91,1.3856,106.33,1424.4,1,0
4,4210,66.37,1.3182,109.96,1438.8,1,0
4,4211,66.49,1.3741,105.73,1426.1,1,0
4,4212,65.43,1.365,108.66,1409.7,1,0
4,4213,66.08,1.3863,107.47,1422.6,1,0
4,4214,65.56,1.3609,108.25,1430.9,1,0
4,4215,67.12,1.3471,107.74,1431.2,1,0
4,4216,65.76,1.2879,106.04,1432.6,1,0
4,4217,65.91,1.405,105.11,1419.3,1,0
4,4218,66.86,1.3616,106.62,1427.0,1,0
4,4219,66.06,1.3882,104.88,1412.5,1,0
4,4220,65.54,1.3567,107.34,1432.5,1,0
4,4221,67.12,1.3544,104.46,1423.8,1,0
4,4222,67.02,1.4174,104.86,1438.8,1,0
4,4223,65.37,1.3997,107.29,1418.9,1,0
4,4224,64.97,1.3931,105.75,1419.5,1,0
4,4225,66.3,1.3665,107.62,1421.1,1,0
4,4226,66.05,1.3365,106.46,1437.8,1,0
4,4227,67.58,1.4167,108.13,1433.9,1,0
4,4228,63.9,1.3527,110.84,1443.1,1,0
4,4229,66.44,1.3405,105.58,1430.9,1,0
4,4230,65.5,1.3742,108.43,1440.0,1,0
4,4231,66.66,1.3211,107.79,1420.9,1,0
4,4232,65.81,1.329,105.41,1434.6,1,0
4,4233,66.72,1.4141,106.14,1424.6,1,0
4,4234,67.74,1.2225,105.92,1435.8,1,0
4,4235,66.08,1.4053,105.06,1427.0,1,0
4,4236,65.43,1.3427,108.06,1435.4,1,0
4,4237,66.85,1.3748,105.07,1435.8,1,0
4,4238,66.29,1.3753,106.41,1419.2,1,0
4,4239,65.12,1.4165,108.13,1454.6,1,0
4,4240,67.09,1.3334,104.03,1440.2,1,0
4,4241,67.42,1.3662,104.73,1443.7,1,0
4,4242,65.8,1.3463,104.96,1435.0,1,0
4,4243,64.42,1.2861,107.47,1422.9,1,0
4,4244,65.28,1.2983,111.42,1433.5,1,0
4,4245,68.39,1.3672,104.61,1441.6,1,0
4,4246,67.99,1.3482,104.68,1417.8,1,0
4,4247,66.23,1.3279,110.08,1423.1,1,0
4,4248,65.71,1.3256,108.93,1438.2,1,0
4,4249,66.65,1.3577,106.44,1424.7,1,0
4,4250,65.67,1.4007,107.83,1427.1,1,0
4,4251,65.2,1.3497,106.52,1419.9,1,0
4,4252,67.32,1.4266,107.6,1438.5,1,0
4,4253,66.11,1.394,102.67,1424.7,1,0
4,4254,67.83,1.3824,102.91,1451.1,1,0
4,4255,66.48,1.4251,107.68,1432.4,1,0
4,4256,68.28,1.3653,106.87,1439.2,1,0
4,4257,65.88,1.3634,107.03,1414.1,1,0
4,4258,66.49,1.4195,106.87,1413.2,1,0
4,4259,65.23,1.4725,106.16,1421.7,1,0
4,4260,69.43,1.365,104.16,1429.5,1,0
4,4261,68.39,1.4164,103.77,1428.8,1,0
4,4262,68.07,1.3593,103.83,1429.9,1,0
4,4263,65.47,1.4257,106.18,1410.2,1,0
4,4264,65.71,1.4346,104.92,1429.3,1,0
4,4265,66.89,1.4306,105.24,1426.0,1,0
4,4266,68.83,1.4092,108.73,1422.7,1,0
4,4267,66.85,1.4612,104.71,1421.5,1,0
4,4268,66.07,1.5425,105.59,1422.1,1,0
4,4269,66.48,1.4966,106.97,1434.8,1,0
4,4270,67.2,1.4644,108.45,1419.1,1,0
4,4271,68.94,1.4594,105.33,1423.7,1,0
4,4272,66.3,1.4845,107.9,1406.9,1,0
4,4273,66.91,1.4596,102.49,1417.7,1,0
4,4274,67.32,1.4735,105.36,1413.3,1,0
4,4275,65.58,1.4561,106.22,1401.8,1,0
4,4276,66.14,1.4619,104.72,1419.8,1,0
4,4277,66.32,1.5242,105.74,1389.1,1,0
4,4278,67.82,1.4847,107.35,1406.8,1,0
4,4279,69.49,1.4457,102.69,1415.8,1,0
4,4280,67.31,1.5059,103.95,1413.6,1,0
4,4281,67.42,1.501,104.21,1427.8,1,0
4,4282,67.67,1.4802,103.76,1404.9,1,0
4,4283,68.55,1.4584,108.31,1409.4,1,0
4,4284,67.48,1.4421,104.25,1403.5,1,0
4,4285,68.08,1.5345,104.32,1414.8,1,0
4,4286,67.35,1.5148,106.3,1404.6,1,0
4,4287,66.57,1.4472,106.37,1403.8,1,0
4,4288,68.83,1.4954,108.36,1415.8,1,0
4,4289,67.14,1.4986,106.16,1401.3,1,0
4,4290,68.01,1.49,106.86,1404.6,1,0
4,4291,70.96,1.5037,105.43,1405.4,1,0
4,4292,67.82,1.4897,103.62,1407.1,1,0
4,4293,69.12,1.4794,105.93,1407.8,1,0
4,4294,66.75,1.516,106.5,1396.2,1,0
4,4295,66.37,1.5306,105.35,1405.8,1,0
4,4296,69.08,1.5453,105.18,1387.7,1,0
4,4297,69.3,1.5724,106.02,1392.2,1,0
4,4298,69.22,1.5649,108.61,1401.0,1,0
4,4299,66.93,1.6114,102.69,1381.9,1,0
4,4300,67.71,1.4701,102.79,1400.6,1,0
4,4301,69.01,1.5998,102.38,1406.5,1,0
4,4302,66.59,1.5715,105.03,1398.1,1,0
4,4303,69.26,1.4825,104.37,1392.9,1,0
4,4304,69.1,1.5417,104.26,1384.8,1,0
4,4305,68.69,1.6306,106.18,1386.4,1,0
4,4306,68.15,1.5546,104.49,1392.5,1,0
4,4307,67.71,1.5496,103.87,1390.5,1,0
4,4308,70.17,1.5538,108.23,1391.6,1,0
4,4309,68.31,1.5148,105.13,1376.6,1,0
4,4310,70.27,1.5055,105.94,1385.1,1,0
4,4311,67.66,1.5856,105.29,1381.9,1,0
4,4312,68.57,1.5477,106.9,1380.4,1,0
4,4313,70.26,1.5751,106.69,1404.1,1,0
4,4314,69.81,1.6454,104.15,1374.4,1,0
4,4315,70.93,1.5605,105.99,1392.5,1,0
4,4316,69.11,1.6448,105.29,1395.0,1,0
4,4317,67.91,1.5512,105.67,1383.1,1,0
4,4318,67.8,1.537,105.41,1391.7,1,0
4,4319,68.51,1.5635,105.53,1399.4,1,0
4,4320,70.06,1.5601,104.67,1377.6,1,0
4,4321,68.72,1.6005,103.79,1379.7,1,0
4,4322,70.28,1.6254,103.12,1385.3,1,0
4,4323,68.8,1.5479,101.47,1378.0,1,0
4,4324,68.66,1.5709,103.73,1385.7,1,0
4,4325,69.47,1.5431,107.3,1383.7,1,0
4,4326,70.8,1.5152,106.97,1404.5,1,0
4,4327,69.36,1.576,104.6,1383.5,1,0
4,4328,70.16,1.5773,104.42,1386.8,1,0
4,4329,69.31,1.5253,104.24,1371.9,1,0
4,4330,70.75,1.585,106.59,1361.7,1,0
4,4331,69.78,1.4958,106.41,1381.8,1,0
4,4332,70.64,1.5651,108.58,1380.2,1,0
4,4333,70.95,1.5262,104.46,1384.8,1,0
4,4334,70.56,1.5613,108.93,1366.4,1,0
4,4335,69.92,1.5793,104.34,1377.2,1,0
4,4336,71.14,1.5397,105.47,1383.3,1,0
4,4337,71.65,1.572,102.19,1376.9,1,0
4,4338,70.44,1.5676,104.51,1375.1,1,0
4,4339,71.26,1.5438,106.34,1374.5,1,0
4,4340,70.86,1.5305,104.18,1362.5,1,0
4,4341,69.68,1.5481,107.2,1383.4,1,0
4,4342,70.73,1.4974,105.33,1381.3,1,0
4,4343,70.66,1.5286,101.91,1365.2,1,0
4,4344,71.41,1.5656,105.34,1374.6,1,0
4,4345,72.89,1.5324,106.85,1364.5,1,0
4,4346,70.99,1.5604,103.57,1370.6,1,0
4,4347,73.3,1.6165,108.69,1353.3,1,0
4,4348,71.16,1.5277,106.9,1367.5,1,0
4,4349,70.33,1.4997,103.4,1366.2,1,0
4,4350,68.81,1.5516,104.93,1386.7,1,0
4,4351,73.27,1.5189,102.85,1356.3,1,0
4,4352,71.56,1.5765,106.31,1364.1,1,0
4,4353,72.46,1.5264,107.02,1349.4,1,0
4,4354,67.96,1.5262,104.08,1369.6,1,0
4,4355,71.94,1.5245,108.44,1359.3,1,0
4,4356,70.17,1.5342,107.47,1383.3,1,0
4,4357,67.79,1.6033,102.38,1362.6,1,0
4,4358,72.01,1.534,106.21,1374.6,1,0
4,4359,72.05,1.5333,103.58,1372.0,1,0
4,4360,70.69,1.5569,107.08,1377.5,1,0
4,4361,71.82,1.5522,109.03,1359.2,1,0
4,4362,70.22,1.5024,108.5,1374.2,1,0
4,4363,73.07,1.5419,107.24,1375.4,1,0
4,4364,70.91,1.5038,104.65,1379.9,1,0
4,4365,73.49,1.5259,101.23,1369.6,1,0
4,4366,71.61,1.549,106.16,1369.6,1,0
4,4367,70.93,1.5659,106.49,1357.8,1,0
4,4368,70.53,1.5401,106.18,1376.9,1,0
4,4369,73.06,1.5259,105.26,1401.6,1,0
4,4370,71.7,1.6126,109.76,1358.5,1,0
4,4371,71.23,1.5536,108.6,1359.4,1,0
4,4372,74.29,1.4977,107.82,1387.1,1,0
4,4373,72.99,1.5428,106.28,1370.4,1,0
4,4374,73.0,1.5988,105.75,1367.5,1,0
4,4375,73.95,1.606,106.53,1386.7,1,0
4,4376,72.12,1.5144,108.11,1369.8,1,0
4,4377,73.0,1.621,106.05,1375.6,1,0
4,4378,73.83,1.6078,108.05,1381.6,1,0
4,4379,73.11,1.4806,104.67,1379.3,1,0
4,4380,73.37,1.4864,106.84,1385.1,1,0
4,4381,71.68,1.4678,110.27,1386.9,1,0
4,4382,73.42,1.604,107.75,1390.1,1,0
4,4383,73.61,1.557,110.12,1378.7,1,0
4,4384,73.26,1.5882,107.46,1406.4,1,0
4,4385,72.79,1.5181,108.37,1370.6,1,0
4,4386,73.64,1.6273,108.51,1389.5,1,0
4,4387,72.14,1.5569,107.22,1387.1,1,0
4,4388,72.52,1.5909,112.25,1372.0,1,0
4,4389,73.74,1.6428,104.3,1373.3,1,0
4,4390,73.55,1.5686,106.66,1382.4,1,0
4,4391,74.6,1.7411,108.54,1392.0,1,0
4,4392,74.56,1.5768,107.1,1379.6,1,0
4,4393,72.74,1.5961,105.41,1366.3,1,0
4,4394,72.73,1.6364,106.57,1373.6,1,0
4,4395,75.76,1.6145,108.31,1380.2,1,0
4,4396,71.57,1.6292,108.78,1378.8,1,0
4,4397,73.54,1.6386,109.67,1388.1,1,0
4,4398,74.02,1.6423,105.76,1389.0,1,0
4,4399,73.29,1.6735,111.19,1366.9,1,0
4,4400,74.28,1.6718,112.86,1387.0,1,0
4,4401,75.19,1.6949,110.69,1379.8,1,0
4,4402,73.18,1.6279,109.19,1380.4,1,0
4,4403,73.31,1.6951,110.54,1387.3,1,0
4,4404,76.1,1.5985,107.53,1399.8,1,0
4,4405,76.07,1.6509,109.81,1372.9,1,0
4,4406,73.72,1.7128,107.91,1396.8,1,0
4,4407,73.13,1.6554,110.82,1392.5,1,0
4,4408,73.9,1.7168,108.49,1385.3,1,0
4,4409,74.89,1.6689,112.58,1383.1,1,0
4,4410,77.06,1.6857,107.22,1404.2,1,0
4,4411,75.3,1.6531,109.36,1396.2,1,0
4,4412,74.59,1.7098,109.94,1380.8,1,0
4,4413,76.22,1.6447,108.96,1403.8,1,0
4,4414,74.82,1.6637,107.8,1412.4,1,0
4,4415,74.35,1.7792,112.18,1378.7,1,0
4,4416,75.7,1.7471,114.14,1397.4,1,0
4,4417,76.87,1.7127,106.75,1381.6,1,0
4,4418,77.85,1.7116,106.19,1404.2,1,0
4,4419,77.23,1.7051,109.05,1384.7,1,0
4,4420,76.89,1.6712,109.32,1396.6,1,0
4,4421,76.93,1.7459,112.59,1397.6,1,0
4,4422,76.17,1.7864,112.25,1395.3,1,0
4,4423,76.46,1.7251,110.19,1386.0,1,0
4,4424,76.74,1.7588,110.38,1404.8,1,0
4,4425,76.72,1.6835,107.32,1396.5,1,0
4,4426,78.05,1.8211,110.2,1401.5,1,0
4,4427,76.35,1.7685,108.71,1393.1,1,0
4,4428,74.84,1.7092,114.48,1402.4,1,0
4,4429,76.84,1.7722,112.39,1402.8,1,0
4,4430,76.33,1.7422,110.1,1399.9,1,0
4,4431,78.14,1.7507,108.15,1404.2,1,0
4,4432,75.56,1.7292,116.32,1391.8,1,0
4,4433,78.0,1.6908,111.95,1399.6,1,0
4,4434,76.86,1.7173,110.37,1387.4,1,0
4,4435,75.0,1.7679,109.27,1406.6,1,0
4,4436,74.56,1.6867,112.61,1393.8,1,0
4,4437,76.75,1.6852,111.53,1392.3,1,0
4,4438,76.69,1.7202,111.72,1390.4,1,0
4,4439,73.93,1.7289,115.49,1406.6,1,0
4,4440,77.14,1.7435,113.81,1393.4,1,0
4,4441,75.89,1.7269,111.71,1406.9,1,0
4,4442,77.04,1.755,110.75,1408.3,1,0
4,4443,76.91,1.6989,111.95,1395.6,1,0
4,4444,77.84,1.7651,112.88,1391.7,1,0
4,4445,77.87,1.6975,113.25,1396.5,1,0
4,4446,78.95,1.7505,112.17,1413.2,1,0
4,4447,77.99,1.8153,112.36,1401.5,1,0
4,4448,77.88,1.6693,108.75,1397.7,1,0
4,4449,80.46,1.8188,114.3,1391.7,1,0
4,4450,77.29,1.7223,110.74,1393.6,1,0
4,4451,79.14,1.6836,110.3,1390.4,1,0
4,4452,78.31,1.786,109.9,1400.7,1,0
4,4453,79.01,1.7171,111.6,1403.9,1,0
4,4454,76.35,1.6649,114.67,1406.7,1,0
4,4455,78.34,1.7046,113.54,1395.3,1,0
4,4456,78.98,1.7495,111.04,1400.9,1,0
4,4457,79.49,1.7003,111.67,1396.0,1,0
4,4458,78.24,1.728,112.01,1390.0,1,0
4,4459,78.32,1.6962,113.77,1405.2,1,0
4,4460,77.31,1.7586,111.93,1386.7,1,0
4,4461,78.09,1.7004,112.17,1382.8,1,0
4,4462,76.83,1.698,110.81,1394.4,1,0
4,4463,79.04,1.6937,112.25,1390.7,1,0
4,4464,77.07,1.695,110.29,1402.6,1,0
4,4465,79.21,1.7433,111.28,1388.3,1,0
4,4466,76.77,1.806,112.89,1393.9,1,0
4,4467,79.3,1.7518,116.67,1387.3,1,0
4,4468,78.44,1.6876,113.41,1393.4,1,0
4,4469,79.1,1.6868,112.75,1387.5,1,0
4,4470,80.07,1.7174,113.2,1397.0,1,0
4,4471,80.89,1.7118,111.29,1396.4,1,0
4,4472,82.17,1.6901,108.92,1400.7,1,0
4,4473,79.21,1.6603,110.91,1421.5,1,0
4,4474,78.2,1.7152,111.63,1401.8,1,0
4,4475,81.31,1.7427,113.38,1375.3,1,0
4,4476,82.27,1.7224,108.72,1387.2,1,0
4,4477,80.24,1.7924,109.06,1400.1,1,0
4,4478,77.69,1.7037,114.09,1379.8,1,0
4,4479,80.53,1.6966,114.73,1398.6,1,0
4,4480,79.22,1.6709,109.86,1388.7,1,0
4,4481,80.2,1.624,112.86,1378.8,1,0
4,4482,80.95,1.6301,115.09,1390.0,1,0
4,4483,80.49,1.7001,107.58,1389.3,1,0
4,4484,78.01,1.7202,114.66,1383.6,1,0
4,4485,79.78,1.7604,112.72,1377.9,1,0
4,4486,79.69,1.7276,110.7,1401.8,1,0
4,4487,80.35,1.7491,115.37,1382.3,1,0
4,4488,79.25,1.7543,112.69,1372.9,1,0
4,4489,79.39,1.6847,115.43,1371.1,1,0
4,4490,79.49,1.6843,113.61,1381.6,1,0
4,4491,81.95,1.6825,114.94,1378.7,1,0
4,4492,79.33,1.6481,112.13,1383.8,1,0
4,4493,80.84,1.7793,113.83,1363.8,1,0
4,4494,80.62,1.7657,109.73,1355.4,1,0
4,4495,81.61,1.744,116.57,1370.4,1,0
4,4496,82.52,1.733,109.22,1369.3,1,0
4,4497,78.51,1.7125,110.66,1383.9,1,0
4,4498,81.21,1.7245,113.75,1373.4,1,0
4,4499,79.89,1.797,111.21,1372.8,1,0
4,4500,81.26,1.7416,111.41,1370.2,1,0
4,4501,79.15,1.7784,111.47,1374.8,1,0
4,4502,80.12,1.7059,115.13,1377.0,1,0
4,4503,79.84,1.8012,110.13,1379.3,1,0
4,4504,80.29,1.727,111.12,1379.6,1,0
4,4505,80.31,1.7459,107.07,1375.3,1,0
4,4506,79.4,1.6787,110.22,1371.8,1,0
4,4507,79.5,1.7614,112.41,1376.5,1,0
4,4508,80.82,1.7039,113.58,1351.8,1,0
4,4509,81.29,1.7056,111.58,1375.2,1,0
4,4510,81.19,1.7162,112.13,1380.7,1,0
4,4511,79.3,1.7552,110.0,1362.6,1,0
4,4512,79.42,1.7864,110.29,1359.1,1,0
4,4513,81.79,1.7719,110.02,1369.6,1,0
4,4514,81.59,1.7754,109.31,1362.5,1,0
4,4515,80.07,1.8584,114.44,1328.7,1,0
4,4516,79.89,1.7241,111.17,1349.9,1,0
4,4517,79.64,1.8152,108.72,1384.3,1,0
4,4518,82.07,1.7916,110.05,1368.3,1,0
4,4519,82.11,1.7774,114.98,1355.1,1,0
4,4520,80.16,1.8024,115.22,1368.7,1,0
4,4521,81.67,1.7952,113.66,1373.3,1,0
4,4522,81.53,1.762,110.88,1362.8,1,0
4,4523,81.35,1.8131,113.51,1358.7,1,0
4,4524,82.04,1.762,110.16,1356.7,1,0
4,4525,82.52,1.8973,112.01,1341.0,1,0
4,4526,82.63,1.8075,114.27,1348.5,1,0
4,4527,79.59,1.7657,110.93,1357.8,1,0
4,4528,81.07,1.7875,110.18,1366.6,1,0
4,4529,79.97,1.8599,112.04,1347.5,1,0
4,4530,82.55,1.8756,111.85,1344.6,1,0
4,4531,80.61,1.8134,113.65,1350.5,1,0
4,4532,83.74,1.7758,109.34,1341.4,1,0
4,4533,82.58,1.8204,112.47,1323.1,1,0
4,4534,81.77,1.8972,111.31,1363.5,1,0
4,4535,81.67,1.9222,112.45,1359.7,1,0
4,4536,80.53,1.8984,111.59,1329.3,1,0
4,4537,81.96,1.9067,113.11,1347.8,1,0
4,4538,82.64,1.9047,114.15,1362.3,1,0
4,4539,82.98,1.9145,114.78,1346.2,1,0
4,4540,81.24,1.8913,111.98,1362.2,1,0
4,4541,86.29,1.9094,109.69,1342.2,1,0
4,4542,83.95,1.877,113.5,1330.5,1,0
4,4543,82.16,1.8686,113.17,1352.0,1,0
4,4544,79.15,1.8661,108.95,1343.5,1,0
4,4545,81.58,1.8952,112.08,1341.1,1,0
4,4546,82.07,1.8967,111.45,1340.9,1,0
4,4547,83.83,1.8706,109.77,1316.5,1,0
4,4548,81.25,1.8831,113.21,1351.0,1,0
4,4549,79.67,1.8862,109.4,1361.2,1,0
4,4550,81.56,1.8368,109.84,1358.1,1,0
4,4551,83.52,1.9414,113.65,1339.0,1,0
4,4552,81.88,1.9994,110.16,1319.2,1,0
4,4553,80.97,1.9907,111.06,1335.8,1,0
4,4554,85.19,1.9443,109.87,1351.8,1,0
4,4555,83.34,1.9241,112.12,1345.1,1,0
4,4556,84.18,1.924,108.56,1335.7,1,0
4,4557,80.87,1.9864,112.12,1346.4,1,0
4,4558,83.07,1.9004,112.18,1341.8,1,0
4,4559,84.41,1.9337,109.8,1328.4,1,0
4,4560,80.37,1.9528,108.56,1338.7,1,0
4,4561,83.77,1.9066,111.47,1352.9,1,0
4,4562,82.35,2.0046,104.27,1333.3,1,0
4,4563,81.97,1.9403,110.31,1337.3,1,0
4,4564,82.59,1.9449,108.19,1347.5,1,0
4,4565,83.12,1.9455,109.49,1348.7,1,0
4,4566,81.78,1.9366,110.94,1344.3,1,0
4,4567,82.56,1.9341,110.43,1335.8,1,0
4,4568,82.47,1.9912,110.24,1352.0,1,0
4,4569,82.27,1.9166,109.71,1343.2,1,0
4,4570,82.71,1.8633,109.8,1350.2,1,0
4,4571,83.17,1.9141,112.04,1341.4,1,0
4,4572,82.64,1.9132,107.69,1354.3,1,0
4,4573,80.09,1.908,106.2,1332.0,1,0
4,4574,82.93,1.9239,108.77,1358.1,1,0
4,4575,82.93,1.9296,110.52,1346.4,1,0
4,4576,82.89,1.9121,109.03,1340.1,1,0
4,4577,84.76,1.944,111.99,1336.4,1,0
4,4578,82.91,1.9216,114.34,1334.5,1,0
4,4579,84.64,1.9345,107.04,1349.4,1,0
4,4580,82.24,1.9163,108.27,1355.7,1,0
4,4581,83.94,1.891,109.4,1337.1,1,0
4,4582,85.14,1.8771,109.79,1345.2,1,0
4,4583,81.98,1.938,104.31,1360.2,1,0
4,4584,82.63,1.9341,110.13,1342.5,1,0
4,4585,82.23,1.9416,108.39,1341.1,1,0
4,4586,81.22,1.833,108.11,1331.5,1,0
4,4587,82.31,1.8729,107.03,1358.8,1,0
4,4588,84.06,1.8666,107.9,1358.6,1,0
4,4589,81.72,1.9128,109.1,1343.4,1,0
4,4590,82.88,1.9244,111.07,1347.2,1,0
4,4591,85.05,1.9554,110.64,1345.3,1,0
4,4592,81.74,1.9123,109.51,1341.3,1,0
4,4593,83.84,1.8895,110.24,1364.2,1,0
4,4594,82.69,1.938,105.72,1356.3,1,0
4,4595,83.46,1.9038,108.7,1363.1,1,0
4,4596,81.68,2.0163,109.37,1369.4,1,0
4,4597,83.1,1.9354,105.84,1351.8,1,0
4,4598,82.95,1.8718,109.86,1350.1,1,0
4,4599,81.97,1.9015,106.0,1361.3,1,0
4,4600,80.62,1.9657,111.52,1340.9,1,0
4,4601,84.04,1.8726,106.42,1353.1,1,0
4,4602,82.5,1.9266,107.98,1368.3,1,0
4,4603,83.53,1.9975,108.02,1343.1,1,0
4,4604,81.36,1.8925,107.44,1340.6,1,0
4,4605,82.14,1.9269,105.16,1349.9,1,0
4,4606,83.67,1.8602,111.38,1363.5,1,0
4,4607,81.7,1.9047,111.55,1349.5,1,0
4,4608,83.45,1.8927,107.51,1361.9,1,0
4,4609,81.05,1.8498,108.79,1359.8,1,0
4,4610,82.36,1.9029,107.32,1358.1,1,0
4,4611,81.03,1.9566,108.14,1345.6,1,0
4,4612,82.93,1.9095,110.44,1369.5,1,0
4,4613,81.84,1.9242,104.85,1351.4,1,0
4,4614,81.27,1.883,105.82,1346.1,1,0
4,4615,82.86,1.8944,108.89,1366.8,1,0
4,4616,82.55,1.8774,107.02,1361.9,1,0
4,4617,82.2,1.881,106.3,1355.2,1,0
4,4618,81.99,1.8683,108.72,1342.6,1,0
4,4619,84.29,1.9282,106.92,1366.2,1,0
4,4620,83.83,1.8431,108.98,1367.6,1,0
4,4621,80.77,1.8897,111.82,1371.6,1,0
4,4622,83.89,1.9301,105.49,1366.6,1,0
4,4623,81.19,1.922,104.65,1354.4,1,0
4,4624,82.52,1.9137,104.94,1370.8,1,0
4,4625,81.21,1.9605,106.53,1370.8,1,0
4,4626,81.52,1.8968,104.77,1355.7,1,0
4,4627,81.56,1.9113,106.95,1370.8,1,0
4,4628,82.8,1.9305,108.81,1357.5,1,0
4,4629,80.38,1.9404,108.91,1369.0,1,0
4,4630,83.02,1.9064,110.83,1361.0,1,0
4,4631,84.04,1.9056,109.93,1371.9,1,0
4,4632,81.6,1.9227,108.26,1364.5,1,0
4,4633,82.17,1.9896,110.31,1367.5,1,0
4,4634,82.5,1.9023,103.91,1341.3,1,0
4,4635,84.08,1.9708,104.75,1357.1,1,0
4,4636,81.93,1.9268,107.61,1378.7,1,0
4,4637,82.66,1.9483,108.91,1379.4,1,0
4,4638,82.57,1.987,108.46,1364.0,1,0
4,4639,81.81,1.9675,109.99,1372.4,1,0
4,4640,82.61,2.0729,108.69,1371.3,1,0
4,4641,82.76,2.0155,104.91,1371.9,1,0
4,4642,82.54,1.9825,107.46,1372.9,1,0
4,4643,81.85,1.9952,103.86,1374.9,1,0
4,4644,81.4,2.011,106.88,1374.7,1,0
4,4645,83.13,2.0203,106.91,1376.3,1,0
4,4646,81.82,1.926,108.38,1375.7,1,0
4,4647,81.36,1.9559,108.65,1362.1,1,0
4,4648,82.53,1.9427,107.85,1372.2,1,0
4,4649,79.28,1.9979,107.33,1364.7,1,0
4,4650,82.16,2.0002,103.99,1370.6,1,0
4,4651,81.02,2.0657,107.62,1374.8,1,0
4,4652,81.28,2.0155,109.04,1376.4,1,0
4,4653,81.23,2.0611,110.27,1349.4,1,0
4,4654,80.93,2.0515,106.36,1383.6,1,0
4,4655,82.46,1.9782,108.84,1375.9,1,0
4,4656,82.15,2.0242,110.22,1369.4,1,0
4,4657,81.99,2.0942,109.99,1353.9,1,0
4,4658,82.7,1.9973,111.15,1358.1,1,0
4,4659,81.38,2.0581,111.11,1365.6,1,0
4,4660,82.51,1.985,105.47,1363.0,1,0
4,4661,82.12,2.0234,109.97,1375.4,1,0
4,4662,79.7,2.0711,105.27,1364.3,1,0
4,4663,83.84,2.1217,109.21,1351.9,1,0
4,4664,78.2,2.0616,111.6,1346.2,1,0
4,4665,82.34,1.9995,105.13,1366.8,1,0
4,4666,83.23,2.0935,110.58,1375.4,1,0
4,4667,80.39,2.0085,110.58,1379.9,1,0
4,4668,80.78,2.0437,110.83,1380.9,1,0
4,4669,80.78,2.0688,106.93,1364.5,1,0
4,4670,81.35,2.0708,108.92,1385.9,1,0
4,4671,82.23,2.0509,107.35,1379.4,1,0
4,4672,79.3,2.1223,112.0,1367.3,1,0
4,4673,82.15,2.1465,107.01,1339.9,1,0
4,4674,81.04,2.1215,107.89,1387.4,1,0
4,4675,79.24,2.1242,105.34,1361.4,1,0
4,4676,79.07,2.0647,110.05,1367.5,1,0
4,4677,78.59,2.0669,111.72,1363.9,1,0
4,4678,80.32,2.1479,105.79,1346.3,1,0
4,4679,80.51,2.0613,109.1,1347.2,1,0
4,4680,83.14,2.1359,109.33,1358.9,1,0
4,4681,79.5,2.1099,110.54,1362.1,1,0
4,4682,80.35,2.07,110.62,1381.4,1,0
4,4683,81.78,2.125,108.17,1361.4,1,0
4,4684,79.06,2.1334,105.56,1342.7,1,0
4,4685,84.5,2.0752,108.53,1333.5,1,0
4,4686,79.97,2.1289,111.63,1358.2,1,0
4,4687,81.88,2.133,109.35,1367.7,1,0
4,4688,79.51,2.1064,109.82,1366.8,1,0
4,4689,81.74,2.206,108.73,1349.7,1,0
4,4690,81.08,2.056,110.01,1356.6,1,0
4,4691,82.63,2.0573,112.05,1354.6,1,0
4,4692,79.36,2.1075,107.81,1358.6,1,0
4,4693,80.0,2.0633,113.25,1349.2,1,0
4,4694,80.7,2.1358,109.56,1348.0,1,0
4,4695,81.93,2.0645,114.6,1345.1,1,0
4,4696,80.51,2.0811,109.08,1345.9,1,0
4,4697,81.49,2.0499,111.34,1362.2,1,0
4,4698,78.75,2.1758,109.95,1345.2,1,0
4,4699,80.78,2.1512,112.57,1356.7,1,0
4,4700,81.15,2.1682,109.89,1346.3,1,0
4,4701,79.63,2.0643,114.09,1343.2,1,0
4,4702,79.66,2.0355,109.34,1359.9,1,0
4,4703,78.92,2.1525,110.42,1363.9,1,0
4,4704,81.49,2.0149,111.94,1341.6,1,0
4,4705,78.38,2.1084,111.94,1328.1,1,0
4,4706,80.99,2.0848,112.6,1342.8,1,0
4,4707,79.95,2.0831,112.86,1351.8,1,0
4,4708,80.76,2.0483,112.17,1342.3,1,0
4,4709,81.38,2.1176,113.33,1329.9,1,0
4,4710,80.63,2.1114,112.75,1347.4,1,0
4,4711,79.47,2.0722,109.45,1346.2,1,0
4,4712,80.62,2.0791,109.33,1338.8,1,0
4,4713,80.75,1.9914,112.0,1332.5,1,0
4,4714,81.02,1.9921,110.87,1340.5,1,0
4,4715,79.89,2.0803,111.45,1337.0,1,0
4,4716,76.96,2.1161,113.2,1345.1,1,0
4,4717,81.47,2.1019,116.41,1339.3,1,0
4,4718,81.68,2.017,111.05,1343.0,1,0
4,4719,77.99,2.1382,113.36,1330.6,1,0
4,4720,77.36,2.0981,113.29,1335.5,1,0
4,4721,80.07,2.0915,110.93,1333.1,1,0
4,4722,80.55,2.1001,112.47,1339.8,1,0
4,4723,78.82,2.1762,114.34,1321.8,1,0
4,4724,81.24,2.0555,112.24,1321.8,1,0
4,4725,78.74,2.0845,113.84,1313.0,1,0
4,4726,78.37,2.0208,115.15,1320.8,1,0
4,4727,80.07,2.045,114.55,1331.4,1,0
4,4728,80.45,2.051,111.63,1313.8,1,0
4,4729,78.7,2.0388,112.38,1330.8,1,0
4,4730,77.31,2.1003,108.78,1331.5,1,0
4,4731,79.82,2.0214,115.92,1330.4,1,0
4,4732,79.32,2.1275,110.42,1315.1,1,0
4,4733,77.45,2.0932,111.27,1326.1,1,0
4,4734,81.77,2.118,114.25,1316.5,1,0
4,4735,81.49,2.0999,114.21,1332.4,1,0
4,4736,78.96,2.0905,113.06,1313.8,1,0
4,4737,77.27,2.0409,112.62,1334.6,1,0
4,4738,79.78,2.1039,111.36,1333.2,1,0
4,4739,77.76,2.0805,113.63,1313.8,1,0
4,4740,79.23,2.0825,113.6,1340.4,1,0
4,4741,80.1,2.0255,117.57,1327.9,1,0
4,4742,77.96,2.1302,114.46,1319.3,1,0
4,4743,78.97,2.1125,115.58,1341.6,1,0
4,4744,78.93,2.0844,116.06,1327.2,1,0
4,4745,77.65,2.0613,113.58,1324.5,1,0
4,4746,80.18,2.0908,114.58,1319.2,1,0
4,4747,77.17,2.1112,112.1,1309.2,1,0
4,4748,76.63,2.0942,117.01,1312.3,1,0
4,4749,79.55,2.0657,113.93,1306.8,1,0
4,4750,79.87,2.0595,111.81,1321.6,1,0
4,4751,78.61,2.101,116.52,1328.9,1,0
4,4752,76.41,2.0892,112.49,1318.1,1,0
4,4753,78.82,2.0588,114.32,1305.0,1,0
4,4754,78.25,2.1133,116.31,1305.9,1,0
4,4755,78.78,2.1042,114.05,1298.4,1,0
4,4756,78.89,2.1504,113.22,1323.9,1,0
4,4757,76.94,2.0463,112.61,1312.5,1,0
4,4758,80.02,2.1294,116.84,1307.1,1,0
4,4759,79.54,2.1285,112.74,1308.1,1,0
4,4760,79.14,2.1024,114.73,1316.0,1,0
4,4761,79.16,2.0966,110.66,1299.4,1,0
4,4762,80.39,2.1642,119.35,1305.7,1,0
4,4763,76.84,2.171,113.11,1310.0,1,0
4,4764,79.55,2.1819,116.19,1300.4,1,0
4,4765,76.31,2.1038,114.02,1314.0,1,0
4,4766,77.66,2.1626,115.08,1302.5,1,0
4,4767,77.46,2.1489,114.99,1323.1,1,0
4,4768,77.42,2.134,115.43,1316.2,1,0
4,4769,77.0,2.1379,113.71,1304.2,1,0
4,4770,79.58,2.1981,116.15,1317.1,1,0
4,4771,77.69,2.1716,117.17,1285.8,1,0
4,4772,78.69,2.1544,113.22,1304.8,1,0
4,4773,78.28,2.2099,116.67,1300.5,1,0
4,4774,77.57,2.2113,109.5,1296.2,1,0
4,4775,78.08,2.1632,117.61,1308.7,1,0
4,4776,80.52,2.1513,114.69,1316.6,1,0
4,4777,78.75,2.1552,116.75,1316.0,1,0
4,4778,80.46,2.2181,121.04,1304.7,1,0
4,4779,76.3,2.1784,115.51,1303.4,1,0
4,4780,78.51,2.2086,112.84,1327.8,1,0
4,4781,77.73,2.241,113.5,1329.1,1,0
4,4782,76.32,2.2284,114.22,1297.0,1,0
4,4783,75.55,2.1604,114.27,1289.1,1,0
4,4784,77.64,2.1927,113.34,1322.8,1,0
4,4785,78.78,2.2627,115.88,1328.8,1,0
4,4786,77.64,2.1662,112.56,1306.2,1,0
4,4787,77.63,2.2402,112.54,1321.3,1,0
4,4788,79.59,2.1859,117.25,1308.4,1,0
4,4789,77.93,2.2724,113.79,1322.8,1,0
4,4790,78.2,2.1901,114.52,1326.8,1,0
4,4791,77.74,2.263,114.4,1318.6,1,0
4,4792,75.83,2.1905,111.25,1321.8,1,0
4,4793,78.38,2.2413,113.75,1316.8,1,0
4,4794,79.0,2.2353,115.68,1334.7,1,0
4,4795,78.92,2.2612,116.38,1311.5,1,0
4,4796,77.94,2.2375,114.72,1299.6,1,0
4,4797,78.77,2.25,115.94,1309.9,1,0
4,4798,79.44,2.2853,112.58,1318.9,1,0
4,4799,78.97,2.197,115.23,1313.2,1,0
4,4800,75.87,2.2431,115.11,1316.4,1,0
4,4801,75.64,2.2956,113.01,1325.8,1,0
4,4802,77.67,2.2589,116.59,1316.4,1,0
4,4803,76.69,2.3332,116.67,1323.3,1,0
4,4804,77.56,2.2257,114.4,1309.7,1,0
4,4805,75.45,2.216,116.87,1325.2,1,0
4,4806,77.64,2.2057,118.21,1317.5,1,0
4,4807,77.43,2.2679,111.53,1320.5,1,0
4,4808,76.86,2.3025,118.78,1321.7,1,0
4,4809,78.48,2.2486,115.37,1313.0,1,0
4,4810,74.09,2.3163,118.11,1336.4,1,0
4,4811,79.28,2.3265,117.05,1313.8,1,0
4,4812,76.45,2.2581,112.98,1326.0,1,0
4,4813,77.85,2.2714,116.45,1344.3,1,0
4,4814,75.62,2.2932,115.18,1331.1,1,0
4,4815,79.21,2.2968,116.33,1309.3,1,0
4,4816,78.2,2.3379,112.39,1345.7,1,0
4,4817,77.79,2.2889,118.4,1352.5,1,0
4,4818,79.29,2.2942,112.21,1329.8,1,0
4,4819,76.55,2.2645,112.81,1329.3,1,0
4,4820,77.52,2.2174,114.85,1318.9,1,0
4,4821,76.17,2.3705,113.37,1326.2,1,0
4,4822,76.96,2.3241,115.5,1323.3,1,0
4,4823,79.14,2.2446,114.58,1319.9,1,0
4,4824,76.66,2.3016,115.61,1335.4,1,0
4,4825,77.61,2.2296,116.36,1337.5,1,0
4,4826,77.14,2.2435,116.95,1325.9,1,0
4,4827,78.29,2.3047,115.93,1332.3,1,0
4,4828,75.94,2.3679,114.03,1336.5,1,0
4,4829,77.24,2.2333,117.74,1343.9,1,0
4,4830,77.2,2.3049,115.51,1354.4,1,0
4,4831,77.28,2.2666,112.52,1336.9,1,0
4,4832,76.14,2.1836,116.75,1330.1,1,0
4,4833,77.15,2.2545,112.07,1328.2,1,0
4,4834,76.45,2.3376,114.17,1313.5,1,0
4,4835,77.83,2.2914,113.4,1336.3,1,0
4,4836,79.38,2.4051,113.24,1338.1,1,0
4,4837,78.04,2.2319,115.14,1321.6,1,0
4,4838,77.11,2.2402,114.79,1336.9,1,0
4,4839,76.58,2.31,116.47,1331.9,1,0
4,4840,79.22,2.2954,112.64,1332.6,1,0
4,4841,78.52,2.299,117.47,1322.5,1,0
4,4842,76.82,2.3006,117.21,1339.5,1,0
4,4843,77.47,2.2607,113.09,1333.8,1,0
4,4844,75.82,2.2466,114.58,1340.6,1,0
4,4845,77.46,2.2674,115.02,1345.2,1,0
4,4846,79.05,2.2781,115.14,1343.9,1,0
4,4847,78.22,2.3075,116.95,1325.4,1,0
4,4848,78.78,2.2757,112.08,1340.9,1,0
4,4849,76.32,2.2331,114.74,1337.8,1,0
4,4850,74.68,2.2484,112.25,1340.7,1,0
4,4851,78.03,2.2315,115.18,1329.0,1,0
4,4852,77.05,2.2147,119.27,1351.5,1,0
4,4853,76.29,2.2269,111.84,1341.3,1,0
4,4854,76.89,2.264,114.1,1339.7,1,0
4,4855,76.4,2.2532,114.05,1339.1,1,0
4,4856,77.61,2.2204,114.74,1339.6,1,0
4,4857,77.37,2.2456,112.91,1329.6,1,0
4,4858,79.35,2.2412,112.85,1343.6,1,0
4,4859,76.86,2.2677,114.74,1333.5,1,0
4,4860,76.38,2.2487,113.9,1335.9,1,0
4,4861,77.49,2.2397,113.21,1317.7,1,0
4,4862,79.15,2.2219,113.82,1325.4,1,0
4,4863,76.36,2.2966,113.18,1342.2,1,0
4,4864,77.69,2.2515,115.14,1332.5,1,0
4,4865,77.8,2.2381,113.79,1340.5,1,0
4,4866,77.72,2.2209,116.7,1312.4,1,0
4,4867,77.77,2.2688,113.08,1344.3,1,0
4,4868,78.28,2.235,113.37,1348.8,1,0
4,4869,77.76,2.2231,115.29,1341.1,1,0
4,4870,77.67,2.2368,118.55,1339.9,1,0
4,4871,79.11,2.2578,109.56,1333.4,1,0
4,4872,76.91,2.2476,111.97,1334.0,1,0
4,4873,78.38,2.2068,114.24,1339.9,1,0
4,4874,78.58,2.2573,117.53,1329.4,1,0
4,4875,77.75,2.2764,115.13,1335.6,1,0
4,4876,77.12,2.2774,116.13,1313.0,1,0
4,4877,79.34,2.3379,115.58,1354.5,1,0
4,4878,77.62,2.2396,111.98,1339.2,1,0
4,4879,76.97,2.3349,114.6,1343.1,1,0
4,4880,80.57,2.2544,116.23,1340.4,1,0
4,4881,77.46,2.2228,110.79,1323.2,1,0
4,4882,77.14,2.3026,110.79,1347.7,1,0
4,4883,78.18,2.2649,112.86,1336.0,1,0
4,4884,77.53,2.3178,111.17,1347.1,1,0
4,4885,77.75,2.2811,116.68,1333.9,1,0
4,4886,76.69,2.3668,112.3,1350.3,1,0
4,4887,79.96,2.3033,114.74,1341.1,1,0
4,4888,76.86,2.2951,113.96,1314.0,1,0
4,4889,79.03,2.4021,109.85,1334.6,1,0
4,4890,79.33,2.3284,111.06,1328.6,1,0
4,4891,78.37,2.3511,112.2,1332.0,1,0
4,4892,78.21,2.3587,110.73,1342.7,1,0
4,4893,78.01,2.3143,115.7,1330.5,1,0
4,4894,78.61,2.3496,116.55,1331.0,1,0
4,4895,77.23,2.4129,112.22,1329.2,1,0
4,4896,77.67,2.3355,113.47,1318.9,1,0
4,4897,77.54,2.2971,116.18,1333.0,1,0
4,4898,77.5,2.3321,113.51,1314.0,1,0
4,4899,79.59,2.329,113.41,1345.8,1,0
4,4900,79.63,2.3252,109.35,1328.6,1,0
4,4901,78.39,2.3556,113.58,1334.1,1,0
4,4902,79.49,2.3565,112.75,1343.2,1,0
4,4903,77.06,2.3672,109.87,1326.8,1,0
4,4904,79.98,2.4758,112.47,1322.2,1,0
4,4905,77.69,2.3868,113.21,1301.0,1,0
4,4906,77.69,2.3229,111.47,1321.6,1,0
4,4907,78.41,2.351,113.4,1328.5,1,0
4,4908,79.65,2.4424,109.84,1320.6,1,0
4,4909,79.85,2.3502,110.06,1316.2,1,0
4,4910,76.45,2.4147,109.44,1313.6,1,0
4,4911,79.0,2.4434,113.17,1336.3,1,0
4,4912,80.52,2.3756,110.64,1314.2,1,0
4,4913,78.22,2.3968,114.33,1324.0,1,0
4,4914,78.6,2.4058,112.25,1328.8,1,0
4,4915,79.87,2.3946,109.83,1312.5,1,0
4,4916,78.26,2.3264,112.23,1312.9,1,0
4,4917,78.09,2.3843,110.17,1322.3,1,0
4,4918,77.37,2.4199,113.26,1313.3,1,0
4,4919,80.0,2.4502,111.73,1316.4,1,0
4,4920,79.02,2.3969,110.01,1311.8,1,0
4,4921,80.93,2.3798,111.24,1307.6,1,0
4,4922,78.75,2.4037,112.1,1319.1,1,0
4,4923,80.08,2.431,113.65,1300.4,1,0
4,4924,78.49,2.4676,111.55,1297.0,1,0
4,4925,78.33,2.3953,109.15,1289.4,1,0
4,4926,80.11,2.4262,112.35,1336.8,1,0
4,4927,81.49,2.4666,109.84,1307.0,1,0
4,4928,80.8,2.4057,111.25,1309.9,1,0
4,4929,78.45,2.4475,109.22,1301.0,1,0
4,4930,78.33,2.4722,112.02,1310.3,1,0
4,4931,79.6,2.424,114.61,1301.8,1,0
4,4932,80.72,2.4121,109.98,1305.1,1,0
4,4933,79.67,2.4962,112.27,1297.4,1,0
4,4934,81.21,2.429,112.42,1295.1,1,0
4,4935,79.87,2.5137,111.16,1290.2,1,0
4,4936,78.11,2.4718,111.48,1286.2,1,0
4,4937,77.93,2.4198,111.35,1307.6,1,0
4,4938,80.57,2.4856,110.81,1293.0,1,0
4,4939,80.23,2.5037,113.87,1292.2,1,0
4,4940,79.61,2.5001,111.11,1305.6,1,0
4,4941,80.05,2.4942,109.32,1279.5,1,0
4,4942,78.33,2.5402,111.29,1313.9,1,0
4,4943,79.38,2.4748,111.78,1288.2,1,0
4,4944,79.8,2.4909,113.1,1305.8,1,0
4,4945,82.02,2.4742,111.79,1299.7,1,0
4,4946,81.22,2.4999,108.46,1297.6,1,0
4,4947,81.4,2.4849,113.9,1287.2,1,0
4,4948,80.63,2.4216,109.2,1291.0,1,0
4,4949,80.76,2.5102,113.02,1283.6,1,0
4,4950,80.24,2.5134,107.24,1283.4,1,0
4,4951,81.49,2.4839,109.34,1298.3,1,0
4,4952,79.74,2.4336,109.92,1299.0,1,0
4,4953,82.63,2.5592,110.76,1293.8,1,0
4,4954,81.66,2.4389,110.16,1274.3,1,0
4,4955,80.06,2.4504,110.85,1301.2,1,0
4,4956,79.69,2.5048,108.76,1290.7,1,0
4,4957,79.85,2.4789,111.99,1293.1,1,0
4,4958,80.74,2.4223,113.15,1290.8,1,0
4,4959,77.29,2.4407,113.24,1300.0,1,0
4,4960,81.55,2.4667,111.64,1285.5,1,0
4,4961,82.07,2.4448,114.45,1281.9,1,0
4,4962,83.84,2.4776,109.93,1276.7,1,0
4,4963,80.91,2.4644,111.48,1283.0,1,0
4,4964,81.7,2.5218,111.26,1300.4,1,0
4,4965,82.6,2.4228,112.22,1305.1,1,0
4,4966,80.03,2.5262,111.4,1292.8,1,0
4,4967,82.05,2.4948,109.56,1284.2,1,0
4,4968,82.36,2.432,111.53,1299.5,1,0
4,4969,83.19,2.3832,112.46,1274.2,1,0
4,4970,83.89,2.4357,110.72,1292.9,1,0
4,4971,84.46,2.3649,113.17,1286.5,1,0
4,4972,82.22,2.4079,108.33,1277.6,1,0
4,4973,82.14,2.3807,112.38,1278.7,1,0
4,4974,82.44,2.4319,114.71,1293.3,1,0
4,4975,82.12,2.4889,108.49,1272.6,1,0
4,4976,81.45,2.3785,110.41,1284.6,1,0
4,4977,81.44,2.441,114.2,1287.7,1,0
4,4978,82.29,2.4048,109.77,1263.0,1,0
4,4979,83.42,2.4733,111.08,1271.2,1,0
4,4980,82.04,2.4662,115.04,1278.3,1,0
4,4981,83.23,2.3578,117.24,1287.3,1,0
4,4982,84.09,2.4173,115.81,1302.5,1,0
4,4983,83.3,2.4505,113.41,1289.7,1,0
4,4984,81.45,2.461,115.97,1282.6,1,0
4,4985,82.17,2.4217,115.53,1283.6,1,0
4,4986,83.22,2.4103,114.19,1258.9,1,0
4,4987,81.1,2.4646,113.09,1274.5,1,0
4,4988,82.57,2.4164,114.75,1310.8,1,0
4,4989,83.69,2.4017,114.34,1270.8,1,0
4,4990,81.39,2.4619,110.72,1287.2,1,0
4,4991,83.16,2.4558,115.34,1284.5,1,0
4,4992,83.51,2.376,113.73,1269.1,1,0
4,4993,85.1,2.4273,109.31,1278.9,1,0
4,4994,83.46,2.4157,112.67,1286.7,1,0
4,4995,85.63,2.4435,112.86,1271.5,1,0
4,4996,83.62,2.4536,112.69,1278.5,1,0
4,4997,80.77,2.4459,114.1,1277.0,1,0
4,4998,83.46,2.4396,111.78,1283.3,1,0
4,4999,84.82,2.379,112.7,1296.0,1,0
5,0,60.7,0.4688,98.83,1514.2,0,4600
5,1,61.53,0.5756,100.02,1493.0,0,4599
5,2,61.09,0.5588,101.99,1505.3,0,4598
5,3,59.19,0.5354,102.66,1485.1,0,4597
5,4,60.69,0.4916,97.32,1508.8,0,4596
5,5,60.04,0.4919,99.77,1498.6,0,4595
5,6,60.21,0.5552,95.88,1491.0,0,4594
5,7,59.67,0.4924,99.82,1506.0,0,4593
5,8,60.29,0.4753,102.75,1506.5,0,4592
5,9,61.48,0.5373,98.07,1501.7,0,4591
5,10,59.46,0.5461,101.95,1504.1,0,4590
5,11,60.57,0.5351,98.8,1500.5,0,4589
5,12,62.48,0.5519,100.62,1505.3,0,4588
5,13,60.09,0.5768,96.94,1501.4,0,4587
5,14,60.23,0.4821,99.9,1526.3,0,4586
5,15,61.73,0.4367,99.86,1504.8,0,4585
5,16,60.89,0.4992,100.63,1491.2,0,4584
5,17,60.73,0.5568,103.75,1499.9,0,4583
5,18,62.84,0.5267,104.78,1498.3,0,4582
5,19,59.34,0.5937,100.12,1500.4,0,4581
5,20,60.83,0.5329,101.29,1503.9,0,4580
5,21,60.47,0.5899,104.0,1499.0,0,4579
5,22,59.18,0.5376,101.4,1517.5,0,4578
5,23,60.1,0.5319,101.35,1514.0,0,4577
5,24,61.15,0.5897,100.39,1514.5,0,4576
5,25,59.4,0.5611,98.0,1518.7,0,4575
5,26,61.14,0.5333,98.76,1506.6,0,4574
5,27,61.02,0.5444,99.6,1515.2,0,4573
5,28,62.58,0.5709,102.44,1514.9,0,4572
5,29,61.81,0.5561,106.41,1503.2,0,4571
5,30,61.43,0.5517,99.1,1504.1,0,4570
5,31,61.44,0.5797,101.59,1512.2,0,4569
5,32,61.04,0.523,102.98,1517.8,0,4568
5,33,61.05,0.5785,99.19,1519.0,0,4567
5,34,61.73,0.5446,102.05,1516.4,0,4566
5,35,60.54,0.5981,102.1,1532.4,0,4565
5,36,60.04,0.5985,102.8,1517.3,0,4564
5,37,61.38,0.5626,104.2,1524.3,0,4563
5,38,62.4,0.492,103.02,1511.7,0,4562
5,39,60.93,0.5425,101.59,1515.8,0,4561
5,40,58.71,0.6849,103.28,1498.1,0,4560
5,41,62.59,0.546,98.76,1517.1,0,4559
5,42,62.03,0.5557,100.96,1533.0,0,4558
5,43,61.61,0.5417,102.92,1523.3,0,4557
5,44,61.94,0.5367,105.81,1522.1,0,4556
5,45,62.71,0.5467,102.79,1530.3,0,4555
5,46,63.64,0.5605,101.17,1515.4,0,4554
5,47,61.86,0.5403,103.32,1522.9,0,4553
5,48,62.17,0.5273,99.36,1522.5,0,4552
5,49,64.56,0.5151,100.75,1511.6,0,4551
5,50,63.27,0.5597,96.7,1525.4,0,4550
5,51,61.08,0.4365,101.93,1520.8,0,4549
5,52,60.78,0.5299,103.43,1519.3,0,4548
5,53,65.12,0.5341,98.28,1529.0,0,4547
5,54,60.46,0.5515,106.02,1525.2,0,4546
5,55,63.47,0.4603,101.96,1522.9,0,4545
5,56,61.83,0.3966,102.1,1503.0,0,4544
5,57,63.01,0.512,103.89,1507.7,0,4543
5,58,63.99,0.5365,102.66,1526.8,0,4542
5,59,60.48,0.5125,102.99,1514.6,0,4541
5,60,62.65,0.5142,103.35,1524.8,0,4540
5,61,64.5,0.4568,102.31,1515.4,0,4539
5,62,64.05,0.4676,102.84,1540.3,0,4538
5,63,65.42,0.4649,104.09,1512.6,0,4537
5,64,61.96,0.4817,104.26,1540.2,0,4536
5,65,62.55,0.4828,101.42,1534.7,0,4535
5,66,62.85,0.4542,105.79,1515.0,0,4534
5,67,63.43,0.5038,104.14,1512.2,0,4533
5,68,62.46,0.4956,106.22,1513.3,0,4532
5,69,62.57,0.4497,100.17,1489.9,0,4531
5,70,62.71,0.4055,102.49,1533.2,0,4530
5,71,63.44,0.4629,101.68,1520.4,0,4529
5,72,63.62,0.465,104.76,1495.6,0,4528
5,73,62.68,0.4786,107.62,1530.5,0,4527
5,74,63.52,0.4921,104.59,1511.3,0,4526
5,75,65.54,0.4685,103.8,1499.1,0,4525
5,76,61.9,0.4494,101.08,1526.9,0,4524
5,77,64.77,0.5473,102.5,1515.3,0,4523
5,78,63.77,0.4266,103.93,1507.4,0,4522
5,79,63.05,0.3984,107.11,1515.4,0,4521
5,80,63.42,0.4463,98.56,1513.3,0,4520
5,81,62.38,0.4698,105.21,1506.6,0,4519
5,82,63.48,0.4697,101.0,1492.9,0,4518
5,83,61.28,0.4431,105.97,1516.9,0,4517
5,84,63.71,0.3791,103.39,1503.0,0,4516
5,85,63.65,0.4691,102.89,1521.4,0,4515
5,86,65.48,0.4796,98.8,1518.1,0,4514
5,87,63.41,0.4568,103.08,1494.1,0,4513
5,88,62.97,0.4496,104.53,1512.9,0,4512
5,89,63.1,0.5133,106.69,1495.1,0,4511
5,90,62.43,0.4062,101.87,1519.6,0,4510
5,91,65.44,0.5481,100.92,1506.4,0,4509
5,92,64.14,0.4794,105.12,1507.5,0,4508
5,93,64.75,0.4633,106.38,1506.9,0,4507
5,94,65.46,0.5121,101.71,1519.4,0,4506
5,95,63.33,0.438,103.24,1502.2,0,4505
5,96,63.73,0.4909,101.26,1501.8,0,4504
5,97,64.52,0.4334,103.69,1509.4,0,4503
5,98,64.37,0.4797,102.04,1518.0,0,4502
5,99,63.03,0.5007,104.26,1530.4,0,4501
5,100,63.96,0.452,102.47,1499.9,0,4500
5,101,63.57,0.3619,102.87,1495.1,0,4499
5,102,64.61,0.486,100.43,1499.5,0,4498
5,103,61.92,0.4613,104.28,1514.6,0,4497
5,104,65.6,0.4856,107.24,1488.3,0,4496
5,105,63.12,0.4301,98.83,1504.2,0,4495
5,106,63.64,0.5206,101.21,1484.2,0,4494
5,107,63.85,0.5314,102.79,1497.4,0,4493
5,108,64.16,0.5037,103.27,1510.4,0,4492
5,109,63.95,0.4956,101.65,1494.5,0,4491
5,110,64.66,0.4796,100.22,1488.5,0,4490
5,111,64.05,0.4015,99.29,1487.0,0,4489
5,112,66.98,0.5038,99.65,1486.7,0,4488
5,113,64.25,0.5043,100.53,1487.9,0,4487
5,114,64.88,0.4789,102.33,1495.9,0,4486
5,115,62.19,0.4698,104.12,1508.9,0,4485
5,116,64.52,0.4738,101.84,1499.0,0,4484
5,117,63.61,0.472,103.56,1479.5,0,4483
5,118,67.0,0.4883,98.52,1488.8,0,4482
5,119,64.87,0.448,101.81,1480.1,0,4481
5,120,65.66,0.4974,104.25,1496.5,0,4480
5,121,66.22,0.4933,99.76,1502.2,0,4479
5,122,67.14,0.5043,103.86,1488.9,0,4478
5,123,62.37,0.5185,98.73,1486.6,0,4477
5,124,65.21,0.5452,102.72,1472.0,0,4476
5,125,65.28,0.5662,97.66,1509.7,0,4475
5,126,66.09,0.5308,101.16,1492.3,0,4474
5,127,64.24,0.503,101.01,1475.0,0,4473
5,128,64.38,0.5799,105.01,1477.9,0,4472
5,129,64.88,0.5767,100.59,1478.9,0,4471
5,130,65.62,0.4312,95.65,1487.8,0,4470
5,131,65.73,0.46,100.57,1501.4,0,4469
5,132,62.65,0.4757,102.31,1467.3,0,4468
5,133,64.25,0.5772,99.72,1480.0,0,4467
5,134,64.98,0.5136,103.39,1474.7,0,4466
5,135,64.41,0.5592,98.7,1497.6,0,4465
5,136,66.48,0.5285,103.0,1478.9,0,4464
5,137,65.58,0.5725,103.62,1469.5,0,4463
5,138,64.31,0.5574,99.02,1475.8,0,4462
5,139,64.41,0.4978,102.67,1486.9,0,4461
5,140,65.87,0.5355,100.43,1478.8,0,4460
5,141,66.65,0.5034,97.44,1499.1,0,4459
5,142,65.0,0.5802,100.84,1476.2,0,4458
5,143,63.93,0.5411,100.89,1484.9,0,4457
5,144,65.87,0.558,102.38,1471.3,0,4456
5,145,62.63,0.5343,105.36,1487.9,0,4455
5,146,64.05,0.5513,102.3,1462.4,0,4454
5,147,66.27,0.4809,99.41,1455.0,0,4453
5,148,64.06,0.4642,98.34,1491.3,0,4452
5,149,66.0,0.497,99.12,1482.2,0,4451
5,150,66.64,0.5809,102.84,1489.1,0,4450
5,151,67.21,0.5548,100.4,1481.6,0,4449
5,152,65.7,0.5681,99.12,1470.0,0,4448
5,153,66.68,0.5429,102.39,1485.1,0,4447
5,154,66.26,0.5549,99.53,1502.1,0,4446
5,155,63.49,0.5379,95.83,1474.4,0,4445
5,156,66.43,0.5084,98.5,1484.0,0,4444
5,157,64.69,0.5044,102.66,1485.5,0,4443
5,158,64.34,0.581,98.22,1490.5,0,4442
5,159,63.08,0.5189,98.93,1478.9,0,4441
5,160,63.73,0.6079,99.1,1469.8,0,4440
5,161,65.17,0.5406,97.71,1472.3,0,4439
5,162,67.03,0.5541,103.19,1485.2,0,4438
5,163,66.81,0.6273,97.55,1477.2,0,4437
5,164,65.46,0.5363,99.65,1477.0,0,4436
5,165,64.39,0.5463,99.88,1486.4,0,4435
5,166,67.15,0.5036,98.76,1485.4,0,4434
5,167,64.74,0.5266,97.3,1464.3,0,4433
5,168,63.74,0.5634,98.75,1467.8,0,4432
5,169,66.93,0.5131,99.37,1493.2,0,4431
5,170,64.08,0.5833,97.05,1469.1,0,4430
5,171,65.53,0.547,97.5,1489.5,0,4429
5,172,64.08,0.6012,101.76,1487.1,0,4428
5,173,64.88,0.5737,98.26,1492.0,0,4427
5,174,65.73,0.6185,98.14,1503.1,0,4426
5,175,63.73,0.5527,101.58,1476.0,0,4425
5,176,65.05,0.5494,98.65,1505.0,0,4424
5,177,66.35,0.451,97.42,1479.6,0,4423
5,178,67.88,0.5512,99.77,1476.0,0,4422
5,179,66.09,0.5801,99.72,1470.6,0,4421
5,180,66.7,0.4518,99.14,1493.8,0,4420
5,181,64.5,0.522,101.7,1473.0,0,4419
5,182,64.4,0.5669,98.27,1480.8,0,4418
5,183,67.08,0.5035,102.83,1499.3,0,4417
5,184,66.67,0.4881,97.54,1500.1,0,4416
5,185,65.58,0.4652,98.62,1492.2,0,4415
5,186,63.34,0.5443,102.27,1490.6,0,4414
5,187,64.5,0.5644,97.93,1494.7,0,4413
5,188,65.0,0.5113,98.0,1493.0,0,4412
5,189,64.29,0.4682,97.38,1514.1,0,4411
5,190,65.49,0.4927,96.15,1482.5,0,4410
5,191,64.52,0.4269,97.59,1487.4,0,4409
5,192,64.74,0.4435,98.74,1483.8,0,4408
5,193,64.44,0.4027,99.67,1491.6,0,4407
5,194,64.41,0.5136,97.2,1495.8,0,4406
5,195,65.0,0.4875,99.47,1511.1,0,4405
5,196,64.59,0.5395,95.94,1476.5,0,4404
5,197,62.11,0.5257,99.6,1481.5,0,4403
5,198,65.79,0.4724,99.47,1510.2,0,4402
5,199,62.43,0.4802,98.42,1504.2,0,4401
5,200,63.79,0.5197,95.91,1493.9,0,4400
5,201,64.42,0.4842,97.8,1496.3,0,4399
5,202,63.35,0.5288,97.33,1483.8,0,4398
5,203,64.35,0.558,96.98,1496.8,0,4397
5,204,65.58,0.488,96.08,1490.4,0,4396
5,205,65.77,0.4624,95.95,1508.8,0,4395
5,206,62.55,0.4211,95.97,1502.7,0,4394
5,207,64.6,0.4786,94.92,1496.8,0,4393
5,208,64.98,0.5111,95.53,1495.6,0,4392
5,209,61.93,0.4299,94.3,1494.0,0,4391
5,210,63.94,0.4595,99.65,1482.6,0,4390
5,211,64.52,0.504,93.2,1515.7,0,4389
5,212,63.34,0.4224,98.88,1497.1,0,4388
5,213,64.33,0.4661,97.18,1522.3,0,4387
5,214,64.49,0.4658,94.13,1493.8,0,4386
5,215,64.78,0.4176,97.08,1505.2,0,4385
5,216,63.73,0.3753,98.36,1508.7,0,4384
5,217,62.42,0.4169,97.75,1523.0,0,4383
5,218,64.5,0.4776,98.01,1487.9,0,4382
5,219,63.75,0.449,99.66,1507.6,0,4381
5,220,63.68,0.4822,96.13,1510.0,0,4380
5,221,65.6,0.4995,97.18,1515.4,0,4379
5,222,63.28,0.4521,97.47,1500.4,0,4378
5,223,65.21,0.3916,97.64,1528.6,0,4377
5,224,63.32,0.4452,96.13,1518.4,0,4376
5,225,63.95,0.3862,96.1,1521.8,0,4375
5,226,62.05,0.48,99.19,1496.1,0,4374
5,227,64.56,0.4802,96.76,1512.1,0,4373
5,228,64.05,0.396,93.72,1500.2,0,4372
5,229,61.91,0.4948,96.29,1515.3,0,4371
5,230,62.97,0.5023,99.61,1512.1,0,4370
5,231,62.87,0.4981,95.63,1509.9,0,4369
5,232,62.64,0.4223,99.56,1502.9,0,4368
5,233,63.99,0.4382,97.78,1497.8,0,4367
5,234,62.59,0.4195,92.83,1527.9,0,4366
5,235,63.86,0.4361,97.49,1500.8,0,4365
5,236,64.1,0.4907,94.79,1531.5,0,4364
5,237,65.01,0.4779,97.72,1521.3,0,4363
5,238,62.86,0.47,94.0,1503.8,0,4362
5,239,64.04,0.455,98.59,1497.4,0,4361
5,240,65.07,0.4793,99.87,1514.0,0,4360
5,241,62.5,0.5247,96.4,1518.4,0,4359
5,242,64.03,0.5177,95.75,1507.4,0,4358
5,243,63.07,0.4958,98.87,1513.2,0,4357
5,244,63.01,0.4501,90.58,1520.3,0,4356
5,245,62.93,0.5356,95.94,1514.1,0,4355
5,246,62.18,0.4779,95.0,1529.8,0,4354
5,247,63.93,0.5301,95.74,1510.8,0,4353
5,248,63.04,0.5457,97.04,1519.6,0,4352
5,249,64.59,0.5234,99.54,1530.4,0,4351
5,250,61.2,0.5205,99.55,1527.3,0,4350
5,251,63.46,0.4978,98.67,1504.7,0,4349
5,252,61.51,0.4618,97.91,1529.5,0,4348
5,253,63.43,0.477,96.65,1523.1,0,4347
5,254,64.27,0.5168,99.96,1522.2,0,4346
5,255,61.78,0.5106,94.46,1539.3,0,4345
5,256,63.49,0.5621,94.3,1513.2,0,4344
5,257,61.01,0.6011,98.11,1517.1,0,4343
5,258,61.04,0.494,97.16,1513.5,0,4342
5,259,62.36,0.6322,95.59,1515.7,0,4341
5,260,61.19,0.5171,96.41,1526.0,0,4340
5,261,63.64,0.5303,94.78,1532.6,0,4339
5,262,62.18,0.491,94.79,1514.0,0,4338
5,263,62.0,0.5592,97.51,1516.9,0,4337
5,264,61.87,0.5068,96.46,1521.5,0,4336
5,265,63.72,0.562,97.58,1533.7,0,4335
5,266,62.54,0.5648,98.88,1535.0,0,4334
5,267,62.03,0.5463,94.18,1501.5,0,4333
5,268,63.98,0.4973,97.17,1508.7,0,4332
5,269,64.06,0.5602,95.89,1511.6,0,4331
5,270,61.47,0.5164,99.67,1525.1,0,4330
5,271,61.07,0.5841,99.53,1528.8,0,4329
5,272,59.7,0.5462,98.0,1532.2,0,4328
5,273,59.46,0.5538,100.63,1534.2,0,4327
5,274,62.12,0.5132,99.26,1509.6,0,4326
5,275,63.61,0.6017,100.93,1497.8,0,4325
5,276,63.22,0.4942,96.19,1515.3,0,4324
5,277,63.65,0.5973,97.27,1528.7,0,4323
5,278,61.64,0.5223,96.32,1516.9,0,4322
5,279,60.71,0.5538,96.45,1513.4,0,4321
5,280,61.7,0.4494,95.2,1522.5,0,4320
5,281,61.5,0.5345,100.38,1499.9,0,4319
5,282,63.93,0.4678,101.22,1518.7,0,4318
5,283,61.08,0.5001,99.41,1512.0,0,4317
5,284,61.96,0.5861,99.03,1520.6,0,4316
5,285,61.69,0.5475,96.19,1513.9,0,4315
5,286,61.59,0.5507,98.86,1518.8,0,4314
5,287,60.74,0.5359,98.57,1503.1,0,4313
5,288,61.3,0.5304,99.29,1527.6,0,4312
5,289,62.56,0.5938,95.26,1518.5,0,4311
5,290,60.6,0.532,96.29,1514.9,0,4310
5,291,61.17,0.5396,97.25,1517.9,0,4309
5,292,61.42,0.5344,96.66,1514.1,0,4308
5,293,60.98,0.5473,100.39,1523.1,0,4307
5,294,59.57,0.5304,98.27,1501.9,0,4306
5,295,59.56,0.4952,97.87,1523.2,0,4305
5,296,61.47,0.5522,100.7,1512.0,0,4304
5,297,59.31,0.4928,97.6,1499.6,0,4303
5,298,61.62,0.5601,98.88,1498.6,0,4302
5,299,58.06,0.5078,99.04,1498.7,0,4301
5,300,60.32,0.4647,99.06,1491.8,0,4300
5,301,60.2,0.508,99.34,1514.8,0,4299
5,302,61.77,0.5209,103.59,1504.1,0,4298
5,303,60.59,0.5573,101.17,1527.4,0,4297
5,304,59.07,0.5372,96.82,1502.4,0,4296
5,305,60.1,0.5407,100.53,1508.8,0,4295
5,306,65.45,0.5319,97.8,1515.6,0,4294
5,307,58.65,0.5243,103.72,1484.4,0,4293
5,308,61.47,0.5558,99.03,1506.4,0,4292
5,309,60.63,0.5204,101.97,1509.3,0,4291
5,310,60.06,0.5326,99.64,1493.0,0,4290
5,311,59.39,0.4511,104.12,1505.9,0,4289
5,312,59.98,0.5329,98.58,1495.4,0,4288
5,313,58.79,0.5302,99.66,1498.2,0,4287
5,314,58.54,0.4971,100.89,1497.0,0,4286
5,315,59.46,0.5298,98.47,1497.0,0,4285
5,316,60.04,0.5287,98.78,1480.0,0,4284
5,317,59.2,0.4985,102.02,1514.4,0,4283
5,318,59.61,0.5234,103.73,1492.9,0,4282
5,319,60.12,0.4444,102.44,1490.1,0,4281
5,320,59.42,0.4554,102.68,1503.3,0,4280
5,321,60.49,0.4848,102.17,1503.8,0,4279
5,322,61.47,0.5147,99.21,1493.9,0,4278
5,323,61.39,0.4991,102.21,1487.0,0,4277
5,324,58.89,0.455,101.04,1493.4,0,4276
5,325,59.96,0.5416,99.98,1481.1,0,4275
5,326,62.16,0.5128,99.66,1497.5,0,4274
5,327,59.4,0.4291,99.6,1492.7,0,4273
5,328,59.05,0.4314,101.68,1490.7,0,4272
5,329,58.93,0.4679,102.42,1489.4,0,4271
5,330,58.93,0.4133,101.55,1509.4,0,4270
5,331,59.19,0.4808,97.53,1490.5,0,4269
5,332,60.23,0.4231,104.38,1483.7,0,4268
5,333,58.79,0.487,97.73,1478.6,0,4267
5,334,58.59,0.4621,102.0,1475.6,0,4266
5,335,58.68,0.4616,100.29,1491.4,0,4265
5,336,60.44,0.4445,103.69,1492.1,0,4264
5,337,58.32,0.4711,103.46,1483.7,0,4263
5,338,59.71,0.4629,99.07,1502.9,0,4262
5,339,59.74,0.4166,100.62,1499.5,0,4261
5,340,58.54,0.5327,97.16,1478.7,0,4260
5,341,58.37,0.4466,102.62,1473.9,0,4259
5,342,57.1,0.4771,97.38,1486.4,0,4258
5,343,59.74,0.4564,97.42,1463.8,0,4257
5,344,59.91,0.506,103.26,1460.2,0,4256
5,345,59.18,0.4643,103.7,1482.7,0,4255
5,346,59.37,0.5164,102.05,1484.4,0,4254
5,347,61.72,0.4432,102.56,1474.5,0,4253
5,348,58.87,0.4954,98.8,1493.6,0,4252
5,349,59.8,0.4016,100.25,1480.5,0,4251
5,350,59.46,0.4716,99.96,1466.7,0,4250
5,351,57.52,0.3858,103.15,1516.3,0,4249
5,352,58.09,0.3969,105.53,1477.9,0,4248
5,353,57.74,0.4951,99.06,1487.8,0,4247
5,354,57.85,0.4642,100.78,1484.5,0,4246
5,355,56.26,0.4449,100.84,1499.4,0,4245
5,356,57.5,0.5171,102.56,1459.3,0,4244
5,357,58.3,0.5066,106.08,1474.9,0,4243
5,358,60.23,0.39,102.36,1495.9,0,4242
5,359,57.65,0.4897,103.31,1483.8,0,4241
5,360,58.46,0.4325,103.34,1480.2,0,4240
5,361,56.79,0.5036,104.55,1488.0,0,4239
5,362,57.42,0.4271,105.37,1485.0,0,4238
5,363,57.68,0.5497,98.33,1476.4,0,4237
5,364,58.81,0.483,104.36,1481.6,0,4236
5,365,55.84,0.481,101.4,1465.9,0,4235
5,366,58.62,0.4673,103.43,1487.9,0,4234
5,367,57.59,0.5056,104.1,1479.9,0,4233
5,368,55.97,0.4862,101.83,1484.9,0,4232
5,369,56.74,0.5381,105.52,1488.1,0,4231
5,370,55.89,0.4524,100.89,1489.8,0,4230
5,371,56.78,0.5165,103.67,1469.6,0,4229
5,372,57.86,0.4184,99.85,1467.3,0,4228
5,373,58.14,0.5536,101.2,1480.5,0,4227
5,374,56.43,0.5009,104.62,1488.1,0,4226
5,375,55.04,0.4947,103.72,1498.7,0,4225
5,376,55.98,0.5242,101.27,1480.0,0,4224
5,377,57.25,0.4792,102.57,1462.2,0,4223
5,378,56.11,0.5029,103.87,1483.1,0,4222
5,379,57.52,0.4775,108.92,1499.0,0,4221
5,380,56.43,0.473,101.08,1490.1,0,4220
5,381,59.25,0.5694,104.81,1486.7,0,4219
5,382,58.18,0.4836,100.75,1480.5,0,4218
5,383,56.01,0.5814,102.7,1475.6,0,4217
5,384,56.43,0.4429,106.07,1474.8,0,4216
5,385,57.07,0.5199,99.05,1484.8,0,4215
5,386,58.37,0.4788,105.31,1490.6,0,4214
5,387,54.36,0.595,102.84,1497.4,0,4213
5,388,56.17,0.5462,103.51,1454.3,0,4212
5,389,55.33,0.5763,102.85,1489.1,0,4211
5,390,56.64,0.497,102.45,1484.4,0,4210
5,391,57.0,0.4617,101.79,1487.3,0,4209
5,392,58.89,0.5089,102.35,1485.9,0,4208
5,393,54.42,0.5008,100.63,1485.7,0,4207
5,394,58.12,0.5057,104.57,1483.9,0,4206
5,395,55.77,0.4975,100.99,1481.3,0,4205
5,396,53.16,0.5153,102.7,1513.9,0,4204
5,397,56.65,0.5229,103.05,1491.8,0,4203
5,398,56.11,0.5518,102.34,1481.0,0,4202
5,399,54.85,0.5423,100.53,1465.5,0,4201
5,400,55.39,0.5005,102.46,1486.2,0,4200
5,401,55.57,0.5292,106.31,1472.2,0,4199
5,402,56.66,0.5084,105.12,1490.3,0,4198
5,403,55.0,0.5728,102.33,1488.6,0,4197
5,404,55.18,0.5186,102.47,1497.4,0,4196
5,405,57.56,0.5276,100.68,1474.2,0,4195
5,406,54.41,0.4843,101.81,1493.5,0,4194
5,407,54.79,0.5303,106.11,1494.3,0,4193
5,408,54.31,0.6083,104.02,1469.4,0,4192
5,409,56.94,0.5898,103.42,1485.8,0,4191
5,410,54.51,0.5319,102.89,1504.4,0,4190
5,411,57.76,0.5566,100.06,1514.6,0,4189
5,412,55.11,0.5242,104.26,1485.7,0,4188
5,413,54.88,0.5162,101.26,1491.0,0,4187
5,414,56.06,0.5506,105.33,1516.5,0,4186
5,415,58.3,0.6089,104.51,1483.0,0,4185
5,416,54.89,0.5444,106.0,1516.3,0,4184
5,417,53.94,0.5535,102.56,1494.0,0,4183
5,418,55.92,0.5782,98.65,1491.2,0,4182
5,419,56.47,0.6023,103.39,1502.1,0,4181
5,420,53.63,0.533,102.27,1511.6,0,4180
5,421,58.49,0.4798,105.03,1499.5,0,4179
5,422,55.45,0.492,100.52,1499.5,0,4178
5,423,56.7,0.5757,104.26,1501.2,0,4177
5,424,56.01,0.5549,101.97,1492.3,0,4176
5,425,55.79,0.4829,102.1,1505.4,0,4175
5,426,55.04,0.5239,102.39,1520.7,0,4174
5,427,57.34,0.498,99.5,1489.0,0,4173
5,428,57.04,0.5708,102.28,1494.2,0,4172
5,429,54.72,0.5331,100.51,1499.1,0,4171
5,430,58.76,0.5662,99.39,1505.2,0,4170
5,431,56.57,0.5627,101.31,1504.0,0,4169
5,432,55.75,0.5386,102.64,1509.9,0,4168
5,433,55.0,0.57,102.47,1511.0,0,4167
5,434,55.5,0.4815,102.16,1511.7,0,4166
5,435,55.55,0.5862,102.18,1492.0,0,4165
5,436,56.26,0.5283,101.25,1503.8,0,4164
5,437,55.03,0.557,101.19,1525.5,0,4163
5,438,56.3,0.4753,104.39,1512.8,0,4162
5,439,55.14,0.5291,101.67,1514.5,0,4161
5,440,55.77,0.5039,101.64,1508.0,0,4160
5,441,54.21,0.4763,100.91,1524.5,0,4159
5,442,55.35,0.4294,101.93,1511.6,0,4158
5,443,54.05,0.5021,104.01,1516.6,0,4157
5,444,54.75,0.4826,101.22,1514.2,0,4156
5,445,55.68,0.5088,99.71,1500.9,0,4155
5,446,55.41,0.4885,102.1,1500.8,0,4154
5,447,56.24,0.4926,100.32,1521.3,0,4153
5,448,54.46,0.4924,100.09,1525.1,0,4152
5,449,54.56,0.5437,100.97,1519.8,0,4151
5,450,55.98,0.4634,101.76,1520.5,0,4150
5,451,54.02,0.5181,100.34,1531.1,0,4149
5,452,56.81,0.564,100.29,1521.6,0,4148
5,453,54.9,0.4444,103.34,1518.5,0,4147
5,454,54.94,0.4807,103.42,1539.6,0,4146
5,455,54.24,0.3999,102.33,1521.2,0,4145
5,456,57.58,0.4426,100.76,1502.9,0,4144
5,457,54.51,0.4943,103.81,1528.1,0,4143
5,458,54.31,0.4802,99.22,1504.5,0,4142
5,459,55.54,0.3924,101.68,1525.8,0,4141
5,460,56.41,0.4679,100.54,1515.7,0,4140
5,461,55.97,0.4268,100.37,1519.4,0,4139
5,462,56.26,0.3891,101.16,1536.9,0,4138
5,463,55.09,0.4838,95.82,1516.9,0,4137
5,464,57.22,0.4907,100.79,1507.6,0,4136
5,465,55.37,0.4265,98.35,1507.9,0,4135
5,466,54.31,0.5417,101.35,1528.1,0,4134
5,467,55.87,0.4754,100.06,1513.4,0,4133
5,468,54.97,0.4576,101.84,1526.0,0,4132
5,469,56.14,0.4973,101.22,1506.8,0,4131
5,470,55.17,0.5181,102.09,1522.6,0,4130
5,471,57.05,0.4652,104.38,1526.5,0,4129
5,472,56.33,0.3894,100.63,1525.6,0,4128
5,473,57.32,0.4529,98.75,1524.8,0,4127
5,474,55.88,0.4867,98.66,1525.6,0,4126
5,475,55.41,0.5007,97.57,1521.6,0,4125
5,476,53.11,0.3802,101.11,1522.4,0,4124
5,477,56.28,0.4282,100.04,1519.0,0,4123
5,478,56.68,0.4661,98.55,1510.0,0,4122
5,479,53.63,0.4328,102.4,1519.9,0,4121
5,480,52.69,0.5115,98.93,1545.2,0,4120
5,481,53.44,0.3955,100.85,1523.9,0,4119
5,482,55.09,0.5051,98.54,1523.2,0,4118
5,483,53.2,0.4133,97.5,1533.1,0,4117
5,484,52.97,0.4705,98.87,1514.8,0,4116
5,485,53.94,0.458,96.43,1511.0,0,4115
5,486,54.67,0.4221,98.48,1509.9,0,4114
5,487,52.26,0.4758,95.42,1522.3,0,4113
5,488,55.01,0.4486,98.92,1519.0,0,4112
5,489,53.67,0.4824,98.9,1517.8,0,4111
5,490,52.17,0.4638,97.51,1516.2,0,4110
5,491,54.83,0.4159,98.16,1535.9,0,4109
5,492,54.21,0.4176,97.41,1507.6,0,4108
5,493,54.27,0.4234,99.04,1502.0,0,4107
5,494,55.29,0.4915,98.22,1512.7,0,4106
5,495,56.47,0.5512,97.64,1518.6,0,4105
5,496,55.1,0.4892,96.53,1501.0,0,4104
5,497,55.76,0.5195,100.72,1518.8,0,4103
5,498,55.67,0.4818,95.36,1523.6,0,4102
5,499,57.28,0.5584,96.9,1502.2,0,4101
5,500,55.19,0.4538,100.11,1501.1,0,4100
5,501,54.69,0.4794,99.68,1517.6,0,4099
5,502,54.47,0.5053,97.75,1516.7,0,4098
5,503,55.69,0.4686,99.1,1502.6,0,4097
5,504,53.24,0.5229,99.06,1512.3,0,4096
5,505,55.04,0.5253,96.04,1506.4,0,4095
5,506,56.94,0.4401,93.43,1496.9,0,4094
5,507,56.26,0.486,99.18,1515.3,0,4093
5,508,55.72,0.5791,97.06,1527.8,0,4092
5,509,55.98,0.5026,99.11,1515.0,0,4091
5,510,55.79,0.5427,98.93,1516.2,0,4090
5,511,55.64,0.5764,96.24,1507.6,0,4089
5,512,55.48,0.5,96.17,1505.9,0,4088
5,513,55.21,0.485,99.11,1514.0,0,4087
5,514,52.54,0.5607,99.23,1506.7,0,4086
5,515,54.11,0.5213,98.58,1502.0,0,4085
5,516,57.39,0.5358,97.19,1497.7,0,4084
5,517,56.56,0.4697,99.21,1509.3,0,4083
5,518,54.39,0.5089,100.12,1492.9,0,4082
5,519,52.99,0.5392,96.81,1511.4,0,4081
5,520,58.44,0.5428,97.6,1510.3,0,4080
5,521,52.89,0.5587,97.14,1517.1,0,4079
5,522,55.79,0.4558,98.95,1512.3,0,4078
5,523,56.26,0.4055,98.99,1493.0,0,4077
5,524,56.81,0.5093,96.59,1486.9,0,4076
5,525,56.38,0.4927,100.8,1490.6,0,4075
5,526,56.63,0.5393,100.3,1507.2,0,4074
5,527,55.83,0.5564,97.23,1487.4,0,4073
5,528,56.05,0.5528,98.9,1502.0,0,4072
5,529,55.59,0.6019,95.29,1495.6,0,4071
5,530,54.19,0.536,100.83,1497.2,0,4070
5,531,56.78,0.5637,97.69,1490.4,0,4069
5,532,56.09,0.6057,98.15,1497.9,0,4068
5,533,54.82,0.5177,99.15,1480.1,0,4067
5,534,57.69,0.5327,97.6,1504.0,0,4066
5,535,55.96,0.5803,98.08,1502.0,0,4065
5,536,53.58,0.5239,93.98,1499.9,0,4064
5,537,55.81,0.5684,96.35,1501.9,0,4063
5,538,56.2,0.4174,97.87,1482.8,0,4062
5,539,56.07,0.6205,97.07,1497.5,0,4061
5,540,56.04,0.5183,94.8,1500.8,0,4060
5,541,56.36,0.5796,93.35,1468.1,0,4059
5,542,55.87,0.51,93.83,1483.0,0,4058
5,543,55.94,0.5297,93.99,1490.1,0,4057
5,544,55.92,0.5909,96.99,1492.3,0,4056
5,545,57.32,0.585,98.16,1480.9,0,4055
5,546,54.58,0.5124,98.34,1456.2,0,4054
5,547,56.2,0.4928,93.28,1482.2,0,4053
5,548,56.8,0.5797,94.81,1483.6,0,4052
5,549,57.42,0.5457,97.13,1496.2,0,4051
5,550,57.12,0.5053,97.14,1484.8,0,4050
5,551,57.4,0.5383,96.28,1486.5,0,4049
5,552,56.22,0.5311,99.12,1472.6,0,4048
5,553,55.28,0.4952,95.54,1468.0,0,4047
5,554,55.91,0.587,98.73,1480.0,0,4046
5,555,55.27,0.5053,98.98,1472.0,0,4045
5,556,55.95,0.5204,100.21,1473.4,0,4044
5,557,56.27,0.5652,95.83,1489.7,0,4043
5,558,57.02,0.4932,95.38,1503.0,0,4042
5,559,57.7,0.4738,96.84,1472.4,0,4041
5,560,56.15,0.5683,98.38,1473.9,0,4040
5,561,57.63,0.4993,97.65,1484.6,0,4039
5,562,57.6,0.4449,98.35,1483.1,0,4038
5,563,56.25,0.5341,97.76,1471.7,0,4037
5,564,54.77,0.5279,97.47,1497.4,0,4036
5,565,58.11,0.5987,101.86,1476.5,0,4035
5,566,56.23,0.5231,95.16,1477.4,0,4034
5,567,53.59,0.4737,97.02,1486.3,0,4033
5,568,55.91,0.4907,96.15,1479.7,0,4032
5,569,56.58,0.4722,99.34,1483.5,0,4031
5,570,58.18,0.5246,95.58,1485.9,0,4030
5,571,55.2,0.4061,98.84,1477.0,0,4029
5,572,58.24,0.5057,100.53,1472.6,0,4028
5,573,55.36,0.5204,98.02,1464.8,0,4027
5,574,59.76,0.5279,98.63,1476.8,0,4026
5,575,59.12,0.4532,96.28,1471.0,0,4025
5,576,55.55,0.4912,97.91,1485.8,0,4024
5,577,60.62,0.4917,95.83,1489.7,0,4023
5,578,58.37,0.4956,98.92,1498.2,0,4022
5,579,56.23,0.4657,98.88,1464.2,0,4021
5,580,56.39,0.4604,95.7,1495.5,0,4020
5,581,58.34,0.4942,94.82,1474.4,0,4019
5,582,57.52,0.434,93.94,1487.4,0,4018
5,583,58.47,0.5191,96.33,1498.8,0,4017
5,584,55.9,0.4807,98.8,1492.9,0,4016
5,585,57.4,0.4604,101.11,1484.8,0,4015
5,586,58.5,0.4729,98.12,1506.0,0,4014
5,587,59.81,0.4317,98.36,1489.8,0,4013
5,588,57.19,0.4493,102.09,1492.8,0,4012
5,589,58.45,0.4171,99.54,1486.4,0,4011
5,590,57.45,0.4125,98.02,1479.6,0,4010
5,591,60.2,0.4601,100.01,1485.4,0,4009
5,592,59.58,0.5225,95.8,1489.5,0,4008
5,593,60.5,0.4273,98.1,1484.2,0,4007
5,594,59.45,0.4544,96.73,1469.0,0,4006
5,595,58.71,0.4538,97.26,1485.6,0,4005
5,596,56.07,0.5049,99.84,1489.1,0,4004
5,597,58.26,0.5736,100.29,1496.7,0,4003
5,598,57.3,0.5241,98.53,1480.7,0,4002
5,599,60.59,0.5114,94.43,1465.5,0,4001
5,600,57.49,0.4452,99.22,1477.7,0,4000
5,601,59.46,0.4892,97.22,1469.4,0,3999
5,602,58.48,0.4595,97.4,1477.1,0,3998
5,603,59.47,0.4986,99.7,1487.3,0,3997
5,604,57.06,0.457,97.0,1479.3,0,3996
5,605,57.26,0.453,98.82,1488.7,0,3995
5,606,59.93,0.4142,99.98,1507.8,0,3994
5,607,59.11,0.4449,98.72,1485.9,0,3993
5,608,58.58,0.484,101.17,1490.4,0,3992
5,609,57.97,0.4821,99.04,1497.5,0,3991
5,610,60.2,0.4592,98.59,1492.0,0,3990
5,611,58.17,0.3793,98.11,1491.2,0,3989
5,612,58.96,0.4471,98.74,1497.3,0,3988
5,613,60.16,0.505,94.66,1481.3,0,3987
5,614,58.51,0.4786,99.99,1498.8,0,3986
5,615,59.32,0.524,99.51,1483.3,0,3985
5,616,59.47,0.4653,101.77,1492.9,0,3984
5,617,58.27,0.4705,100.05,1477.6,0,3983
5,618,57.62,0.4707,101.5,1488.7,0,3982
5,619,59.08,0.4589,101.34,1468.9,0,3981
5,620,60.01,0.506,99.48,1510.0,0,3980
5,621,59.11,0.4999,100.07,1504.6,0,3979
5,622,60.3,0.4692,99.68,1489.5,0,3978
5,623,60.36,0.3936,101.73,1486.4,0,3977
5,624,59.46,0.4842,101.15,1486.9,0,3976
5,625,59.26,0.5,101.18,1504.2,0,3975
5,626,60.74,0.4773,97.84,1494.5,0,3974
5,627,59.18,0.5474,102.69,1483.5,0,3973
5,628,60.68,0.4651,97.47,1487.9,0,3972
5,629,60.72,0.5351,96.01,1502.9,0,3971
5,630,58.39,0.4603,103.7,1497.7,0,3970
5,631,60.49,0.4995,104.48,1486.4,0,3969
5,632,60.72,0.4907,99.35,1496.2,0,3968
5,633,58.5,0.4359,105.37,1511.0,0,3967
5,634,60.33,0.5146,103.99,1496.3,0,3966
5,635,61.13,0.4682,103.81,1494.0,0,3965
5,636,61.67,0.5533,100.03,1526.2,0,3964
5,637,60.44,0.5272,100.19,1510.8,0,3963
5,638,59.89,0.5207,101.33,1495.3,0,3962
5,639,59.57,0.4907,97.62,1524.2,0,3961
5,640,59.93,0.4932,101.38,1494.5,0,3960
5,641,58.85,0.5677,102.69,1512.0,0,3959
5,642,60.03,0.5654,101.26,1508.6,0,3958
5,643,60.25,0.6304,103.38,1507.8,0,3957
5,644,60.88,0.5577,100.18,1505.6,0,3956
5,645,61.02,0.5365,100.28,1527.1,0,3955
5,646,62.93,0.5208,98.58,1513.2,0,3954
5,647,60.04,0.5584,100.48,1515.6,0,3953
5,648,60.25,0.6357,102.35,1517.9,0,3952
5,649,61.0,0.5172,104.31,1502.9,0,3951
5,650,59.05,0.5606,101.48,1512.1,0,3950
5,651,61.2,0.5646,102.89,1527.3,0,3949
5,652,61.56,0.5078,103.96,1509.0,0,3948
5,653,60.43,0.5994,103.49,1527.5,0,3947
5,654,59.84,0.5572,101.72,1530.4,0,3946
5,655,59.57,0.5134,101.02,1508.8,0,3945
5,656,63.34,0.5361,100.88,1508.1,0,3944
5,657,60.93,0.5363,103.36,1519.4,0,3943
5,658,61.07,0.5274,97.99,1499.3,0,3942
5,659,62.19,0.4849,99.43,1514.0,0,3941
5,660,58.2,0.5137,101.1,1513.6,0,3940
5,661,61.42,0.5382,101.99,1516.4,0,3939
5,662,61.76,0.5403,99.74,1517.1,0,3938
5,663,61.81,0.5963,102.84,1510.9,0,3937
5,664,60.03,0.5485,103.72,1523.1,0,3936
5,665,61.57,0.5617,101.4,1527.5,0,3935
5,666,62.84,0.5145,101.06,1505.3,0,3934
5,667,62.52,0.5056,101.24,1509.7,0,3933
5,668,62.7,0.5374,100.78,1509.3,0,3932
5,669,61.22,0.5732,102.64,1504.9,0,3931
5,670,63.72,0.5351,102.74,1521.0,0,3930
5,671,62.55,0.5311,103.23,1517.6,0,3929
5,672,60.53,0.4767,99.27,1508.7,0,3928
5,673,62.95,0.5615,98.93,1526.4,0,3927
5,674,62.77,0.5228,100.59,1509.1,0,3926
5,675,64.23,0.5645,99.48,1513.2,0,3925
5,676,61.58,0.6199,104.11,1533.1,0,3924
5,677,63.66,0.5187,100.55,1511.1,0,3923
5,678,60.1,0.4873,101.47,1512.6,0,3922
5,679,62.37,0.5726,99.55,1521.0,0,3921
5,680,60.91,0.5222,103.76,1515.4,0,3920
5,681,64.63,0.5318,102.14,1531.4,0,3919
5,682,59.48,0.4727,105.66,1525.0,0,3918
5,683,63.73,0.547,104.09,1538.6,0,3917
5,684,63.07,0.4758,105.03,1524.9,0,3916
5,685,62.9,0.5668,104.14,1528.2,0,3915
5,686,61.3,0.4467,103.25,1523.8,0,3914
5,687,59.94,0.4588,99.91,1514.1,0,3913
5,688,63.39,0.4365,103.04,1513.3,0,3912
5,689,63.27,0.5141,101.48,1523.0,0,3911
5,690,63.88,0.5226,102.94,1524.1,0,3910
5,691,61.37,0.4801,102.11,1508.6,0,3909
5,692,64.71,0.4864,102.58,1531.5,0,3908
5,693,62.63,0.4762,103.0,1516.8,0,3907
5,694,63.59,0.5235,101.43,1517.5,0,3906
5,695,62.3,0.4982,103.57,1535.1,0,3905
5,696,63.6,0.4889,103.86,1521.3,0,3904
5,697,63.5,0.5103,100.08,1510.2,0,3903
5,698,63.87,0.5083,104.89,1516.5,0,3902
5,699,62.87,0.5307,106.36,1535.0,0,3901
5,700,61.37,0.4899,99.54,1530.4,0,3900
5,701,63.76,0.4671,99.11,1525.3,0,3899
5,702,64.07,0.4427,100.68,1523.7,0,3898
5,703,64.96,0.3869,102.33,1503.0,0,3897
5,704,63.56,0.5134,107.03,1520.4,0,3896
5,705,65.41,0.5354,102.09,1523.7,0,3895
5,706,62.64,0.4752,105.46,1525.8,0,3894
5,707,64.97,0.5123,102.21,1500.3,0,3893
5,708,63.57,0.4474,101.04,1521.8,0,3892
5,709,64.47,0.5509,104.6,1514.9,0,3891
5,710,62.45,0.4202,104.05,1509.8,0,3890
5,711,65.4,0.4395,104.35,1500.6,0,3889
5,712,63.24,0.4008,102.0,1520.4,0,3888
5,713,65.01,0.4623,100.88,1513.1,0,3887
5,714,64.22,0.4709,102.92,1511.0,0,3886
5,715,62.92,0.464,100.39,1494.9,0,3885
5,716,65.64,0.4875,106.32,1525.0,0,3884
5,717,62.57,0.4958,103.64,1509.3,0,3883
5,718,64.68,0.3625,105.51,1517.2,0,3882
5,719,64.44,0.4418,105.97,1515.0,0,3881
5,720,63.68,0.4759,103.29,1517.3,0,3880
5,721,63.0,0.4815,100.95,1498.3,0,3879
5,722,66.0,0.424,101.97,1497.0,0,3878
5,723,63.48,0.4917,100.97,1502.3,0,3877
5,724,63.23,0.4558,100.82,1498.1,0,3876
5,725,64.86,0.4126,99.12,1499.9,0,3875
5,726,65.12,0.5183,103.21,1509.4,0,3874
5,727,64.86,0.4258,100.43,1490.1,0,3873
5,728,65.95,0.4864,103.6,1508.3,0,3872
5,729,65.39,0.4909,105.82,1500.2,0,3871
5,730,63.3,0.478,100.74,1494.5,0,3870
5,731,65.14,0.4727,99.04,1510.8,0,3869
5,732,65.0,0.504,100.58,1501.2,0,3868
5,733,62.75,0.4692,102.87,1498.6,0,3867
5,734,64.17,0.4737,103.92,1509.2,0,3866
5,735,65.48,0.5021,103.82,1507.9,0,3865
5,736,64.92,0.4152,103.45,1497.1,0,3864
5,737,64.08,0.3538,104.48,1504.1,0,3863
5,738,65.58,0.5354,102.93,1517.2,0,3862
5,739,64.4,0.4996,103.19,1478.7,0,3861
5,740,63.12,0.5077,99.67,1501.5,0,3860
5,741,65.62,0.3971,104.49,1487.3,0,3859
5,742,64.64,0.4976,103.12,1488.8,0,3858
5,743,62.65,0.5139,97.53,1512.6,0,3857
5,744,66.22,0.4747,102.6,1482.5,0,3856
5,745,63.07,0.5626,96.91,1491.3,0,3855
5,746,63.37,0.533,102.32,1497.3,0,3854
5,747,65.82,0.5354,100.45,1507.2,0,3853
5,748,64.41,0.4849,102.56,1484.7,0,3852
5,749,66.7,0.5451,100.68,1493.8,0,3851
5,750,67.34,0.4503,101.71,1488.7,0,3850
5,751,65.06,0.5793,102.77,1511.6,0,3849
5,752,65.63,0.4696,101.37,1488.9,0,3848
5,753,64.3,0.463,101.0,1496.2,0,3847
5,754,63.14,0.4734,100.67,1490.5,0,3846
5,755,66.59,0.4842,102.03,1492.4,0,3845
5,756,63.74,0.5052,101.56,1492.9,0,3844
5,757,68.07,0.4254,99.16,1486.6,0,3843
5,758,65.32,0.4383,101.76,1485.2,0,3842
5,759,65.08,0.5042,103.31,1494.2,0,3841
5,760,63.99,0.4426,100.8,1490.9,0,3840
5,761,63.97,0.5019,101.61,1488.6,0,3839
5,762,65.09,0.5332,100.26,1465.4,0,3838
5,763,62.21,0.4896,104.01,1479.4,0,3837
5,764,66.24,0.5827,98.8,1486.7,0,3836
5,765,62.93,0.5636,101.52,1475.6,0,3835
5,766,64.11,0.5316,98.78,1476.2,0,3834
5,767,64.84,0.5079,102.51,1494.1,0,3833
5,768,62.62,0.5027,103.13,1476.0,0,3832
5,769,64.84,0.5551,100.51,1485.8,0,3831
5,770,63.72,0.5492,99.59,1494.9,0,3830
5,771,65.24,0.5222,96.92,1468.5,0,3829
5,772,65.88,0.5281,104.8,1473.6,0,3828
5,773,64.0,0.5319,99.76,1485.5,0,3827
5,774,65.23,0.5736,104.44,1470.0,0,3826
5,775,66.22,0.5357,102.65,1494.8,0,3825
5,776,66.48,0.4839,100.44,1504.4,0,3824
5,777,65.74,0.4871,100.14,1479.7,0,3823
5,778,68.06,0.4812,99.77,1469.7,0,3822
5,779,65.43,0.5363,103.02,1458.0,0,3821
5,780,64.21,0.5803,99.85,1474.0,0,3820
5,781,67.33,0.5019,100.02,1473.1,0,3819
5,782,66.56,0.6774,100.81,1482.9,0,3818
5,783,64.32,0.5157,98.17,1451.7,0,3817
5,784,66.57,0.5576,96.98,1466.5,0,3816
5,785,63.68,0.559,102.14,1476.1,0,3815
5,786,65.04,0.5757,101.02,1460.2,0,3814
5,787,63.77,0.5267,98.37,1479.6,0,3813
5,788,64.94,0.561,97.81,1481.5,0,3812
5,789,66.17,0.5129,97.69,1485.9,0,3811
5,790,66.96,0.6631,100.64,1464.5,0,3810
5,791,65.64,0.5202,98.32,1479.5,0,3809
5,792,64.04,0.5521,96.53,1487.8,0,3808
5,793,65.05,0.5947,99.74,1469.0,0,3807
5,794,64.36,0.5623,97.95,1499.5,0,3806
5,795,66.7,0.4852,97.05,1492.2,0,3805
5,796,65.75,0.5505,101.98,1486.2,0,3804
5,797,62.66,0.4855,97.82,1470.1,0,3803
5,798,66.05,0.5483,98.64,1481.5,0,3802
5,799,63.52,0.4892,98.35,1485.5,0,3801
5,800,66.71,0.507,100.88,1467.8,0,3800
5,801,64.62,0.5209,99.8,1478.9,0,3799
5,802,63.09,0.5296,100.51,1473.9,0,3798
5,803,63.5,0.5254,101.14,1494.6,0,3797
5,804,65.51,0.5275,103.43,1473.3,0,3796
5,805,61.7,0.4853,92.34,1463.5,0,3795
5,806,64.13,0.4147,101.34,1473.7,0,3794
5,807,64.13,0.4691,95.64,1467.8,0,3793
5,808,62.43,0.5313,100.49,1472.7,0,3792
5,809,62.32,0.5287,99.43,1469.6,0,3791
5,810,63.53,0.6186,97.38,1482.7,0,3790
5,811,65.42,0.5017,98.17,1473.0,0,3789
5,812,64.74,0.4738,97.71,1473.4,0,3788
5,813,65.46,0.5042,99.84,1489.4,0,3787
5,814,65.02,0.5054,94.84,1485.5,0,3786
5,815,64.99,0.4606,102.05,1484.3,0,3785
5,816,64.6,0.5001,96.41,1489.6,0,3784
5,817,64.66,0.497,97.43,1482.1,0,3783
5,818,64.33,0.4299,100.81,1491.8,0,3782
5,819,64.97,0.4808,94.23,1497.5,0,3781
5,820,64.76,0.4254,98.59,1470.8,0,3780
5,821,62.43,0.4994,97.34,1496.5,0,3779
5,822,64.63,0.4857,97.91,1499.0,0,3778
5,823,65.7,0.4955,95.92,1491.5,0,3777
5,824,63.82,0.5311,100.63,1490.1,0,3776
5,825,65.51,0.4649,100.19,1492.9,0,3775
5,826,62.1,0.4471,101.82,1477.7,0,3774
5,827,65.71,0.4796,99.4,1489.2,0,3773
5,828,64.74,0.4876,96.33,1480.9,0,3772
5,829,64.02,0.4945,99.62,1494.9,0,3771
5,830,64.74,0.472,98.67,1485.8,0,3770
5,831,66.11,0.4447,97.18,1494.8,0,3769
5,832,64.61,0.4484,96.58,1496.7,0,3768
5,833,64.67,0.4228,95.87,1487.0,0,3767
5,834,66.35,0.5017,96.86,1496.2,0,3766
5,835,66.72,0.4317,98.35,1514.4,0,3765
5,836,64.38,0.3853,96.8,1502.8,0,3764
5,837,65.95,0.4224,99.78,1502.6,0,3763
5,838,63.78,0.5224,96.06,1505.5,0,3762
5,839,65.51,0.4574,98.11,1500.2,0,3761
5,840,65.52,0.5289,97.02,1521.1,0,3760
5,841,64.51,0.4488,98.21,1517.5,0,3759
5,842,64.59,0.4376,95.57,1489.4,0,3758
5,843,64.67,0.4594,98.88,1512.8,0,3757
5,844,63.37,0.4455,96.3,1509.0,0,3756
5,845,63.1,0.4952,94.92,1518.0,0,3755
5,846,63.12,0.5306,93.34,1516.8,0,3754
5,847,63.46,0.4913,100.67,1491.6,0,3753
5,848,64.29,0.4554,95.6,1503.3,0,3752
5,849,62.96,0.4063,97.79,1488.9,0,3751
5,850,63.04,0.4835,98.29,1527.1,0,3750
5,851,62.5,0.4792,97.15,1503.6,0,3749
5,852,62.51,0.4785,100.07,1524.5,0,3748
5,853,64.99,0.3299,94.32,1512.7,0,3747
5,854,63.95,0.4129,97.83,1504.4,0,3746
5,855,63.38,0.4229,97.21,1497.0,0,3745
5,856,63.14,0.4077,96.12,1514.0,0,3744
5,857,64.63,0.4105,97.41,1530.3,0,3743
5,858,61.95,0.4724,98.34,1512.5,0,3742
5,859,63.62,0.4191,99.28,1499.3,0,3741
5,860,62.93,0.4595,96.9,1509.3,0,3740
5,861,64.71,0.429,95.93,1532.6,0,3739
5,862,61.96,0.4417,93.13,1503.3,0,3738
5,863,64.07,0.4292,97.7,1508.1,0,3737
5,864,60.97,0.4566,96.39,1493.8,0,3736
5,865,64.99,0.4309,94.44,1523.0,0,3735
5,866,63.56,0.4841,90.27,1503.5,0,3734
5,867,64.15,0.4519,96.89,1523.4,0,3733
5,868,60.28,0.488,97.79,1516.6,0,3732
5,869,62.64,0.4328,99.0,1509.0,0,3731
5,870,64.34,0.4915,97.96,1502.6,0,3730
5,871,59.56,0.5239,96.92,1525.5,0,3729
5,872,62.6,0.4792,94.23,1514.9,0,3728
5,873,61.94,0.5285,97.58,1512.9,0,3727
5,874,64.41,0.4621,96.29,1534.0,0,3726
5,875,63.47,0.4541,96.81,1535.0,0,3725
5,876,66.21,0.4741,94.91,1513.3,0,3724
5,877,62.65,0.5303,100.28,1512.3,0,3723
5,878,63.04,0.5126,96.74,1515.9,0,3722
5,879,63.17,0.5027,96.6,1527.6,0,3721
5,880,64.05,0.4686,99.24,1522.0,0,3720
5,881,61.56,0.5061,96.83,1525.9,0,3719
5,882,61.81,0.3909,97.02,1515.0,0,3718
5,883,63.26,0.4863,97.82,1530.7,0,3717
5,884,60.69,0.489,101.55,1510.8,0,3716
5,885,65.47,0.538,96.75,1541.0,0,3715
5,886,63.42,0.5601,94.4,1520.4,0,3714
5,887,63.94,0.518,95.34,1513.0,0,3713
5,888,62.89,0.4992,98.45,1514.2,0,3712
5,889,63.4,0.4995,94.64,1529.0,0,3711
5,890,62.86,0.5085,96.77,1520.8,0,3710
5,891,61.18,0.4893,97.18,1515.9,0,3709
5,892,62.26,0.4774,97.59,1512.1,0,3708
5,893,62.83,0.5531,98.25,1509.4,0,3707
5,894,60.95,0.5632,98.83,1538.3,0,3706
5,895,62.58,0.5744,99.03,1537.0,0,3705
5,896,63.12,0.5678,100.9,1511.7,0,3704
5,897,61.94,0.5796,102.14,1523.9,0,3703
5,898,63.61,0.5852,98.84,1519.4,0,3702
5,899,60.47,0.4369,98.75,1520.2,0,3701
5,900,61.66,0.6096,96.94,1529.9,0,3700
5,901,62.48,0.5681,101.41,1531.0,0,3699
5,902,61.77,0.5587,98.47,1520.7,0,3698
5,903,60.25,0.547,97.68,1513.1,0,3697
5,904,60.85,0.4748,97.75,1517.6,0,3696
5,905,60.79,0.5442,97.1,1509.4,0,3695
5,906,64.27,0.5827,98.97,1508.6,0,3694
5,907,60.9,0.5145,99.02,1525.9,0,3693
5,908,61.41,0.5325,100.56,1521.9,0,3692
5,909,61.87,0.5986,100.07,1496.2,0,3691
5,910,60.8,0.5096,102.76,1532.9,0,3690
5,911,59.13,0.599,97.73,1503.8,0,3689
5,912,61.42,0.5608,100.97,1513.0,0,3688
5,913,62.46,0.5453,97.51,1519.4,0,3687
5,914,61.08,0.5094,97.87,1512.4,0,3686
5,915,60.11,0.537,98.88,1518.0,0,3685
5,916,62.39,0.54,98.95,1505.2,0,3684
5,917,60.81,0.4588,99.47,1523.1,0,3683
5,918,59.13,0.5641,96.28,1502.6,0,3682
5,919,62.17,0.6329,99.35,1512.8,0,3681
5,920,61.77,0.551,96.06,1498.8,0,3680
5,921,59.54,0.5283,98.56,1513.5,0,3679
5,922,61.75,0.539,93.26,1509.6,0,3678
5,923,59.29,0.5656,98.29,1494.8,0,3677
5,924,59.26,0.427,99.67,1506.1,0,3676
5,925,62.24,0.4547,100.66,1483.3,0,3675
5,926,58.95,0.5352,101.42,1513.0,0,3674
5,927,61.47,0.5517,101.09,1521.3,0,3673
5,928,60.38,0.4977,98.75,1511.1,0,3672
5,929,62.94,0.5684,98.59,1510.2,0,3671
5,930,60.79,0.5681,99.08,1503.1,0,3670
5,931,60.64,0.5125,98.52,1507.3,0,3669
5,932,58.21,0.4692,100.3,1514.4,0,3668
5,933,61.44,0.4968,99.6,1489.9,0,3667
5,934,60.49,0.5393,98.69,1512.1,0,3666
5,935,59.29,0.5129,98.67,1504.1,0,3665
5,936,59.43,0.5669,99.74,1505.5,0,3664
5,937,59.63,0.4907,98.59,1486.7,0,3663
5,938,59.42,0.5822,100.42,1507.2,0,3662
5,939,61.3,0.5635,101.66,1512.1,0,3661
5,940,59.62,0.5101,96.9,1510.7,0,3660
5,941,60.87,0.5383,101.05,1492.2,0,3659
5,942,58.23,0.5729,105.12,1495.0,0,3658
5,943,61.24,0.4993,97.94,1518.2,0,3657
5,944,58.24,0.5217,98.67,1493.2,0,3656
5,945,61.49,0.4244,100.06,1500.3,0,3655
5,946,60.54,0.407,103.71,1501.2,0,3654
5,947,60.28,0.5329,99.7,1491.0,0,3653
5,948,61.88,0.4706,99.37,1496.9,0,3652
5,949,61.06,0.497,97.91,1483.3,0,3651
5,950,58.32,0.4181,100.4,1501.6,0,3650
5,951,58.13,0.4756,101.39,1501.8,0,3649
5,952,58.22,0.4234,97.15,1489.9,0,3648
5,953,59.79,0.4121,100.17,1485.5,0,3647
5,954,58.87,0.4623,98.88,1480.9,0,3646
5,955,59.91,0.5133,104.91,1501.9,0,3645
5,956,58.65,0.4971,97.99,1509.5,0,3644
5,957,59.9,0.4217,105.07,1489.1,0,3643
5,958,60.36,0.5269,101.69,1473.0,0,3642
5,959,56.8,0.3541,99.75,1501.2,0,3641
5,960,58.32,0.4577,100.85,1495.9,0,3640
5,961,59.2,0.5155,99.48,1501.9,0,3639
5,962,58.94,0.5026,102.8,1489.6,0,3638
5,963,59.52,0.4332,100.1,1492.1,0,3637
5,964,58.27,0.4753,103.2,1485.3,0,3636
5,965,59.41,0.5193,101.64,1483.8,0,3635
5,966,57.18,0.4878,102.16,1493.0,0,3634
5,967,59.71,0.4342,99.52,1473.3,0,3633
5,968,59.31,0.4047,106.53,1491.5,0,3632
5,969,59.11,0.4321,98.34,1488.9,0,3631
5,970,57.67,0.5174,97.85,1483.7,0,3630
5,971,58.52,0.4523,97.98,1493.4,0,3629
5,972,59.01,0.441,102.98,1484.0,0,3628
5,973,60.64,0.4491,104.06,1490.6,0,3627
5,974,56.92,0.3858,106.46,1489.7,0,3626
5,975,57.95,0.5478,102.3,1465.3,0,3625
5,976,57.65,0.5656,101.58,1495.4,0,3624
5,977,56.79,0.4986,100.13,1481.3,0,3623
5,978,59.87,0.489,102.62,1478.9,0,3622
5,979,57.94,0.4671,100.8,1481.8,0,3621
5,980,57.34,0.4564,98.63,1464.0,0,3620
5,981,56.0,0.4529,103.92,1476.0,0,3619
5,982,57.89,0.4283,99.61,1480.5,0,3618
5,983,58.66,0.4741,101.38,1484.0,0,3617
5,984,56.94,0.4676,104.14,1487.5,0,3616
5,985,59.22,0.4896,102.92,1484.0,0,3615
5,986,56.82,0.4454,104.13,1488.6,0,3614
5,987,57.77,0.4676,101.5,1497.1,0,3613
5,988,59.68,0.4899,104.35,1482.3,0,3612
5,989,59.64,0.521,101.62,1486.0,0,3611
5,990,58.92,0.5199,104.36,1461.8,0,3610
5,991,56.33,0.5196,105.29,1482.0,0,3609
5,992,57.72,0.4296,106.98,1483.5,0,3608
5,993,56.35,0.4511,103.98,1470.4,0,3607
5,994,56.84,0.4598,102.54,1483.4,0,3606
5,995,60.3,0.4813,102.26,1482.3,0,3605
5,996,58.7,0.4924,100.36,1487.7,0,3604
5,997,57.95,0.3939,99.59,1478.6,0,3603
5,998,56.64,0.4339,104.99,1479.0,0,3602
5,999,58.11,0.4426,100.95,1476.7,0,3601
5,1000,55.32,0.4831,105.71,1478.6,0,3600
5,1001,58.15,0.4439,102.86,1468.8,0,3599
5,1002,56.71,0.4273,102.52,1482.8,0,3598
5,1003,57.88,0.4783,98.89,1491.6,0,3597
5,1004,56.53,0.5212,102.34,1469.4,0,3596
5,1005,55.51,0.5244,101.9,1465.8,0,3595
5,1006,55.23,0.5581,99.2,1468.6,0,3594
5,1007,57.92,0.5324,101.78,1487.3,0,3593
5,1008,58.56,0.5402,103.62,1475.1,0,3592
5,1009,56.76,0.4914,103.62,1483.1,0,3591
5,1010,54.65,0.4952,102.92,1477.4,0,3590
5,1011,56.22,0.5436,101.17,1465.7,0,3589
5,1012,57.63,0.4811,102.75,1500.7,0,3588
5,1013,57.6,0.541,104.91,1482.5,0,3587
5,1014,57.79,0.5636,104.74,1488.7,0,3586
5,1015,56.22,0.5761,106.11,1471.2,0,3585
5,1016,57.29,0.586,102.32,1500.5,0,3584
5,1017,57.52,0.5025,102.72,1478.0,0,3583
5,1018,57.49,0.5498,102.21,1478.3,0,3582
5,1019,55.58,0.505,104.09,1492.2,0,3581
5,1020,56.31,0.5474,101.96,1483.7,0,3580
5,1021,57.31,0.5756,99.73,1482.4,0,3579
5,1022,56.09,0.5759,107.57,1472.0,0,3578
5,1023,58.01,0.4965,101.02,1490.9,0,3577
5,1024,56.4,0.5438,103.55,1478.4,0,3576
5,1025,57.83,0.5333,102.38,1491.3,0,3575
5,1026,56.69,0.4945,101.55,1483.2,0,3574
5,1027,57.63,0.5486,100.03,1486.3,0,3573
5,1028,55.34,0.4841,101.84,1486.1,0,3572
5,1029,57.32,0.5053,102.42,1484.8,0,3571
5,1030,54.85,0.4647,104.89,1506.4,0,3570
5,1031,57.18,0.5565,102.21,1495.5,0,3569
5,1032,56.15,0.541,102.54,1490.0,0,3568
5,1033,56.35,0.4943,98.22,1485.3,0,3567
5,1034,55.65,0.5576,104.02,1488.0,0,3566
5,1035,58.12,0.5317,99.75,1481.9,0,3565
5,1036,54.98,0.5386,102.96,1482.7,0,3564
5,1037,55.41,0.5469,104.95,1485.6,0,3563
5,1038,55.77,0.535,99.73,1507.6,0,3562
5,1039,57.09,0.6143,103.84,1501.3,0,3561
5,1040,54.7,0.5101,100.72,1497.7,0,3560
5,1041,58.32,0.5384,100.37,1504.2,0,3559
5,1042,55.28,0.5835,101.37,1493.3,0,3558
5,1043,54.23,0.5626,105.9,1509.2,0,3557
5,1044,57.9,0.6025,102.22,1487.0,0,3556
5,1045,57.1,0.5401,103.34,1491.3,0,3555
5,1046,55.37,0.505,103.6,1509.6,0,3554
5,1047,54.66,0.5693,103.89,1485.6,0,3553
5,1048,55.62,0.5258,100.7,1494.4,0,3552
5,1049,56.19,0.4439,104.35,1513.9,0,3551
5,1050,55.6,0.5808,103.4,1480.2,0,3550
5,1051,53.01,0.5252,105.13,1508.0,0,3549
5,1052,54.53,0.5217,104.18,1497.8,0,3548
5,1053,52.85,0.5801,101.64,1481.7,0,3547
5,1054,56.74,0.544,103.26,1490.4,0,3546
5,1055,54.91,0.5467,98.38,1513.2,0,3545
5,1056,55.52,0.5032,103.37,1481.6,0,3544
5,1057,53.23,0.5242,104.57,1496.6,0,3543
5,1058,55.39,0.5529,102.4,1493.2,0,3542
5,1059,53.49,0.4863,101.28,1505.2,0,3541
5,1060,53.58,0.5517,103.72,1515.1,0,3540
5,1061,55.93,0.5283,101.81,1506.3,0,3539
5,1062,56.62,0.5543,100.14,1496.0,0,3538
5,1063,55.69,0.5674,99.24,1505.6,0,3537
5,1064,55.54,0.4521,103.42,1498.0,0,3536
5,1065,55.63,0.4777,103.49,1504.8,0,3535
5,1066,55.31,0.5478,100.97,1526.4,0,3534
5,1067,57.77,0.4819,99.89,1515.0,0,3533
5,1068,55.0,0.494,103.65,1506.6,0,3532
5,1069,55.82,0.4972,100.66,1502.6,0,3531
5,1070,55.45,0.4957,103.36,1512.7,0,3530
5,1071,56.03,0.4723,99.69,1513.5,0,3529
5,1072,54.38,0.4774,98.09,1503.6,0,3528
5,1073,54.14,0.3833,96.58,1507.3,0,3527
5,1074,57.3,0.4523,100.39,1505.5,0,3526
5,1075,55.52,0.5005,104.44,1512.8,0,3525
5,1076,55.07,0.4341,99.57,1510.5,0,3524
5,1077,54.57,0.4788,98.88,1511.8,0,3523
5,1078,55.36,0.4818,99.61,1519.8,0,3522
5,1079,55.28,0.501,99.77,1533.9,0,3521
5,1080,55.19,0.4734,101.59,1502.7,0,3520
5,1081,55.83,0.4653,102.77,1526.0,0,3519
5,1082,53.76,0.478,102.83,1528.2,0,3518
5,1083,54.02,0.4393,99.38,1510.8,0,3517
5,1084,55.75,0.514,100.77,1528.9,0,3516
5,1085,55.94,0.4948,98.6,1526.5,0,3515
5,1086,53.88,0.3857,97.77,1540.9,0,3514
5,1087,55.22,0.4666,99.08,1512.1,0,3513
5,1088,56.41,0.4847,100.65,1527.3,0,3512
5,1089,54.97,0.4321,100.74,1520.9,0,3511
5,1090,52.55,0.4145,99.81,1506.4,0,3510
5,1091,56.66,0.4087,100.24,1535.1,0,3509
5,1092,54.23,0.4452,101.54,1521.2,0,3508
5,1093,54.52,0.4572,103.1,1534.4,0,3507
5,1094,54.29,0.5276,98.97,1526.4,0,3506
5,1095,54.55,0.4013,99.66,1518.1,0,3505
5,1096,54.27,0.4563,97.23,1529.7,0,3504
5,1097,53.27,0.4687,100.08,1523.3,0,3503
5,1098,56.36,0.424,100.34,1514.6,0,3502
5,1099,54.72,0.4278,97.88,1520.4,0,3501
5,1100,57.2,0.4305,99.27,1526.7,0,3500
5,1101,55.96,0.4742,98.23,1520.9,0,3499
5,1102,53.87,0.4849,102.99,1521.0,0,3498
5,1103,53.37,0.4008,102.24,1522.4,0,3497
5,1104,56.17,0.402,97.67,1521.5,0,3496
5,1105,52.56,0.3986,101.6,1526.9,0,3495
5,1106,54.62,0.4486,100.08,1512.8,0,3494
5,1107,56.42,0.4827,100.72,1508.9,0,3493
5,1108,53.86,0.4651,99.53,1504.9,0,3492
5,1109,52.66,0.4078,97.52,1523.0,0,3491
5,1110,54.51,0.4007,101.43,1525.6,0,3490
5,1111,55.11,0.4064,103.06,1531.7,0,3489
5,1112,53.88,0.3874,101.15,1519.2,0,3488
5,1113,57.49,0.4692,100.01,1512.8,0,3487
5,1114,55.06,0.5457,98.06,1538.3,0,3486
5,1115,55.21,0.4224,98.33,1521.0,0,3485
5,1116,53.97,0.4558,95.16,1506.4,0,3484
5,1117,54.66,0.4584,101.48,1528.4,0,3483
5,1118,56.41,0.4989,99.13,1505.4,0,3482
5,1119,53.45,0.5188,99.72,1507.9,0,3481
5,1120,54.95,0.4769,99.2,1532.1,0,3480
5,1121,56.42,0.4772,97.96,1531.4,0,3479
5,1122,54.02,0.5033,99.72,1511.4,0,3478
5,1123,55.96,0.4862,99.64,1510.7,0,3477
5,1124,55.85,0.4778,100.54,1495.2,0,3476
5,1125,55.42,0.4845,97.46,1523.9,0,3475
5,1126,53.11,0.4876,98.91,1497.1,0,3474
5,1127,54.95,0.5036,96.34,1505.6,0,3473
5,1128,55.45,0.4994,98.03,1524.0,0,3472
5,1129,56.36,0.5398,96.53,1508.9,0,3471
5,1130,54.57,0.5143,96.01,1501.9,0,3470
5,1131,55.48,0.5497,99.79,1513.4,0,3469
5,1132,52.49,0.4473,99.93,1507.7,0,3468
5,1133,54.7,0.456,98.07,1493.2,0,3467
5,1134,55.54,0.4885,92.12,1509.1,0,3466
5,1135,51.32,0.5357,98.87,1512.4,0,3465
5,1136,57.14,0.4878,95.76,1508.7,0,3464
5,1137,54.83,0.4511,98.48,1506.3,0,3463
5,1138,57.72,0.5868,96.78,1507.6,0,3462
5,1139,54.63,0.5172,95.18,1488.4,0,3461
5,1140,56.36,0.5094,98.36,1512.6,0,3460
5,1141,55.16,0.4763,99.95,1502.6,0,3459
5,1142,53.88,0.4623,101.36,1490.3,0,3458
5,1143,56.16,0.583,99.76,1515.8,0,3457
5,1144,58.23,0.5485,99.11,1488.1,0,3456
5,1145,54.12,0.5233,98.52,1509.4,0,3455
5,1146,55.09,0.6224,101.01,1497.5,0,3454
5,1147,53.95,0.5208,100.38,1507.6,0,3453
5,1148,56.03,0.5737,97.71,1498.1,0,3452
5,1149,56.71,0.5406,94.5,1486.3,0,3451
5,1150,55.89,0.5421,96.79,1510.3,0,3450
5,1151,54.61,0.5319,95.46,1505.5,0,3449
5,1152,56.1,0.5321,98.69,1496.0,0,3448
5,1153,56.25,0.5327,96.61,1502.9,0,3447
5,1154,56.51,0.5802,99.03,1500.4,0,3446
5,1155,55.36,0.4924,96.7,1499.5,0,3445
5,1156,55.91,0.5346,96.12,1506.9,0,3444
5,1157,56.42,0.5984,99.54,1497.3,0,3443
5,1158,58.21,0.5833,95.49,1494.9,0,3442
5,1159,55.27,0.5402,99.42,1500.3,0,3441
5,1160,56.35,0.6329,99.12,1504.2,0,3440
5,1161,55.76,0.5286,98.23,1499.3,0,3439
5,1162,52.89,0.5603,94.78,1479.3,0,3438
5,1163,57.94,0.5168,94.31,1492.6,0,3437
5,1164,57.2,0.5521,99.68,1493.1,0,3436
5,1165,56.26,0.493,97.32,1478.3,0,3435
5,1166,55.36,0.6309,98.44,1502.4,0,3434
5,1167,53.97,0.5573,98.7,1496.5,0,3433
5,1168,56.7,0.497,99.53,1479.1,0,3432
5,1169,55.73,0.5615,95.53,1501.9,0,3431
5,1170,56.85,0.5354,96.58,1476.1,0,3430
5,1171,53.73,0.5597,95.45,1490.2,0,3429
5,1172,56.05,0.466,97.57,1495.2,0,3428
5,1173,55.66,0.5302,96.98,1488.9,0,3427
5,1174,56.65,0.5344,97.14,1468.4,0,3426
5,1175,56.0,0.6443,93.45,1507.6,0,3425
5,1176,57.59,0.493,97.76,1488.9,0,3424
5,1177,56.67,0.538,94.3,1497.5,0,3423
5,1178,57.66,0.5101,99.21,1476.4,0,3422
5,1179,57.11,0.5076,96.46,1489.7,0,3421
5,1180,57.0,0.4384,95.4,1483.2,0,3420
5,1181,56.52,0.5251,96.08,1473.9,0,3419
5,1182,55.9,0.555,95.72,1499.0,0,3418
5,1183,56.25,0.5355,98.95,1483.7,0,3417
5,1184,58.55,0.5368,96.44,1473.4,0,3416
5,1185,56.63,0.5401,97.51,1489.0,0,3415
5,1186,58.5,0.4669,96.53,1480.0,0,3414
5,1187,56.33,0.5753,95.94,1482.2,0,3413
5,1188,56.6,0.5052,94.01,1483.9,0,3412
5,1189,57.53,0.5023,96.72,1498.0,0,3411
5,1190,57.52,0.653,97.26,1489.3,0,3410
5,1191,56.04,0.4685,97.91,1470.5,0,3409
5,1192,57.11,0.4484,99.06,1489.8,0,3408
5,1193,57.64,0.5796,96.3,1493.8,0,3407
5,1194,55.25,0.5201,96.8,1486.8,0,3406
5,1195,56.54,0.4907,95.53,1480.5,0,3405
5,1196,57.03,0.4947,100.04,1478.4,0,3404
5,1197,58.47,0.4195,97.13,1476.7,0,3403
5,1198,57.26,0.4874,98.46,1487.4,0,3402
5,1199,57.3,0.4372,97.76,1483.4,0,3401
5,1200,61.44,0.4894,97.79,1494.3,0,3400
5,1201,59.32,0.4688,102.16,1453.4,0,3399
5,1202,57.14,0.4871,100.03,1481.9,0,3398
5,1203,56.74,0.4771,98.06,1469.9,0,3397
5,1204,58.65,0.5045,100.52,1476.7,0,3396
5,1205,59.16,0.5042,93.53,1472.1,0,3395
5,1206,56.97,0.5337,98.02,1483.8,0,3394
5,1207,57.5,0.4262,97.67,1473.4,0,3393
5,1208,59.66,0.4958,97.79,1485.8,0,3392
5,1209,59.54,0.4625,98.07,1478.8,0,3391
5,1210,57.01,0.425,100.77,1475.8,0,3390
5,1211,58.8,0.4585,97.08,1488.2,0,3389
5,1212,58.01,0.397,97.68,1470.1,0,3388
5,1213,56.92,0.4433,97.98,1479.0,0,3387
5,1214,58.37,0.4853,97.72,1483.9,0,3386
5,1215,59.27,0.4925,96.37,1476.5,0,3385
5,1216,57.56,0.5124,98.17,1488.0,0,3384
5,1217,59.46,0.4709,99.52,1489.3,0,3383
5,1218,60.3,0.3972,98.91,1471.4,0,3382
5,1219,58.7,0.4408,94.7,1504.0,0,3381
5,1220,57.73,0.4906,99.56,1479.8,0,3380
5,1221,57.39,0.4793,97.4,1488.7,0,3379
5,1222,55.62,0.5281,99.12,1475.9,0,3378
5,1223,59.34,0.399,96.38,1468.9,0,3377
5,1224,54.53,0.4211,94.27,1484.0,0,3376
5,1225,57.8,0.4331,96.7,1464.1,0,3375
5,1226,58.57,0.4918,97.58,1486.2,0,3374
5,1227,58.16,0.4484,98.36,1480.1,0,3373
5,1228,59.5,0.4588,98.26,1501.2,0,3372
5,1229,59.0,0.4538,99.06,1485.2,0,3371
5,1230,60.11,0.3873,97.24,1493.4,0,3370
5,1231,56.96,0.5091,98.43,1480.5,0,3369
5,1232,58.2,0.4677,99.41,1490.3,0,3368
5,1233,59.76,0.4092,99.21,1482.7,0,3367
5,1234,62.02,0.5024,96.66,1518.0,0,3366
5,1235,58.36,0.5208,101.16,1493.7,0,3365
5,1236,60.84,0.4296,98.05,1494.1,0,3364
5,1237,59.0,0.4794,97.41,1474.5,0,3363
5,1238,59.41,0.4642,98.02,1473.1,0,3362
5,1239,58.55,0.394,98.39,1481.6,0,3361
5,1240,58.95,0.4748,102.51,1485.7,0,3360
5,1241,59.7,0.5009,102.41,1487.3,0,3359
5,1242,59.89,0.4306,98.59,1495.4,0,3358
5,1243,59.28,0.4016,100.36,1489.5,0,3357
5,1244,61.46,0.4227,99.97,1485.0,0,3356
5,1245,57.85,0.4604,97.28,1506.7,0,3355
5,1246,62.1,0.4732,97.19,1490.9,0,3354
5,1247,59.87,0.5316,97.9,1479.7,0,3353
5,1248,60.01,0.4641,99.18,1498.1,0,3352
5,1249,61.74,0.4726,98.99,1495.5,0,3351
5,1250,61.16,0.5456,101.93,1491.5,0,3350
5,1251,59.21,0.4994,98.43,1498.7,0,3349
5,1252,57.94,0.4303,102.99,1506.0,0,3348
5,1253,60.77,0.4717,105.41,1497.9,0,3347
5,1254,60.36,0.5242,99.77,1496.6,0,3346
5,1255,57.63,0.503,102.12,1490.3,0,3345
5,1256,60.95,0.4585,101.45,1484.1,0,3344
5,1257,59.45,0.4978,99.7,1488.5,0,3343
5,1258,59.42,0.4967,102.32,1496.3,0,3342
5,1259,61.27,0.4678,99.36,1508.5,0,3341
5,1260,61.29,0.5116,101.27,1501.5,0,3340
5,1261,59.22,0.5528,96.78,1492.0,0,3339
5,1262,60.22,0.6157,103.64,1506.7,0,3338
5,1263,61.0,0.5058,104.32,1493.3,0,3337
5,1264,57.79,0.5466,100.95,1503.8,0,3336
5,1265,60.87,0.5804,100.72,1501.5,0,3335
5,1266,60.52,0.4868,100.18,1503.4,0,3334
5,1267,60.33,0.5576,99.51,1520.5,0,3333
5,1268,60.06,0.5524,100.59,1510.7,0,3332
5,1269,61.1,0.581,102.79,1479.5,0,3331
5,1270,60.8,0.5953,100.74,1504.3,0,3330
5,1271,60.15,0.6176,102.29,1515.5,0,3329
5,1272,61.98,0.4928,101.38,1516.8,0,3328
5,1273,62.14,0.4737,97.17,1516.1,0,3327
5,1274,61.85,0.5215,98.45,1514.6,0,3326
5,1275,61.67,0.565,103.25,1516.8,0,3325
5,1276,61.05,0.6178,103.91,1512.6,0,3324
5,1277,59.9,0.4958,99.92,1493.7,0,3323
5,1278,61.34,0.4843,100.63,1520.4,0,3322
5,1279,60.64,0.5798,101.45,1503.9,0,3321
5,1280,61.67,0.5055,101.62,1505.6,0,3320
5,1281,61.34,0.5429,102.17,1523.0,0,3319
5,1282,61.21,0.4507,100.51,1496.6,0,3318
5,1283,59.42,0.558,99.94,1527.5,0,3317
5,1284,63.63,0.6039,102.59,1509.1,0,3316
5,1285,62.34,0.5054,100.75,1521.1,0,3315
5,1286,62.66,0.5851,101.05,1531.6,0,3314
5,1287,60.95,0.5698,101.37,1523.3,0,3313
5,1288,62.78,0.544,99.71,1514.4,0,3312
5,1289,61.51,0.5301,101.54,1533.7,0,3311
5,1290,61.17,0.5468,102.53,1523.1,0,3310
5,1291,58.69,0.583,104.46,1527.8,0,3309
5,1292,63.15,0.4854,102.24,1519.7,0,3308
5,1293,61.72,0.5706,103.57,1519.9,0,3307
5,1294,61.41,0.5771,97.28,1514.8,0,3306
5,1295,62.99,0.5158,103.5,1521.0,0,3305
5,1296,63.98,0.5277,102.58,1531.7,0,3304
5,1297,61.78,0.4999,101.8,1513.3,0,3303
5,1298,62.82,0.4155,100.38,1520.6,0,3302
5,1299,60.73,0.5808,101.62,1526.8,0,3301
5,1300,62.37,0.6468,99.76,1496.6,0,3300
5,1301,61.42,0.5206,101.89,1505.7,0,3299
5,1302,64.03,0.5955,101.96,1519.8,0,3298
5,1303,64.42,0.6177,103.44,1511.5,0,3297
5,1304,58.57,0.5702,99.98,1544.1,0,3296
5,1305,61.77,0.5097,104.88,1513.8,0,3295
5,1306,61.46,0.4918,104.06,1535.2,0,3294
5,1307,62.03,0.5716,102.59,1528.3,0,3293
5,1308,61.74,0.6091,104.0,1520.3,0,3292
5,1309,62.7,0.5534,102.51,1511.8,0,3291
5,1310,63.88,0.4854,106.02,1501.7,0,3290
5,1311,62.85,0.5152,103.0,1519.3,0,3289
5,1312,63.6,0.4302,102.03,1515.3,0,3288
5,1313,64.87,0.5399,100.58,1500.5,0,3287
5,1314,62.39,0.5103,101.45,1536.5,0,3286
5,1315,61.85,0.4275,99.69,1513.7,0,3285
5,1316,61.82,0.4935,98.69,1523.2,0,3284
5,1317,61.62,0.5214,102.0,1522.2,0,3283
5,1318,61.98,0.4935,103.11,1522.4,0,3282
5,1319,63.93,0.5365,101.85,1527.1,0,3281
5,1320,63.93,0.4931,103.24,1506.9,0,3280
5,1321,63.89,0.4922,101.4,1520.4,0,3279
5,1322,63.37,0.4501,102.36,1522.4,0,3278
5,1323,63.27,0.5115,99.72,1530.0,0,3277
5,1324,62.35,0.5002,104.89,1534.7,0,3276
5,1325,60.78,0.4997,102.62,1517.6,0,3275
5,1326,61.29,0.4418,103.5,1493.4,0,3274
5,1327,63.15,0.4491,104.05,1512.7,0,3273
5,1328,62.11,0.4448,104.91,1525.5,0,3272
5,1329,63.71,0.4602,100.68,1524.8,0,3271
5,1330,66.37,0.4325,98.95,1511.4,0,3270
5,1331,63.56,0.4745,104.78,1528.3,0,3269
5,1332,62.4,0.4467,105.89,1508.8,0,3268
5,1333,63.64,0.4719,100.67,1523.4,0,3267
5,1334,60.57,0.553,101.36,1512.0,0,3266
5,1335,63.28,0.3751,107.98,1507.3,0,3265
5,1336,64.3,0.4798,104.06,1513.3,0,3264
5,1337,64.26,0.5369,102.91,1514.7,0,3263
5,1338,62.85,0.4093,103.54,1522.2,0,3262
5,1339,63.5,0.4155,103.45,1504.1,0,3261
5,1340,64.21,0.5011,100.45,1518.3,0,3260
5,1341,62.64,0.4216,102.88,1497.4,0,3259
5,1342,65.05,0.4534,103.38,1512.7,0,3258
5,1343,61.31,0.4634,101.18,1524.8,0,3257
5,1344,62.43,0.4481,100.0,1499.3,0,3256
5,1345,64.12,0.4187,105.03,1517.2,0,3255
5,1346,63.97,0.4303,102.74,1516.4,0,3254
5,1347,65.42,0.4283,104.0,1532.7,0,3253
5,1348,62.83,0.5184,101.38,1509.2,0,3252
5,1349,62.61,0.4695,105.6,1510.3,0,3251
5,1350,64.0,0.4623,108.61,1504.6,0,3250
5,1351,66.77,0.4816,102.66,1523.9,0,3249
5,1352,63.04,0.4807,104.12,1497.7,0,3248
5,1353,65.66,0.3969,100.87,1522.3,0,3247
5,1354,62.64,0.5115,105.04,1517.9,0,3246
5,1355,65.37,0.3907,100.14,1500.6,0,3245
5,1356,64.24,0.3912,103.19,1513.5,0,3244
5,1357,64.25,0.4253,102.32,1501.2,0,3243
5,1358,64.06,0.5062,102.72,1492.8,0,3242
5,1359,62.13,0.4475,101.39,1496.1,0,3241
5,1360,63.04,0.4534,100.62,1518.3,0,3240
5,1361,65.02,0.4885,100.74,1500.1,0,3239
5,1362,64.81,0.4878,102.6,1499.1,0,3238
5,1363,64.33,0.4769,103.69,1497.9,0,3237
5,1364,64.0,0.3947,102.41,1493.0,0,3236
5,1365,65.24,0.4839,102.51,1505.2,0,3235
5,1366,62.93,0.4415,101.9,1492.9,0,3234
5,1367,67.38,0.3912,103.41,1493.3,0,3233
5,1368,63.07,0.5401,102.35,1499.4,0,3232
5,1369,65.32,0.4868,103.85,1490.8,0,3231
5,1370,65.71,0.5017,102.07,1488.1,0,3230
5,1371,65.58,0.4868,102.46,1512.6,0,3229
5,1372,62.93,0.5487,103.21,1485.5,0,3228
5,1373,63.7,0.4568,99.42,1488.8,0,3227
5,1374,64.46,0.4695,104.46,1496.0,0,3226
5,1375,64.39,0.5878,104.14,1489.2,0,3225
5,1376,65.96,0.4723,102.59,1483.3,0,3224
5,1377,64.84,0.5428,99.1,1494.9,0,3223
5,1378,65.23,0.5008,103.43,1488.9,0,3222
5,1379,64.88,0.4814,100.79,1480.6,0,3221
5,1380,66.34,0.5876,102.66,1478.5,0,3220
5,1381,65.4,0.5323,100.72,1481.2,0,3219
5,1382,64.76,0.5088,103.55,1484.8,0,3218
5,1383,65.65,0.5227,98.97,1469.0,0,3217
5,1384,63.4,0.504,104.66,1492.5,0,3216
5,1385,65.34,0.561,104.08,1483.3,0,3215
5,1386,65.37,0.4986,101.85,1508.2,0,3214
5,1387,65.06,0.4942,100.81,1501.0,0,3213
5,1388,64.78,0.4788,101.03,1490.5,0,3212
5,1389,63.54,0.5437,98.87,1489.7,0,3211
5,1390,66.07,0.4775,101.54,1490.1,0,3210
5,1391,65.61,0.5771,99.84,1494.3,0,3209
5,1392,65.86,0.5555,103.02,1477.4,0,3208
5,1393,64.85,0.4641,99.35,1492.7,0,3207
5,1394,65.12,0.4262,100.06,1472.4,0,3206
5,1395,64.35,0.5359,98.52,1487.2,0,3205
5,1396,65.43,0.5233,101.72,1481.6,0,3204
5,1397,65.84,0.55,103.97,1488.0,0,3203
5,1398,65.07,0.5049,102.03,1496.8,0,3202
5,1399,63.47,0.528,98.54,1479.9,0,3201
5,1400,63.01,0.5834,100.67,1493.0,0,3200
5,1401,66.79,0.5551,100.12,1483.5,0,3199
5,1402,65.56,0.5048,100.91,1466.6,0,3198
5,1403,65.3,0.5383,103.27,1488.5,0,3197
5,1404,64.99,0.6416,98.17,1468.8,0,3196
5,1405,62.84,0.5446,98.94,1482.1,0,3195
5,1406,63.02,0.5336,101.98,1499.6,0,3194
5,1407,66.09,0.6341,99.21,1474.5,0,3193
5,1408,63.79,0.5976,97.19,1469.8,0,3192
5,1409,64.09,0.6508,94.18,1485.9,0,3191
5,1410,62.88,0.5996,100.38,1491.0,0,3190
5,1411,64.79,0.5884,100.59,1478.9,0,3189
5,1412,66.36,0.4946,100.14,1486.5,0,3188
5,1413,63.37,0.5714,100.86,1465.6,0,3187
5,1414,68.09,0.4942,99.93,1493.1,0,3186
5,1415,65.94,0.6062,97.91,1480.9,0,3185
5,1416,67.0,0.4586,99.57,1478.2,0,3184
5,1417,64.14,0.5784,96.57,1473.2,0,3183
5,1418,63.46,0.4847,99.17,1486.2,0,3182
5,1419,65.41,0.566,98.31,1482.0,0,3181
5,1420,62.92,0.4937,101.95,1489.3,0,3180
5,1421,67.42,0.5287,100.76,1501.7,0,3179
5,1422,65.35,0.5762,100.94,1473.5,0,3178
5,1423,65.63,0.6016,99.31,1482.3,0,3177
5,1424,65.03,0.5477,100.47,1473.9,0,3176
5,1425,65.34,0.5497,96.82,1466.8,0,3175
5,1426,65.4,0.4906,98.09,1490.8,0,3174
5,1427,65.81,0.5811,101.31,1477.3,0,3173
5,1428,65.08,0.5532,102.83,1478.4,0,3172
5,1429,64.77,0.5208,100.59,1482.2,0,3171
5,1430,66.4,0.4607,95.04,1480.2,0,3170
5,1431,66.6,0.6153,97.93,1485.0,0,3169
5,1432,65.63,0.5334,97.85,1481.2,0,3168
5,1433,65.56,0.5155,100.02,1490.0,0,3167
5,1434,64.1,0.5653,101.02,1484.2,0,3166
5,1435,66.3,0.5361,97.11,1509.4,0,3165
5,1436,66.81,0.5268,99.01,1492.1,0,3164
5,1437,64.21,0.4652,95.96,1466.6,0,3163
5,1438,66.01,0.4872,96.03,1476.3,0,3162
5,1439,63.43,0.5501,97.8,1471.5,0,3161
5,1440,64.7,0.4806,94.86,1494.4,0,3160
5,1441,63.29,0.4949,96.53,1510.5,0,3159
5,1442,65.77,0.5319,96.2,1476.5,0,3158
5,1443,63.4,0.4317,101.3,1488.9,0,3157
5,1444,64.46,0.5409,99.22,1482.0,0,3156
5,1445,62.89,0.5173,98.38,1478.4,0,3155
5,1446,65.16,0.5384,96.2,1489.2,0,3154
5,1447,63.29,0.4504,101.19,1486.9,0,3153
5,1448,64.95,0.5304,101.6,1471.9,0,3152
5,1449,65.04,0.4935,96.37,1502.2,0,3151
5,1450,64.76,0.453,97.5,1475.8,0,3150
5,1451,62.67,0.5178,95.45,1500.5,0,3149
5,1452,65.51,0.4818,98.44,1487.8,0,3148
5,1453,64.61,0.4296,93.19,1489.6,0,3147
5,1454,64.09,0.4947,97.98,1485.2,0,3146
5,1455,63.16,0.4567,98.54,1478.4,0,3145
5,1456,64.96,0.4342,99.12,1512.2,0,3144
5,1457,62.24,0.4864,97.4,1494.8,0,3143
5,1458,64.18,0.4177,100.09,1495.5,0,3142
5,1459,64.08,0.4583,97.95,1492.4,0,3141
5,1460,62.79,0.5092,99.38,1498.7,0,3140
5,1461,64.61,0.4387,94.49,1495.8,0,3139
5,1462,64.35,0.4201,96.18,1487.7,0,3138
5,1463,66.39,0.4455,101.27,1508.6,0,3137
5,1464,64.69,0.4636,97.99,1478.7,0,3136
5,1465,65.78,0.3901,93.87,1492.5,0,3135
5,1466,65.29,0.378,100.01,1492.3,0,3134
5,1467,63.84,0.4185,94.22,1506.7,0,3133
5,1468,65.81,0.4483,94.32,1499.6,0,3132
5,1469,63.74,0.3857,95.09,1504.9,0,3131
5,1470,64.37,0.4755,95.38,1502.3,0,3130
5,1471,63.27,0.3991,97.12,1496.8,0,3129
5,1472,65.96,0.4766,90.15,1494.7,0,3128
5,1473,62.52,0.3565,95.93,1503.9,0,3127
5,1474,65.52,0.4335,96.42,1517.9,0,3126
5,1475,63.79,0.4299,97.04,1485.2,0,3125
5,1476,62.53,0.4424,99.94,1495.1,0,3124
5,1477,64.39,0.4532,99.24,1505.3,0,3123
5,1478,66.15,0.4959,98.27,1505.7,0,3122
5,1479,65.11,0.5321,100.37,1522.1,0,3121
5,1480,62.13,0.4785,98.86,1513.6,0,3120
5,1481,64.13,0.4593,96.76,1489.5,0,3119
5,1482,65.86,0.4521,96.86,1498.2,0,3118
5,1483,65.01,0.5161,97.34,1487.9,0,3117
5,1484,63.08,0.4504,97.29,1506.8,0,3116
5,1485,62.32,0.4714,99.58,1504.0,0,3115
5,1486,64.03,0.4406,93.09,1509.9,0,3114
5,1487,62.97,0.5067,99.98,1499.8,0,3113
5,1488,65.78,0.4453,97.45,1520.8,0,3112
5,1489,65.68,0.5013,96.92,1507.5,0,3111
5,1490,63.15,0.4833,97.02,1513.8,0,3110
5,1491,60.84,0.4872,97.79,1517.4,0,3109
5,1492,63.69,0.4456,95.6,1521.5,0,3108
5,1493,62.89,0.5107,97.14,1526.0,0,3107
5,1494,63.62,0.4038,96.06,1517.7,0,3106
5,1495,64.05,0.5558,98.37,1517.0,0,3105
5,1496,64.74,0.4545,96.54,1515.7,0,3104
5,1497,62.51,0.4277,98.57,1519.4,0,3103
5,1498,65.06,0.5577,99.95,1512.9,0,3102
5,1499,63.12,0.4147,94.14,1506.3,0,3101
5,1500,61.66,0.4925,95.87,1521.9,0,3100
5,1501,61.26,0.3948,94.07,1504.9,0,3099
5,1502,63.68,0.5171,99.2,1523.2,0,3098
5,1503,62.13,0.4286,97.25,1509.9,0,3097
5,1504,61.88,0.517,96.94,1522.5,0,3096
5,1505,64.81,0.5504,92.94,1515.9,0,3095
5,1506,64.78,0.5083,101.73,1535.1,0,3094
5,1507,62.83,0.5313,96.39,1518.7,0,3093
5,1508,60.71,0.4431,96.55,1519.4,0,3092
5,1509,63.64,0.5403,94.97,1514.7,0,3091
5,1510,62.68,0.4868,95.61,1501.5,0,3090
5,1511,64.96,0.5697,98.81,1521.1,0,3089
5,1512,59.65,0.5614,96.12,1516.1,0,3088
5,1513,62.81,0.5574,96.77,1504.8,0,3087
5,1514,62.72,0.5432,99.41,1514.4,0,3086
5,1515,62.84,0.4436,100.8,1542.0,0,3085
5,1516,61.43,0.4813,97.88,1511.6,0,3084
5,1517,63.83,0.4615,99.64,1510.4,0,3083
5,1518,62.63,0.5603,99.23,1514.6,0,3082
5,1519,63.48,0.5202,96.72,1514.4,0,3081
5,1520,62.84,0.5148,94.54,1520.2,0,3080
5,1521,65.41,0.5247,97.79,1529.5,0,3079
5,1522,63.96,0.5557,98.87,1521.1,0,3078
5,1523,63.29,0.5392,96.41,1510.5,0,3077
5,1524,61.01,0.5474,97.14,1513.3,0,3076
5,1525,61.77,0.5091,100.29,1510.0,0,3075
5,1526,60.61,0.5174,94.65,1511.2,0,3074
5,1527,61.79,0.4787,94.69,1521.3,0,3073
5,1528,62.28,0.5893,99.23,1516.7,0,3072
5,1529,60.06,0.5578,97.63,1522.8,0,3071
5,1530,62.06,0.534,96.33,1511.3,0,3070
5,1531,63.36,0.5222,97.41,1515.3,0,3069
5,1532,63.44,0.5125,94.29,1521.8,0,3068
5,1533,61.71,0.5445,96.75,1522.6,0,3067
5,1534,62.25,0.5432,99.58,1519.2,0,3066
5,1535,62.03,0.5942,98.59,1504.6,0,3065
5,1536,60.8,0.5575,97.4,1502.1,0,3064
5,1537,60.63,0.5535,99.23,1533.0,0,3063
5,1538,60.62,0.5907,96.15,1516.1,0,3062
5,1539,64.28,0.558,98.45,1518.3,0,3061
5,1540,61.42,0.5204,98.95,1515.2,0,3060
5,1541,61.89,0.6027,98.93,1512.6,0,3059
5,1542,62.15,0.5989,97.95,1517.4,0,3058
5,1543,61.44,0.5012,98.76,1513.1,0,3057
5,1544,61.33,0.5329,98.92,1537.6,0,3056
5,1545,62.97,0.5385,97.47,1504.1,0,3055
5,1546,61.77,0.5255,97.93,1501.4,0,3054
5,1547,61.07,0.4985,98.11,1522.0,0,3053
5,1548,60.55,0.5327,99.13,1513.9,0,3052
5,1549,59.07,0.5683,103.05,1523.9,0,3051
5,1550,64.5,0.5463,101.47,1520.4,0,3050
5,1551,61.02,0.5423,99.73,1535.5,0,3049
5,1552,62.57,0.4915,99.45,1508.0,0,3048
5,1553,60.33,0.5689,96.06,1516.9,0,3047
5,1554,62.02,0.5668,95.77,1502.1,0,3046
5,1555,61.9,0.5802,98.57,1503.2,0,3045
5,1556,58.11,0.5614,99.87,1510.1,0,3044
5,1557,61.27,0.4456,100.31,1508.4,0,3043
5,1558,61.98,0.4961,98.14,1511.3,0,3042
5,1559,59.78,0.4703,96.66,1499.2,0,3041
5,1560,62.18,0.5362,94.79,1522.6,0,3040
5,1561,60.6,0.5124,98.97,1506.5,0,3039
5,1562,61.5,0.619,96.07,1500.0,0,3038
5,1563,60.32,0.5686,99.26,1512.2,0,3037
5,1564,61.76,0.5129,100.34,1507.4,0,3036
5,1565,59.46,0.531,99.2,1519.0,0,3035
5,1566,60.7,0.5263,99.22,1494.1,0,3034
5,1567,62.87,0.5318,103.47,1491.5,0,3033
5,1568,61.76,0.5075,101.71,1489.8,0,3032
5,1569,61.74,0.5321,102.94,1497.9,0,3031
5,1570,59.08,0.4457,102.02,1499.7,0,3030
5,1571,62.97,0.5369,103.55,1508.0,0,3029
5,1572,60.17,0.4663,102.05,1497.3,0,3028
5,1573,59.98,0.4853,97.35,1498.7,0,3027
5,1574,60.08,0.5002,101.68,1496.8,0,3026
5,1575,59.36,0.4546,105.75,1505.1,0,3025
5,1576,60.4,0.4789,101.9,1491.4,0,3024
5,1577,57.24,0.5687,101.5,1501.3,0,3023
5,1578,56.29,0.5081,101.98,1513.2,0,3022
5,1579,59.46,0.475,99.54,1507.6,0,3021
5,1580,60.8,0.5241,97.02,1514.3,0,3020
5,1581,58.51,0.5168,100.26,1476.2,0,3019
5,1582,58.51,0.451,102.97,1477.3,0,3018
5,1583,58.14,0.522,97.84,1490.1,0,3017
5,1584,58.78,0.5491,100.56,1497.3,0,3016
5,1585,57.54,0.4267,101.83,1485.6,0,3015
5,1586,59.41,0.4349,102.62,1503.9,0,3014
5,1587,59.14,0.4834,102.08,1488.1,0,3013
5,1588,60.1,0.5521,99.38,1474.0,0,3012
5,1589,59.11,0.4733,99.49,1486.9,0,3011
5,1590,58.83,0.4333,98.82,1497.8,0,3010
5,1591,59.43,0.4516,98.95,1480.6,0,3009
5,1592,58.7,0.3697,101.14,1488.0,0,3008
5,1593,61.43,0.492,98.46,1495.6,0,3007
5,1594,58.26,0.4473,104.05,1465.3,0,3006
5,1595,59.33,0.4129,101.13,1491.0,0,3005
5,1596,59.28,0.4512,100.02,1484.5,0,3004
5,1597,59.93,0.4388,102.7,1514.2,0,3003
5,1598,56.72,0.409,101.29,1464.3,0,3002
5,1599,59.34,0.4374,102.04,1491.1,0,3001
5,1600,57.92,0.445,99.57,1495.2,0,3000
5,1601,56.18,0.4155,100.97,1499.7,0,2999
5,1602,57.37,0.4228,102.01,1483.9,0,2998
5,1603,59.28,0.4558,100.96,1483.7,0,2997
5,1604,57.75,0.4452,101.42,1487.3,0,2996
5,1605,57.01,0.5432,100.72,1479.6,0,2995
5,1606,60.18,0.4266,107.21,1467.1,0,2994
5,1607,58.58,0.441,102.29,1468.5,0,2993
5,1608,59.75,0.4364,101.92,1490.0,0,2992
5,1609,58.94,0.5015,100.52,1473.8,0,2991
5,1610,56.32,0.515,103.32,1489.4,0,2990
5,1611,59.45,0.441,100.85,1496.7,0,2989
5,1612,57.8,0.5186,102.53,1467.3,0,2988
5,1613,58.63,0.4459,105.34,1478.3,0,2987
5,1614,56.63,0.4783,105.8,1484.9,0,2986
5,1615,57.32,0.5141,102.56,1484.9,0,2985
5,1616,57.65,0.4001,102.3,1477.9,0,2984
5,1617,55.89,0.4317,100.07,1474.3,0,2983
5,1618,57.09,0.4784,103.58,1465.7,0,2982
5,1619,56.1,0.5395,102.92,1485.2,0,2981
5,1620,57.91,0.3946,102.27,1496.1,0,2980
5,1621,58.23,0.4311,100.14,1487.1,0,2979
5,1622,58.29,0.4893,102.76,1480.0,0,2978
5,1623,56.59,0.4573,101.45,1467.9,0,2977
5,1624,57.11,0.4284,101.32,1469.3,0,2976
5,1625,57.29,0.5294,102.03,1482.7,0,2975
5,1626,59.81,0.4484,102.48,1477.8,0,2974
5,1627,57.71,0.4578,103.49,1467.4,0,2973
5,1628,56.65,0.5075,104.19,1485.0,0,2972
5,1629,56.41,0.5383,99.52,1471.0,0,2971
5,1630,58.4,0.4419,101.92,1495.2,0,2970
5,1631,59.14,0.5188,101.49,1484.3,0,2969
5,1632,56.74,0.4706,101.6,1470.0,0,2968
5,1633,56.35,0.4919,103.96,1488.1,0,2967
5,1634,57.87,0.5057,105.28,1477.2,0,2966
5,1635,55.01,0.4634,102.55,1487.8,0,2965
5,1636,58.56,0.5276,100.67,1474.4,0,2964
5,1637,55.73,0.5019,100.93,1484.4,0,2963
5,1638,56.3,0.5825,104.26,1484.1,0,2962
5,1639,55.52,0.4818,100.81,1455.8,0,2961
5,1640,56.58,0.4918,106.52,1495.6,0,2960
5,1641,56.64,0.4852,102.86,1472.4,0,2959
5,1642,55.77,0.5392,104.25,1483.0,0,2958
5,1643,58.82,0.5954,99.51,1483.8,0,2957
5,1644,55.56,0.522,103.6,1470.1,0,2956
5,1645,56.68,0.5208,108.18,1495.0,0,2955
5,1646,57.09,0.499,102.34,1469.4,0,2954
5,1647,55.04,0.5221,104.1,1485.5,0,2953
5,1648,55.19,0.542,104.67,1491.4,0,2952
5,1649,53.71,0.4916,102.33,1469.7,0,2951
5,1650,56.14,0.4617,102.07,1500.1,0,2950
5,1651,56.54,0.6153,105.23,1510.3,0,2949
5,1652,56.73,0.528,101.71,1473.7,0,2948
5,1653,56.2,0.4988,101.21,1489.8,0,2947
5,1654,54.14,0.5698,104.16,1474.4,0,2946
5,1655,56.92,0.5666,102.95,1489.9,0,2945
5,1656,56.18,0.5712,102.02,1497.5,0,2944
5,1657,56.42,0.5802,104.14,1500.9,0,2943
5,1658,54.83,0.5736,103.86,1476.6,0,2942
5,1659,55.43,0.4983,107.19,1491.9,0,2941
5,1660,56.62,0.488,104.58,1488.4,0,2940
5,1661,55.04,0.5907,107.02,1488.8,0,2939
5,1662,57.51,0.5718,100.2,1492.3,0,2938
5,1663,56.98,0.6402,102.97,1491.0,0,2937
5,1664,55.81,0.5317,99.74,1494.4,0,2936
5,1665,54.8,0.5218,101.84,1484.8,0,2935
5,1666,55.63,0.5751,104.03,1497.6,0,2934
5,1667,56.25,0.627,99.97,1492.3,0,2933
5,1668,57.1,0.5407,101.76,1478.4,0,2932
5,1669,54.96,0.5944,103.7,1513.1,0,2931
5,1670,54.1,0.5687,102.4,1489.3,0,2930
5,1671,56.71,0.5527,104.1,1508.2,0,2929
5,1672,55.81,0.5866,100.73,1507.4,0,2928
5,1673,57.88,0.5452,103.18,1510.1,0,2927
5,1674,56.75,0.617,104.76,1497.8,0,2926
5,1675,54.88,0.5118,103.91,1503.3,0,2925
5,1676,55.13,0.5199,103.76,1495.8,0,2924
5,1677,56.4,0.5732,105.15,1504.5,0,2923
5,1678,53.54,0.5374,103.69,1492.9,0,2922
5,1679,55.76,0.5426,102.26,1496.9,0,2921
5,1680,54.59,0.4886,98.62,1498.9,0,2920
5,1681,56.45,0.5856,102.24,1512.6,0,2919
5,1682,54.73,0.5355,99.47,1503.9,0,2918
5,1683,55.38,0.527,99.55,1499.4,0,2917
5,1684,53.92,0.5896,107.43,1515.3,0,2916
5,1685,57.04,0.5352,100.79,1516.6,0,2915
5,1686,55.04,0.5022,103.42,1514.8,0,2914
5,1687,55.01,0.4772,104.08,1504.9,0,2913
5,1688,55.9,0.5081,98.63,1508.4,0,2912
5,1689,55.68,0.5811,103.43,1522.7,0,2911
5,1690,56.03,0.538,101.76,1507.6,0,2910
5,1691,54.9,0.6026,100.45,1505.0,0,2909
5,1692,56.72,0.4556,103.98,1508.3,0,2908
5,1693,56.69,0.5795,103.61,1514.1,0,2907
5,1694,53.47,0.5868,98.76,1518.4,0,2906
5,1695,59.2,0.498,100.59,1503.1,0,2905
5,1696,55.14,0.4495,101.15,1521.8,0,2904
5,1697,57.59,0.5165,102.08,1503.2,0,2903
5,1698,56.16,0.5139,96.82,1518.2,0,2902
5,1699,55.85,0.4814,102.22,1521.4,0,2901
5,1700,55.47,0.4822,96.91,1535.8,0,2900
5,1701,55.86,0.5281,100.82,1514.4,0,2899
5,1702,55.73,0.4923,98.96,1507.0,0,2898
5,1703,53.34,0.5722,101.38,1492.9,0,2897
5,1704,54.7,0.4569,100.3,1504.2,0,2896
5,1705,54.49,0.5118,103.26,1506.4,0,2895
5,1706,55.04,0.508,100.24,1518.6,0,2894
5,1707,54.43,0.4163,102.2,1534.1,0,2893
5,1708,54.98,0.4953,103.18,1511.7,0,2892
5,1709,54.78,0.4526,96.27,1515.0,0,2891
5,1710,53.93,0.4954,102.58,1519.3,0,2890
5,1711,55.69,0.4794,101.01,1509.3,0,2889
5,1712,57.34,0.4691,101.78,1531.3,0,2888
5,1713,54.7,0.5402,96.92,1526.7,0,2887
5,1714,54.8,0.497,100.67,1538.0,0,2886
5,1715,56.12,0.4382,101.53,1516.0,0,2885
5,1716,55.35,0.4728,99.19,1522.1,0,2884
5,1717,54.03,0.4831,97.68,1529.7,0,2883
5,1718,55.61,0.5263,101.46,1511.7,0,2882
5,1719,55.3,0.453,102.79,1533.6,0,2881
5,1720,57.1,0.4608,100.89,1510.0,0,2880
5,1721,55.91,0.5193,100.61,1516.0,0,2879
5,1722,54.98,0.3337,100.46,1518.9,0,2878
5,1723,55.53,0.4438,99.04,1509.9,0,2877
5,1724,54.89,0.5156,100.48,1525.7,0,2876
5,1725,58.33,0.5102,99.46,1529.9,0,2875
5,1726,54.3,0.436,98.36,1519.1,0,2874
5,1727,53.61,0.3994,101.12,1498.7,0,2873
5,1728,54.31,0.5068,96.58,1516.1,0,2872
5,1729,55.98,0.4724,96.58,1503.4,0,2871
5,1730,54.85,0.5088,96.81,1523.0,0,2870
5,1731,54.87,0.4342,97.34,1523.7,0,2869
5,1732,56.88,0.4756,99.17,1526.0,0,2868
5,1733,54.64,0.4371,100.18,1516.6,0,2867
5,1734,53.6,0.4463,99.57,1506.0,0,2866
5,1735,53.52,0.4204,98.99,1508.2,0,2865
5,1736,54.74,0.454,98.51,1521.2,0,2864
5,1737,55.25,0.4138,98.16,1530.9,0,2863
5,1738,55.63,0.4286,98.74,1523.0,0,2862
5,1739,55.83,0.4948,98.79,1535.6,0,2861
5,1740,56.57,0.4993,102.17,1521.4,0,2860
5,1741,55.54,0.4811,102.24,1532.8,0,2859
5,1742,56.84,0.5079,99.45,1523.5,0,2858
5,1743,54.1,0.4506,99.18,1519.0,0,2857
5,1744,55.81,0.3962,99.08,1507.6,0,2856
5,1745,56.45,0.537,99.94,1511.5,0,2855
5,1746,53.07,0.4456,102.78,1503.0,0,2854
5,1747,54.47,0.4789,96.56,1518.0,0,2853
5,1748,54.02,0.4249,99.32,1548.3,0,2852
5,1749,56.16,0.493,99.44,1512.2,0,2851
5,1750,56.41,0.4472,99.4,1516.6,0,2850
5,1751,54.36,0.5354,100.98,1521.6,0,2849
5,1752,58.73,0.4682,100.76,1537.3,0,2848
5,1753,54.23,0.5152,98.41,1508.0,0,2847
5,1754,58.4,0.5163,98.33,1529.4,0,2846
5,1755,55.9,0.4699,98.34,1533.4,0,2845
5,1756,54.18,0.5343,97.97,1511.3,0,2844
5,1757,55.43,0.5182,103.33,1511.5,0,2843
5,1758,55.73,0.4866,101.1,1515.8,0,2842
5,1759,55.42,0.4929,102.76,1505.7,0,2841
5,1760,55.4,0.5189,98.52,1504.6,0,2840
5,1761,53.43,0.5104,98.29,1499.4,0,2839
5,1762,55.8,0.458,100.02,1509.5,0,2838
5,1763,55.53,0.5708,96.41,1509.5,0,2837
5,1764,55.08,0.5242,99.53,1499.0,0,2836
5,1765,55.16,0.5528,96.57,1498.3,0,2835
5,1766,53.61,0.5127,94.99,1495.7,0,2834
5,1767,55.35,0.5383,93.71,1504.4,0,2833
5,1768,56.2,0.4924,98.19,1510.3,0,2832
5,1769,56.57,0.5405,96.5,1517.5,0,2831
5,1770,56.29,0.5501,96.03,1511.0,0,2830
5,1771,55.45,0.5866,101.0,1506.5,0,2829
5,1772,56.98,0.5407,95.12,1499.0,0,2828
5,1773,54.03,0.5448,98.97,1513.4,0,2827
5,1774,55.21,0.524,96.23,1495.2,0,2826
5,1775,52.76,0.4975,99.28,1492.4,0,2825
5,1776,55.77,0.5504,97.7,1493.6,0,2824
5,1777,57.29,0.5146,98.11,1507.6,0,2823
5,1778,55.33,0.5909,98.39,1487.0,0,2822
5,1779,57.11,0.4946,97.69,1488.8,0,2821
5,1780,54.64,0.4923,97.34,1515.6,0,2820
5,1781,56.33,0.5955,96.42,1500.1,0,2819
5,1782,55.51,0.5624,98.09,1498.4,0,2818
5,1783,57.29,0.5264,98.51,1504.7,0,2817
5,1784,56.73,0.5606,99.88,1495.9,0,2816
5,1785,55.44,0.5254,102.18,1506.1,0,2815
5,1786,57.28,0.6008,93.31,1491.4,0,2814
5,1787,54.61,0.5789,97.2,1521.3,0,2813
5,1788,55.7,0.5721,98.93,1508.2,0,2812
5,1789,56.61,0.511,97.63,1505.4,0,2811
5,1790,55.34,0.612,94.99,1514.9,0,2810
5,1791,54.73,0.4899,94.92,1502.8,0,2809
5,1792,56.04,0.5816,97.76,1493.9,0,2808
5,1793,55.52,0.6131,95.37,1487.7,0,2807
5,1794,54.49,0.5212,92.83,1508.9,0,2806
5,1795,56.55,0.4966,93.34,1496.7,0,2805
5,1796,58.4,0.5324,97.64,1491.1,0,2804
5,1797,56.58,0.5564,98.41,1491.8,0,2803
5,1798,55.8,0.5254,94.3,1494.8,0,2802
5,1799,56.18,0.5135,96.92,1458.2,0,2801
5,1800,55.66,0.5338,96.57,1486.2,0,2800
5,1801,55.15,0.4905,98.89,1480.1,0,2799
5,1802,56.74,0.5664,96.32,1491.7,0,2798
5,1803,56.93,0.5375,96.73,1490.7,0,2797
5,1804,55.05,0.6072,96.65,1489.2,0,2796
5,1805,55.53,0.5711,97.76,1481.8,0,2795
5,1806,57.62,0.51,93.39,1470.3,0,2794
5,1807,56.53,0.6116,101.0,1485.1,0,2793
5,1808,58.97,0.4956,95.5,1492.3,0,2792
5,1809,56.73,0.5289,95.27,1477.8,0,2791
5,1810,56.59,0.4952,101.34,1486.5,0,2790
5,1811,55.97,0.6359,96.54,1490.7,0,2789
5,1812,54.64,0.4937,97.41,1484.4,0,2788
5,1813,58.73,0.5233,96.67,1507.1,0,2787
5,1814,56.58,0.5203,94.04,1483.2,0,2786
5,1815,55.1,0.467,97.3,1472.7,0,2785
5,1816,56.58,0.4652,99.62,1477.7,0,2784
5,1817,55.75,0.5588,94.75,1479.7,0,2783
5,1818,57.15,0.4891,99.84,1463.9,0,2782
5,1819,57.63,0.4717,97.45,1486.5,0,2781
5,1820,57.27,0.508,97.5,1469.9,0,2780
5,1821,57.38,0.527,96.0,1479.3,0,2779
5,1822,54.79,0.5535,97.58,1482.6,0,2778
5,1823,55.92,0.471,94.93,1470.6,0,2777
5,1824,55.65,0.477,97.59,1486.8,0,2776
5,1825,56.59,0.4691,97.06,1466.6,0,2775
5,1826,57.54,0.4513,98.13,1474.3,0,2774
5,1827,57.11,0.4898,97.45,1487.1,0,2773
5,1828,56.61,0.4763,100.32,1488.5,0,2772
5,1829,57.0,0.5372,98.58,1495.5,0,2771
5,1830,55.52,0.4881,96.48,1466.6,0,2770
5,1831,55.77,0.5146,97.9,1494.2,0,2769
5,1832,57.44,0.4739,97.26,1486.1,0,2768
5,1833,56.52,0.3928,97.89,1471.1,0,2767
5,1834,57.04,0.5242,96.15,1474.4,0,2766
5,1835,57.32,0.5193,97.5,1473.2,0,2765
5,1836,56.78,0.4451,98.05,1473.0,0,2764
5,1837,57.9,0.4816,96.38,1482.9,0,2763
5,1838,59.18,0.5041,97.31,1486.4,0,2762
5,1839,57.8,0.4385,97.57,1480.2,0,2761
5,1840,57.14,0.5225,94.2,1480.3,0,2760
5,1841,57.98,0.4596,96.54,1489.5,0,2759
5,1842,58.16,0.5257,91.83,1480.5,0,2758
5,1843,58.06,0.474,95.07,1485.5,0,2757
5,1844,56.48,0.3948,94.78,1482.3,0,2756
5,1845,60.84,0.4774,96.29,1486.6,0,2755
5,1846,56.73,0.4212,100.03,1495.6,0,2754
5,1847,57.85,0.4843,97.87,1483.0,0,2753
5,1848,56.62,0.4527,98.59,1486.2,0,2752
5,1849,57.08,0.4324,96.59,1489.3,0,2751
5,1850,55.67,0.4886,97.88,1470.9,0,2750
5,1851,58.75,0.399,97.88,1476.3,0,2749
5,1852,59.3,0.4305,96.7,1493.4,0,2748
5,1853,57.83,0.4049,98.74,1492.2,0,2747
5,1854,60.15,0.4738,100.39,1481.9,0,2746
5,1855,59.88,0.4043,101.89,1490.8,0,2745
5,1856,59.78,0.4163,97.65,1493.8,0,2744
5,1857,61.06,0.432,95.86,1469.7,0,2743
5,1858,58.47,0.4411,94.84,1489.0,0,2742
5,1859,58.33,0.4475,98.35,1502.5,0,2741
5,1860,59.56,0.439,95.39,1490.0,0,2740
5,1861,61.17,0.4643,100.47,1484.1,0,2739
5,1862,56.68,0.4415,97.74,1475.7,0,2738
5,1863,56.58,0.4462,101.44,1499.7,0,2737
5,1864,57.4,0.4745,96.11,1484.9,0,2736
5,1865,60.89,0.4451,97.89,1492.2,0,2735
5,1866,59.07,0.4842,98.14,1483.8,0,2734
5,1867,57.64,0.4649,99.55,1477.8,0,2733
5,1868,59.46,0.4744,97.89,1513.2,0,2732
5,1869,60.89,0.5322,97.08,1496.6,0,2731
5,1870,61.73,0.5243,95.04,1504.4,0,2730
5,1871,58.83,0.4576,99.65,1503.0,0,2729
5,1872,58.07,0.3872,101.41,1508.8,0,2728
5,1873,61.33,0.5183,101.05,1494.1,0,2727
5,1874,60.95,0.4518,96.13,1490.0,0,2726
5,1875,59.19,0.4604,97.7,1483.0,0,2725
5,1876,60.75,0.4533,101.24,1501.3,0,2724
5,1877,58.67,0.4842,100.92,1500.2,0,2723
5,1878,59.43,0.4383,98.59,1496.9,0,2722
5,1879,60.38,0.4763,99.61,1502.0,0,2721
5,1880,61.42,0.4746,97.01,1499.9,0,2720
5,1881,61.38,0.5411,101.45,1492.0,0,2719
5,1882,58.37,0.4282,99.79,1500.0,0,2718
5,1883,60.22,0.4767,100.65,1507.2,0,2717
5,1884,61.99,0.4783,106.19,1505.2,0,2716
5,1885,59.38,0.5474,97.63,1488.5,0,2715
5,1886,62.48,0.459,100.23,1500.7,0,2714
5,1887,58.71,0.5836,98.17,1533.3,0,2713
5,1888,61.65,0.5258,100.62,1498.3,0,2712
5,1889,59.25,0.5172,100.58,1505.6,0,2711
5,1890,60.94,0.4963,97.95,1495.8,0,2710
5,1891,59.65,0.5249,102.66,1505.7,0,2709
5,1892,60.33,0.5182,99.41,1506.5,0,2708
5,1893,57.25,0.5311,97.67,1515.2,0,2707
5,1894,59.32,0.4877,103.05,1498.9,0,2706
5,1895,59.54,0.5113,100.72,1512.4,0,2705
5,1896,60.78,0.5089,99.73,1499.5,0,2704
5,1897,59.42,0.4907,101.37,1508.4,0,2703
5,1898,60.2,0.5597,101.4,1500.2,0,2702
5,1899,61.09,0.56,102.63,1516.3,0,2701
5,1900,60.29,0.5513,99.35,1507.7,0,2700
5,1901,61.99,0.6004,101.91,1499.0,0,2699
5,1902,58.63,0.5069,100.71,1512.1,0,2698
5,1903,63.0,0.4384,97.56,1502.5,0,2697
5,1904,59.53,0.4927,102.15,1510.0,0,2696
5,1905,61.06,0.5573,103.03,1510.5,0,2695
5,1906,60.23,0.5416,99.73,1506.8,0,2694
5,1907,60.41,0.4739,106.24,1519.0,0,2693
5,1908,60.45,0.553,103.9,1510.7,0,2692
5,1909,61.37,0.5232,103.58,1532.0,0,2691
5,1910,61.11,0.5078,100.87,1509.6,0,2690
5,1911,59.14,0.5347,97.94,1518.1,0,2689
5,1912,61.26,0.5064,102.18,1523.0,0,2688
5,1913,59.55,0.5545,104.69,1521.0,0,2687
5,1914,59.82,0.5317,102.4,1520.2,0,2686
5,1915,62.82,0.5916,105.84,1502.1,0,2685
5,1916,59.85,0.5753,102.07,1523.5,0,2684
5,1917,59.12,0.4729,98.84,1508.1,0,2683
5,1918,61.03,0.4648,99.2,1504.0,0,2682
5,1919,62.52,0.5384,102.63,1496.0,0,2681
5,1920,59.79,0.5002,100.71,1522.7,0,2680
5,1921,62.58,0.4921,102.23,1511.5,0,2679
5,1922,62.12,0.5842,101.45,1511.0,0,2678
5,1923,62.62,0.5022,105.22,1513.6,0,2677
5,1924,62.07,0.5851,105.78,1517.2,0,2676
5,1925,62.35,0.5003,101.64,1512.0,0,2675
5,1926,61.27,0.4909,105.71,1521.9,0,2674
5,1927,62.72,0.4982,107.06,1526.4,0,2673
5,1928,62.91,0.5396,104.45,1542.1,0,2672
5,1929,62.73,0.5704,104.29,1517.4,0,2671
5,1930,63.57,0.5931,101.38,1515.6,0,2670
5,1931,63.18,0.5986,101.08,1514.8,0,2669
5,1932,63.15,0.5843,101.2,1508.4,0,2668
5,1933,62.87,0.5913,103.08,1507.5,0,2667
5,1934,62.5,0.5517,103.08,1526.6,0,2666
5,1935,63.01,0.5474,103.73,1510.6,0,2665
5,1936,63.72,0.5362,101.24,1536.1,0,2664
5,1937,64.29,0.5704,100.69,1534.6,0,2663
5,1938,61.25,0.5274,102.2,1529.8,0,2662
5,1939,64.25,0.5518,103.19,1499.0,0,2661
5,1940,64.83,0.5569,102.02,1518.6,0,2660
5,1941,62.32,0.5403,99.61,1517.5,0,2659
5,1942,61.24,0.4479,99.5,1541.2,0,2658
5,1943,63.92,0.5688,103.35,1506.4,0,2657
5,1944,61.8,0.4429,104.34,1524.4,0,2656
5,1945,61.91,0.5303,100.99,1496.9,0,2655
5,1946,62.18,0.5134,103.97,1512.0,0,2654
5,1947,61.9,0.4939,104.34,1525.7,0,2653
5,1948,62.94,0.4406,105.21,1515.4,0,2652
5,1949,62.43,0.4834,103.32,1510.4,0,2651
5,1950,62.37,0.5062,104.29,1523.3,0,2650
5,1951,62.29,0.5018,101.35,1516.4,0,2649
5,1952,63.15,0.4806,102.47,1510.8,0,2648
5,1953,63.82,0.5354,104.33,1513.5,0,2647
5,1954,62.39,0.4833,100.47,1512.8,0,2646
5,1955,63.8,0.5146,100.29,1521.1,0,2645
5,1956,64.07,0.4727,100.22,1514.1,0,2644
5,1957,62.77,0.4608,102.25,1519.1,0,2643
5,1958,65.61,0.4316,104.68,1506.6,0,2642
5,1959,63.12,0.4267,102.08,1521.4,0,2641
5,1960,61.93,0.4839,104.07,1496.8,0,2640
5,1961,63.04,0.4654,103.57,1506.1,0,2639
5,1962,66.89,0.4591,103.83,1525.1,0,2638
5,1963,62.83,0.4557,102.32,1509.4,0,2637
5,1964,62.02,0.4859,102.95,1504.1,0,2636
5,1965,65.27,0.3959,101.3,1513.4,0,2635
5,1966,63.47,0.5345,101.48,1513.6,0,2634
5,1967,63.48,0.4382,103.08,1502.5,0,2633
5,1968,62.6,0.5051,104.28,1519.3,0,2632
5,1969,64.31,0.428,105.92,1516.4,0,2631
5,1970,61.9,0.4648,106.71,1498.9,0,2630
5,1971,62.49,0.4044,106.06,1518.6,0,2629
5,1972,63.96,0.45,103.42,1524.7,0,2628
5,1973,63.49,0.4464,104.61,1514.2,0,2627
5,1974,62.75,0.398,105.24,1500.0,0,2626
5,1975,62.5,0.4165,100.07,1515.7,0,2625
5,1976,63.81,0.3696,97.01,1533.8,0,2624
5,1977,63.15,0.4334,104.54,1519.8,0,2623
5,1978,64.25,0.4184,100.1,1518.8,0,2622
5,1979,64.17,0.4361,103.21,1520.9,0,2621
5,1980,62.48,0.4465,104.19,1504.6,0,2620
5,1981,64.36,0.4573,104.03,1507.7,0,2619
5,1982,64.74,0.471,101.84,1499.8,0,2618
5,1983,64.97,0.4962,104.41,1506.5,0,2617
5,1984,63.9,0.4307,102.06,1515.9,0,2616
5,1985,65.02,0.4685,104.79,1511.8,0,2615
5,1986,63.8,0.4266,103.21,1507.9,0,2614
5,1987,62.89,0.4298,105.73,1514.7,0,2613
5,1988,64.09,0.4363,103.73,1491.7,0,2612
5,1989,64.3,0.4353,99.91,1495.9,0,2611
5,1990,64.85,0.5054,102.64,1484.9,0,2610
5,1991,62.55,0.5221,98.57,1512.4,0,2609
5,1992,63.71,0.4423,102.08,1493.2,0,2608
5,1993,62.4,0.4279,101.14,1510.0,0,2607
5,1994,63.23,0.4792,102.41,1499.6,0,2606
5,1995,63.86,0.4802,100.53,1515.3,0,2605
5,1996,63.79,0.477,100.35,1493.0,0,2604
5,1997,61.5,0.3672,99.57,1486.4,0,2603
5,1998,63.45,0.5014,100.12,1498.9,0,2602
5,1999,63.95,0.4794,105.27,1511.7,0,2601
5,2000,65.21,0.4865,105.51,1494.0,0,2600
5,2001,66.83,0.5256,101.98,1486.9,0,2599
5,2002,64.61,0.4979,102.1,1513.6,0,2598
5,2003,64.16,0.473,102.18,1497.9,0,2597
5,2004,64.95,0.4687,98.31,1496.1,0,2596
5,2005,64.46,0.5033,104.2,1499.4,0,2595
5,2006,66.43,0.5282,104.01,1488.3,0,2594
5,2007,65.52,0.489,103.12,1477.0,0,2593
5,2008,66.46,0.4855,102.44,1502.3,0,2592
5,2009,66.1,0.4491,105.71,1489.8,0,2591
5,2010,64.71,0.5541,102.53,1484.8,0,2590
5,2011,65.31,0.5036,99.72,1481.5,0,2589
5,2012,63.02,0.502,103.53,1488.6,0,2588
5,2013,64.46,0.5055,105.4,1476.1,0,2587
5,2014,66.31,0.5638,101.49,1488.1,0,2586
5,2015,63.88,0.4743,99.5,1482.7,0,2585
5,2016,64.41,0.5141,102.06,1482.1,0,2584
5,2017,65.26,0.472,102.18,1487.8,0,2583
5,2018,63.12,0.5889,102.74,1493.5,0,2582
5,2019,65.63,0.555,98.62,1477.8,0,2581
5,2020,62.56,0.5653,102.92,1488.1,0,2580
5,2021,63.91,0.5801,99.62,1478.6,0,2579
5,2022,64.81,0.4716,100.55,1487.5,0,2578
5,2023,63.83,0.5486,103.79,1472.2,0,2577
5,2024,64.83,0.5238,100.03,1485.1,0,2576
5,2025,65.27,0.5715,100.97,1484.8,0,2575
5,2026,63.58,0.5382,100.46,1487.7,0,2574
5,2027,63.78,0.515,101.07,1473.0,0,2573
5,2028,66.89,0.5509,98.62,1488.5,0,2572
5,2029,65.13,0.5697,100.54,1469.5,0,2571
5,2030,65.29,0.5603,103.29,1484.3,0,2570
5,2031,65.26,0.5636,98.61,1486.9,0,2569
5,2032,64.56,0.5572,103.23,1484.8,0,2568
5,2033,62.89,0.5974,99.05,1480.2,0,2567
5,2034,63.37,0.5203,97.37,1488.5,0,2566
5,2035,65.67,0.5437,101.95,1469.3,0,2565
5,2036,66.27,0.5797,99.84,1465.0,0,2564
5,2037,65.13,0.531,101.17,1477.2,0,2563
5,2038,67.59,0.5312,99.76,1463.3,0,2562
5,2039,67.29,0.5557,101.29,1491.5,0,2561
5,2040,62.74,0.5433,98.64,1489.4,0,2560
5,2041,66.01,0.5132,100.35,1482.0,0,2559
5,2042,65.79,0.4773,102.14,1466.3,0,2558
5,2043,65.22,0.5645,98.09,1475.6,0,2557
5,2044,64.22,0.5085,97.92,1467.2,0,2556
5,2045,65.35,0.5648,98.0,1475.8,0,2555
5,2046,64.14,0.5287,100.68,1486.9,0,2554
5,2047,64.46,0.5959,98.47,1481.8,0,2553
5,2048,65.76,0.5485,102.77,1482.0,0,2552
5,2049,66.14,0.6023,99.53,1493.4,0,2551
5,2050,65.42,0.6079,97.17,1488.6,0,2550
5,2051,63.73,0.5124,101.5,1480.3,0,2549
5,2052,65.78,0.5024,99.57,1486.3,0,2548
5,2053,64.32,0.5784,97.13,1461.1,0,2547
5,2054,65.01,0.5495,102.71,1477.7,0,2546
5,2055,65.0,0.5407,102.05,1488.3,0,2545
5,2056,65.02,0.5615,99.76,1498.4,0,2544
5,2057,65.87,0.5865,101.42,1479.5,0,2543
5,2058,67.35,0.582,101.57,1487.7,0,2542
5,2059,64.5,0.5382,98.82,1499.2,0,2541
5,2060,65.14,0.483,100.4,1485.8,0,2540
5,2061,64.77,0.5348,97.63,1472.6,0,2539
5,2062,63.73,0.5318,98.1,1495.1,0,2538
5,2063,64.98,0.5386,100.36,1477.3,0,2537
5,2064,66.56,0.4624,101.42,1486.3,0,2536
5,2065,62.45,0.5014,99.43,1499.1,0,2535
5,2066,64.2,0.5608,99.26,1480.2,0,2534
5,2067,64.05,0.5059,99.94,1473.7,0,2533
5,2068,64.45,0.4934,95.81,1478.4,0,2532
5,2069,62.01,0.5006,98.95,1498.4,0,2531
5,2070,66.03,0.5269,97.14,1474.4,0,2530
5,2071,65.95,0.4963,96.83,1483.6,0,2529
5,2072,64.6,0.5172,96.7,1476.0,0,2528
5,2073,64.52,0.5354,96.43,1476.9,0,2527
5,2074,63.22,0.5036,101.19,1493.0,0,2526
5,2075,64.38,0.4717,97.33,1489.9,0,2525
5,2076,64.76,0.5271,98.13,1482.4,0,2524
5,2077,64.51,0.5098,100.77,1476.3,0,2523
5,2078,67.21,0.4811,96.18,1485.9,0,2522
5,2079,64.69,0.4588,97.06,1476.8,0,2521
5,2080,64.63,0.4543,95.41,1503.1,0,2520
5,2081,66.02,0.4558,100.11,1471.6,0,2519
5,2082,64.71,0.4032,98.91,1476.5,0,2518
5,2083,64.38,0.4633,97.06,1482.6,0,2517
5,2084,64.86,0.505,99.58,1475.0,0,2516
5,2085,64.07,0.5091,97.39,1495.7,0,2515
5,2086,62.97,0.438,96.9,1504.9,0,2514
5,2087,65.06,0.4149,98.0,1489.8,0,2513
5,2088,65.69,0.4646,101.22,1507.1,0,2512
5,2089,65.06,0.4371,98.27,1497.5,0,2511
5,2090,65.09,0.4898,99.15,1496.7,0,2510
5,2091,63.7,0.4073,97.7,1504.6,0,2509
5,2092,64.43,0.3708,99.16,1516.2,0,2508
5,2093,63.31,0.5066,96.35,1494.8,0,2507
5,2094,63.77,0.4556,99.32,1503.3,0,2506
5,2095,64.77,0.4886,97.9,1505.8,0,2505
5,2096,64.21,0.4509,97.75,1499.4,0,2504
5,2097,64.86,0.5557,99.76,1510.9,0,2503
5,2098,63.4,0.4183,95.21,1513.2,0,2502
5,2099,63.93,0.5273,95.72,1519.7,0,2501
5,2100,63.18,0.5198,96.87,1489.0,0,2500
5,2101,64.29,0.4798,98.16,1491.5,0,2499
5,2102,66.41,0.4433,97.06,1520.5,0,2498
5,2103,64.36,0.4249,93.26,1502.2,0,2497
5,2104,63.09,0.4548,97.27,1506.0,0,2496
5,2105,65.59,0.3958,98.44,1513.0,0,2495
5,2106,63.16,0.4726,95.95,1512.1,0,2494
5,2107,64.32,0.4698,97.96,1510.7,0,2493
5,2108,61.81,0.4644,92.05,1501.6,0,2492
5,2109,62.25,0.3835,95.69,1510.6,0,2491
5,2110,62.48,0.4769,96.18,1507.8,0,2490
5,2111,62.48,0.574,94.48,1499.8,0,2489
5,2112,64.95,0.4674,93.64,1503.5,0,2488
5,2113,63.48,0.4751,97.2,1506.8,0,2487
5,2114,62.73,0.4412,97.58,1512.0,0,2486
5,2115,62.76,0.5063,101.11,1494.1,0,2485
5,2116,63.33,0.4432,98.67,1522.8,0,2484
5,2117,63.46,0.4909,95.85,1526.1,0,2483
5,2118,63.43,0.4098,95.56,1509.6,0,2482
5,2119,64.11,0.4929,94.88,1520.2,0,2481
5,2120,64.03,0.4797,98.27,1515.5,0,2480
5,2121,63.0,0.4705,96.71,1497.0,0,2479
5,2122,61.19,0.3989,96.85,1512.7,0,2478
5,2123,65.46,0.4002,95.32,1531.4,0,2477
5,2124,65.56,0.4786,94.7,1516.6,0,2476
5,2125,65.15,0.4118,98.7,1514.4,0,2475
5,2126,64.47,0.4506,94.51,1529.6,0,2474
5,2127,63.26,0.4649,95.15,1514.7,0,2473
5,2128,61.87,0.4293,99.85,1523.1,0,2472
5,2129,65.0,0.4042,95.09,1509.5,0,2471
5,2130,63.44,0.4895,97.46,1530.8,0,2470
5,2131,63.51,0.4388,95.42,1510.6,0,2469
5,2132,61.84,0.4966,96.76,1511.3,0,2468
5,2133,61.23,0.4227,95.97,1519.6,0,2467
5,2134,63.35,0.4895,98.57,1542.2,0,2466
5,2135,63.0,0.5397,96.41,1536.5,0,2465
5,2136,62.59,0.4565,94.83,1506.7,0,2464
5,2137,63.71,0.49,97.77,1525.0,0,2463
5,2138,62.16,0.428,96.86,1515.6,0,2462
5,2139,62.53,0.5898,97.33,1512.6,0,2461
5,2140,61.33,0.4746,101.42,1521.0,0,2460
5,2141,62.79,0.4817,96.75,1514.4,0,2459
5,2142,62.96,0.5185,101.62,1509.3,0,2458
5,2143,62.24,0.482,100.55,1520.2,0,2457
5,2144,62.59,0.5001,96.21,1524.6,0,2456
5,2145,62.73,0.4778,97.23,1522.5,0,2455
5,2146,63.62,0.4827,96.19,1511.6,0,2454
5,2147,64.96,0.5227,96.87,1518.5,0,2453
5,2148,61.13,0.5719,96.68,1516.9,0,2452
5,2149,63.26,0.4984,94.73,1508.9,0,2451
5,2150,61.21,0.5436,98.55,1524.3,0,2450
5,2151,60.79,0.526,98.33,1513.1,0,2449
5,2152,63.56,0.4911,97.46,1504.5,0,2448
5,2153,62.85,0.5477,95.44,1491.3,0,2447
5,2154,61.76,0.5485,100.32,1518.4,0,2446
5,2155,62.02,0.541,94.87,1522.4,0,2445
5,2156,60.86,0.5252,98.79,1525.9,0,2444
5,2157,61.79,0.602,95.55,1529.5,0,2443
5,2158,63.24,0.4979,94.93,1516.5,0,2442
5,2159,62.37,0.5182,99.0,1525.1,0,2441
5,2160,63.04,0.5155,96.35,1515.1,0,2440
5,2161,63.63,0.5748,96.37,1516.5,0,2439
5,2162,62.88,0.6077,98.86,1521.1,0,2438
5,2163,62.72,0.6345,97.71,1519.1,0,2437
5,2164,62.07,0.5476,98.23,1518.3,0,2436
5,2165,63.19,0.5739,97.1,1511.6,0,2435
5,2166,60.85,0.5096,99.16,1520.4,0,2434
5,2167,60.73,0.5287,98.87,1503.5,0,2433
5,2168,62.09,0.583,101.52,1535.3,0,2432
5,2169,61.92,0.5678,98.98,1520.3,0,2431
5,2170,60.74,0.5057,93.74,1507.5,0,2430
5,2171,59.47,0.5067,102.22,1516.4,0,2429
5,2172,61.26,0.5432,96.98,1529.2,0,2428
5,2173,61.42,0.6085,99.08,1521.5,0,2427
5,2174,62.62,0.5929,100.77,1508.7,0,2426
5,2175,61.12,0.5872,102.46,1505.1,0,2425
5,2176,62.14,0.5211,101.79,1504.8,0,2424
5,2177,62.47,0.58,100.23,1520.0,0,2423
5,2178,62.68,0.589,100.51,1513.0,0,2422
5,2179,59.69,0.5998,99.18,1535.8,0,2421
5,2180,61.83,0.4791,100.83,1514.2,0,2420
5,2181,59.66,0.5199,97.49,1519.3,0,2419
5,2182,59.61,0.5009,101.68,1511.9,0,2418
5,2183,62.3,0.5147,98.63,1524.1,0,2417
5,2184,61.74,0.5734,98.34,1501.1,0,2416
5,2185,60.94,0.5217,100.78,1503.5,0,2415
5,2186,61.2,0.5463,102.68,1521.5,0,2414
5,2187,61.33,0.5628,98.37,1501.6,0,2413
5,2188,60.35,0.533,97.06,1516.5,0,2412
5,2189,61.54,0.4148,101.4,1504.0,0,2411
5,2190,59.67,0.4719,99.82,1514.9,0,2410
5,2191,60.79,0.5403,95.29,1507.9,0,2409
5,2192,60.55,0.5391,98.26,1505.2,0,2408
5,2193,60.61,0.5635,95.52,1492.5,0,2407
5,2194,61.19,0.5366,100.67,1505.2,0,2406
5,2195,60.11,0.5284,96.43,1504.2,0,2405
5,2196,58.06,0.4915,99.3,1488.7,0,2404
5,2197,61.03,0.4609,97.41,1503.3,0,2403
5,2198,56.76,0.5439,101.18,1522.2,0,2402
5,2199,59.12,0.5032,102.0,1500.9,0,2401
5,2200,61.55,0.5147,102.05,1500.6,0,2400
5,2201,60.31,0.5019,98.84,1502.7,0,2399
5,2202,59.32,0.4893,99.23,1485.5,0,2398
5,2203,57.83,0.4754,102.84,1488.6,0,2397
5,2204,58.07,0.4787,100.68,1488.3,0,2396
5,2205,60.65,0.4253,100.85,1525.2,0,2395
5,2206,59.64,0.4455,102.53,1500.6,0,2394
5,2207,59.71,0.4488,100.26,1483.3,0,2393
5,2208,57.89,0.4566,98.26,1476.8,0,2392
5,2209,58.31,0.5341,101.71,1486.7,0,2391
5,2210,60.48,0.4925,104.62,1505.8,0,2390
5,2211,59.64,0.4341,96.0,1496.7,0,2389
5,2212,59.87,0.5046,99.52,1490.6,0,2388
5,2213,58.76,0.5028,103.18,1492.3,0,2387
5,2214,57.83,0.4482,97.25,1503.0,0,2386
5,2215,59.13,0.4043,100.77,1499.6,0,2385
5,2216,60.97,0.4206,105.35,1489.9,0,2384
5,2217,57.42,0.4768,99.63,1487.4,0,2383
5,2218,57.18,0.4003,102.71,1483.0,0,2382
5,2219,58.15,0.4292,101.92,1492.2,0,2381
5,2220,58.36,0.4461,100.48,1504.8,0,2380
5,2221,58.74,0.4327,97.53,1499.2,0,2379
5,2222,60.04,0.4623,102.52,1476.2,0,2378
5,2223,61.4,0.4067,101.75,1476.0,0,2377
5,2224,58.77,0.451,102.78,1484.8,0,2376
5,2225,58.44,0.4152,100.66,1475.8,0,2375
5,2226,57.98,0.4926,101.23,1489.1,0,2374
5,2227,59.98,0.383,100.14,1463.9,0,2373
5,2228,59.41,0.3824,100.34,1472.2,0,2372
5,2229,58.61,0.5153,100.7,1488.1,0,2371
5,2230,56.4,0.4134,101.2,1467.1,0,2370
5,2231,59.01,0.5036,103.47,1469.1,0,2369
5,2232,58.23,0.3863,102.78,1482.3,0,2368
5,2233,60.01,0.5673,103.75,1474.5,0,2367
5,2234,58.77,0.4933,100.11,1484.1,0,2366
5,2235,56.92,0.4633,105.66,1485.9,0,2365
5,2236,59.34,0.4612,103.46,1484.9,0,2364
5,2237,57.34,0.4305,104.18,1485.2,0,2363
5,2238,57.75,0.482,99.84,1480.5,0,2362
5,2239,58.57,0.4297,104.88,1484.1,0,2361
5,2240,58.57,0.361,104.86,1472.3,0,2360
5,2241,57.24,0.3833,104.08,1474.6,0,2359
5,2242,58.98,0.4048,100.02,1454.7,0,2358
5,2243,56.26,0.4197,105.08,1476.9,0,2357
5,2244,55.97,0.4737,101.68,1477.1,0,2356
5,2245,60.83,0.5002,103.49,1477.8,0,2355
5,2246,59.94,0.5048,104.27,1472.8,0,2354
5,2247,57.46,0.4596,99.65,1476.0,0,2353
5,2248,57.67,0.4637,101.99,1478.3,0,2352
5,2249,58.22,0.4812,101.98,1462.7,0,2351
5,2250,57.29,0.4862,105.96,1483.8,0,2350
5,2251,57.06,0.4579,100.95,1496.0,0,2349
5,2252,55.43,0.4691,102.88,1480.3,0,2348
5,2253,57.19,0.4572,103.61,1489.5,0,2347
5,2254,57.13,0.4749,101.26,1477.6,0,2346
5,2255,58.71,0.506,99.67,1488.3,0,2345
5,2256,58.18,0.4917,101.41,1486.6,0,2344
5,2257,57.54,0.5127,104.54,1489.6,0,2343
5,2258,56.08,0.4201,105.08,1485.1,0,2342
5,2259,59.21,0.4828,104.59,1464.4,0,2341
5,2260,55.8,0.4449,104.46,1479.9,0,2340
5,2261,57.42,0.4875,100.62,1477.7,0,2339
5,2262,57.52,0.4954,98.78,1479.1,0,2338
5,2263,55.68,0.4748,102.75,1476.7,0,2337
5,2264,56.64,0.4742,103.68,1497.9,0,2336
5,2265,57.87,0.4928,102.68,1475.1,0,2335
5,2266,57.69,0.4902,98.43,1466.2,0,2334
5,2267,57.36,0.4669,101.97,1478.9,0,2333
5,2268,58.58,0.5145,100.84,1494.8,0,2332
5,2269,55.45,0.4934,101.87,1498.9,0,2331
5,2270,55.41,0.5437,101.44,1483.2,0,2330
5,2271,58.48,0.4825,104.61,1490.6,0,2329
5,2272,57.27,0.4937,102.26,1462.4,0,2328
5,2273,55.85,0.5556,105.15,1472.6,0,2327
5,2274,56.99,0.5075,103.78,1482.6,0,2326
5,2275,54.94,0.5712,104.79,1495.4,0,2325
5,2276,56.21,0.5039,105.86,1480.7,0,2324
5,2277,55.99,0.5514,104.91,1466.5,0,2323
5,2278,55.06,0.5354,104.46,1461.1,0,2322
5,2279,57.78,0.4964,100.39,1460.8,0,2321
5,2280,56.22,0.5864,104.08,1485.7,0,2320
5,2281,55.93,0.5617,98.93,1489.0,0,2319
5,2282,57.37,0.5172,102.97,1493.1,0,2318
5,2283,56.02,0.4484,107.17,1495.8,0,2317
5,2284,57.41,0.5675,101.93,1471.4,0,2316
5,2285,56.03,0.5415,104.68,1489.2,0,2315
5,2286,54.24,0.5289,102.0,1496.9,0,2314
5,2287,55.32,0.5983,103.44,1493.9,0,2313
5,2288,56.64,0.5465,102.04,1496.2,0,2312
5,2289,56.05,0.548,105.89,1485.9,0,2311
5,2290,58.23,0.6156,101.83,1486.6,0,2310
5,2291,57.75,0.5772,104.18,1505.6,0,2309
5,2292,57.8,0.5976,101.89,1495.5,0,2308
5,2293,56.27,0.57,103.0,1500.7,0,2307
5,2294,55.85,0.6222,102.55,1486.0,0,2306
5,2295,55.04,0.5611,103.02,1508.3,0,2305
5,2296,56.98,0.5294,104.63,1507.5,0,2304
5,2297,56.08,0.5452,104.03,1490.4,0,2303
5,2298,55.44,0.6137,106.76,1497.3,0,2302
5,2299,56.14,0.5029,102.96,1510.2,0,2301
5,2300,56.1,0.6266,101.23,1481.2,0,2300
5,2301,54.73,0.5376,102.14,1511.2,0,2299
5,2302,55.5,0.5593,105.04,1488.4,0,2298
5,2303,58.04,0.5024,103.14,1509.2,0,2297
5,2304,55.08,0.5204,100.59,1506.8,0,2296
5,2305,54.3,0.5345,106.25,1504.5,0,2295
5,2306,56.0,0.5815,100.36,1508.6,0,2294
5,2307,56.0,0.5846,100.14,1512.0,0,2293
5,2308,53.59,0.5734,102.35,1511.6,0,2292
5,2309,54.72,0.4808,102.81,1516.4,0,2291
5,2310,56.72,0.5978,105.62,1515.6,0,2290
5,2311,55.39,0.4737,103.03,1501.1,0,2289
5,2312,55.2,0.5469,103.72,1509.8,0,2288
5,2313,55.0,0.4998,98.91,1490.2,0,2287
5,2314,53.96,0.4439,101.81,1510.5,0,2286
5,2315,55.89,0.4953,105.26,1502.4,0,2285
5,2316,58.31,0.4673,106.05,1506.8,0,2284
5,2317,55.09,0.5113,98.97,1529.9,0,2283
5,2318,55.69,0.4756,102.55,1520.4,0,2282
5,2319,56.63,0.5921,104.81,1508.4,0,2281
5,2320,56.72,0.4871,101.54,1513.9,0,2280
5,2321,56.39,0.4924,103.16,1499.9,0,2279
5,2322,52.18,0.4521,100.75,1522.0,0,2278
5,2323,55.93,0.4849,100.29,1505.7,0,2277
5,2324,55.24,0.4172,101.61,1523.4,0,2276
5,2325,53.8,0.5397,102.31,1508.9,0,2275
5,2326,56.02,0.3899,100.15,1527.2,0,2274
5,2327,55.72,0.4875,100.86,1520.8,0,2273
5,2328,55.79,0.4659,98.26,1515.7,0,2272
5,2329,55.59,0.5476,100.84,1521.1,0,2271
5,2330,55.85,0.5305,105.03,1506.3,0,2270
5,2331,56.7,0.4604,101.5,1523.2,0,2269
5,2332,53.15,0.5241,99.44,1524.3,0,2268
5,2333,53.45,0.4887,99.08,1516.5,0,2267
5,2334,52.74,0.5087,103.76,1534.7,0,2266
5,2335,54.23,0.4913,102.1,1535.4,0,2265
5,2336,56.4,0.5258,100.18,1506.7,0,2264
5,2337,56.58,0.4772,102.01,1524.4,0,2263
5,2338,56.33,0.5061,104.81,1525.8,0,2262
5,2339,54.5,0.4195,102.71,1533.7,0,2261
5,2340,55.37,0.4361,101.53,1513.0,0,2260
5,2341,55.22,0.4802,98.95,1532.2,0,2259
5,2342,57.1,0.4729,99.51,1535.6,0,2258
5,2343,53.79,0.4799,99.29,1499.8,0,2257
5,2344,55.73,0.4648,98.96,1511.2,0,2256
5,2345,55.65,0.499,102.19,1530.5,0,2255
5,2346,55.09,0.3865,100.09,1528.2,0,2254
5,2347,55.33,0.4379,99.53,1523.5,0,2253
5,2348,56.53,0.428,100.13,1523.4,0,2252
5,2349,54.94,0.4647,98.1,1510.9,0,2251
5,2350,55.24,0.4415,100.85,1509.4,0,2250
5,2351,54.24,0.4066,100.7,1519.0,0,2249
5,2352,56.4,0.4949,98.83,1512.1,0,2248
5,2353,54.35,0.4513,99.11,1526.3,0,2247
5,2354,55.87,0.4117,95.78,1527.5,0,2246
5,2355,53.81,0.3924,97.42,1518.0,0,2245
5,2356,56.48,0.466,100.1,1511.0,0,2244
5,2357,57.08,0.412,100.24,1520.5,0,2243
5,2358,54.23,0.4085,98.74,1516.6,0,2242
5,2359,54.81,0.4589,98.95,1530.3,0,2241
5,2360,54.39,0.4462,98.57,1511.7,0,2240
5,2361,56.31,0.5399,98.66,1530.9,0,2239
5,2362,54.77,0.4773,97.93,1531.6,0,2238
5,2363,57.58,0.4648,100.76,1522.4,0,2237
5,2364,55.28,0.4462,99.56,1513.9,0,2236
5,2365,53.27,0.4841,100.98,1505.8,0,2235
5,2366,54.14,0.4356,98.7,1525.3,0,2234
5,2367,54.12,0.4375,96.92,1515.4,0,2233
5,2368,57.06,0.455,99.79,1512.7,0,2232
5,2369,54.33,0.4781,100.14,1518.6,0,2231
5,2370,58.43,0.383,98.96,1518.1,0,2230
5,2371,55.96,0.5159,102.14,1519.3,0,2229
5,2372,56.11,0.5083,96.13,1515.8,0,2228
5,2373,54.26,0.4674,98.29,1533.2,0,2227
5,2374,54.49,0.4455,98.12,1509.7,0,2226
5,2375,55.32,0.4598,100.78,1533.0,0,2225
5,2376,55.24,0.4584,97.81,1517.5,0,2224
5,2377,55.81,0.5231,101.07,1509.7,0,2223
5,2378,56.55,0.4277,98.24,1505.9,0,2222
5,2379,55.61,0.4426,98.3,1509.3,0,2221
5,2380,54.65,0.5068,97.41,1504.8,0,2220
5,2381,52.46,0.5513,102.47,1527.4,0,2219
5,2382,56.36,0.5438,97.36,1519.4,0,2218
5,2383,53.12,0.5356,97.64,1532.7,0,2217
5,2384,55.88,0.4893,100.05,1526.7,0,2216
5,2385,54.14,0.5207,101.67,1518.6,0,2215
5,2386,55.29,0.5088,96.39,1496.8,0,2214
5,2387,53.23,0.5404,99.9,1509.5,0,2213
5,2388,54.46,0.5851,97.81,1496.7,0,2212
5,2389,54.59,0.4849,98.94,1515.1,0,2211
5,2390,57.55,0.5004,96.08,1521.4,0,2210
5,2391,53.45,0.4018,97.61,1520.9,0,2209
5,2392,55.73,0.5327,100.38,1513.0,0,2208
5,2393,54.88,0.4775,98.36,1519.6,0,2207
5,2394,54.78,0.5743,95.01,1506.1,0,2206
5,2395,55.52,0.4641,97.4,1529.5,0,2205
5,2396,54.56,0.4418,99.42,1521.5,0,2204
5,2397,56.91,0.5503,100.69,1525.4,0,2203
5,2398,53.93,0.4911,97.21,1501.0,0,2202
5,2399,55.94,0.5717,95.73,1498.2,0,2201
5,2400,55.14,0.459,95.43,1505.5,0,2200
5,2401,53.71,0.4876,98.5,1515.2,0,2199
5,2402,53.51,0.4789,96.28,1504.6,0,2198
5,2403,53.39,0.5814,102.93,1500.7,0,2197
5,2404,55.57,0.5071,98.71,1502.3,0,2196
5,2405,55.23,0.528,100.24,1494.7,0,2195
5,2406,54.77,0.4831,103.67,1505.4,0,2194
5,2407,54.92,0.5321,95.01,1500.1,0,2193
5,2408,54.72,0.6106,98.51,1514.6,0,2192
5,2409,56.4,0.5464,98.82,1507.0,0,2191
5,2410,56.16,0.5503,93.1,1513.1,0,2190
5,2411,56.44,0.5306,97.18,1504.1,0,2189
5,2412,54.81,0.6099,95.41,1496.0,0,2188
5,2413,54.29,0.4676,96.14,1492.7,0,2187
5,2414,55.08,0.5603,93.84,1503.5,0,2186
5,2415,59.75,0.559,95.14,1506.8,0,2185
5,2416,56.0,0.505,97.01,1507.9,0,2184
5,2417,55.64,0.5654,98.41,1474.6,0,2183
5,2418,53.23,0.564,98.08,1503.4,0,2182
5,2419,56.16,0.5091,98.61,1499.1,0,2181
5,2420,55.12,0.6,97.91,1494.6,0,2180
5,2421,58.36,0.5315,95.34,1495.3,0,2179
5,2422,54.35,0.4899,98.55,1497.7,0,2178
5,2423,56.63,0.5657,98.9,1493.6,0,2177
5,2424,56.41,0.5119,97.41,1494.4,0,2176
5,2425,56.16,0.5605,96.56,1491.0,0,2175
5,2426,55.73,0.6115,94.11,1483.7,0,2174
5,2427,56.91,0.53,98.99,1492.2,0,2173
5,2428,55.75,0.5624,96.15,1491.2,0,2172
5,2429,55.65,0.5521,97.91,1492.4,0,2171
5,2430,56.6,0.4837,99.07,1474.3,0,2170
5,2431,55.35,0.5707,100.85,1486.9,0,2169
5,2432,55.5,0.5405,96.59,1492.4,0,2168
5,2433,55.93,0.5152,95.55,1488.3,0,2167
5,2434,57.68,0.5475,98.92,1485.3,0,2166
5,2435,56.26,0.4972,98.66,1491.4,0,2165
5,2436,55.48,0.5924,95.6,1486.1,0,2164
5,2437,56.46,0.4965,97.49,1480.0,0,2163
5,2438,57.34,0.5267,96.36,1473.1,0,2162
5,2439,57.07,0.4661,97.39,1482.8,0,2161
5,2440,56.05,0.4854,97.52,1491.7,0,2160
5,2441,56.29,0.5397,97.43,1470.7,0,2159
5,2442,58.06,0.6553,98.05,1492.8,0,2158
5,2443,56.88,0.5351,95.61,1482.6,0,2157
5,2444,57.49,0.4963,95.97,1473.1,0,2156
5,2445,57.42,0.4685,94.95,1473.9,0,2155
5,2446,56.43,0.5119,99.82,1482.2,0,2154
5,2447,56.28,0.4914,93.96,1479.1,0,2153
5,2448,54.95,0.5295,97.22,1481.9,0,2152
5,2449,56.05,0.4352,97.57,1480.7,0,2151
5,2450,58.52,0.4815,95.08,1487.0,0,2150
5,2451,57.55,0.464,98.38,1481.7,0,2149
5,2452,57.6,0.5098,94.25,1479.6,0,2148
5,2453,54.97,0.4897,98.56,1471.5,0,2147
5,2454,57.21,0.4619,99.35,1478.2,0,2146
5,2455,56.12,0.4859,96.87,1476.9,0,2145
5,2456,56.72,0.5173,97.17,1481.2,0,2144
5,2457,56.97,0.507,97.72,1485.6,0,2143
5,2458,56.4,0.4226,94.53,1486.8,0,2142
5,2459,57.4,0.4,98.81,1457.0,0,2141
5,2460,57.97,0.4771,100.01,1487.6,0,2140
5,2461,57.86,0.4695,96.86,1467.2,0,2139
5,2462,57.76,0.3941,95.01,1467.9,0,2138
5,2463,54.87,0.5055,98.12,1463.3,0,2137
5,2464,58.46,0.502,97.29,1486.4,0,2136
5,2465,56.2,0.5361,98.41,1469.5,0,2135
5,2466,57.94,0.4279,98.2,1491.4,0,2134
5,2467,57.28,0.385,99.45,1497.7,0,2133
5,2468,58.96,0.523,98.85,1484.1,0,2132
5,2469,58.04,0.5264,98.82,1464.1,0,2131
5,2470,58.45,0.4386,98.87,1488.5,0,2130
5,2471,57.15,0.4472,100.12,1487.8,0,2129
5,2472,57.88,0.5247,95.58,1493.3,0,2128
5,2473,56.79,0.4159,97.08,1487.3,0,2127
5,2474,59.36,0.4669,99.55,1450.9,0,2126
5,2475,59.43,0.4864,98.79,1478.5,0,2125
5,2476,57.86,0.4321,101.67,1472.0,0,2124
5,2477,58.63,0.4524,96.02,1483.3,0,2123
5,2478,59.23,0.4717,95.72,1483.9,0,2122
5,2479,57.69,0.4703,95.66,1457.7,0,2121
5,2480,59.17,0.3967,100.93,1488.5,0,2120
5,2481,59.76,0.4125,96.65,1474.3,0,2119
5,2482,60.66,0.4156,99.47,1476.5,0,2118
5,2483,57.72,0.4879,98.12,1487.6,0,2117
5,2484,59.19,0.4685,100.18,1481.5,0,2116
5,2485,58.73,0.4574,100.78,1502.8,0,2115
5,2486,57.95,0.5034,96.01,1497.2,0,2114
5,2487,58.03,0.4188,97.66,1485.2,0,2113
5,2488,58.41,0.4463,99.25,1486.0,0,2112
5,2489,59.66,0.4286,97.17,1491.4,0,2111
5,2490,60.2,0.4539,99.5,1474.2,0,2110
5,2491,57.9,0.3897,97.36,1487.5,0,2109
5,2492,57.35,0.4641,101.63,1467.0,0,2108
5,2493,59.69,0.4934,101.95,1482.8,0,2107
5,2494,60.76,0.463,98.01,1489.2,0,2106
5,2495,59.11,0.4878,100.83,1491.4,0,2105
5,2496,60.68,0.4381,101.04,1480.3,0,2104
5,2497,59.52,0.4413,100.59,1491.2,0,2103
5,2498,59.95,0.56,96.67,1494.9,0,2102
5,2499,60.45,0.4625,100.22,1494.5,0,2101
5,2500,59.72,0.3607,100.46,1476.9,0,2100
5,2501,60.17,0.3897,98.73,1481.1,0,2099
5,2502,61.19,0.51,101.35,1492.5,0,2098
5,2503,58.91,0.5029,98.08,1481.3,0,2097
5,2504,58.18,0.4712,100.86,1489.9,0,2096
5,2505,60.93,0.4712,96.07,1487.2,0,2095
5,2506,58.08,0.4724,99.95,1498.8,0,2094
5,2507,59.63,0.5308,101.29,1529.4,0,2093
5,2508,59.77,0.4816,101.91,1501.2,0,2092
5,2509,60.32,0.5179,99.93,1498.5,0,2091
5,2510,58.5,0.514,99.09,1500.4,0,2090
5,2511,60.35,0.4897,100.29,1488.9,0,2089
5,2512,59.49,0.4797,103.39,1485.0,0,2088
5,2513,62.78,0.4789,104.88,1499.6,0,2087
5,2514,58.38,0.4589,98.45,1494.5,0,2086
5,2515,60.72,0.5113,106.2,1488.8,0,2085
5,2516,60.25,0.4835,97.47,1500.0,0,2084
5,2517,59.23,0.5484,99.28,1530.1,0,2083
5,2518,61.61,0.5507,100.1,1508.4,0,2082
5,2519,58.52,0.5627,99.12,1504.1,0,2081
5,2520,60.47,0.4277,102.36,1489.1,0,2080
5,2521,59.57,0.5072,100.53,1498.0,0,2079
5,2522,58.75,0.5508,97.53,1511.1,0,2078
5,2523,63.77,0.4912,101.75,1495.2,0,2077
5,2524,60.08,0.5429,101.46,1492.4,0,2076
5,2525,59.69,0.5172,102.77,1506.0,0,2075
5,2526,59.63,0.5365,103.06,1491.0,0,2074
5,2527,61.08,0.5464,100.49,1496.7,0,2073
5,2528,61.11,0.5149,101.29,1510.0,0,2072
5,2529,62.06,0.5835,100.51,1507.9,0,2071
5,2530,61.18,0.5545,98.89,1508.0,0,2070
5,2531,61.61,0.546,99.15,1507.1,0,2069
5,2532,60.37,0.5608,102.16,1515.2,0,2068
5,2533,62.63,0.4929,99.97,1521.7,0,2067
5,2534,62.03,0.531,100.96,1522.1,0,2066
5,2535,60.47,0.5568,101.83,1512.8,0,2065
5,2536,61.78,0.5461,100.2,1530.9,0,2064
5,2537,64.08,0.5893,100.29,1520.7,0,2063
5,2538,62.18,0.4935,104.43,1510.4,0,2062
5,2539,61.25,0.6082,100.91,1515.6,0,2061
5,2540,61.7,0.5962,103.83,1542.5,0,2060
5,2541,60.84,0.5652,103.15,1511.4,0,2059
5,2542,61.33,0.5528,102.82,1527.6,0,2058
5,2543,60.22,0.6071,99.79,1503.9,0,2057
5,2544,60.38,0.4974,100.37,1510.9,0,2056
5,2545,61.38,0.4864,103.17,1517.9,0,2055
5,2546,60.73,0.5066,98.52,1524.8,0,2054
5,2547,62.26,0.5428,102.13,1510.9,0,2053
5,2548,61.84,0.5211,100.72,1511.8,0,2052
5,2549,63.29,0.5302,103.76,1511.3,0,2051
5,2550,61.34,0.5167,102.47,1511.1,0,2050
5,2551,62.55,0.562,103.49,1518.8,0,2049
5,2552,63.66,0.5762,100.36,1512.3,0,2048
5,2553,61.64,0.6075,104.85,1529.1,0,2047
5,2554,60.66,0.5624,99.28,1514.4,0,2046
5,2555,61.05,0.5833,102.06,1521.6,0,2045
5,2556,61.91,0.5523,103.4,1518.8,0,2044
5,2557,62.3,0.4977,102.18,1503.7,0,2043
5,2558,63.64,0.5139,100.41,1523.8,0,2042
5,2559,62.96,0.4654,103.49,1511.7,0,2041
5,2560,63.2,0.5405,102.6,1530.7,0,2040
5,2561,61.59,0.4412,101.5,1500.3,0,2039
5,2562,63.08,0.5326,103.14,1509.1,0,2038
5,2563,61.09,0.5402,104.79,1501.4,0,2037
5,2564,61.4,0.509,101.53,1519.0,0,2036
5,2565,64.03,0.5714,104.76,1530.9,0,2035
5,2566,60.81,0.4821,100.85,1520.4,0,2034
5,2567,63.91,0.5062,100.73,1535.0,0,2033
5,2568,62.94,0.4466,100.38,1519.6,0,2032
5,2569,63.55,0.5181,105.8,1524.7,0,2031
5,2570,61.06,0.5748,103.32,1514.3,0,2030
5,2571,61.11,0.5678,103.49,1517.9,0,2029
5,2572,61.6,0.5015,103.58,1530.3,0,2028
5,2573,63.78,0.482,106.29,1524.3,0,2027
5,2574,63.76,0.5293,102.01,1522.1,0,2026
5,2575,63.59,0.5204,102.06,1526.1,0,2025
5,2576,62.74,0.5123,104.52,1512.2,0,2024
5,2577,61.47,0.5362,103.64,1533.1,0,2023
5,2578,62.72,0.4778,106.99,1528.7,0,2022
5,2579,61.3,0.5547,100.41,1510.6,0,2021
5,2580,62.6,0.4386,105.77,1522.7,0,2020
5,2581,62.95,0.4853,105.61,1531.3,0,2019
5,2582,61.35,0.5789,103.29,1518.6,0,2018
5,2583,63.56,0.4723,101.79,1525.5,0,2017
5,2584,64.41,0.4621,103.26,1515.0,0,2016
5,2585,63.07,0.5003,102.65,1529.3,0,2015
5,2586,64.23,0.5207,103.53,1508.6,0,2014
5,2587,66.19,0.4673,106.66,1526.8,0,2013
5,2588,62.06,0.4263,103.97,1528.1,0,2012
5,2589,62.87,0.4408,99.77,1521.8,0,2011
5,2590,65.33,0.4219,102.97,1529.2,0,2010
5,2591,61.86,0.4198,102.78,1515.3,0,2009
5,2592,65.1,0.4463,101.34,1513.8,0,2008
5,2593,61.88,0.4452,99.38,1518.6,0,2007
5,2594,65.55,0.4077,102.48,1500.0,0,2006
5,2595,62.34,0.4401,99.55,1489.1,0,2005
5,2596,65.9,0.4785,103.12,1499.0,0,2004
5,2597,62.9,0.3587,100.43,1522.0,0,2003
5,2598,64.9,0.5249,105.89,1513.8,0,2002
5,2599,64.03,0.4781,103.54,1519.6,0,2001
5,2600,62.89,0.5018,104.41,1522.3,0,2000
5,2601,63.98,0.4364,99.64,1499.7,0,1999
5,2602,64.01,0.3832,105.23,1515.9,0,1998
5,2603,64.17,0.4461,98.21,1520.8,0,1997
5,2604,63.86,0.4214,101.19,1507.4,0,1996
5,2605,64.2,0.4699,103.59,1496.8,0,1995
5,2606,65.37,0.4565,104.43,1503.1,0,1994
5,2607,65.48,0.4781,102.38,1504.6,0,1993
5,2608,65.65,0.4533,102.77,1506.1,0,1992
5,2609,64.48,0.4814,102.05,1516.2,0,1991
5,2610,63.94,0.415,106.05,1499.3,0,1990
5,2611,63.05,0.424,104.13,1503.7,0,1989
5,2612,65.68,0.4796,102.36,1505.1,0,1988
5,2613,64.35,0.5202,107.26,1509.4,0,1987
5,2614,63.34,0.4763,102.26,1487.2,0,1986
5,2615,64.38,0.4409,102.67,1493.1,0,1985
5,2616,65.78,0.4949,98.62,1503.9,0,1984
5,2617,64.12,0.4211,103.77,1497.6,0,1983
5,2618,64.64,0.4147,103.04,1503.4,0,1982
5,2619,63.08,0.4236,98.82,1514.4,0,1981
5,2620,64.4,0.4227,102.29,1483.4,0,1980
5,2621,66.02,0.4712,102.11,1494.5,0,1979
5,2622,63.19,0.4708,102.63,1498.2,0,1978
5,2623,66.14,0.5278,102.92,1493.8,0,1977
5,2624,63.13,0.4825,103.32,1498.7,0,1976
5,2625,65.9,0.4674,100.07,1479.6,0,1975
5,2626,65.3,0.5279,104.71,1491.1,0,1974
5,2627,65.26,0.5705,102.08,1488.2,0,1973
5,2628,66.16,0.4602,101.97,1480.2,0,1972
5,2629,62.47,0.5032,103.22,1489.3,0,1971
5,2630,63.34,0.3776,102.78,1502.6,0,1970
5,2631,64.73,0.4515,105.3,1512.3,0,1969
5,2632,63.95,0.4987,102.43,1487.9,0,1968
5,2633,65.3,0.5128,103.63,1491.0,0,1967
5,2634,63.43,0.503,100.36,1502.1,0,1966
5,2635,63.73,0.5514,101.06,1471.6,0,1965
5,2636,66.56,0.5416,102.09,1471.6,0,1964
5,2637,66.14,0.5107,102.32,1472.6,0,1963
5,2638,62.1,0.4881,99.52,1514.8,0,1962
5,2639,63.49,0.52,99.66,1479.1,0,1961
5,2640,65.21,0.518,103.54,1484.2,0,1960
5,2641,66.6,0.5263,102.13,1487.6,0,1959
5,2642,64.02,0.4751,102.44,1491.2,0,1958
5,2643,63.36,0.4304,103.47,1473.8,0,1957
5,2644,66.78,0.5754,102.6,1497.7,0,1956
5,2645,64.16,0.5829,101.44,1487.1,0,1955
5,2646,65.78,0.5149,101.15,1482.7,0,1954
5,2647,64.81,0.5082,103.08,1489.9,0,1953
5,2648,66.24,0.5251,100.68,1486.3,0,1952
5,2649,64.55,0.5411,104.92,1479.6,0,1951
5,2650,65.16,0.5408,98.11,1467.6,0,1950
5,2651,62.05,0.5235,103.28,1486.5,0,1949
5,2652,65.66,0.5001,102.43,1488.7,0,1948
5,2653,66.97,0.5085,101.08,1481.0,0,1947
5,2654,63.92,0.5081,101.5,1477.1,0,1946
5,2655,65.54,0.5277,97.69,1467.3,0,1945
5,2656,63.22,0.5285,98.56,1488.1,0,1944
5,2657,65.5,0.5501,101.96,1482.1,0,1943
5,2658,65.23,0.4614,96.41,1483.1,0,1942
5,2659,66.54,0.574,99.21,1481.4,0,1941
5,2660,64.69,0.5424,99.99,1501.0,0,1940
5,2661,63.68,0.5445,104.87,1485.1,0,1939
5,2662,64.99,0.5799,102.12,1471.5,0,1938
5,2663,66.22,0.5659,101.23,1464.9,0,1937
5,2664,65.08,0.5747,102.94,1478.8,0,1936
5,2665,64.24,0.4733,100.45,1460.3,0,1935
5,2666,63.98,0.5012,102.56,1482.3,0,1934
5,2667,64.67,0.5461,97.66,1485.9,0,1933
5,2668,66.77,0.5566,100.01,1480.0,0,1932
5,2669,64.38,0.6237,100.79,1474.2,0,1931
5,2670,65.37,0.5178,99.67,1474.4,0,1930
5,2671,63.4,0.5981,101.43,1486.4,0,1929
5,2672,63.89,0.5947,95.61,1489.3,0,1928
5,2673,65.39,0.461,102.5,1473.2,0,1927
5,2674,63.24,0.5009,98.46,1486.8,0,1926
5,2675,63.57,0.5748,96.51,1479.5,0,1925
5,2676,66.15,0.5459,101.4,1494.1,0,1924
5,2677,66.71,0.5465,99.45,1495.0,0,1923
5,2678,65.28,0.4788,98.02,1483.8,0,1922
5,2679,63.39,0.5995,100.31,1494.5,0,1921
5,2680,64.3,0.5862,101.41,1490.1,0,1920
5,2681,66.55,0.531,101.17,1475.7,0,1919
5,2682,65.7,0.5592,101.98,1483.2,0,1918
5,2683,67.95,0.5691,97.16,1477.7,0,1917
5,2684,62.5,0.535,100.61,1483.3,0,1916
5,2685,65.11,0.5925,100.13,1470.8,0,1915
5,2686,65.21,0.5342,101.06,1485.7,0,1914
5,2687,64.34,0.544,100.65,1483.0,0,1913
5,2688,64.24,0.5109,102.4,1476.8,0,1912
5,2689,66.5,0.5757,97.28,1506.6,0,1911
5,2690,64.34,0.5793,97.88,1491.2,0,1910
5,2691,65.46,0.546,96.17,1485.4,0,1909
5,2692,62.83,0.5681,98.11,1492.6,0,1908
5,2693,65.47,0.5441,99.77,1488.2,0,1907
5,2694,62.74,0.4776,96.34,1480.4,0,1906
5,2695,64.78,0.494,98.09,1484.2,0,1905
5,2696,63.06,0.4725,96.49,1490.3,0,1904
5,2697,66.32,0.5585,98.54,1501.3,0,1903
5,2698,65.47,0.453,97.27,1493.1,0,1902
5,2699,64.44,0.5142,98.45,1490.1,0,1901
5,2700,64.7,0.5003,98.26,1492.4,0,1900
5,2701,63.86,0.4873,95.7,1496.2,0,1899
5,2702,63.68,0.4789,96.83,1490.6,0,1898
5,2703,66.13,0.4767,97.83,1520.1,0,1897
5,2704,64.27,0.5107,98.18,1505.1,0,1896
5,2705,63.68,0.4332,100.57,1489.7,0,1895
5,2706,63.5,0.4297,99.33,1489.5,0,1894
5,2707,63.4,0.519,96.8,1502.2,0,1893
5,2708,64.7,0.4442,97.95,1502.2,0,1892
5,2709,65.39,0.4119,97.19,1502.9,0,1891
5,2710,65.32,0.5092,95.69,1496.5,0,1890
5,2711,64.36,0.4533,99.1,1501.2,0,1889
5,2712,65.97,0.4574,97.07,1497.9,0,1888
5,2713,65.23,0.4153,98.68,1490.2,0,1887
5,2714,64.13,0.5214,95.51,1478.6,0,1886
5,2715,63.9,0.4442,94.27,1486.9,0,1885
5,2716,66.94,0.4616,95.94,1510.7,0,1884
5,2717,62.29,0.458,97.3,1488.0,0,1883
5,2718,63.92,0.455,92.57,1480.5,0,1882
5,2719,62.71,0.4238,97.8,1508.6,0,1881
5,2720,64.31,0.5154,97.3,1502.6,0,1880
5,2721,64.8,0.4653,93.83,1492.9,0,1879
5,2722,63.75,0.5185,103.45,1504.9,0,1878
5,2723,63.83,0.4304,96.32,1505.5,0,1877
5,2724,64.59,0.4016,96.87,1498.2,0,1876
5,2725,66.0,0.5228,96.82,1506.8,0,1875
5,2726,63.85,0.4051,94.31,1495.5,0,1874
5,2727,62.75,0.5433,102.29,1505.1,0,1873
5,2728,63.9,0.3914,97.01,1502.0,0,1872
5,2729,64.93,0.4865,99.97,1499.8,0,1871
5,2730,64.39,0.4738,94.49,1511.3,0,1870
5,2731,66.63,0.4728,95.97,1509.2,0,1869
5,2732,64.62,0.4679,95.92,1509.4,0,1868
5,2733,62.77,0.4372,95.93,1496.8,0,1867
5,2734,61.43,0.4349,99.49,1511.5,0,1866
5,2735,64.33,0.4073,95.87,1502.0,0,1865
5,2736,64.82,0.5176,98.31,1524.6,0,1864
5,2737,64.67,0.408,96.19,1502.8,0,1863
5,2738,63.31,0.4405,95.67,1518.8,0,1862
5,2739,64.12,0.3706,93.56,1515.4,0,1861
5,2740,64.68,0.3792,97.87,1530.0,0,1860
5,2741,61.44,0.3609,97.3,1507.9,0,1859
5,2742,64.02,0.4859,94.26,1507.8,0,1858
5,2743,61.46,0.491,98.54,1502.0,0,1857
5,2744,63.86,0.4672,97.37,1515.2,0,1856
5,2745,64.28,0.388,95.91,1495.0,0,1855
5,2746,63.4,0.4644,96.04,1528.1,0,1854
5,2747,63.96,0.4587,99.72,1532.3,0,1853
5,2748,63.13,0.4583,93.29,1527.1,0,1852
5,2749,63.21,0.4648,93.97,1525.2,0,1851
5,2750,62.1,0.452,95.61,1520.3,0,1850
5,2751,62.65,0.4917,97.97,1490.6,0,1849
5,2752,64.1,0.4901,93.75,1504.0,0,1848
5,2753,62.03,0.5351,99.04,1525.1,0,1847
5,2754,63.31,0.4253,96.42,1523.6,0,1846
5,2755,63.38,0.4433,98.84,1519.3,0,1845
5,2756,62.61,0.5323,97.9,1503.8,0,1844
5,2757,62.21,0.5042,97.91,1524.8,0,1843
5,2758,62.59,0.4305,96.88,1520.1,0,1842
5,2759,63.9,0.4358,96.37,1518.4,0,1841
5,2760,64.72,0.5122,97.94,1511.5,0,1840
5,2761,63.79,0.4962,96.86,1508.1,0,1839
5,2762,62.87,0.4683,95.56,1518.5,0,1838
5,2763,62.34,0.4921,97.64,1516.1,0,1837
5,2764,62.33,0.5284,96.13,1520.0,0,1836
5,2765,63.21,0.5716,97.92,1509.4,0,1835
5,2766,64.56,0.4726,96.79,1508.8,0,1834
5,2767,62.99,0.4878,96.32,1522.5,0,1833
5,2768,64.56,0.479,98.41,1509.2,0,1832
5,2769,62.59,0.5187,98.58,1530.9,0,1831
5,2770,61.56,0.515,98.45,1515.6,0,1830
5,2771,62.17,0.4979,93.41,1511.6,0,1829
5,2772,63.79,0.4906,93.95,1500.0,0,1828
5,2773,62.95,0.5499,94.84,1525.8,0,1827
5,2774,62.59,0.5241,96.83,1531.9,0,1826
5,2775,59.21,0.548,99.93,1511.7,0,1825
5,2776,62.67,0.534,99.59,1523.7,0,1824
5,2777,62.94,0.5436,95.22,1531.0,0,1823
5,2778,61.52,0.538,94.62,1531.2,0,1822
5,2779,63.74,0.5606,95.45,1517.6,0,1821
5,2780,61.8,0.4464,99.49,1514.8,0,1820
5,2781,60.27,0.5304,100.25,1515.0,0,1819
5,2782,63.96,0.557,99.27,1530.6,0,1818
5,2783,62.91,0.5973,97.04,1522.1,0,1817
5,2784,61.08,0.591,97.47,1525.4,0,1816
5,2785,60.56,0.495,94.14,1515.4,0,1815
5,2786,61.92,0.5952,99.26,1512.9,0,1814
5,2787,62.26,0.5279,98.76,1503.1,0,1813
5,2788,62.18,0.5364,97.51,1537.2,0,1812
5,2789,60.84,0.5479,95.29,1514.6,0,1811
5,2790,64.23,0.5557,97.61,1506.9,0,1810
5,2791,62.91,0.6086,96.65,1517.5,0,1809
5,2792,59.98,0.6206,98.63,1517.7,0,1808
5,2793,59.72,0.5693,102.05,1520.0,0,1807
5,2794,60.24,0.5493,99.71,1521.6,0,1806
5,2795,60.98,0.5537,99.73,1504.6,0,1805
5,2796,61.09,0.5392,96.13,1512.7,0,1804
5,2797,61.93,0.571,99.22,1511.9,0,1803
5,2798,61.92,0.5589,96.71,1512.8,0,1802
5,2799,61.1,0.5924,101.54,1507.4,0,1801
5,2800,60.87,0.5181,97.78,1518.3,0,1800
5,2801,60.04,0.6002,98.38,1496.1,0,1799
5,2802,60.79,0.5405,96.87,1502.8,0,1798
5,2803,62.56,0.5225,99.12,1503.2,0,1797
5,2804,62.51,0.5788,99.61,1523.0,0,1796
5,2805,61.32,0.4873,99.73,1524.5,0,1795
5,2806,62.15,0.4688,98.03,1508.0,0,1794
5,2807,62.79,0.6063,99.53,1512.3,0,1793
5,2808,60.92,0.5681,102.45,1501.1,0,1792
5,2809,61.34,0.557,100.67,1509.7,0,1791
5,2810,60.8,0.5587,98.9,1511.9,0,1790
5,2811,60.5,0.5449,98.08,1507.6,0,1789
5,2812,58.89,0.5572,98.77,1504.1,0,1788
5,2813,61.62,0.4793,98.7,1510.3,0,1787
5,2814,59.63,0.5387,96.07,1504.7,0,1786
5,2815,58.85,0.5122,100.16,1504.0,0,1785
5,2816,61.52,0.4961,100.48,1488.0,0,1784
5,2817,60.58,0.538,95.52,1497.6,0,1783
5,2818,60.57,0.5414,99.61,1499.6,0,1782
5,2819,58.62,0.5206,101.98,1511.1,0,1781
5,2820,61.31,0.4345,97.25,1502.6,0,1780
5,2821,60.72,0.4466,100.76,1508.4,0,1779
5,2822,61.71,0.508,103.54,1481.7,0,1778
5,2823,59.8,0.4834,98.74,1506.2,0,1777
5,2824,58.44,0.5068,99.74,1493.2,0,1776
5,2825,60.15,0.53,100.46,1499.6,0,1775
5,2826,60.66,0.4741,100.85,1506.7,0,1774
5,2827,60.47,0.5652,100.75,1485.2,0,1773
5,2828,59.81,0.4794,99.65,1495.7,0,1772
5,2829,58.85,0.5079,99.41,1497.4,0,1771
5,2830,59.32,0.4474,98.86,1498.3,0,1770
5,2831,60.47,0.4981,99.74,1475.7,0,1769
5,2832,59.24,0.4622,99.31,1499.2,0,1768
5,2833,59.95,0.4946,102.87,1519.7,0,1767
5,2834,60.84,0.4575,104.22,1505.8,0,1766
5,2835,58.45,0.4355,101.78,1494.3,0,1765
5,2836,59.27,0.5249,100.87,1493.1,0,1764
5,2837,57.95,0.475,104.63,1485.3,0,1763
5,2838,60.46,0.4736,101.23,1514.6,0,1762
5,2839,59.8,0.451,96.14,1488.6,0,1761
5,2840,60.23,0.4631,99.44,1480.8,0,1760
5,2841,59.67,0.4729,102.21,1468.5,0,1759
5,2842,59.54,0.4209,101.27,1496.6,0,1758
5,2843,58.21,0.5204,100.4,1482.8,0,1757
5,2844,59.3,0.4995,100.52,1485.2,0,1756
5,2845,59.88,0.4223,100.47,1483.7,0,1755
5,2846,59.92,0.4477,99.75,1493.6,0,1754
5,2847,59.95,0.4603,104.68,1494.8,0,1753
5,2848,58.9,0.459,101.54,1501.9,0,1752
5,2849,57.59,0.4608,104.02,1483.7,0,1751
5,2850,58.06,0.4615,99.87,1494.2,0,1750
5,2851,56.84,0.4372,101.39,1471.1,0,1749
5,2852,56.83,0.4556,104.04,1491.0,0,1748
5,2853,57.54,0.4395,101.56,1477.6,0,1747
5,2854,58.45,0.4528,103.48,1494.0,0,1746
5,2855,59.14,0.4542,101.86,1484.9,0,1745
5,2856,58.93,0.4304,101.94,1491.0,0,1744
5,2857,56.19,0.4871,101.12,1497.1,0,1743
5,2858,57.3,0.434,100.54,1475.6,0,1742
5,2859,58.29,0.4488,99.32,1484.1,0,1741
5,2860,57.26,0.4526,102.36,1473.3,0,1740
5,2861,57.28,0.4831,97.42,1490.2,0,1739
5,2862,59.5,0.5129,104.95,1485.5,0,1738
5,2863,59.92,0.4797,102.08,1489.2,0,1737
5,2864,56.83,0.4377,101.86,1484.0,0,1736
5,2865,56.68,0.4695,99.39,1470.5,0,1735
5,2866,58.36,0.4667,100.62,1484.6,0,1734
5,2867,56.55,0.5261,98.52,1467.1,0,1733
5,2868,58.58,0.4472,100.92,1487.9,0,1732
5,2869,59.01,0.4443,101.76,1491.5,0,1731
5,2870,55.46,0.511,98.47,1473.8,0,1730
5,2871,57.51,0.4342,103.27,1488.0,0,1729
5,2872,57.73,0.5155,101.48,1480.8,0,1728
5,2873,58.46,0.5347,101.94,1493.8,0,1727
5,2874,59.17,0.4705,100.0,1474.6,0,1726
5,2875,55.97,0.4207,105.55,1494.7,0,1725
5,2876,57.73,0.5101,105.88,1471.1,0,1724
5,2877,55.28,0.4905,103.23,1480.6,0,1723
5,2878,57.03,0.4568,100.64,1489.4,0,1722
5,2879,56.8,0.4493,104.31,1463.9,0,1721
5,2880,57.75,0.511,101.68,1493.3,0,1720
5,2881,58.72,0.4417,100.32,1482.4,0,1719
5,2882,58.11,0.45,103.56,1486.0,0,1718
5,2883,55.64,0.3886,103.15,1462.9,0,1717
5,2884,55.63,0.5367,101.92,1476.7,0,1716
5,2885,55.73,0.4441,103.05,1466.9,0,1715
5,2886,58.23,0.5282,105.98,1485.5,0,1714
5,2887,56.45,0.4552,101.83,1489.2,0,1713
5,2888,56.34,0.5232,104.53,1488.0,0,1712
5,2889,53.84,0.4866,104.56,1491.9,0,1711
5,2890,56.58,0.4663,100.22,1471.8,0,1710
5,2891,59.33,0.5347,102.33,1483.1,0,1709
5,2892,53.83,0.5381,104.84,1497.5,0,1708
5,2893,58.04,0.4881,98.96,1475.4,0,1707
5,2894,54.47,0.5947,104.6,1478.2,0,1706
5,2895,55.47,0.5587,98.73,1484.2,0,1705
5,2896,54.71,0.4591,105.95,1490.0,0,1704
5,2897,57.22,0.5484,103.27,1464.3,0,1703
5,2898,56.13,0.4902,103.13,1464.0,0,1702
5,2899,57.77,0.5466,103.16,1471.2,0,1701
5,2900,58.21,0.5318,103.27,1477.9,0,1700
5,2901,54.53,0.5577,102.24,1488.1,0,1699
5,2902,57.73,0.4766,101.2,1471.4,0,1698
5,2903,55.84,0.4836,103.7,1482.4,0,1697
5,2904,54.21,0.5927,102.32,1481.5,0,1696
5,2905,56.42,0.4539,104.9,1489.1,0,1695
5,2906,56.06,0.4993,103.4,1478.3,0,1694
5,2907,54.84,0.5165,100.2,1469.9,0,1693
5,2908,54.29,0.5645,103.5,1484.1,0,1692
5,2909,55.65,0.5755,103.39,1496.5,0,1691
5,2910,55.59,0.5367,100.45,1488.0,0,1690
5,2911,56.38,0.5559,102.72,1481.0,0,1689
5,2912,56.75,0.5227,103.38,1487.1,0,1688
5,2913,58.55,0.5761,104.94,1465.9,0,1687
5,2914,55.87,0.4951,101.69,1504.6,0,1686
5,2915,56.05,0.5734,105.47,1462.4,0,1685
5,2916,56.52,0.5541,105.61,1494.2,0,1684
5,2917,56.11,0.4981,102.47,1490.7,0,1683
5,2918,54.65,0.5586,99.49,1496.5,0,1682
5,2919,56.33,0.5682,103.38,1502.4,0,1681
5,2920,54.67,0.5327,100.29,1499.7,0,1680
5,2921,55.55,0.5788,102.15,1501.2,0,1679
5,2922,57.23,0.6109,102.29,1493.6,0,1678
5,2923,54.54,0.5562,103.84,1490.3,0,1677
5,2924,55.41,0.5155,103.06,1504.8,0,1676
5,2925,57.02,0.5338,103.72,1497.4,0,1675
5,2926,55.41,0.5084,107.21,1505.0,0,1674
5,2927,56.02,0.5038,102.83,1493.1,0,1673
5,2928,55.11,0.5814,102.91,1490.8,0,1672
5,2929,54.8,0.6188,102.77,1491.9,0,1671
5,2930,55.97,0.5384,107.96,1499.4,0,1670
5,2931,55.09,0.5541,105.41,1499.3,0,1669
5,2932,57.47,0.5428,104.42,1508.2,0,1668
5,2933,55.73,0.5667,101.04,1498.3,0,1667
5,2934,55.05,0.5022,106.25,1513.4,0,1666
5,2935,56.96,0.4968,101.78,1491.6,0,1665
5,2936,54.31,0.6277,104.49,1501.2,0,1664
5,2937,56.48,0.5104,102.95,1510.8,0,1663
5,2938,57.41,0.5735,104.28,1516.3,0,1662
5,2939,54.42,0.5364,105.63,1482.1,0,1661
5,2940,55.59,0.525,107.49,1517.7,0,1660
5,2941,52.56,0.4665,103.36,1510.2,0,1659
5,2942,56.63,0.5665,107.25,1499.5,0,1658
5,2943,55.03,0.509,102.45,1523.2,0,1657
5,2944,57.51,0.6126,101.84,1525.1,0,1656
5,2945,55.02,0.5339,106.94,1512.4,0,1655
5,2946,54.9,0.5285,100.85,1500.7,0,1654
5,2947,58.18,0.5514,107.47,1516.4,0,1653
5,2948,53.65,0.4742,104.35,1492.3,0,1652
5,2949,55.07,0.5854,99.37,1509.8,0,1651
5,2950,55.0,0.4246,102.97,1504.8,0,1650
5,2951,57.64,0.4985,98.02,1501.7,0,1649
5,2952,56.38,0.5338,102.09,1518.8,0,1648
5,2953,53.35,0.4985,102.01,1538.8,0,1647
5,2954,55.17,0.5265,100.19,1510.1,0,1646
5,2955,55.2,0.5107,104.02,1509.7,0,1645
5,2956,54.81,0.4375,99.52,1509.9,0,1644
5,2957,56.48,0.5176,100.88,1511.0,0,1643
5,2958,56.06,0.4859,98.78,1514.6,0,1642
5,2959,55.57,0.434,104.41,1512.1,0,1641
5,2960,52.07,0.5,98.99,1506.4,0,1640
5,2961,58.33,0.5279,102.48,1509.4,0,1639
5,2962,54.06,0.4635,101.78,1515.0,0,1638
5,2963,55.27,0.5005,103.38,1512.1,0,1637
5,2964,54.76,0.5487,100.98,1528.4,0,1636
5,2965,54.1,0.4659,99.64,1518.5,0,1635
5,2966,55.63,0.4854,102.22,1532.6,0,1634
5,2967,55.58,0.395,104.15,1502.7,0,1633
5,2968,53.82,0.4667,100.85,1529.5,0,1632
5,2969,52.88,0.435,99.09,1531.9,0,1631
5,2970,55.69,0.4384,100.09,1526.8,0,1630
5,2971,55.38,0.4859,103.33,1525.4,0,1629
5,2972,53.99,0.5107,102.56,1524.0,0,1628
5,2973,54.62,0.4546,103.74,1524.0,0,1627
5,2974,56.44,0.5344,100.35,1521.2,0,1626
5,2975,53.83,0.4393,103.52,1516.3,0,1625
5,2976,56.34,0.4273,99.29,1526.6,0,1624
5,2977,54.46,0.4907,99.87,1506.3,0,1623
5,2978,53.38,0.4802,103.08,1524.2,0,1622
5,2979,56.71,0.46,101.67,1520.3,0,1621
5,2980,53.63,0.4949,98.99,1503.7,0,1620
5,2981,53.98,0.4091,103.14,1510.2,0,1619
5,2982,54.06,0.4903,102.45,1519.0,0,1618
5,2983,53.72,0.5075,100.77,1535.1,0,1617
5,2984,57.69,0.4498,101.32,1502.1,0,1616
5,2985,54.88,0.4168,104.09,1521.0,0,1615
5,2986,55.0,0.4011,99.52,1515.0,0,1614
5,2987,55.3,0.5378,101.24,1533.4,0,1613
5,2988,54.98,0.4828,99.4,1516.2,0,1612
5,2989,56.8,0.412,100.71,1524.8,0,1611
5,2990,55.57,0.4629,100.86,1531.2,0,1610
5,2991,54.85,0.491,100.35,1518.1,0,1609
5,2992,56.4,0.4024,100.3,1523.7,0,1608
5,2993,56.31,0.4239,100.77,1528.8,0,1607
5,2994,54.45,0.3754,100.68,1503.2,0,1606
5,2995,54.0,0.4156,100.03,1529.8,0,1605
5,2996,55.42,0.4177,98.59,1527.9,0,1604
5,2997,54.0,0.4952,100.26,1516.5,0,1603
5,2998,56.14,0.5048,99.94,1524.5,0,1602
5,2999,55.53,0.4549,102.44,1508.7,0,1601
5,3000,55.59,0.4805,95.34,1531.6,0,1600
5,3001,55.87,0.4739,98.92,1529.6,0,1599
5,3002,55.97,0.4714,97.28,1512.1,0,1598
5,3003,54.89,0.4394,96.69,1508.1,0,1597
5,3004,54.97,0.5094,98.89,1511.0,0,1596
5,3005,53.96,0.501,98.25,1511.8,0,1595
5,3006,54.11,0.4578,97.62,1523.6,0,1594
5,3007,55.91,0.4682,97.85,1508.3,0,1593
5,3008,54.44,0.4398,100.39,1525.9,0,1592
5,3009,55.74,0.4923,99.81,1509.4,0,1591
5,3010,55.86,0.4817,97.76,1490.8,0,1590
5,3011,55.37,0.5481,98.93,1517.8,0,1589
5,3012,56.71,0.52,95.92,1513.7,0,1588
5,3013,55.36,0.4367,98.58,1517.4,0,1587
5,3014,55.81,0.4713,97.06,1516.9,0,1586
5,3015,56.44,0.4818,99.3,1519.0,0,1585
5,3016,56.53,0.438,99.51,1523.2,0,1584
5,3017,57.69,0.4906,95.94,1515.4,0,1583
5,3018,57.07,0.5084,97.84,1514.1,0,1582
5,3019,57.31,0.5257,98.23,1496.2,0,1581
5,3020,56.09,0.5116,94.21,1515.8,0,1580
5,3021,54.1,0.4336,103.99,1512.7,0,1579
5,3022,56.91,0.4758,96.95,1493.3,0,1578
5,3023,56.7,0.5039,98.24,1506.8,0,1577
5,3024,55.54,0.53,100.4,1516.3,0,1576
5,3025,54.5,0.5443,96.63,1543.2,0,1575
5,3026,57.06,0.5741,96.67,1498.1,0,1574
5,3027,54.6,0.4748,98.2,1513.0,0,1573
5,3028,54.25,0.4607,101.75,1520.5,0,1572
5,3029,54.13,0.5128,95.8,1510.2,0,1571
5,3030,55.97,0.5382,96.77,1505.9,0,1570
5,3031,54.4,0.5736,98.08,1503.8,0,1569
5,3032,56.96,0.4703,100.77,1493.6,0,1568
5,3033,56.44,0.6256,94.4,1513.2,0,1567
5,3034,56.12,0.5069,98.36,1504.9,0,1566
5,3035,55.49,0.5064,96.04,1511.6,0,1565
5,3036,55.1,0.5358,98.07,1512.8,0,1564
5,3037,57.27,0.5263,95.37,1498.5,0,1563
5,3038,56.8,0.5631,97.55,1505.7,0,1562
5,3039,54.72,0.5774,98.6,1495.2,0,1561
5,3040,56.75,0.5405,99.52,1508.8,0,1560
5,3041,54.07,0.556,97.28,1480.9,0,1559
5,3042,57.17,0.5845,95.37,1494.7,0,1558
5,3043,56.52,0.5482,97.76,1497.1,0,1557
5,3044,55.9,0.4653,97.27,1486.1,0,1556
5,3045,55.97,0.5638,97.83,1512.3,0,1555
5,3046,56.21,0.562,100.56,1500.9,0,1554
5,3047,56.76,0.545,96.43,1491.1,0,1553
5,3048,56.43,0.5678,94.61,1490.3,0,1552
5,3049,56.81,0.5226,100.12,1498.4,0,1551
5,3050,55.07,0.6036,94.18,1498.4,0,1550
5,3051,56.28,0.48,95.73,1507.0,0,1549
5,3052,57.48,0.5119,98.82,1472.0,0,1548
5,3053,56.15,0.4816,92.52,1494.9,0,1547
5,3054,56.09,0.4978,96.31,1498.5,0,1546
5,3055,55.34,0.5287,97.93,1474.6,0,1545
5,3056,56.64,0.5602,95.83,1483.3,0,1544
5,3057,54.18,0.5415,96.69,1479.0,0,1543
5,3058,55.59,0.6258,96.26,1480.7,0,1542
5,3059,56.95,0.5617,96.47,1490.1,0,1541
5,3060,58.57,0.6229,96.06,1481.5,0,1540
5,3061,56.72,0.5762,97.3,1486.4,0,1539
5,3062,56.01,0.5617,95.52,1497.7,0,1538
5,3063,55.57,0.6192,99.53,1490.9,0,1537
5,3064,53.87,0.4892,99.56,1487.9,0,1536
5,3065,56.08,0.5452,96.81,1490.9,0,1535
5,3066,57.05,0.6156,95.5,1478.2,0,1534
5,3067,57.52,0.6086,95.03,1478.6,0,1533
5,3068,55.85,0.5352,93.89,1474.3,0,1532
5,3069,56.39,0.5727,94.9,1505.4,0,1531
5,3070,56.12,0.5386,95.88,1469.0,0,1530
5,3071,58.05,0.5216,100.58,1469.1,0,1529
5,3072,55.81,0.5069,93.84,1482.9,0,1528
5,3073,58.23,0.5645,96.99,1498.7,0,1527
5,3074,58.6,0.517,98.32,1478.8,0,1526
5,3075,57.17,0.5087,97.16,1473.7,0,1525
5,3076,57.86,0.54,97.91,1469.0,0,1524
5,3077,55.6,0.461,95.61,1470.9,0,1523
5,3078,57.64,0.48,97.66,1478.5,0,1522
5,3079,55.75,0.4921,97.96,1477.8,0,1521
5,3080,57.64,0.4494,95.98,1461.5,0,1520
5,3081,55.71,0.553,97.49,1498.6,0,1519
5,3082,57.08,0.5445,97.18,1478.5,0,1518
5,3083,57.55,0.5236,98.19,1488.7,0,1517
5,3084,56.15,0.447,94.36,1485.3,0,1516
5,3085,57.43,0.4559,96.65,1467.9,0,1515
5,3086,58.58,0.4537,96.38,1479.0,0,1514
5,3087,55.63,0.4581,97.3,1486.5,0,1513
5,3088,56.05,0.4813,102.33,1470.0,0,1512
5,3089,57.47,0.4455,98.18,1482.8,0,1511
5,3090,57.2,0.5143,94.79,1473.1,0,1510
5,3091,55.0,0.4147,95.8,1477.5,0,1509
5,3092,58.82,0.4787,97.24,1458.6,0,1508
5,3093,55.14,0.4827,100.67,1487.0,0,1507
5,3094,55.66,0.5043,96.4,1475.0,0,1506
5,3095,56.17,0.4726,97.9,1482.7,0,1505
5,3096,58.75,0.4863,95.67,1480.9,0,1504
5,3097,57.0,0.4341,98.09,1487.4,0,1503
5,3098,57.96,0.412,96.63,1492.5,0,1502
5,3099,56.11,0.4623,98.2,1478.6,0,1501
5,3100,58.51,0.4933,93.52,1487.4,0,1500
5,3101,59.57,0.4208,97.0,1467.3,0,1499
5,3102,58.37,0.4176,98.41,1482.9,0,1498
5,3103,57.25,0.4762,100.42,1484.7,0,1497
5,3104,57.03,0.4852,95.52,1477.2,0,1496
5,3105,56.18,0.4957,98.93,1487.3,0,1495
5,3106,58.07,0.4436,97.99,1465.1,0,1494
5,3107,56.55,0.419,94.43,1482.4,0,1493
5,3108,58.85,0.4795,96.43,1486.1,0,1492
5,3109,60.76,0.449,97.48,1477.7,0,1491
5,3110,59.8,0.4776,97.19,1473.0,0,1490
5,3111,56.94,0.4559,94.14,1492.1,0,1489
5,3112,59.4,0.4397,99.13,1486.9,0,1488
5,3113,58.59,0.47,97.66,1491.0,0,1487
5,3114,58.38,0.4357,96.83,1494.6,0,1486
5,3115,58.56,0.3914,99.43,1495.3,0,1485
5,3116,57.52,0.4486,97.88,1477.7,0,1484
5,3117,59.2,0.4715,95.19,1480.4,0,1483
5,3118,58.29,0.4281,101.47,1499.0,0,1482
5,3119,58.39,0.4411,98.53,1486.5,0,1481
5,3120,57.79,0.4215,98.22,1505.7,0,1480
5,3121,58.76,0.4288,100.21,1480.2,0,1479
5,3122,58.1,0.5104,100.58,1493.6,0,1478
5,3123,58.3,0.4177,100.76,1486.2,0,1477
5,3124,60.52,0.4726,102.15,1493.7,0,1476
5,3125,59.33,0.4952,96.9,1491.8,0,1475
5,3126,57.18,0.4717,97.45,1485.8,0,1474
5,3127,60.12,0.4486,95.72,1507.9,0,1473
5,3128,57.46,0.3691,100.15,1491.7,0,1472
5,3129,58.3,0.4844,100.45,1477.0,0,1471
5,3130,61.38,0.5546,97.71,1484.4,0,1470
5,3131,59.88,0.4279,101.34,1497.1,0,1469
5,3132,60.36,0.5124,99.54,1485.3,0,1468
5,3133,59.36,0.4781,98.98,1497.2,0,1467
5,3134,59.54,0.4652,97.98,1508.9,0,1466
5,3135,59.85,0.4275,100.74,1480.2,0,1465
5,3136,58.63,0.5221,99.84,1482.0,0,1464
5,3137,60.54,0.5038,95.82,1480.5,0,1463
5,3138,57.7,0.4386,98.18,1490.9,0,1462
5,3139,59.04,0.4854,95.36,1501.2,0,1461
5,3140,62.01,0.4836,100.14,1482.5,0,1460
5,3141,57.38,0.4259,103.02,1495.7,0,1459
5,3142,59.49,0.4704,100.37,1503.5,0,1458
5,3143,59.48,0.4852,97.66,1512.1,0,1457
5,3144,61.05,0.4929,101.38,1489.8,0,1456
5,3145,58.1,0.5107,96.85,1510.0,0,1455
5,3146,60.14,0.5154,98.37,1505.7,0,1454
5,3147,60.9,0.5166,98.44,1518.4,0,1453
5,3148,60.68,0.5493,99.55,1520.1,0,1452
5,3149,58.6,0.5224,102.62,1490.4,0,1451
5,3150,58.98,0.5714,99.14,1507.0,0,1450
5,3151,61.59,0.5309,102.68,1507.4,0,1449
5,3152,61.9,0.4932,98.41,1498.8,0,1448
5,3153,60.94,0.4976,101.02,1517.5,0,1447
5,3154,61.2,0.5433,98.48,1500.9,0,1446
5,3155,59.67,0.5683,101.76,1520.0,0,1445
5,3156,60.63,0.5716,97.87,1515.3,0,1444
5,3157,62.71,0.6051,103.06,1500.4,0,1443
5,3158,61.46,0.5907,99.34,1519.3,0,1442
5,3159,61.46,0.5207,100.69,1515.0,0,1441
5,3160,61.07,0.515,96.77,1511.4,0,1440
5,3161,60.46,0.505,102.58,1519.9,0,1439
5,3162,61.52,0.563,97.36,1494.4,0,1438
5,3163,60.78,0.6078,101.5,1513.8,0,1437
5,3164,61.59,0.4994,101.46,1513.1,0,1436
5,3165,61.03,0.5546,103.49,1515.1,0,1435
5,3166,61.47,0.5776,103.02,1506.3,0,1434
5,3167,63.35,0.543,101.54,1519.6,0,1433
5,3168,60.26,0.4817,101.03,1514.4,0,1432
5,3169,62.59,0.5044,99.96,1506.6,0,1431
5,3170,63.29,0.6302,99.63,1515.0,0,1430
5,3171,60.82,0.517,103.02,1513.4,0,1429
5,3172,61.94,0.4794,100.47,1487.1,0,1428
5,3173,61.57,0.5372,102.84,1502.1,0,1427
5,3174,61.43,0.6289,98.03,1524.1,0,1426
5,3175,63.29,0.4972,98.6,1510.7,0,1425
5,3176,61.09,0.5176,102.71,1523.9,0,1424
5,3177,61.19,0.6014,100.45,1516.7,0,1423
5,3178,60.62,0.5736,98.77,1517.9,0,1422
5,3179,59.78,0.5257,102.0,1519.6,0,1421
5,3180,61.17,0.56,99.62,1514.7,0,1420
5,3181,60.88,0.5012,104.67,1535.6,0,1419
5,3182,59.53,0.5658,104.42,1498.2,0,1418
5,3183,63.01,0.6054,100.81,1500.3,0,1417
5,3184,61.95,0.5702,103.29,1507.9,0,1416
5,3185,63.28,0.4786,103.06,1511.4,0,1415
5,3186,62.43,0.5896,101.16,1514.4,0,1414
5,3187,63.08,0.6077,101.66,1513.3,0,1413
5,3188,62.85,0.4915,101.38,1516.9,0,1412
5,3189,62.44,0.512,101.86,1527.1,0,1411
5,3190,61.74,0.5733,103.03,1516.8,0,1410
5,3191,62.44,0.5692,103.26,1529.4,0,1409
5,3192,64.67,0.4961,103.35,1524.2,0,1408
5,3193,62.8,0.51,101.29,1527.7,0,1407
5,3194,59.28,0.5965,104.99,1516.2,0,1406
5,3195,63.86,0.525,101.68,1523.4,0,1405
5,3196,66.77,0.563,100.38,1522.6,0,1404
5,3197,64.36,0.5055,100.35,1529.3,0,1403
5,3198,64.04,0.5208,99.61,1512.4,0,1402
5,3199,61.1,0.4984,105.02,1510.2,0,1401
5,3200,63.34,0.505,103.6,1534.0,0,1400
5,3201,60.94,0.5285,106.02,1523.8,0,1399
5,3202,64.01,0.5209,101.2,1497.3,0,1398
5,3203,62.92,0.5705,104.35,1523.4,0,1397
5,3204,61.7,0.5131,101.53,1522.1,0,1396
5,3205,62.14,0.5583,103.46,1507.8,0,1395
5,3206,63.59,0.473,106.78,1521.0,0,1394
5,3207,64.17,0.5636,104.03,1498.6,0,1393
5,3208,61.1,0.526,101.64,1504.8,0,1392
5,3209,65.09,0.4567,103.92,1521.4,0,1391
5,3210,62.34,0.4309,101.69,1505.4,0,1390
5,3211,63.3,0.4606,101.13,1516.8,0,1389
5,3212,61.83,0.5053,101.91,1510.5,0,1388
5,3213,63.87,0.4615,101.93,1515.9,0,1387
5,3214,64.71,0.4795,104.64,1518.9,0,1386
5,3215,62.64,0.4284,103.68,1518.8,0,1385
5,3216,63.93,0.5465,103.27,1505.1,0,1384
5,3217,63.42,0.4558,103.03,1499.7,0,1383
5,3218,63.51,0.4734,106.37,1524.9,0,1382
5,3219,64.24,0.545,103.85,1493.7,0,1381
5,3220,63.95,0.444,104.6,1531.2,0,1380
5,3221,63.47,0.445,102.46,1507.3,0,1379
5,3222,61.78,0.4845,101.93,1513.8,0,1378
5,3223,63.89,0.5199,102.25,1509.3,0,1377
5,3224,62.64,0.4705,104.92,1520.6,0,1376
5,3225,65.04,0.4439,101.42,1499.3,0,1375
5,3226,61.43,0.3992,103.97,1510.0,0,1374
5,3227,63.17,0.454,104.36,1521.7,0,1373
5,3228,65.09,0.4421,102.9,1514.0,0,1372
5,3229,64.55,0.4818,101.88,1504.8,0,1371
5,3230,63.4,0.4165,102.25,1518.0,0,1370
5,3231,64.55,0.4392,99.07,1519.4,0,1369
5,3232,64.19,0.4394,105.11,1518.1,0,1368
5,3233,64.3,0.4505,105.21,1512.0,0,1367
5,3234,64.53,0.4921,102.33,1492.1,0,1366
5,3235,64.93,0.5226,101.76,1508.3,0,1365
5,3236,65.06,0.4733,101.87,1508.1,0,1364
5,3237,63.98,0.505,100.92,1497.6,0,1363
5,3238,62.09,0.4308,100.73,1516.5,0,1362
5,3239,66.5,0.4577,107.05,1493.6,0,1361
5,3240,65.66,0.4277,104.22,1496.1,0,1360
5,3241,65.62,0.4199,99.82,1495.1,0,1359
5,3242,64.07,0.5469,104.21,1480.2,0,1358
5,3243,63.79,0.4581,103.99,1514.2,0,1357
5,3244,62.53,0.4745,99.7,1516.5,0,1356
5,3245,65.34,0.4108,106.57,1504.0,0,1355
5,3246,67.03,0.4809,102.32,1483.5,0,1354
5,3247,62.55,0.4409,103.79,1485.4,0,1353
5,3248,64.12,0.5007,103.53,1491.4,0,1352
5,3249,64.45,0.4227,100.93,1490.0,0,1351
5,3250,65.62,0.3817,102.01,1491.6,0,1350
5,3251,62.83,0.502,101.41,1490.4,0,1349
5,3252,65.31,0.4767,102.11,1498.1,0,1348
5,3253,63.27,0.3536,100.76,1494.5,0,1347
5,3254,63.5,0.4504,104.87,1498.2,0,1346
5,3255,62.98,0.4713,101.04,1483.1,0,1345
5,3256,64.43,0.4119,99.64,1516.8,0,1344
5,3257,65.32,0.5107,103.43,1499.7,0,1343
5,3258,64.34,0.4064,102.02,1493.5,0,1342
5,3259,64.03,0.4413,99.26,1502.7,0,1341
5,3260,66.94,0.3958,103.0,1506.3,0,1340
5,3261,62.97,0.4837,98.2,1480.5,0,1339
5,3262,64.26,0.4744,101.16,1489.6,0,1338
5,3263,65.7,0.4331,102.81,1490.9,0,1337
5,3264,65.07,0.4992,101.14,1496.9,0,1336
5,3265,63.07,0.4631,99.99,1503.2,0,1335
5,3266,65.18,0.4817,100.41,1492.7,0,1334
5,3267,63.79,0.5339,104.36,1474.8,0,1333
5,3268,65.21,0.5205,104.4,1484.9,0,1332
5,3269,65.33,0.554,101.66,1485.3,0,1331
5,3270,64.4,0.56,97.7,1504.2,0,1330
5,3271,65.67,0.4657,98.85,1490.9,0,1329
5,3272,64.53,0.5248,96.52,1485.6,0,1328
5,3273,65.64,0.4309,100.91,1492.2,0,1327
5,3274,65.82,0.4681,105.95,1491.3,0,1326
5,3275,65.85,0.5561,97.95,1471.2,0,1325
5,3276,65.45,0.4508,99.38,1481.1,0,1324
5,3277,66.65,0.4503,102.27,1486.6,0,1323
5,3278,65.87,0.5028,100.54,1475.4,0,1322
5,3279,66.18,0.5725,99.48,1495.7,0,1321
5,3280,64.01,0.4835,98.73,1475.4,0,1320
5,3281,63.57,0.5594,101.08,1497.6,0,1319
5,3282,65.75,0.5088,103.47,1481.8,0,1318
5,3283,67.29,0.5459,97.24,1475.4,0,1317
5,3284,63.2,0.5156,100.54,1481.9,0,1316
5,3285,65.05,0.4839,104.91,1482.8,0,1315
5,3286,65.59,0.4888,103.66,1471.3,0,1314
5,3287,65.11,0.5363,102.02,1494.6,0,1313
5,3288,64.69,0.572,100.46,1476.9,0,1312
5,3289,67.1,0.5171,101.36,1474.7,0,1311
5,3290,65.3,0.5152,100.98,1467.1,0,1310
5,3291,63.83,0.5011,102.12,1488.9,0,1309
5,3292,65.57,0.5054,100.7,1499.7,0,1308
5,3293,66.24,0.5467,97.89,1468.6,0,1307
5,3294,65.24,0.5061,102.24,1465.9,0,1306
5,3295,65.95,0.4806,96.51,1477.5,0,1305
5,3296,64.55,0.5946,104.5,1481.8,0,1304
5,3297,64.03,0.5462,100.95,1489.3,0,1303
5,3298,66.46,0.5388,100.0,1497.2,0,1302
5,3299,63.92,0.5918,102.75,1492.1,0,1301
5,3300,65.29,0.6226,100.01,1477.3,0,1300
5,3301,63.69,0.6035,99.23,1495.9,0,1299
5,3302,63.71,0.5752,97.42,1494.4,0,1298
5,3303,66.68,0.5112,100.51,1475.3,0,1297
5,3304,62.84,0.5741,97.52,1462.9,0,1296
5,3305,64.1,0.5757,100.23,1504.3,0,1295
5,3306,64.59,0.5471,99.79,1489.5,0,1294
5,3307,64.05,0.5538,103.1,1478.6,0,1293
5,3308,64.99,0.4685,98.82,1486.3,0,1292
5,3309,63.65,0.5795,99.43,1497.3,0,1291
5,3310,68.19,0.5219,98.98,1487.4,0,1290
5,3311,66.19,0.4989,100.3,1474.2,0,1289
5,3312,64.88,0.5564,99.96,1475.9,0,1288
5,3313,64.77,0.5409,98.35,1482.8,0,1287
5,3314,67.6,0.4532,98.04,1486.1,0,1286
5,3315,66.78,0.4983,99.31,1474.9,0,1285
5,3316,65.28,0.5522,98.21,1474.3,0,1284
5,3317,65.28,0.5331,101.45,1466.3,0,1283
5,3318,64.89,0.466,98.45,1462.4,0,1282
5,3319,64.67,0.5604,99.53,1470.1,0,1281
5,3320,66.43,0.4825,100.16,1503.8,0,1280
5,3321,64.27,0.502,98.73,1486.6,0,1279
5,3322,65.94,0.5428,99.19,1494.2,0,1278
5,3323,65.64,0.4966,96.98,1479.2,0,1277
5,3324,65.92,0.5303,96.37,1482.6,0,1276
5,3325,65.94,0.4938,99.88,1492.2,0,1275
5,3326,65.25,0.4064,99.82,1489.3,0,1274
5,3327,63.98,0.4573,100.04,1481.4,0,1273
5,3328,64.28,0.5837,101.99,1508.6,0,1272
5,3329,64.69,0.5203,99.82,1482.3,0,1271
5,3330,64.54,0.5021,98.91,1479.3,0,1270
5,3331,64.01,0.537,98.35,1491.9,0,1269
5,3332,65.75,0.4897,99.99,1492.9,0,1268
5,3333,64.33,0.4904,94.9,1494.5,0,1267
5,3334,64.81,0.5243,99.93,1487.9,0,1266
5,3335,65.98,0.406,97.51,1499.5,0,1265
5,3336,65.48,0.5035,100.24,1498.6,0,1264
5,3337,64.53,0.4323,97.73,1488.8,0,1263
5,3338,63.84,0.4653,95.71,1502.9,0,1262
5,3339,63.52,0.4082,98.53,1486.5,0,1261
5,3340,67.7,0.5109,94.23,1501.2,0,1260
5,3341,63.55,0.4585,100.73,1503.1,0,1259
5,3342,63.89,0.4967,95.53,1500.0,0,1258
5,3343,64.48,0.4787,97.92,1480.0,0,1257
5,3344,64.13,0.4682,100.53,1489.5,0,1256
5,3345,64.68,0.4975,100.96,1500.3,0,1255
5,3346,65.1,0.4414,100.14,1506.5,0,1254
5,3347,66.13,0.4542,98.9,1500.9,0,1253
5,3348,63.23,0.5464,97.69,1507.3,0,1252
5,3349,64.79,0.4938,96.33,1489.9,0,1251
5,3350,63.61,0.541,97.3,1508.7,0,1250
5,3351,66.73,0.3808,96.42,1493.1,0,1249
5,3352,63.52,0.4506,102.01,1485.6,0,1248
5,3353,63.61,0.514,96.79,1481.3,0,1247
5,3354,62.14,0.4329,96.55,1491.2,0,1246
5,3355,62.39,0.4397,98.95,1507.2,0,1245
5,3356,63.66,0.398,96.39,1474.4,0,1244
5,3357,62.13,0.4555,97.53,1507.3,0,1243
5,3358,63.19,0.4008,95.83,1502.5,0,1242
5,3359,62.05,0.5419,98.2,1511.4,0,1241
5,3360,63.23,0.4589,96.87,1500.2,0,1240
5,3361,64.56,0.4435,95.7,1502.4,0,1239
5,3362,65.65,0.5146,100.09,1505.4,0,1238
5,3363,64.42,0.456,98.0,1520.5,0,1237
5,3364,64.41,0.4401,94.86,1521.2,0,1236
5,3365,64.17,0.465,99.37,1501.0,0,1235
5,3366,64.49,0.4266,95.21,1507.2,0,1234
5,3367,62.99,0.3961,97.4,1502.5,0,1233
5,3368,62.99,0.4536,95.08,1520.7,0,1232
5,3369,61.98,0.3888,99.96,1498.2,0,1231
5,3370,62.24,0.4651,99.09,1512.0,0,1230
5,3371,61.88,0.4853,95.75,1519.1,0,1229
5,3372,65.53,0.4165,97.95,1498.3,0,1228
5,3373,63.73,0.4088,98.61,1513.2,0,1227
5,3374,64.05,0.4509,94.84,1517.2,0,1226
5,3375,62.38,0.423,97.22,1519.4,0,1225
5,3376,64.21,0.4865,97.79,1519.4,0,1224
5,3377,63.28,0.4733,98.42,1516.8,0,1223
5,3378,64.1,0.4411,100.1,1504.4,0,1222
5,3379,65.53,0.4664,95.28,1515.7,0,1221
5,3380,63.6,0.48,98.0,1514.0,0,1220
5,3381,63.63,0.462,99.82,1511.4,0,1219
5,3382,65.59,0.5086,94.78,1531.2,0,1218
5,3383,64.03,0.4548,97.86,1503.0,0,1217
5,3384,62.28,0.4851,97.29,1511.4,0,1216
5,3385,63.16,0.501,97.9,1528.1,0,1215
5,3386,64.03,0.4457,98.19,1516.1,0,1214
5,3387,62.35,0.5232,97.42,1540.2,0,1213
5,3388,61.9,0.4969,98.87,1524.8,0,1212
5,3389,60.66,0.4513,96.16,1521.0,0,1211
5,3390,63.7,0.5301,97.03,1517.4,0,1210
5,3391,63.87,0.4754,97.35,1505.7,0,1209
5,3392,63.54,0.4795,101.15,1526.4,0,1208
5,3393,62.9,0.4836,96.39,1508.1,0,1207
5,3394,61.62,0.569,97.83,1524.6,0,1206
5,3395,62.53,0.5554,98.9,1527.2,0,1205
5,3396,64.32,0.5532,98.62,1527.9,0,1204
5,3397,63.23,0.5027,99.61,1528.4,0,1203
5,3398,62.32,0.5626,98.73,1514.5,0,1202
5,3399,64.26,0.4826,93.22,1536.5,0,1201
5,3400,61.04,0.5065,99.62,1519.7,0,1200
5,3401,64.24,0.5508,96.89,1527.6,0,1199
5,3402,63.57,0.5494,96.75,1521.7,0,1198
5,3403,63.75,0.5527,97.74,1522.4,0,1197
5,3404,61.74,0.5532,100.09,1515.1,0,1196
5,3405,61.73,0.5543,97.11,1521.3,0,1195
5,3406,63.71,0.5748,93.59,1549.3,0,1194
5,3407,60.99,0.4884,99.21,1529.8,0,1193
5,3408,61.79,0.5623,97.3,1499.4,0,1192
5,3409,62.69,0.4658,99.46,1509.0,0,1191
5,3410,60.34,0.5219,97.62,1524.1,0,1190
5,3411,60.07,0.5595,95.13,1513.0,0,1189
5,3412,63.37,0.5595,97.88,1521.5,0,1188
5,3413,62.52,0.4581,94.43,1517.5,0,1187
5,3414,63.02,0.5417,98.2,1514.2,0,1186
5,3415,60.69,0.5039,97.36,1517.9,0,1185
5,3416,62.66,0.6131,100.66,1504.7,0,1184
5,3417,61.64,0.5538,95.07,1522.2,0,1183
5,3418,62.7,0.5225,93.66,1523.7,0,1182
5,3419,61.61,0.5353,101.96,1509.8,0,1181
5,3420,62.55,0.6045,100.31,1505.2,0,1180
5,3421,64.31,0.578,99.38,1511.5,0,1179
5,3422,61.66,0.6486,97.44,1506.7,0,1178
5,3423,61.84,0.5243,99.47,1519.7,0,1177
5,3424,60.76,0.5808,92.96,1520.7,0,1176
5,3425,62.85,0.52,98.77,1532.6,0,1175
5,3426,62.41,0.6009,95.97,1516.2,0,1174
5,3427,60.43,0.5104,97.68,1530.4,0,1173
5,3428,61.85,0.5354,100.88,1521.6,0,1172
5,3429,60.66,0.644,99.82,1504.2,0,1171
5,3430,59.38,0.5477,97.71,1512.4,0,1170
5,3431,59.66,0.6181,101.07,1513.7,0,1169
5,3432,60.21,0.5992,97.02,1501.3,0,1168
5,3433,61.34,0.6126,101.62,1496.6,0,1167
5,3434,60.72,0.4777,98.83,1512.0,0,1166
5,3435,60.57,0.5355,99.19,1498.1,0,1165
5,3436,62.71,0.5978,97.52,1501.6,0,1164
5,3437,58.85,0.5025,95.67,1514.1,0,1163
5,3438,62.85,0.4557,97.09,1498.4,0,1162
5,3439,61.32,0.5553,95.98,1507.4,0,1161
5,3440,61.81,0.6064,97.32,1516.4,0,1160
5,3441,63.34,0.4217,98.07,1491.7,0,1159
5,3442,61.44,0.5236,99.14,1516.5,0,1158
5,3443,61.45,0.4505,97.54,1500.6,0,1157
5,3444,63.61,0.5826,102.11,1498.3,0,1156
5,3445,59.96,0.5282,102.84,1513.1,0,1155
5,3446,59.64,0.5254,95.4,1490.2,0,1154
5,3447,60.99,0.4736,102.18,1507.3,0,1153
5,3448,60.27,0.5635,98.65,1520.6,0,1152
5,3449,60.31,0.5079,98.33,1511.4,0,1151
5,3450,59.92,0.5422,98.36,1515.1,0,1150
5,3451,59.55,0.5111,98.86,1513.7,0,1149
5,3452,59.25,0.5807,101.33,1499.8,0,1148
5,3453,58.68,0.5639,101.04,1516.2,0,1147
5,3454,59.53,0.5151,99.75,1511.4,0,1146
5,3455,60.72,0.5117,98.77,1492.7,0,1145
5,3456,61.69,0.4875,99.82,1506.0,0,1144
5,3457,61.19,0.533,99.72,1486.0,0,1143
5,3458,59.25,0.5857,103.53,1505.9,0,1142
5,3459,60.94,0.4917,100.11,1512.5,0,1141
5,3460,61.09,0.4544,101.28,1493.5,0,1140
5,3461,60.65,0.4726,100.16,1499.9,0,1139
5,3462,59.93,0.4977,101.8,1512.0,0,1138
5,3463,58.93,0.4655,98.26,1499.7,0,1137
5,3464,61.28,0.5558,97.09,1515.8,0,1136
5,3465,58.99,0.4495,101.09,1485.9,0,1135
5,3466,58.67,0.4707,100.82,1495.7,0,1134
5,3467,60.65,0.4751,98.58,1519.3,0,1133
5,3468,55.94,0.471,97.01,1501.6,0,1132
5,3469,57.29,0.4671,100.13,1479.8,0,1131
5,3470,57.21,0.3856,101.17,1479.0,0,1130
5,3471,58.16,0.4194,100.71,1488.2,0,1129
5,3472,61.03,0.452,103.5,1497.8,0,1128
5,3473,60.19,0.5,102.01,1483.8,0,1127
5,3474,59.42,0.5447,101.54,1494.6,0,1126
5,3475,61.82,0.4121,100.8,1480.8,0,1125
5,3476,58.58,0.377,98.75,1489.9,0,1124
5,3477,59.09,0.4387,101.58,1476.5,0,1123
5,3478,59.81,0.4142,100.35,1486.8,0,1122
5,3479,60.46,0.4514,98.76,1503.0,0,1121
5,3480,58.2,0.5039,100.5,1486.1,0,1120
5,3481,56.11,0.3882,98.91,1483.1,0,1119
5,3482,59.29,0.5027,99.2,1472.9,0,1118
5,3483,58.08,0.4805,101.05,1490.2,0,1117
5,3484,61.06,0.4678,103.81,1479.0,0,1116
5,3485,58.33,0.5156,99.45,1502.8,0,1115
5,3486,56.67,0.4127,102.61,1497.8,0,1114
5,3487,58.45,0.4313,96.79,1493.7,0,1113
5,3488,57.26,0.503,103.56,1475.1,0,1112
5,3489,58.82,0.5465,100.56,1481.2,0,1111
5,3490,58.51,0.4708,99.85,1483.2,0,1110
5,3491,57.54,0.4809,101.54,1477.3,0,1109
5,3492,56.89,0.4834,101.94,1491.5,0,1108
5,3493,59.71,0.5193,100.36,1469.7,0,1107
5,3494,58.76,0.426,100.38,1459.6,0,1106
5,3495,58.18,0.4798,101.12,1487.5,0,1105
5,3496,57.86,0.3785,104.3,1479.8,0,1104
5,3497,60.1,0.4484,99.62,1486.7,0,1103
5,3498,58.37,0.4503,103.42,1487.8,0,1102
5,3499,58.24,0.4444,102.91,1470.3,0,1101
5,3500,57.14,0.3944,98.22,1481.7,0,1100
5,3501,59.34,0.4287,101.13,1484.9,0,1099
5,3502,57.56,0.4292,103.76,1477.6,0,1098
5,3503,59.8,0.4932,101.14,1467.2,0,1097
5,3504,57.97,0.4221,104.07,1475.8,0,1096
5,3505,59.97,0.452,104.71,1488.7,0,1095
5,3506,57.76,0.4259,98.84,1504.1,0,1094
5,3507,55.5,0.5002,103.39,1472.8,0,1093
5,3508,57.09,0.4884,104.68,1485.3,0,1092
5,3509,55.84,0.5135,101.17,1475.8,0,1091
5,3510,57.95,0.4575,100.83,1471.3,0,1090
5,3511,59.22,0.4774,102.93,1484.5,0,1089
5,3512,58.22,0.5417,105.62,1457.9,0,1088
5,3513,58.3,0.4953,103.26,1476.7,0,1087
5,3514,59.05,0.4541,102.58,1475.6,0,1086
5,3515,58.12,0.4642,102.54,1464.2,0,1085
5,3516,58.0,0.4403,104.7,1487.0,0,1084
5,3517,56.61,0.4261,100.75,1478.1,0,1083
5,3518,58.02,0.5519,105.2,1477.6,0,1082
5,3519,59.02,0.5496,105.18,1492.2,0,1081
5,3520,56.64,0.5329,104.3,1482.4,0,1080
5,3521,57.63,0.5157,101.67,1476.1,0,1079
5,3522,56.27,0.5455,105.31,1484.3,0,1078
5,3523,55.47,0.5272,103.54,1485.5,0,1077
5,3524,56.89,0.5338,100.65,1477.0,0,1076
5,3525,56.51,0.4234,101.18,1466.8,0,1075
5,3526,57.21,0.5482,104.51,1481.8,0,1074
5,3527,56.33,0.5006,104.11,1484.5,0,1073
5,3528,57.31,0.5004,101.83,1474.6,0,1072
5,3529,57.77,0.5005,102.54,1483.1,0,1071
5,3530,56.88,0.569,102.65,1495.4,0,1070
5,3531,56.71,0.541,105.98,1489.7,0,1069
5,3532,56.88,0.5915,102.01,1488.7,0,1068
5,3533,55.03,0.4998,101.81,1482.8,0,1067
5,3534,57.64,0.552,102.13,1498.5,0,1066
5,3535,57.51,0.6265,103.42,1503.9,0,1065
5,3536,56.63,0.4869,107.15,1493.8,0,1064
5,3537,56.23,0.5633,103.81,1493.3,0,1063
5,3538,55.5,0.4794,103.87,1496.5,0,1062
5,3539,56.65,0.5253,107.54,1486.7,0,1061
5,3540,56.39,0.4861,104.12,1495.1,0,1060
5,3541,56.7,0.4179,100.15,1495.1,0,1059
5,3542,55.89,0.5577,99.46,1484.2,0,1058
5,3543,56.7,0.497,104.58,1474.3,0,1057
5,3544,54.59,0.5173,100.25,1501.6,0,1056
5,3545,56.78,0.5502,104.21,1474.5,0,1055
5,3546,55.99,0.6368,106.3,1494.5,0,1054
5,3547,55.71,0.4789,102.63,1476.6,0,1053
5,3548,55.99,0.5726,101.75,1494.9,0,1052
5,3549,55.64,0.5369,102.47,1490.7,0,1051
5,3550,56.41,0.5117,103.16,1498.9,0,1050
5,3551,54.34,0.5719,101.34,1477.1,0,1049
5,3552,55.21,0.5892,102.31,1495.3,0,1048
5,3553,55.51,0.5239,103.68,1477.2,0,1047
5,3554,55.99,0.5383,104.67,1487.4,0,1046
5,3555,54.46,0.6013,100.93,1488.1,0,1045
5,3556,56.98,0.4362,102.46,1492.5,0,1044
5,3557,55.61,0.5317,104.33,1500.3,0,1043
5,3558,56.48,0.5222,103.68,1508.8,0,1042
5,3559,57.32,0.5507,103.22,1501.3,0,1041
5,3560,54.8,0.5546,102.03,1513.9,0,1040
5,3561,54.39,0.5533,98.61,1497.4,0,1039
5,3562,52.34,0.5764,104.07,1513.8,0,1038
5,3563,57.76,0.533,105.01,1497.0,0,1037
5,3564,53.32,0.5122,101.74,1501.8,0,1036
5,3565,55.94,0.5479,103.98,1491.2,0,1035
5,3566,55.41,0.5686,103.08,1498.0,0,1034
5,3567,52.24,0.5223,101.29,1508.1,0,1033
5,3568,57.91,0.5111,99.7,1493.4,0,1032
5,3569,54.68,0.5386,106.87,1494.1,0,1031
5,3570,56.26,0.4725,97.15,1500.5,0,1030
5,3571,56.94,0.5993,101.42,1493.6,0,1029
5,3572,56.81,0.5387,102.7,1509.7,0,1028
5,3573,55.68,0.5486,101.79,1514.7,0,1027
5,3574,54.28,0.512,102.57,1514.4,0,1026
5,3575,55.52,0.5147,103.0,1502.1,0,1025
5,3576,54.57,0.5681,105.7,1507.8,0,1024
5,3577,57.36,0.4968,99.77,1502.6,0,1023
5,3578,54.86,0.461,101.15,1504.3,0,1022
5,3579,53.13,0.5186,100.53,1511.4,0,1021
5,3580,54.15,0.4658,103.35,1509.5,0,1020
5,3581,57.14,0.4628,103.68,1524.6,0,1019
5,3582,57.28,0.493,99.16,1526.6,0,1018
5,3583,53.56,0.4902,100.33,1509.3,0,1017
5,3584,53.95,0.5126,102.87,1502.9,0,1016
5,3585,56.32,0.5342,102.11,1517.4,0,1015
5,3586,54.78,0.4619,102.49,1516.2,0,1014
5,3587,54.26,0.4895,99.55,1519.1,0,1013
5,3588,55.31,0.5079,99.93,1521.2,0,1012
5,3589,56.93,0.4647,100.35,1509.3,0,1011
5,3590,57.19,0.4045,100.67,1523.4,0,1010
5,3591,55.9,0.4815,101.69,1503.9,0,1009
5,3592,55.61,0.4935,102.6,1513.6,0,1008
5,3593,56.13,0.5706,102.77,1514.1,0,1007
5,3594,55.7,0.5121,102.98,1499.8,0,1006
5,3595,54.09,0.4585,98.31,1523.9,0,1005
5,3596,52.26,0.4788,107.82,1539.9,0,1004
5,3597,57.6,0.4049,101.93,1516.1,0,1003
5,3598,57.0,0.5446,101.71,1521.0,0,1002
5,3599,56.11,0.504,101.16,1514.8,0,1001
5,3600,55.5,0.4338,103.83,1517.3,0,1000
5,3601,57.26,0.4969,102.87,1517.3,0,999
5,3602,55.62,0.4471,99.15,1535.2,0,998
5,3603,56.86,0.4864,100.38,1511.5,0,997
5,3604,56.59,0.4807,100.15,1526.5,0,996
5,3605,53.24,0.5085,101.9,1512.0,0,995
5,3606,54.63,0.3996,100.08,1508.8,0,994
5,3607,55.16,0.4483,100.65,1529.9,0,993
5,3608,53.19,0.4021,98.81,1526.6,0,992
5,3609,53.8,0.4137,101.0,1517.3,0,991
5,3610,54.79,0.4399,96.88,1540.4,0,990
5,3611,52.67,0.4385,101.1,1519.7,0,989
5,3612,56.79,0.5071,96.07,1534.8,0,988
5,3613,56.08,0.4853,99.17,1512.4,0,987
5,3614,53.95,0.492,98.66,1516.0,0,986
5,3615,54.34,0.5003,98.04,1512.9,0,985
5,3616,56.3,0.4271,100.18,1508.4,0,984
5,3617,53.65,0.4742,98.69,1530.7,0,983
5,3618,57.54,0.4528,98.61,1502.3,0,982
5,3619,55.92,0.3948,97.23,1515.0,0,981
5,3620,54.13,0.4136,96.38,1508.6,0,980
5,3621,55.77,0.5346,103.82,1526.9,0,979
5,3622,53.96,0.468,99.86,1510.6,0,978
5,3623,54.89,0.5242,100.89,1515.4,0,977
5,3624,55.89,0.4258,98.64,1518.5,0,976
5,3625,55.37,0.4609,101.73,1532.1,0,975
5,3626,56.34,0.471,96.1,1526.1,0,974
5,3627,53.86,0.4989,98.31,1526.1,0,973
5,3628,55.45,0.4571,98.89,1532.6,0,972
5,3629,56.12,0.4025,100.69,1507.0,0,971
5,3630,55.01,0.426,99.41,1505.8,0,970
5,3631,56.63,0.4995,99.1,1513.1,0,969
5,3632,55.88,0.4741,94.85,1503.7,0,968
5,3633,53.25,0.4721,99.67,1520.2,0,967
5,3634,54.97,0.4636,99.3,1513.9,0,966
5,3635,54.05,0.4661,98.8,1511.2,0,965
5,3636,54.42,0.4772,96.49,1511.3,0,964
5,3637,54.71,0.5274,101.92,1538.2,0,963
5,3638,56.6,0.4914,96.81,1505.3,0,962
5,3639,55.38,0.514,97.14,1491.5,0,961
5,3640,56.04,0.4869,101.38,1521.8,0,960
5,3641,55.36,0.4646,99.28,1499.7,0,959
5,3642,56.12,0.4872,96.88,1503.8,0,958
5,3643,55.62,0.4578,97.06,1495.5,0,957
5,3644,56.92,0.4874,93.16,1515.9,0,956
5,3645,56.93,0.4369,98.66,1519.7,0,955
5,3646,56.58,0.458,96.74,1519.8,0,954
5,3647,53.79,0.498,95.21,1491.6,0,953
5,3648,57.0,0.491,97.58,1495.7,0,952
5,3649,54.11,0.4804,97.77,1508.4,0,951
5,3650,56.2,0.4948,97.42,1509.7,0,950
5,3651,52.62,0.5439,95.61,1520.3,0,949
5,3652,56.13,0.531,99.84,1515.9,0,948
5,3653,56.32,0.5859,97.79,1500.9,0,947
5,3654,54.75,0.5716,98.33,1524.6,0,946
5,3655,55.63,0.4942,100.04,1495.7,0,945
5,3656,55.73,0.5312,97.71,1506.8,0,944
5,3657,54.26,0.5115,102.18,1499.6,0,943
5,3658,54.22,0.5219,98.21,1504.5,0,942
5,3659,55.36,0.5002,95.99,1479.6,0,941
5,3660,54.06,0.5086,96.08,1496.2,0,940
5,3661,55.21,0.5032,97.62,1508.3,0,939
5,3662,55.9,0.5411,93.24,1508.0,0,938
5,3663,57.52,0.5588,99.18,1515.5,0,937
5,3664,55.34,0.5746,97.9,1492.9,0,936
5,3665,54.55,0.5232,100.03,1505.1,0,935
5,3666,56.9,0.5566,96.88,1499.6,0,934
5,3667,56.58,0.4964,98.49,1496.9,0,933
5,3668,56.67,0.5706,98.78,1500.1,0,932
5,3669,56.9,0.5735,98.47,1478.4,0,931
5,3670,55.08,0.4704,99.32,1487.7,0,930
5,3671,55.95,0.4998,96.79,1487.7,0,929
5,3672,54.97,0.5137,97.95,1484.2,0,928
5,3673,55.96,0.5697,99.48,1494.4,0,927
5,3674,55.63,0.5234,97.43,1498.5,0,926
5,3675,56.94,0.5812,98.0,1498.4,0,925
5,3676,54.8,0.594,99.27,1506.8,0,924
5,3677,55.88,0.4966,99.46,1491.8,0,923
5,3678,57.1,0.6718,92.05,1489.4,0,922
5,3679,55.62,0.5262,94.81,1488.8,0,921
5,3680,56.94,0.5294,97.3,1485.2,0,920
5,3681,55.7,0.5476,95.54,1499.1,0,919
5,3682,53.88,0.5008,96.62,1496.9,0,918
5,3683,56.02,0.6047,96.39,1497.8,0,917
5,3684,55.09,0.5777,99.35,1488.2,0,916
5,3685,57.26,0.5089,97.85,1483.3,0,915
5,3686,57.45,0.5425,102.11,1491.5,0,914
5,3687,56.42,0.5672,98.65,1474.0,0,913
5,3688,55.86,0.5365,98.69,1480.6,0,912
5,3689,57.16,0.5381,94.37,1487.5,0,911
5,3690,57.43,0.5538,95.37,1492.8,0,910
5,3691,58.16,0.5646,98.33,1491.2,0,909
5,3692,56.5,0.5364,96.28,1497.6,0,908
5,3693,56.49,0.5518,98.36,1490.2,0,907
5,3694,54.82,0.5548,98.72,1475.6,0,906
5,3695,55.87,0.5573,100.32,1482.9,0,905
5,3696,58.64,0.4962,96.54,1473.9,0,904
5,3697,59.62,0.5441,97.09,1483.1,0,903
5,3698,58.03,0.4554,97.89,1480.4,0,902
5,3699,57.17,0.5239,98.73,1481.0,0,901
5,3700,56.92,0.5759,95.45,1482.3,0,900
5,3701,57.9,0.4527,97.31,1494.9,0,899
5,3702,56.27,0.4721,95.33,1489.4,0,898
5,3703,55.45,0.5034,95.31,1479.2,0,897
5,3704,56.47,0.5441,96.02,1473.9,0,896
5,3705,56.35,0.5952,97.85,1472.3,0,895
5,3706,56.76,0.4666,95.98,1484.2,0,894
5,3707,58.03,0.4893,95.51,1477.5,0,893
5,3708,55.68,0.5235,97.47,1486.3,0,892
5,3709,57.0,0.4579,97.01,1479.9,0,891
5,3710,57.31,0.5509,99.43,1481.6,0,890
5,3711,57.66,0.5588,99.3,1475.3,0,889
5,3712,59.97,0.4752,95.54,1466.2,0,888
5,3713,57.76,0.52,100.24,1476.9,0,887
5,3714,57.15,0.5018,98.58,1472.2,0,886
5,3715,57.13,0.4748,99.51,1481.9,0,885
5,3716,58.05,0.5506,95.96,1477.4,0,884
5,3717,55.93,0.4366,99.42,1469.3,0,883
5,3718,57.69,0.4598,94.85,1475.4,0,882
5,3719,57.64,0.5641,95.68,1485.2,0,881
5,3720,56.68,0.4548,99.21,1488.4,0,880
5,3721,56.28,0.4838,96.4,1469.7,0,879
5,3722,58.58,0.5085,96.51,1470.4,0,878
5,3723,60.7,0.4542,102.07,1482.4,0,877
5,3724,56.8,0.4589,95.51,1476.1,0,876
5,3725,58.42,0.5012,95.26,1484.1,0,875
5,3726,59.18,0.5013,99.47,1487.4,0,874
5,3727,58.18,0.4901,98.62,1477.3,0,873
5,3728,59.69,0.433,96.98,1493.7,0,872
5,3729,60.63,0.497,97.44,1502.9,0,871
5,3730,57.57,0.438,97.42,1484.4,0,870
5,3731,56.99,0.4227,95.12,1473.3,0,869
5,3732,58.25,0.476,99.21,1463.6,0,868
5,3733,57.53,0.4208,96.59,1488.8,0,867
5,3734,59.1,0.4546,98.02,1483.8,0,866
5,3735,57.83,0.4758,99.47,1472.9,0,865
5,3736,59.85,0.4223,96.73,1472.8,0,864
5,3737,57.84,0.4127,96.02,1485.0,0,863
5,3738,58.38,0.4365,99.03,1483.1,0,862
5,3739,55.94,0.4904,97.79,1492.0,0,861
5,3740,58.84,0.4102,98.4,1494.7,0,860
5,3741,59.54,0.4923,99.99,1466.3,0,859
5,3742,59.05,0.519,100.3,1493.0,0,858
5,3743,61.92,0.4065,97.82,1468.5,0,857
5,3744,59.07,0.384,102.31,1481.6,0,856
5,3745,59.19,0.4353,97.02,1501.4,0,855
5,3746,59.69,0.3884,98.79,1478.4,0,854
5,3747,58.48,0.4574,101.82,1484.4,0,853
5,3748,60.09,0.5078,97.51,1480.5,0,852
5,3749,59.45,0.4543,98.51,1475.3,0,851
5,3750,59.91,0.3976,98.07,1495.8,0,850
5,3751,56.77,0.4526,98.05,1491.7,0,849
5,3752,59.12,0.5178,100.89,1486.5,0,848
5,3753,58.1,0.4489,101.36,1474.9,0,847
5,3754,59.8,0.4731,96.8,1500.9,0,846
5,3755,59.78,0.4762,98.79,1500.9,0,845
5,3756,60.85,0.4656,101.07,1490.7,0,844
5,3757,61.64,0.5386,100.53,1501.2,0,843
5,3758,60.07,0.4295,101.63,1499.5,0,842
5,3759,59.01,0.4368,100.89,1463.8,0,841
5,3760,56.87,0.4868,101.0,1481.1,0,840
5,3761,62.59,0.4544,102.99,1481.2,0,839
5,3762,61.26,0.5366,100.55,1504.8,0,838
5,3763,60.97,0.512,97.97,1497.2,0,837
5,3764,59.67,0.5128,98.42,1486.3,0,836
5,3765,59.2,0.4993,101.16,1489.8,0,835
5,3766,59.24,0.451,101.0,1498.2,0,834
5,3767,58.08,0.4805,97.01,1491.4,0,833
5,3768,58.82,0.5151,101.66,1497.3,0,832
5,3769,60.03,0.5138,98.94,1495.9,0,831
5,3770,60.88,0.4963,100.95,1509.2,0,830
5,3771,60.3,0.5035,100.91,1494.3,0,829
5,3772,61.41,0.5222,95.84,1489.0,0,828
5,3773,59.5,0.5709,97.38,1489.9,0,827
5,3774,60.67,0.4831,100.99,1496.2,0,826
5,3775,59.77,0.5366,99.61,1519.1,0,825
5,3776,61.03,0.4895,99.43,1514.3,0,824
5,3777,60.08,0.5185,100.74,1515.0,0,823
5,3778,60.12,0.5561,100.38,1517.4,0,822
5,3779,61.51,0.5301,98.51,1491.8,0,821
5,3780,59.51,0.4931,100.53,1503.5,0,820
5,3781,61.42,0.5079,98.98,1505.7,0,819
5,3782,61.24,0.5885,101.2,1501.6,0,818
5,3783,60.94,0.5904,98.64,1508.4,0,817
5,3784,61.69,0.5141,103.04,1502.7,0,816
5,3785,59.91,0.4475,101.08,1507.8,0,815
5,3786,61.31,0.5199,96.66,1501.2,0,814
5,3787,60.18,0.5395,99.11,1506.4,0,813
5,3788,60.76,0.5235,101.4,1515.5,0,812
5,3789,64.14,0.5791,99.68,1518.4,0,811
5,3790,62.15,0.5793,101.44,1484.1,0,810
5,3791,59.26,0.5897,101.51,1505.9,0,809
5,3792,60.09,0.5372,100.24,1507.1,0,808
5,3793,62.59,0.4956,103.93,1511.5,0,807
5,3794,59.68,0.5418,100.96,1520.6,0,806
5,3795,62.48,0.5209,101.17,1522.9,0,805
5,3796,59.69,0.4986,99.99,1504.0,0,804
5,3797,62.19,0.6226,103.61,1512.4,0,803
5,3798,61.75,0.5402,103.58,1527.7,0,802
5,3799,62.61,0.5918,104.84,1506.2,0,801
5,3800,60.85,0.5275,103.27,1494.3,0,800
5,3801,61.86,0.4716,102.56,1508.7,0,799
5,3802,59.64,0.5615,102.38,1508.4,0,798
5,3803,61.23,0.6024,102.07,1513.3,0,797
5,3804,61.09,0.4807,99.76,1519.8,0,796
5,3805,62.06,0.6157,102.11,1497.7,0,795
5,3806,63.42,0.6005,104.62,1516.3,0,794
5,3807,62.45,0.5707,101.19,1523.1,0,793
5,3808,62.32,0.5558,101.88,1535.5,0,792
5,3809,62.93,0.5432,103.99,1538.9,0,791
5,3810,60.14,0.4661,105.7,1523.8,0,790
5,3811,60.31,0.5877,101.13,1514.5,0,789
5,3812,61.96,0.5413,103.39,1536.7,0,788
5,3813,63.71,0.5317,102.81,1531.8,0,787
5,3814,61.96,0.5907,103.93,1521.9,0,786
5,3815,61.23,0.4832,102.47,1517.0,0,785
5,3816,61.94,0.5608,99.52,1528.0,0,784
5,3817,64.18,0.5419,105.61,1511.9,0,783
5,3818,61.44,0.4781,100.91,1527.6,0,782
5,3819,61.52,0.5558,100.89,1512.2,0,781
5,3820,62.49,0.5427,102.23,1529.8,0,780
5,3821,64.07,0.5054,101.62,1510.8,0,779
5,3822,62.11,0.5066,101.59,1517.3,0,778
5,3823,61.48,0.5414,105.37,1513.0,0,777
5,3824,63.39,0.5215,103.43,1509.1,0,776
5,3825,64.51,0.565,102.1,1507.6,0,775
5,3826,62.27,0.4336,102.39,1526.3,0,774
5,3827,61.5,0.5547,103.06,1517.7,0,773
5,3828,62.59,0.5295,101.3,1500.5,0,772
5,3829,62.91,0.483,103.09,1523.2,0,771
5,3830,62.58,0.5034,99.41,1518.1,0,770
5,3831,63.2,0.5546,104.95,1524.0,0,769
5,3832,62.96,0.5356,106.0,1506.6,0,768
5,3833,64.55,0.5072,104.14,1502.0,0,767
5,3834,60.9,0.4665,104.77,1512.8,0,766
5,3835,64.06,0.4864,102.23,1518.6,0,765
5,3836,61.78,0.4449,101.67,1512.0,0,764
5,3837,65.52,0.4818,103.7,1507.5,0,763
5,3838,62.19,0.4742,103.94,1526.9,0,762
5,3839,61.93,0.5094,105.9,1531.3,0,761
5,3840,63.04,0.477,101.58,1507.3,0,760
5,3841,66.66,0.5409,102.53,1531.4,0,759
5,3842,63.77,0.4567,101.65,1525.3,0,758
5,3843,64.81,0.4643,104.71,1504.3,0,757
5,3844,62.25,0.5386,101.68,1520.0,0,756
5,3845,62.49,0.502,103.46,1506.1,0,755
5,3846,62.29,0.4362,106.15,1504.7,0,754
5,3847,63.93,0.4729,102.46,1518.7,0,753
5,3848,62.74,0.4716,104.92,1517.5,0,752
5,3849,62.72,0.511,105.01,1510.1,0,751
5,3850,64.55,0.4687,104.76,1506.7,0,750
5,3851,65.66,0.4674,102.62,1518.3,0,749
5,3852,62.59,0.4622,103.84,1521.0,0,748
5,3853,62.72,0.4917,100.96,1523.0,0,747
5,3854,63.56,0.424,100.63,1508.4,0,746
5,3855,62.81,0.4203,99.41,1528.2,0,745
5,3856,64.24,0.4259,102.99,1515.3,0,744
5,3857,60.08,0.4974,105.1,1512.9,0,743
5,3858,65.33,0.4653,99.35,1497.9,0,742
5,3859,64.44,0.4682,103.18,1516.0,0,741
5,3860,62.74,0.4027,103.96,1501.0,0,740
5,3861,64.46,0.4282,104.71,1502.4,0,739
5,3862,64.03,0.4379,103.74,1503.1,0,738
5,3863,64.99,0.4188,106.28,1510.8,0,737
5,3864,64.69,0.5218,100.61,1508.0,0,736
5,3865,63.23,0.4453,101.18,1504.4,0,735
5,3866,65.2,0.4074,103.43,1513.7,0,734
5,3867,62.45,0.4783,106.5,1494.9,0,733
5,3868,64.84,0.4056,103.82,1510.1,0,732
5,3869,63.47,0.3938,104.93,1503.9,0,731
5,3870,66.06,0.5073,104.22,1495.2,0,730
5,3871,63.36,0.4243,107.4,1487.9,0,729
5,3872,65.84,0.4804,104.54,1495.2,0,728
5,3873,64.3,0.4341,102.67,1492.5,0,727
5,3874,63.38,0.445,103.23,1486.9,0,726
5,3875,64.88,0.4768,105.75,1487.8,0,725
5,3876,63.82,0.4714,103.33,1507.3,0,724
5,3877,64.32,0.4683,104.04,1503.8,0,723
5,3878,64.77,0.4597,102.03,1510.3,0,722
5,3879,62.04,0.4856,103.15,1507.1,0,721
5,3880,65.58,0.3963,104.18,1501.3,0,720
5,3881,63.72,0.509,102.4,1489.2,0,719
5,3882,65.44,0.4155,107.2,1487.1,0,718
5,3883,65.04,0.5151,105.84,1487.7,0,717
5,3884,63.88,0.4368,101.81,1503.5,0,716
5,3885,66.15,0.4391,104.57,1485.8,0,715
5,3886,64.57,0.4689,103.29,1487.2,0,714
5,3887,65.71,0.5922,104.42,1493.5,0,713
5,3888,63.37,0.4564,102.34,1471.1,0,712
5,3889,67.58,0.4765,101.79,1496.8,0,711
5,3890,64.55,0.4638,105.4,1505.3,0,710
5,3891,64.18,0.5014,105.17,1490.0,0,709
5,3892,64.27,0.5037,105.56,1499.1,0,708
5,3893,62.49,0.4504,101.15,1493.0,0,707
5,3894,66.91,0.514,102.02,1489.5,0,706
5,3895,64.27,0.4604,102.01,1487.1,0,705
5,3896,65.76,0.5168,101.63,1476.7,0,704
5,3897,66.07,0.5053,101.98,1482.0,0,703
5,3898,65.89,0.5346,99.64,1482.0,0,702
5,3899,63.87,0.4863,97.47,1490.7,0,701
5,3900,63.3,0.4521,100.52,1472.9,0,700
5,3901,65.83,0.5696,102.72,1492.8,0,699
5,3902,64.09,0.5489,101.71,1486.1,0,698
5,3903,65.11,0.5338,100.46,1484.3,0,697
5,3904,64.36,0.5604,103.42,1482.9,0,696
5,3905,62.82,0.5107,99.29,1472.7,0,695
5,3906,64.64,0.5166,101.14,1484.2,0,694
5,3907,65.72,0.5106,100.85,1479.5,0,693
5,3908,64.17,0.5315,104.1,1491.4,0,692
5,3909,64.3,0.583,98.74,1476.6,0,691
5,3910,64.88,0.5241,101.05,1515.1,0,690
5,3911,66.16,0.4743,98.95,1466.9,0,689
5,3912,63.58,0.5563,101.59,1483.4,0,688
5,3913,64.42,0.4997,101.19,1469.3,0,687
5,3914,65.23,0.528,97.71,1472.9,0,686
5,3915,64.21,0.5368,98.97,1485.3,0,685
5,3916,63.02,0.5173,100.21,1470.6,0,684
5,3917,65.0,0.5245,99.88,1475.0,0,683
5,3918,64.11,0.5564,98.33,1487.7,0,682
5,3919,65.42,0.5672,101.17,1502.3,0,681
5,3920,64.08,0.6258,100.29,1479.0,0,680
5,3921,63.89,0.5252,99.77,1488.4,0,679
5,3922,64.23,0.6342,101.33,1507.0,0,678
5,3923,65.45,0.6232,101.12,1493.6,0,677
5,3924,63.62,0.5428,95.0,1467.3,0,676
5,3925,65.48,0.5341,99.52,1466.8,0,675
5,3926,66.72,0.5205,101.99,1476.4,0,674
5,3927,65.53,0.5656,98.3,1483.8,0,673
5,3928,63.01,0.5156,101.83,1466.8,0,672
5,3929,63.61,0.4983,97.68,1478.5,0,671
5,3930,67.66,0.5279,102.25,1459.1,0,670
5,3931,65.37,0.5235,99.58,1476.5,0,669
5,3932,64.04,0.4835,96.53,1487.2,0,668
5,3933,64.97,0.5415,96.0,1471.6,0,667
5,3934,65.12,0.5692,102.93,1474.5,0,666
5,3935,64.67,0.5617,98.65,1474.5,0,665
5,3936,65.35,0.5348,95.87,1482.3,0,664
5,3937,66.28,0.5057,99.97,1487.0,0,663
5,3938,64.11,0.5304,102.83,1479.0,0,662
5,3939,64.87,0.5874,97.83,1483.0,0,661
5,3940,64.36,0.5499,100.74,1496.8,0,660
5,3941,64.66,0.4843,102.54,1479.4,0,659
5,3942,64.4,0.5382,99.06,1483.0,0,658
5,3943,65.82,0.5447,97.34,1482.6,0,657
5,3944,63.15,0.5687,96.71,1476.3,0,656
5,3945,65.84,0.5569,100.56,1476.4,0,655
5,3946,64.65,0.5433,98.88,1500.1,0,654
5,3947,66.26,0.474,100.48,1462.3,0,653
5,3948,63.75,0.4922,99.4,1510.8,0,652
5,3949,65.15,0.5509,98.77,1469.5,0,651
5,3950,65.72,0.5764,99.68,1478.5,0,650
5,3951,66.1,0.4827,98.19,1494.2,0,649
5,3952,62.74,0.5499,99.71,1493.3,0,648
5,3953,65.12,0.4642,99.66,1486.1,0,647
5,3954,64.58,0.4412,99.39,1476.1,0,646
5,3955,64.11,0.4648,101.19,1487.7,0,645
5,3956,63.24,0.5295,99.8,1481.6,0,644
5,3957,64.42,0.4851,97.25,1489.5,0,643
5,3958,64.43,0.4437,96.34,1481.4,0,642
5,3959,64.01,0.5444,97.16,1489.2,0,641
5,3960,65.12,0.4925,101.62,1493.4,0,640
5,3961,64.0,0.4908,98.97,1484.7,0,639
5,3962,67.63,0.4968,100.6,1488.4,0,638
5,3963,63.26,0.5168,99.8,1491.9,0,637
5,3964,64.72,0.5063,101.54,1501.5,0,636
5,3965,62.83,0.4677,97.27,1499.4,0,635
5,3966,63.46,0.5589,99.04,1490.7,0,634
5,3967,63.77,0.4935,97.82,1476.0,0,633
5,3968,64.81,0.5191,95.71,1495.8,0,632
5,3969,60.87,0.4486,98.94,1494.8,0,631
5,3970,63.71,0.5042,95.55,1504.8,0,630
5,3971,64.34,0.5147,95.6,1491.8,0,629
5,3972,64.6,0.4649,99.3,1503.4,0,628
5,3973,62.38,0.4989,94.62,1492.4,0,627
5,3974,65.84,0.4144,100.21,1489.4,0,626
5,3975,62.54,0.4994,95.2,1496.7,0,625
5,3976,63.87,0.4685,95.99,1497.7,0,624
5,3977,63.98,0.5146,96.73,1515.0,0,623
5,3978,65.13,0.4167,97.13,1506.3,0,622
5,3979,65.13,0.4397,97.06,1496.8,0,621
5,3980,62.74,0.4478,96.17,1498.3,0,620
5,3981,63.55,0.3714,100.98,1495.3,0,619
5,3982,65.17,0.4346,94.4,1482.3,0,618
5,3983,63.66,0.4362,102.38,1483.1,0,617
5,3984,62.33,0.4156,96.77,1496.2,0,616
5,3985,64.06,0.4723,97.34,1517.8,0,615
5,3986,66.0,0.3742,99.37,1492.5,0,614
5,3987,63.05,0.4917,93.61,1502.6,0,613
5,3988,63.5,0.4766,96.52,1503.6,0,612
5,3989,64.84,0.4262,99.32,1525.6,0,611
5,3990,63.8,0.4526,97.02,1505.0,0,610
5,3991,64.78,0.4625,97.37,1497.5,0,609
5,3992,64.6,0.4251,94.21,1520.2,0,608
5,3993,63.03,0.3867,97.23,1509.8,0,607
5,3994,65.25,0.4649,97.16,1515.3,0,606
5,3995,65.38,0.4512,94.05,1503.6,0,605
5,3996,63.94,0.4456,93.33,1519.5,0,604
5,3997,63.7,0.4064,96.81,1506.0,0,603
5,3998,64.1,0.4199,94.41,1498.4,0,602
5,3999,62.68,0.4495,100.64,1497.6,0,601
5,4000,65.43,0.4229,96.38,1513.9,0,600
5,4001,65.45,0.5068,94.3,1510.0,0,599
5,4002,66.1,0.4581,94.54,1509.5,0,598
5,4003,61.73,0.4779,93.66,1514.0,0,597
5,4004,62.43,0.4527,97.13,1498.9,0,596
5,4005,64.9,0.4838,98.82,1512.2,0,595
5,4006,62.68,0.5503,97.61,1512.6,0,594
5,4007,63.88,0.4553,95.56,1538.8,0,593
5,4008,62.96,0.499,98.24,1522.1,0,592
5,4009,64.04,0.454,94.43,1503.4,0,591
5,4010,62.59,0.5669,97.21,1497.9,0,590
5,4011,62.29,0.4241,96.07,1521.4,0,589
5,4012,63.3,0.4848,100.65,1512.3,0,588
5,4013,63.24,0.5604,97.24,1507.1,0,587
5,4014,62.58,0.4731,98.25,1507.8,0,586
5,4015,64.8,0.5136,96.18,1510.7,0,585
5,4016,63.82,0.4874,95.41,1518.2,0,584
5,4017,62.62,0.5026,96.92,1513.8,0,583
5,4018,64.25,0.383,99.14,1519.8,0,582
5,4019,62.69,0.503,96.4,1504.1,0,581
5,4020,64.21,0.4752,96.95,1517.6,0,580
5,4021,62.98,0.4951,95.04,1512.5,0,579
5,4022,62.58,0.4965,95.18,1540.1,0,578
5,4023,64.3,0.5359,97.22,1525.2,0,577
5,4024,62.68,0.483,95.02,1525.2,0,576
5,4025,61.94,0.4984,94.51,1510.0,0,575
5,4026,63.21,0.576,96.08,1515.9,0,574
5,4027,59.55,0.5734,99.21,1515.9,0,573
5,4028,64.02,0.5098,100.99,1510.2,0,572
5,4029,63.74,0.5319,99.48,1523.9,0,571
5,4030,63.34,0.5697,98.6,1525.2,0,570
5,4031,64.79,0.5317,101.16,1534.3,0,569
5,4032,63.13,0.4909,97.25,1492.0,0,568
5,4033,60.51,0.5377,99.87,1525.8,0,567
5,4034,63.16,0.4809,98.91,1519.9,0,566
5,4035,61.44,0.4943,99.07,1507.0,0,565
5,4036,63.11,0.5372,98.08,1527.2,0,564
5,4037,61.33,0.4975,95.84,1523.8,0,563
5,4038,62.92,0.622,98.72,1507.0,0,562
5,4039,62.0,0.5978,99.7,1532.3,0,561
5,4040,62.32,0.595,96.34,1499.6,0,560
5,4041,62.43,0.5973,98.83,1507.0,0,559
5,4042,60.46,0.5568,96.72,1518.5,0,558
5,4043,62.5,0.5859,96.56,1505.3,0,557
5,4044,62.94,0.543,100.94,1526.1,0,556
5,4045,66.33,0.5528,98.02,1512.1,0,555
5,4046,61.43,0.5684,94.81,1514.2,0,554
5,4047,62.92,0.6121,96.22,1531.6,0,553
5,4048,61.17,0.5563,95.0,1531.0,0,552
5,4049,63.74,0.591,103.87,1502.4,0,551
5,4050,61.72,0.5789,97.23,1512.7,0,550
5,4051,63.36,0.5389,99.33,1513.9,0,549
5,4052,61.77,0.5884,99.85,1517.0,0,548
5,4053,63.21,0.4923,97.04,1508.1,0,547
5,4054,59.83,0.5512,100.64,1527.8,0,546
5,4055,59.36,0.5812,98.45,1520.6,0,545
5,4056,61.58,0.5855,98.91,1502.3,0,544
5,4057,60.24,0.4958,95.5,1515.4,0,543
5,4058,61.9,0.6153,94.9,1503.5,0,542
5,4059,63.47,0.6011,98.98,1509.9,0,541
5,4060,62.94,0.5222,102.54,1517.9,0,540
5,4061,62.42,0.5067,98.39,1522.9,0,539
5,4062,61.06,0.5528,99.37,1497.0,0,538
5,4063,60.67,0.5236,100.14,1517.1,0,537
5,4064,60.81,0.5202,98.69,1504.4,0,536
5,4065,61.8,0.6212,99.96,1499.4,0,535
5,4066,58.73,0.5989,102.01,1489.7,0,534
5,4067,60.95,0.5181,96.38,1525.9,0,533
5,4068,61.97,0.5335,96.45,1512.4,0,532
5,4069,60.91,0.5072,96.92,1494.9,0,531
5,4070,59.69,0.5085,97.96,1516.4,0,530
5,4071,60.68,0.5548,96.8,1503.5,0,529
5,4072,61.65,0.4647,101.11,1531.4,0,528
5,4073,60.26,0.5517,98.25,1502.8,0,527
5,4074,60.9,0.5047,100.32,1505.2,0,526
5,4075,58.96,0.5051,99.85,1513.8,0,525
5,4076,59.67,0.4622,99.91,1496.6,0,524
5,4077,58.58,0.5528,98.8,1508.1,0,523
5,4078,60.53,0.5053,99.41,1512.9,0,522
5,4079,60.33,0.5227,99.76,1490.5,0,521
5,4080,61.27,0.5115,106.19,1487.8,0,520
5,4081,56.61,0.5167,100.52,1496.7,0,519
5,4082,57.97,0.5024,96.89,1501.1,0,518
5,4083,59.65,0.4733,101.92,1490.3,0,517
5,4084,61.09,0.4851,98.68,1515.9,0,516
5,4085,60.86,0.5078,99.2,1503.1,0,515
5,4086,56.72,0.4706,101.38,1507.7,0,514
5,4087,57.43,0.4989,98.71,1496.2,0,513
5,4088,60.22,0.5228,100.83,1507.8,0,512
5,4089,60.58,0.4711,101.55,1495.7,0,511
5,4090,60.79,0.4468,101.78,1475.9,0,510
5,4091,58.73,0.501,98.87,1494.4,0,509
5,4092,60.33,0.4305,100.61,1507.2,0,508
5,4093,60.31,0.5449,101.14,1512.5,0,507
5,4094,57.59,0.4663,101.32,1470.6,0,506
5,4095,60.62,0.4161,101.97,1475.7,0,505
5,4096,58.61,0.4562,100.33,1501.4,0,504
5,4097,58.04,0.5707,102.74,1493.3,0,503
5,4098,57.77,0.46,98.7,1508.3,0,502
5,4099,59.54,0.4383,103.31,1503.4,0,501
5,4100,58.63,0.5343,101.37,1499.6,0,500
5,4101,58.08,0.4991,95.24,1482.4,0,499
5,4102,62.03,0.4955,99.24,1490.6,0,498
5,4103,60.26,0.4403,103.12,1510.3,0,497
5,4104,57.49,0.473,98.01,1482.0,0,496
5,4105,60.37,0.4338,102.43,1479.6,0,495
5,4106,58.57,0.4865,96.58,1461.8,0,494
5,4107,57.33,0.4231,100.94,1506.0,0,493
5,4108,59.46,0.4774,101.17,1497.2,0,492
5,4109,59.27,0.4598,104.86,1466.5,0,491
5,4110,58.97,0.49,100.23,1480.6,0,490
5,4111,58.67,0.4524,101.11,1478.5,0,489
5,4112,57.26,0.4655,101.64,1457.2,0,488
5,4113,59.15,0.3937,101.58,1494.7,0,487
5,4114,58.75,0.5203,99.41,1462.1,0,486
5,4115,59.26,0.4677,99.82,1480.7,0,485
5,4116,58.98,0.4623,98.79,1476.3,0,484
5,4117,58.48,0.4127,102.89,1483.7,0,483
5,4118,57.82,0.42,99.49,1476.5,0,482
5,4119,58.15,0.4939,103.0,1479.4,0,481
5,4120,57.75,0.4388,102.58,1473.7,0,480
5,4121,58.87,0.4367,102.34,1472.7,0,479
5,4122,58.07,0.4661,102.89,1473.6,0,478
5,4123,60.06,0.4655,101.83,1489.9,0,477
5,4124,57.82,0.4732,102.72,1470.6,0,476
5,4125,60.15,0.5081,103.92,1478.7,0,475
5,4126,58.12,0.4492,101.59,1499.1,0,474
5,4127,59.71,0.4453,103.13,1485.9,0,473
5,4128,59.42,0.4331,101.47,1476.5,0,472
5,4129,58.04,0.4624,98.48,1472.5,0,471
5,4130,56.94,0.4378,102.9,1489.9,0,470
5,4131,56.58,0.4237,101.02,1479.8,0,469
5,4132,57.41,0.4155,101.01,1469.0,0,468
5,4133,59.84,0.4122,103.37,1461.4,0,467
5,4134,57.99,0.5071,102.84,1466.6,0,466
5,4135,56.67,0.4369,108.39,1483.5,0,465
5,4136,59.64,0.4446,104.53,1462.9,0,464
5,4137,57.23,0.497,99.44,1482.5,0,463
5,4138,56.13,0.4917,104.18,1484.7,0,462
5,4139,58.15,0.4486,102.08,1473.8,0,461
5,4140,55.97,0.4784,100.46,1478.3,0,460
5,4141,57.4,0.5102,101.89,1488.1,0,459
5,4142,56.61,0.5122,99.87,1470.4,0,458
5,4143,58.43,0.4602,101.01,1472.0,0,457
5,4144,55.61,0.5139,104.48,1477.3,0,456
5,4145,56.59,0.5312,102.85,1484.2,0,455
5,4146,55.89,0.4355,101.63,1471.0,0,454
5,4147,58.43,0.4374,101.27,1493.1,0,453
5,4148,56.38,0.5864,102.74,1478.9,0,452
5,4149,57.4,0.5732,103.25,1502.2,0,451
5,4150,57.88,0.5325,106.58,1484.9,0,450
5,4151,55.01,0.5299,100.86,1486.3,0,449
5,4152,55.93,0.448,106.81,1494.3,0,448
5,4153,55.59,0.5144,104.02,1462.8,0,447
5,4154,57.04,0.5101,103.2,1478.1,0,446
5,4155,59.36,0.5059,104.55,1470.2,0,445
5,4156,56.75,0.5154,102.52,1505.8,0,444
5,4157,55.67,0.5583,104.68,1492.7,0,443
5,4158,56.96,0.5338,104.31,1479.9,0,442
5,4159,56.8,0.5044,100.36,1477.2,0,441
5,4160,56.21,0.5978,102.44,1492.0,0,440
5,4161,57.29,0.6022,102.38,1478.9,0,439
5,4162,57.32,0.4987,104.46,1492.5,0,438
5,4163,56.45,0.5819,104.1,1481.7,0,437
5,4164,56.21,0.5502,101.16,1482.2,0,436
5,4165,57.15,0.5513,103.78,1479.3,0,435
5,4166,56.23,0.5665,103.67,1460.6,0,434
5,4167,54.49,0.4952,102.36,1492.3,0,433
5,4168,54.98,0.5501,98.09,1475.8,0,432
5,4169,56.6,0.5682,104.27,1486.7,0,431
5,4170,56.56,0.5011,102.6,1495.2,0,430
5,4171,52.95,0.5292,102.69,1479.8,0,429
5,4172,55.67,0.5153,107.43,1505.1,0,428
5,4173,56.97,0.5775,103.33,1487.2,0,427
5,4174,54.74,0.5303,103.49,1492.4,0,426
5,4175,55.4,0.5542,104.08,1472.1,0,425
5,4176,55.36,0.5875,104.46,1509.8,0,424
5,4177,55.26,0.4957,105.0,1489.2,0,423
5,4178,57.24,0.5359,99.72,1484.1,0,422
5,4179,57.92,0.5352,103.55,1492.4,0,421
5,4180,56.17,0.5374,105.45,1478.5,0,420
5,4181,54.71,0.5593,99.45,1482.4,0,419
5,4182,57.0,0.5456,102.73,1505.9,0,418
5,4183,56.72,0.4994,102.69,1494.7,0,417
5,4184,54.82,0.6014,103.56,1488.2,0,416
5,4185,57.35,0.5345,102.56,1485.1,0,415
5,4186,54.46,0.5344,106.41,1489.6,0,414
5,4187,54.76,0.5663,103.42,1502.1,0,413
5,4188,56.7,0.542,100.6,1507.9,0,412
5,4189,56.36,0.533,101.34,1487.1,0,411
5,4190,53.74,0.5196,104.79,1490.8,0,410
5,4191,56.84,0.6158,96.44,1495.9,0,409
5,4192,56.01,0.5316,100.4,1487.8,0,408
5,4193,53.56,0.5591,99.85,1496.4,0,407
5,4194,53.19,0.4746,101.63,1505.6,0,406
5,4195,54.44,0.5058,100.35,1488.5,0,405
5,4196,55.82,0.5631,103.05,1497.7,0,404
5,4197,55.14,0.5764,99.71,1493.2,0,403
5,4198,54.8,0.4985,103.29,1510.6,0,402
5,4199,55.54,0.565,102.55,1509.5,0,401
5,4200,55.41,0.5159,100.34,1496.8,0,400
5,4201,56.09,0.5498,101.22,1521.8,0,399
5,4202,57.19,0.5661,106.42,1509.7,0,398
5,4203,57.74,0.4906,103.78,1515.1,0,397
5,4204,57.56,0.4308,100.26,1515.0,0,396
5,4205,55.11,0.5094,105.5,1526.4,0,395
5,4206,53.73,0.5054,99.62,1506.9,0,394
5,4207,55.34,0.4723,99.7,1504.5,0,393
5,4208,55.47,0.541,100.1,1504.7,0,392
5,4209,52.24,0.5243,102.21,1513.4,0,391
5,4210,55.54,0.4845,98.48,1515.0,0,390
5,4211,57.24,0.4918,103.11,1506.6,0,389
5,4212,56.24,0.4774,102.0,1503.3,0,388
5,4213,56.5,0.5408,99.27,1517.5,0,387
5,4214,53.85,0.5739,103.74,1500.8,0,386
5,4215,53.38,0.4824,101.43,1511.8,0,385
5,4216,55.56,0.4644,99.98,1502.0,0,384
5,4217,57.29,0.4786,102.29,1499.7,0,383
5,4218,54.5,0.4653,100.65,1521.8,0,382
5,4219,55.8,0.382,103.35,1531.0,0,381
5,4220,55.54,0.4448,102.3,1502.1,0,380
5,4221,55.38,0.5016,101.38,1525.6,0,379
5,4222,54.39,0.4572,101.7,1530.6,0,378
5,4223,54.02,0.4839,101.46,1522.6,0,377
5,4224,55.04,0.4748,102.79,1503.9,0,376
5,4225,53.54,0.4139,102.02,1540.6,0,375
5,4226,54.03,0.5199,101.97,1525.3,0,374
5,4227,58.03,0.5312,100.83,1516.1,0,373
5,4228,52.26,0.4606,99.03,1505.9,0,372
5,4229,54.45,0.4666,103.54,1523.5,0,371
5,4230,55.18,0.5038,100.75,1520.8,0,370
5,4231,56.27,0.437,101.69,1520.4,0,369
5,4232,54.38,0.427,99.6,1509.8,0,368
5,4233,54.26,0.4613,97.87,1517.2,0,367
5,4234,54.85,0.5299,100.56,1516.8,0,366
5,4235,52.66,0.4415,102.13,1528.9,0,365
5,4236,56.02,0.4437,96.4,1528.9,0,364
5,4237,54.7,0.3776,100.82,1515.7,0,363
5,4238,55.47,0.3971,98.29,1518.7,0,362
5,4239,53.53,0.4938,101.4,1521.5,0,361
5,4240,53.66,0.5019,104.41,1525.2,0,360
5,4241,54.22,0.5297,101.85,1507.9,0,359
5,4242,54.2,0.4829,96.19,1508.7,0,358
5,4243,55.93,0.3944,101.36,1522.2,0,357
5,4244,55.73,0.474,98.72,1508.5,0,356
5,4245,55.15,0.4579,100.41,1502.6,0,355
5,4246,53.17,0.4462,99.49,1524.3,0,354
5,4247,54.46,0.4616,96.48,1528.3,0,353
5,4248,54.93,0.4561,97.16,1533.8,0,352
5,4249,54.57,0.4461,100.04,1509.0,0,351
5,4250,54.52,0.393,100.36,1532.2,0,350
5,4251,54.96,0.4309,102.99,1518.8,0,349
5,4252,55.32,0.4747,97.84,1514.4,0,348
5,4253,55.16,0.4461,100.7,1521.5,0,347
5,4254,56.53,0.4736,100.0,1521.3,0,346
5,4255,54.07,0.421,96.88,1506.4,0,345
5,4256,54.57,0.4527,100.55,1503.3,0,344
5,4257,55.33,0.4634,98.78,1532.9,0,343
5,4258,55.09,0.4422,99.92,1515.8,0,342
5,4259,55.05,0.4593,97.04,1514.5,0,341
5,4260,55.34,0.4854,102.45,1519.6,0,340
5,4261,55.92,0.419,97.51,1518.5,0,339
5,4262,55.31,0.5472,101.37,1499.7,0,338
5,4263,54.56,0.4109,99.95,1522.6,0,337
5,4264,55.43,0.516,99.4,1504.4,0,336
5,4265,55.03,0.4511,99.54,1518.4,0,335
5,4266,56.19,0.4496,99.52,1530.6,0,334
5,4267,54.12,0.4471,100.11,1531.1,0,333
5,4268,56.14,0.4482,99.07,1495.6,0,332
5,4269,53.51,0.5129,101.01,1520.8,0,331
5,4270,57.04,0.4923,99.93,1501.1,0,330
5,4271,54.08,0.4401,98.46,1504.0,0,329
5,4272,54.63,0.5402,94.26,1514.8,0,328
5,4273,56.14,0.5894,99.08,1516.3,0,327
5,4274,55.6,0.484,99.55,1515.9,0,326
5,4275,54.91,0.5056,96.94,1522.1,0,325
5,4276,55.92,0.5087,99.99,1509.8,0,324
5,4277,55.03,0.4441,97.64,1525.2,0,323
5,4278,55.11,0.5042,97.45,1512.3,0,322
5,4279,54.15,0.445,100.46,1516.0,0,321
5,4280,58.07,0.5176,95.7,1496.5,0,320
5,4281,54.75,0.5532,100.15,1514.4,0,319
5,4282,54.52,0.5315,98.27,1509.7,0,318
5,4283,54.97,0.5329,100.09,1502.7,0,317
5,4284,55.51,0.5033,98.05,1512.5,0,316
5,4285,55.27,0.4751,98.97,1503.0,0,315
5,4286,55.47,0.5363,97.95,1517.3,0,314
5,4287,56.37,0.5283,96.96,1505.8,0,313
5,4288,56.67,0.5099,96.81,1500.3,0,312
5,4289,55.0,0.5841,96.66,1505.8,0,311
5,4290,56.6,0.539,99.56,1509.4,0,310
5,4291,57.13,0.538,97.82,1515.9,0,309
5,4292,56.83,0.5011,100.22,1500.7,0,308
5,4293,56.08,0.487,101.82,1504.3,0,307
5,4294,55.6,0.5639,97.51,1497.9,0,306
5,4295,54.17,0.5957,95.57,1506.8,0,305
5,4296,56.98,0.609,96.39,1500.5,0,304
5,4297,56.34,0.5759,96.49,1501.3,0,303
5,4298,54.7,0.5834,94.58,1486.3,0,302
5,4299,55.11,0.5621,98.78,1505.0,0,301
5,4300,55.16,0.54,97.19,1482.8,0,300
5,4301,56.33,0.5821,95.69,1488.3,0,299
5,4302,56.77,0.5342,98.68,1486.7,0,298
5,4303,53.58,0.5243,99.41,1505.7,0,297
5,4304,55.96,0.5568,98.41,1483.4,0,296
5,4305,56.25,0.6158,100.01,1496.6,0,295
5,4306,56.1,0.5501,98.99,1486.5,0,294
5,4307,54.87,0.5714,99.33,1480.3,0,293
5,4308,55.47,0.4745,97.92,1496.3,0,292
5,4309,55.45,0.5205,97.88,1468.5,0,291
5,4310,57.93,0.5465,95.95,1484.1,0,290
5,4311,56.74,0.5312,92.88,1495.0,0,289
5,4312,55.6,0.4854,97.71,1506.2,0,288
5,4313,56.17,0.5026,98.39,1502.3,0,287
5,4314,58.04,0.5758,97.46,1479.1,0,286
5,4315,57.47,0.4955,100.61,1482.2,0,285
5,4316,56.41,0.518,97.67,1474.3,0,284
5,4317,57.69,0.5853,93.13,1492.0,0,283
5,4318,54.7,0.5683,95.74,1477.9,0,282
5,4319,56.93,0.5332,96.86,1477.7,0,281
5,4320,54.84,0.4943,96.72,1500.0,0,280
5,4321,57.34,0.6207,99.38,1487.4,0,279
5,4322,56.84,0.5826,98.99,1499.0,0,278
5,4323,56.89,0.5508,97.54,1490.9,0,277
5,4324,57.68,0.5141,92.77,1475.2,0,276
5,4325,56.09,0.4883,99.34,1490.1,0,275
5,4326,55.7,0.5019,97.22,1486.5,0,274
5,4327,55.38,0.5164,97.52,1473.2,0,273
5,4328,56.54,0.4608,99.0,1466.4,0,272
5,4329,56.3,0.5316,98.24,1477.5,0,271
5,4330,54.68,0.5077,97.53,1481.7,0,270
5,4331,58.67,0.445,96.28,1485.3,0,269
5,4332,55.3,0.4952,97.6,1489.4,0,268
5,4333,57.23,0.5312,97.88,1491.1,0,267
5,4334,56.2,0.5038,97.2,1475.6,0,266
5,4335,55.22,0.476,96.57,1476.8,0,265
5,4336,58.02,0.4398,96.06,1487.3,0,264
5,4337,56.2,0.474,98.69,1486.4,0,263
5,4338,59.3,0.511,98.84,1473.4,0,262
5,4339,57.67,0.3913,95.54,1488.4,0,261
5,4340,57.01,0.5259,94.92,1476.7,0,260
5,4341,58.13,0.4326,101.13,1474.7,0,259
5,4342,58.24,0.4771,91.6,1478.9,0,258
5,4343,54.86,0.5103,97.63,1469.2,0,257
5,4344,54.69,0.4991,96.92,1480.4,0,256
5,4345,57.64,0.4117,99.38,1497.6,0,255
5,4346,58.51,0.5088,97.04,1484.6,0,254
5,4347,58.73,0.4867,99.77,1481.1,0,253
5,4348,56.86,0.5071,97.33,1483.3,0,252
5,4349,56.99,0.4313,100.57,1467.9,0,251
5,4350,55.99,0.4274,96.96,1478.6,0,250
5,4351,59.42,0.4669,98.32,1475.6,0,249
5,4352,57.12,0.4363,96.87,1467.0,0,248
5,4353,57.78,0.4592,98.75,1488.6,0,247
5,4354,57.19,0.4328,94.31,1476.5,0,246
5,4355,60.65,0.444,100.12,1472.8,0,245
5,4356,58.01,0.4655,98.89,1493.9,0,244
5,4357,56.18,0.5049,98.53,1483.0,0,243
5,4358,57.18,0.4577,96.93,1462.9,0,242
5,4359,58.66,0.4507,94.14,1482.2,0,241
5,4360,58.44,0.4794,96.58,1493.9,0,240
5,4361,58.76,0.4624,95.58,1481.8,0,239
5,4362,58.16,0.4526,99.46,1493.3,0,238
5,4363,57.6,0.4196,101.03,1478.5,0,237
5,4364,59.64,0.4287,96.99,1503.3,0,236
5,4365,59.38,0.4015,95.68,1488.3,0,235
5,4366,58.78,0.4164,97.66,1483.8,0,234
5,4367,57.35,0.503,96.92,1501.4,0,233
5,4368,56.6,0.4548,100.73,1486.8,0,232
5,4369,57.3,0.4507,97.25,1489.2,0,231
5,4370,57.83,0.4787,97.6,1491.2,0,230
5,4371,61.2,0.3602,98.65,1481.0,0,229
5,4372,58.23,0.4297,98.52,1482.7,0,228
5,4373,59.06,0.446,99.02,1486.5,0,227
5,4374,58.82,0.5623,99.65,1477.1,0,226
5,4375,57.15,0.5634,99.9,1492.3,0,225
5,4376,57.77,0.4122,95.73,1483.5,0,224
5,4377,60.4,0.5353,100.69,1487.3,0,223
5,4378,58.63,0.5354,99.27,1502.3,0,222
5,4379,57.26,0.3753,99.15,1481.6,0,221
5,4380,58.59,0.4552,95.16,1480.0,0,220
5,4381,58.97,0.4897,99.52,1503.9,0,219
5,4382,60.9,0.4456,97.48,1501.6,0,218
5,4383,59.68,0.467,98.39,1501.3,0,217
5,4384,59.12,0.4494,95.48,1497.3,0,216
5,4385,59.72,0.5361,97.14,1476.6,0,215
5,4386,60.54,0.4087,98.24,1480.1,0,214
5,4387,58.94,0.4768,96.4,1490.6,0,213
5,4388,59.21,0.4424,98.06,1482.6,0,212
5,4389,58.92,0.5521,95.83,1507.4,0,211
5,4390,59.72,0.4853,99.37,1495.4,0,210
5,4391,57.26,0.5142,102.51,1484.1,0,209
5,4392,60.86,0.4546,100.35,1523.4,0,208
5,4393,59.71,0.5327,100.01,1491.7,0,207
5,4394,59.84,0.5155,101.36,1488.3,0,206
5,4395,61.97,0.4318,101.34,1514.4,0,205
5,4396,57.82,0.4827,99.53,1488.1,0,204
5,4397,60.98,0.4567,99.39,1491.7,0,203
5,4398,60.14,0.4869,100.69,1494.0,0,202
5,4399,58.25,0.4998,99.28,1490.3,0,201
5,4400,58.89,0.511,99.69,1497.1,0,200
5,4401,60.18,0.4912,99.81,1517.4,0,199
5,4402,59.27,0.5535,100.76,1495.5,0,198
5,4403,61.04,0.4927,101.62,1510.5,0,197
5,4404,60.37,0.4862,98.47,1504.8,0,196
5,4405,59.23,0.4816,100.83,1496.8,0,195
5,4406,61.09,0.4691,103.09,1516.5,0,194
5,4407,60.96,0.4958,101.47,1512.8,0,193
5,4408,60.08,0.5293,102.19,1486.0,0,192
5,4409,59.9,0.5975,95.87,1503.5,0,191
5,4410,59.55,0.5865,104.13,1499.3,0,190
5,4411,60.79,0.5842,101.55,1497.6,0,189
5,4412,60.32,0.5945,99.13,1497.4,0,188
5,4413,61.32,0.6226,99.41,1511.8,0,187
5,4414,60.55,0.5308,100.94,1502.3,0,186
5,4415,62.43,0.5478,100.4,1510.6,0,185
5,4416,61.0,0.6482,101.38,1510.3,0,184
5,4417,62.42,0.5881,102.33,1495.3,0,183
5,4418,62.0,0.5926,99.25,1506.3,0,182
5,4419,60.59,0.623,101.48,1500.1,0,181
5,4420,62.83,0.6975,103.08,1511.3,0,180
5,4421,61.52,0.5643,100.97,1502.6,0,179
5,4422,61.12,0.6052,101.5,1513.1,0,178
5,4423,63.73,0.6682,100.55,1519.1,0,177
5,4424,60.68,0.616,101.27,1504.0,0,176
5,4425,62.83,0.6445,102.49,1497.9,0,175
5,4426,63.04,0.6145,101.49,1496.0,0,174
5,4427,62.02,0.5629,101.5,1497.0,0,173
5,4428,61.87,0.6995,103.87,1504.1,0,172
5,4429,61.68,0.6755,103.6,1500.5,0,171
5,4430,65.11,0.6664,99.37,1491.7,0,170
5,4431,62.86,0.758,101.15,1507.5,0,169
5,4432,63.5,0.6269,102.61,1518.5,0,168
5,4433,64.34,0.6189,103.75,1499.5,0,167
5,4434,63.85,0.6764,99.86,1506.4,0,166
5,4435,63.88,0.6924,102.85,1496.9,0,165
5,4436,62.94,0.6779,102.77,1492.8,0,164
5,4437,63.63,0.6101,103.9,1511.3,0,163
5,4438,62.01,0.7029,100.23,1501.5,0,162
5,4439,61.26,0.6772,102.97,1494.0,0,161
5,4440,64.23,0.6808,103.08,1496.3,0,160
5,4441,62.89,0.7293,105.44,1505.1,0,159
5,4442,64.64,0.756,100.86,1509.7,0,158
5,4443,66.69,0.6802,105.11,1503.1,0,157
5,4444,63.19,0.6767,106.47,1497.0,0,156
5,4445,64.66,0.6868,101.27,1512.8,0,155
5,4446,64.37,0.647,98.75,1486.7,0,154
5,4447,66.37,0.6759,105.03,1501.7,0,153
5,4448,63.48,0.7425,100.83,1500.7,0,152
5,4449,63.22,0.773,101.12,1505.2,0,151
5,4450,64.01,0.7329,100.3,1494.9,0,150
5,4451,63.23,0.7061,103.78,1498.6,0,149
5,4452,63.19,0.6276,99.22,1502.0,0,148
5,4453,63.44,0.6731,104.34,1499.1,0,147
5,4454,64.97,0.7118,104.09,1492.1,0,146
5,4455,64.45,0.6934,101.96,1494.1,0,145
5,4456,62.79,0.6943,102.19,1488.1,0,144
5,4457,65.28,0.6705,106.22,1497.9,0,143
5,4458,63.4,0.6773,102.98,1487.7,0,142
5,4459,65.57,0.722,102.56,1485.5,0,141
5,4460,66.3,0.7089,104.51,1497.6,0,140
5,4461,67.66,0.7266,104.97,1492.9,0,139
5,4462,65.38,0.6529,105.28,1486.2,0,138
5,4463,64.87,0.7072,107.93,1495.5,0,137
5,4464,67.3,0.6618,105.92,1491.2,0,136
5,4465,66.46,0.6916,104.41,1485.6,0,135
5,4466,66.02,0.7015,103.36,1496.8,0,134
5,4467,65.07,0.6839,105.15,1503.7,0,133
5,4468,66.8,0.636,104.36,1481.7,0,132
5,4469,66.21,0.7375,106.25,1494.8,0,131
5,4470,65.96,0.7761,106.83,1492.9,0,130
5,4471,68.41,0.6668,103.1,1499.3,0,129
5,4472,67.57,0.7024,103.39,1479.8,0,128
5,4473,67.96,0.6251,105.74,1479.9,0,127
5,4474,65.54,0.7318,107.18,1503.5,0,126
5,4475,65.87,0.7101,104.26,1497.0,0,125
5,4476,63.53,0.6979,105.85,1484.0,0,124
5,4477,68.44,0.7111,104.1,1485.5,0,123
5,4478,67.61,0.7746,106.19,1480.3,0,122
5,4479,67.02,0.7666,102.11,1489.1,0,121
5,4480,65.82,0.7914,106.76,1485.7,0,120
5,4481,67.06,0.7456,107.2,1492.3,0,119
5,4482,64.42,0.7427,105.66,1486.4,0,118
5,4483,66.51,0.708,106.47,1487.6,0,117
5,4484,66.88,0.7625,109.18,1467.5,0,116
5,4485,66.62,0.6694,106.73,1493.6,0,115
5,4486,68.62,0.68,105.29,1490.2,0,114
5,4487,68.39,0.7278,107.47,1488.1,0,113
5,4488,65.96,0.7289,109.64,1488.6,0,112
5,4489,68.51,0.7558,103.39,1486.9,0,111
5,4490,67.23,0.7207,104.51,1476.7,0,110
5,4491,67.74,0.8137,107.21,1482.0,0,109
5,4492,67.02,0.7632,102.78,1488.2,0,108
5,4493,67.56,0.7446,106.75,1468.6,0,107
5,4494,69.19,0.7253,100.1,1459.9,0,106
5,4495,68.67,0.7358,101.94,1477.0,0,105
5,4496,66.62,0.707,106.5,1490.1,0,104
5,4497,68.88,0.7791,104.27,1486.4,0,103
5,4498,68.98,0.7533,110.48,1463.5,0,102
5,4499,67.23,0.7968,101.71,1463.2,0,101
5,4500,70.62,0.7784,102.77,1462.5,0,100
5,4501,67.19,0.8236,103.25,1461.4,0,99
5,4502,69.36,0.858,102.93,1456.0,0,98
5,4503,68.44,0.809,106.94,1456.6,0,97
5,4504,68.88,0.7973,103.3,1462.5,0,96
5,4505,68.92,0.7229,102.69,1449.3,0,95
5,4506,68.86,0.7775,105.95,1452.0,0,94
5,4507,68.84,0.7534,99.84,1473.1,0,93
5,4508,70.18,0.8136,104.67,1448.2,0,92
5,4509,66.99,0.8825,105.62,1465.7,0,91
5,4510,70.57,0.8303,106.48,1474.4,0,90
5,4511,69.12,0.8105,104.89,1470.2,0,89
5,4512,69.72,0.8421,102.99,1442.9,0,88
5,4513,69.48,0.9026,107.5,1454.6,0,87
5,4514,67.13,0.8509,106.09,1456.2,0,86
5,4515,68.91,0.8049,103.94,1439.9,0,85
5,4516,68.95,0.879,102.48,1470.8,0,84
5,4517,69.91,0.8244,102.3,1451.0,0,83
5,4518,68.99,0.8327,104.13,1440.8,0,82
5,4519,72.23,0.8796,107.12,1468.2,0,81
5,4520,69.44,0.8409,102.68,1471.0,0,80
5,4521,69.98,0.8663,100.69,1477.8,0,79
5,4522,69.01,0.9338,103.91,1443.9,0,78
5,4523,69.91,0.9013,104.7,1443.8,0,77
5,4524,70.16,0.9602,105.36,1429.5,0,76
5,4525,69.07,0.9395,111.23,1436.0,0,75
5,4526,69.08,0.9444,104.66,1463.1,0,74
5,4527,69.04,0.9099,103.8,1455.8,0,73
5,4528,71.3,0.8584,106.9,1462.7,0,72
5,4529,70.65,0.9249,104.74,1430.4,0,71
5,4530,71.89,0.9343,103.63,1433.0,0,70
5,4531,71.54,0.9835,105.2,1441.0,0,69
5,4532,71.7,0.9505,103.49,1424.8,0,68
5,4533,72.26,0.9357,102.73,1438.7,0,67
5,4534,68.63,0.9322,101.8,1435.7,0,66
5,4535,71.61,0.9508,105.66,1437.6,0,65
5,4536,69.86,0.9272,102.43,1440.2,0,64
5,4537,69.62,1.0405,108.6,1429.3,0,63
5,4538,72.17,0.9618,100.48,1453.9,0,62
5,4539,70.62,0.9457,105.07,1442.9,0,61
5,4540,71.67,1.0524,102.85,1436.5,0,60
5,4541,70.93,1.0151,105.78,1436.2,0,59
5,4542,70.73,1.0148,104.53,1427.7,0,58
5,4543,70.35,0.9641,104.22,1432.5,0,57
5,4544,72.85,0.9954,104.97,1435.7,0,56
5,4545,70.04,0.9516,104.28,1452.8,0,55
5,4546,70.18,1.0522,103.6,1437.4,0,54
5,4547,72.93,0.9766,106.93,1422.1,0,53
5,4548,70.18,1.0628,103.71,1410.7,0,52
5,4549,72.16,1.1211,105.09,1432.7,0,51
5,4550,69.91,1.0104,105.29,1439.0,0,50
5,4551,70.59,1.0889,101.56,1439.8,0,49
5,4552,71.71,1.0366,104.47,1436.9,0,48
5,4553,72.85,1.1001,106.23,1418.7,0,47
5,4554,70.01,1.026,104.7,1416.8,0,46
5,4555,69.89,1.1007,102.8,1417.9,0,45
5,4556,68.29,1.0889,104.4,1426.5,0,44
5,4557,73.5,1.0695,101.28,1433.6,0,43
5,4558,70.38,1.0534,103.29,1416.3,0,42
5,4559,68.7,1.0986,104.32,1432.6,0,41
5,4560,69.04,1.0052,102.59,1438.8,0,40
5,4561,72.39,1.085,105.94,1424.4,0,39
5,4562,70.86,1.1134,101.53,1422.6,0,38
5,4563,70.97,1.1738,105.89,1429.1,0,37
5,4564,72.35,1.0447,102.3,1432.9,0,36
5,4565,71.02,1.0355,107.97,1422.0,0,35
5,4566,71.44,1.1242,99.92,1411.9,0,34
5,4567,73.25,1.075,101.09,1427.7,0,33
5,4568,71.54,1.0633,102.74,1428.0,0,32
5,4569,71.05,1.1889,100.09,1424.6,0,31
5,4570,72.15,1.1439,106.22,1428.9,0,30
5,4571,69.95,1.0977,102.19,1418.7,0,29
5,4572,72.97,1.0617,103.9,1435.1,0,28
5,4573,72.3,1.0994,104.94,1427.9,0,27
5,4574,71.17,1.0745,103.08,1404.3,0,26
5,4575,72.91,1.0935,102.16,1421.2,0,25
5,4576,73.0,1.1544,106.29,1419.5,0,24
5,4577,71.11,1.1324,104.3,1429.7,0,23
5,4578,71.19,1.1431,103.48,1434.9,0,22
5,4579,73.2,1.1677,102.77,1418.5,0,21
5,4580,73.52,1.0754,100.46,1426.6,0,20
5,4581,70.86,1.0515,103.71,1405.2,0,19
5,4582,73.33,1.0843,104.57,1421.2,0,18
5,4583,70.6,1.0642,104.14,1432.4,0,17
5,4584,74.14,1.1023,104.53,1432.8,0,16
5,4585,73.41,1.0893,99.6,1443.8,0,15
5,4586,70.73,1.0814,102.41,1415.1,0,14
5,4587,75.0,1.1011,104.46,1437.0,0,13
5,4588,73.65,1.1825,102.72,1424.3,0,12
5,4589,73.52,1.0996,106.9,1407.5,0,11
5,4590,73.69,1.1004,100.76,1442.1,0,10
5,4591,71.89,1.1461,103.08,1404.3,0,9
5,4592,72.72,1.1724,104.06,1428.9,0,8
5,4593,73.6,1.1957,100.09,1433.4,0,7
5,4594,72.49,1.0661,102.68,1421.7,0,6
5,4595,74.6,1.1605,99.7,1440.1,0,5
5,4596,72.37,1.1524,101.22,1426.0,0,4
5,4597,73.97,1.1534,102.38,1437.8,0,3
5,4598,73.32,1.1081,101.14,1404.8,0,2
5,4599,72.21,1.1401,103.24,1419.6,0,1
5,4600,71.69,1.1682,100.34,1405.2,1,0
5,4601,73.93,1.1335,104.83,1402.0,1,0
5,4602,73.06,1.1393,102.78,1433.9,1,0
5,4603,75.3,1.0488,101.92,1423.9,1,0
5,4604,74.33,1.1424,101.53,1439.5,1,0
5,4605,73.02,1.1261,105.17,1440.4,1,0
5,4606,74.55,1.1582,100.0,1448.0,1,0
5,4607,72.02,1.1533,103.44,1439.2,1,0
5,4608,73.87,1.1189,103.49,1438.6,1,0
5,4609,71.58,1.1595,102.41,1435.3,1,0
5,4610,73.16,1.1855,103.83,1430.2,1,0
5,4611,73.24,1.1369,105.23,1428.2,1,0
5,4612,75.42,1.2014,98.59,1431.9,1,0
5,4613,73.94,1.1534,102.77,1434.6,1,0
5,4614,71.86,1.1444,102.13,1427.2,1,0
5,4615,72.8,1.1446,101.32,1429.2,1,0
5,4616,74.21,1.0582,102.54,1434.4,1,0
5,4617,75.13,1.1146,104.47,1403.5,1,0
5,4618,73.4,1.2017,101.31,1415.4,1,0
5,4619,74.79,1.1269,101.43,1439.7,1,0
5,4620,74.97,1.1861,103.85,1431.5,1,0
5,4621,73.26,1.1916,106.11,1435.8,1,0
5,4622,72.38,1.2052,100.75,1437.3,1,0
5,4623,73.24,1.1422,104.73,1420.6,1,0
5,4624,73.03,1.1873,101.55,1441.1,1,0
5,4625,74.98,1.2212,100.33,1437.9,1,0
5,4626,75.11,1.2323,101.39,1434.9,1,0
5,4627,73.81,1.1312,102.07,1438.9,1,0
5,4628,72.21,1.2253,103.15,1430.1,1,0
5,4629,73.02,1.2111,107.2,1431.2,1,0
5,4630,72.92,1.2506,102.84,1434.8,1,0
5,4631,71.7,1.1988,101.55,1427.7,1,0
5,4632,74.5,1.2478,100.17,1424.1,1,0
5,4633,71.66,1.2851,102.53,1440.8,1,0
5,4634,75.32,1.2669,105.56,1426.3,1,0
5,4635,74.13,1.1852,101.79,1425.2,1,0
5,4636,72.44,1.2509,104.96,1432.0,1,0
5,4637,74.71,1.2405,103.05,1422.9,1,0
5,4638,72.01,1.302,104.57,1426.3,1,0
5,4639,73.35,1.2637,103.71,1427.0,1,0
5,4640,72.8,1.3145,100.52,1444.1,1,0
5,4641,72.38,1.2657,99.63,1449.3,1,0
5,4642,74.0,1.3383,104.91,1441.8,1,0
5,4643,74.25,1.3417,104.27,1435.3,1,0
5,4644,72.78,1.2954,103.42,1449.9,1,0
5,4645,75.58,1.3771,103.9,1428.6,1,0
5,4646,73.46,1.3064,102.54,1424.7,1,0
5,4647,71.32,1.3138,105.08,1450.5,1,0
5,4648,73.78,1.3056,103.4,1414.7,1,0
5,4649,71.34,1.3259,102.17,1439.1,1,0
5,4650,71.74,1.3529,103.6,1419.7,1,0
5,4651,75.15,1.3655,104.16,1431.7,1,0
5,4652,71.59,1.3251,99.09,1429.8,1,0
5,4653,73.6,1.3603,103.55,1453.2,1,0
5,4654,72.19,1.3981,103.72,1437.6,1,0
5,4655,74.11,1.3317,107.93,1422.6,1,0
5,4656,73.79,1.3561,104.17,1442.5,1,0
5,4657,74.49,1.3785,103.76,1448.4,1,0
5,4658,73.8,1.3794,103.84,1436.2,1,0
5,4659,72.4,1.372,102.65,1431.7,1,0
5,4660,72.62,1.3816,105.49,1434.5,1,0
5,4661,71.91,1.3591,103.47,1440.1,1,0
5,4662,72.38,1.4716,104.79,1429.3,1,0
5,4663,73.28,1.3302,103.36,1418.1,1,0
5,4664,73.11,1.4687,104.46,1423.4,1,0
5,4665,75.36,1.4104,100.78,1429.6,1,0
5,4666,73.16,1.5154,105.96,1424.8,1,0
5,4667,70.71,1.3694,103.08,1434.3,1,0
5,4668,72.74,1.3792,103.01,1427.7,1,0
5,4669,73.18,1.488,107.81,1439.3,1,0
5,4670,74.86,1.4934,104.93,1423.1,1,0
5,4671,72.27,1.4096,105.22,1415.0,1,0
5,4672,74.88,1.4988,103.29,1408.5,1,0
5,4673,73.2,1.4572,102.61,1429.5,1,0
5,4674,72.91,1.443,105.92,1421.1,1,0
5,4675,73.84,1.4372,103.56,1410.6,1,0
5,4676,73.1,1.478,104.79,1416.8,1,0
5,4677,73.71,1.4063,102.87,1434.4,1,0
5,4678,73.52,1.432,104.57,1417.6,1,0
5,4679,72.21,1.5182,108.37,1424.7,1,0
5,4680,73.6,1.5513,99.96,1412.2,1,0
5,4681,72.62,1.4806,104.16,1412.2,1,0
5,4682,74.91,1.4365,108.3,1429.3,1,0
5,4683,72.54,1.4822,104.32,1408.6,1,0
5,4684,74.51,1.5336,103.15,1429.0,1,0
5,4685,72.34,1.5675,104.02,1416.6,1,0
5,4686,72.02,1.4892,103.49,1413.7,1,0
5,4687,72.9,1.4623,103.72,1425.8,1,0
5,4688,71.39,1.4835,106.45,1422.6,1,0
5,4689,72.63,1.5569,110.66,1421.6,1,0
5,4690,72.68,1.6015,108.3,1413.1,1,0
5,4691,75.01,1.5195,104.55,1413.9,1,0
5,4692,73.07,1.4895,110.4,1426.5,1,0
5,4693,74.69,1.5123,108.15,1426.3,1,0
5,4694,72.37,1.4871,108.21,1395.2,1,0
5,4695,74.4,1.5456,109.1,1415.0,1,0
5,4696,74.16,1.5535,106.02,1406.3,1,0
5,4697,74.18,1.5455,106.54,1399.8,1,0
5,4698,73.25,1.5502,110.4,1399.3,1,0
5,4699,73.26,1.473,107.54,1393.4,1,0
5,4700,72.36,1.5237,108.43,1404.4,1,0
5,4701,73.81,1.5701,107.79,1414.5,1,0
5,4702,72.37,1.5661,107.12,1404.3,1,0
5,4703,74.02,1.4662,107.69,1402.8,1,0
5,4704,74.2,1.5427,108.83,1394.4,1,0
5,4705,73.61,1.5292,108.6,1392.2,1,0
5,4706,73.1,1.5383,105.63,1412.5,1,0
5,4707,71.2,1.48,111.03,1388.8,1,0
5,4708,73.92,1.5506,108.97,1402.7,1,0
5,4709,71.39,1.5321,111.73,1401.5,1,0
5,4710,72.52,1.5418,107.29,1390.9,1,0
5,4711,73.55,1.552,105.38,1397.2,1,0
5,4712,72.21,1.5284,110.5,1377.4,1,0
5,4713,71.9,1.525,107.03,1387.7,1,0
5,4714,74.62,1.5686,106.96,1404.6,1,0
5,4715,72.91,1.5853,109.0,1391.2,1,0
5,4716,75.19,1.5034,105.2,1401.2,1,0
5,4717,73.94,1.4906,110.13,1388.5,1,0
5,4718,73.13,1.6233,108.58,1379.8,1,0
5,4719,72.18,1.5686,107.93,1398.5,1,0
5,4720,71.95,1.4666,110.32,1385.7,1,0
5,4721,75.49,1.5882,104.88,1392.4,1,0
5,4722,73.49,1.526,107.43,1375.6,1,0
5,4723,72.12,1.5047,107.85,1387.7,1,0
5,4724,73.13,1.5899,107.31,1373.5,1,0
5,4725,72.15,1.6003,110.4,1405.9,1,0
5,4726,73.4,1.5529,112.28,1378.5,1,0
5,4727,70.91,1.5086,108.24,1385.5,1,0
5,4728,73.12,1.5862,110.48,1358.7,1,0
5,4729,71.64,1.559,105.16,1387.8,1,0
5,4730,71.32,1.6054,107.88,1365.5,1,0
5,4731,72.86,1.6853,104.9,1366.5,1,0
5,4732,72.97,1.6183,111.11,1365.4,1,0
5,4733,71.37,1.5872,109.11,1378.9,1,0
5,4734,74.73,1.4981,111.04,1382.5,1,0
5,4735,72.76,1.5994,108.83,1380.4,1,0
5,4736,72.58,1.5916,110.13,1397.9,1,0
5,4737,71.48,1.5782,110.42,1376.8,1,0
5,4738,73.11,1.5991,111.08,1367.3,1,0
5,4739,73.52,1.5878,111.06,1378.5,1,0
5,4740,73.51,1.5806,107.46,1387.1,1,0
5,4741,71.29,1.5359,109.94,1358.7,1,0
5,4742,74.04,1.5849,110.46,1369.5,1,0
5,4743,72.85,1.5631,110.01,1362.3,1,0
5,4744,72.78,1.5117,109.66,1375.1,1,0
5,4745,72.96,1.6431,107.08,1362.1,1,0
5,4746,71.51,1.5923,110.05,1384.0,1,0
5,4747,72.47,1.6268,112.96,1352.2,1,0
5,4748,72.76,1.632,108.9,1389.9,1,0
5,4749,72.65,1.5734,110.16,1374.5,1,0
5,4750,71.18,1.6571,113.72,1358.9,1,0
5,4751,73.09,1.6608,108.36,1364.0,1,0
5,4752,73.02,1.6709,107.94,1367.4,1,0
5,4753,71.63,1.5963,107.45,1359.9,1,0
5,4754,75.08,1.618,109.58,1349.2,1,0
5,4755,72.49,1.6396,107.68,1369.2,1,0
5,4756,72.52,1.6315,112.63,1357.6,1,0
5,4757,72.01,1.5761,109.9,1369.4,1,0
5,4758,71.38,1.6947,111.94,1357.5,1,0
5,4759,72.35,1.6118,111.41,1361.8,1,0
5,4760,74.05,1.6095,110.68,1359.4,1,0
5,4761,75.15,1.6357,112.12,1375.0,1,0
5,4762,73.07,1.6715,111.68,1359.4,1,0
5,4763,72.97,1.6443,111.44,1352.3,1,0
5,4764,73.7,1.6547,110.43,1366.3,1,0
5,4765,73.82,1.7538,110.23,1375.8,1,0
5,4766,73.97,1.6831,110.89,1347.8,1,0
5,4767,72.83,1.6737,111.79,1344.1,1,0
5,4768,71.29,1.6802,111.63,1359.9,1,0
5,4769,73.47,1.7131,110.47,1367.4,1,0
5,4770,73.54,1.7014,107.15,1354.6,1,0
5,4771,72.83,1.7228,112.79,1363.2,1,0
5,4772,70.75,1.7482,110.13,1359.0,1,0
5,4773,72.46,1.7116,112.52,1373.0,1,0
5,4774,72.13,1.7808,111.77,1338.8,1,0
5,4775,74.08,1.7894,113.5,1365.1,1,0
5,4776,73.99,1.7034,113.82,1358.9,1,0
5,4777,72.37,1.736,112.02,1345.8,1,0
5,4778,72.06,1.7341,112.01,1344.1,1,0
5,4779,71.91,1.8252,113.63,1351.2,1,0
5,4780,72.45,1.7609,112.84,1346.8,1,0
5,4781,73.67,1.8016,114.14,1343.9,1,0
5,4782,71.81,1.8217,110.22,1350.2,1,0
5,4783,73.77,1.7678,111.72,1350.6,1,0
5,4784,72.35,1.8133,112.67,1360.7,1,0
5,4785,72.27,1.7127,114.76,1361.5,1,0
5,4786,75.44,1.7475,112.73,1364.9,1,0
5,4787,74.15,1.8203,113.33,1360.8,1,0
5,4788,72.11,1.8058,113.76,1358.6,1,0
5,4789,71.5,1.8435,113.67,1351.0,1,0
5,4790,73.23,1.8213,114.61,1343.0,1,0
5,4791,71.68,1.8704,114.15,1366.5,1,0
5,4792,74.23,1.8212,109.93,1363.7,1,0
5,4793,73.04,1.8787,109.34,1356.0,1,0
5,4794,71.04,1.8496,116.39,1362.6,1,0
5,4795,73.24,1.8934,114.17,1353.7,1,0
5,4796,73.88,1.9088,113.44,1381.6,1,0
5,4797,72.22,1.8387,111.0,1352.9,1,0
5,4798,70.69,1.9349,112.61,1365.6,1,0
5,4799,74.9,1.9315,112.81,1368.2,1,0
5,4800,75.69,1.9104,111.68,1363.4,1,0
5,4801,71.38,1.8712,113.94,1353.4,1,0
5,4802,73.3,1.9726,110.95,1345.0,1,0
5,4803,70.97,1.9561,111.86,1345.6,1,0
5,4804,72.18,1.8993,111.29,1357.2,1,0
5,4805,72.16,1.932,110.67,1358.9,1,0
5,4806,71.68,1.8866,110.39,1355.3,1,0
5,4807,70.21,1.923,109.53,1367.2,1,0
5,4808,72.34,1.8315,112.3,1355.0,1,0
5,4809,72.71,1.8964,116.79,1352.7,1,0
5,4810,72.17,1.9558,111.03,1350.2,1,0
5,4811,74.2,1.8861,114.79,1359.5,1,0
5,4812,73.22,1.9115,113.06,1354.1,1,0
5,4813,73.88,1.8711,114.77,1357.6,1,0
5,4814,71.83,1.9271,114.01,1347.8,1,0
5,4815,71.57,1.9337,112.12,1364.2,1,0
5,4816,73.5,1.955,109.45,1378.6,1,0
5,4817,74.49,1.9799,110.58,1383.9,1,0
5,4818,73.13,1.9243,113.86,1363.4,1,0
5,4819,73.16,1.9008,115.32,1358.5,1,0
5,4820,71.59,1.9699,112.69,1360.4,1,0
5,4821,71.83,1.9349,116.41,1355.5,1,0
5,4822,71.95,2.0258,111.76,1360.3,1,0
5,4823,73.09,1.9755,109.45,1360.3,1,0
5,4824,71.9,1.9402,113.04,1368.0,1,0
5,4825,74.01,1.9471,113.36,1371.4,1,0
5,4826,72.35,1.948,113.77,1364.7,1,0
5,4827,72.62,2.0572,111.39,1364.4,1,0
5,4828,72.08,1.8963,112.38,1363.5,1,0
5,4829,74.84,1.901,115.03,1344.3,1,0
5,4830,72.3,1.9513,112.02,1378.7,1,0
5,4831,72.73,1.9425,112.85,1377.2,1,0
5,4832,74.39,1.9253,112.15,1338.3,1,0
5,4833,74.3,1.9417,113.65,1367.7,1,0
5,4834,72.04,1.9713,116.23,1356.5,1,0
5,4835,72.83,1.9076,113.77,1355.8,1,0
5,4836,73.58,1.9924,112.05,1369.0,1,0
5,4837,72.75,2.0039,114.47,1355.4,1,0
5,4838,75.9,1.9363,113.03,1373.8,1,0
5,4839,75.68,1.9713,116.29,1337.5,1,0
5,4840,72.71,2.0031,115.61,1390.7,1,0
5,4841,73.65,1.9684,109.33,1370.4,1,0
5,4842,75.36,1.9682,112.19,1359.2,1,0
5,4843,73.28,1.9168,111.97,1372.5,1,0
5,4844,73.76,1.9599,110.56,1351.1,1,0
5,4845,76.27,1.99,112.42,1341.9,1,0
5,4846,72.7,1.9641,113.93,1355.7,1,0
5,4847,74.09,1.9471,111.76,1374.3,1,0
5,4848,72.34,1.9988,109.44,1364.7,1,0
5,4849,74.53,1.9262,111.31,1348.1,1,0
5,4850,74.08,2.001,111.24,1369.5,1,0
5,4851,72.86,1.9838,111.26,1359.5,1,0
5,4852,75.85,2.015,107.52,1390.0,1,0
5,4853,74.54,1.9485,109.92,1369.4,1,0
5,4854,73.41,1.9406,114.65,1377.0,1,0
5,4855,72.33,2.0308,108.87,1364.7,1,0
5,4856,73.6,1.9761,112.45,1372.8,1,0
5,4857,76.53,1.963,112.8,1359.2,1,0
5,4858,72.98,1.9666,110.69,1363.5,1,0
5,4859,75.49,1.9963,111.24,1358.8,1,0
5,4860,75.48,1.9891,110.91,1358.4,1,0
5,4861,76.33,2.0212,113.79,1349.0,1,0
5,4862,74.26,1.931,111.06,1357.7,1,0
5,4863,74.86,1.9841,110.93,1357.5,1,0
5,4864,75.27,2.0423,117.01,1365.8,1,0
5,4865,73.19,2.0163,110.7,1365.5,1,0
5,4866,72.38,1.9563,111.51,1359.3,1,0
5,4867,76.5,2.0861,111.54,1366.5,1,0
5,4868,74.95,1.9811,112.88,1362.7,1,0
5,4869,75.1,1.9527,110.37,1374.8,1,0
5,4870,73.53,2.0774,111.99,1349.1,1,0
5,4871,72.95,1.9734,112.44,1376.5,1,0
5,4872,74.27,1.9634,113.09,1349.2,1,0
5,4873,75.68,2.0481,108.47,1366.4,1,0
5,4874,75.62,2.0055,110.81,1366.9,1,0
5,4875,77.19,1.9848,110.69,1363.8,1,0
5,4876,75.27,2.0287,112.28,1359.6,1,0
5,4877,74.2,2.0954,109.16,1373.2,1,0
5,4878,73.58,2.0801,110.91,1352.2,1,0
5,4879,72.9,2.0661,109.69,1342.1,1,0
5,4880,74.89,2.0241,114.21,1364.0,1,0
5,4881,74.97,2.05,110.48,1355.2,1,0
5,4882,76.78,2.1262,112.77,1350.8,1,0
5,4883,76.53,2.0575,112.92,1345.6,1,0
5,4884,74.91,2.0026,108.86,1356.0,1,0
5,4885,76.32,2.0941,112.21,1353.5,1,0
5,4886,74.37,2.0367,111.65,1365.4,1,0
5,4887,75.77,2.1106,112.75,1360.1,1,0
5,4888,78.08,2.0798,111.52,1355.0,1,0
5,4889,75.59,2.1135,111.89,1359.6,1,0
5,4890,73.78,2.085,111.53,1351.7,1,0
5,4891,76.01,2.0729,109.51,1347.2,1,0
5,4892,73.78,2.1209,112.58,1352.2,1,0
5,4893,75.89,2.1119,110.91,1353.5,1,0
5,4894,78.41,2.1457,109.71,1347.5,1,0
5,4895,76.87,2.1,108.08,1377.1,1,0
5,4896,76.38,2.192,111.85,1353.7,1,0
5,4897,74.31,2.1865,108.29,1354.2,1,0
5,4898,75.71,2.1738,108.61,1344.3,1,0
5,4899,75.62,2.1614,111.42,1367.2,1,0
5,4900,75.83,2.1893,110.16,1344.9,1,0
5,4901,76.34,2.0959,108.17,1351.2,1,0
5,4902,76.01,2.2496,109.57,1326.6,1,0
5,4903,75.18,2.1826,113.79,1345.8,1,0
5,4904,76.8,2.1816,108.11,1328.8,1,0
5,4905,75.39,2.2008,110.25,1321.9,1,0
5,4906,77.32,2.2568,111.14,1331.1,1,0
5,4907,77.11,2.1875,113.12,1325.8,1,0
5,4908,78.64,2.234,109.05,1320.2,1,0
5,4909,76.11,2.2411,108.15,1337.1,1,0
5,4910,77.87,2.2326,107.27,1369.6,1,0
5,4911,77.4,2.2302,107.33,1342.4,1,0
5,4912,75.32,2.2551,107.57,1346.5,1,0
5,4913,76.89,2.1529,108.48,1335.3,1,0
5,4914,77.86,2.2847,113.61,1351.9,1,0
5,4915,74.93,2.1977,112.4,1339.3,1,0
5,4916,78.19,2.2049,108.99,1324.2,1,0
5,4917,75.23,2.2602,110.23,1332.8,1,0
5,4918,78.01,2.2225,113.61,1318.1,1,0
5,4919,77.45,2.2038,108.72,1338.2,1,0
5,4920,76.47,2.2532,112.33,1307.1,1,0
5,4921,76.68,2.2515,106.19,1335.9,1,0
5,4922,78.17,2.2912,111.27,1331.5,1,0
5,4923,78.34,2.2657,111.33,1340.3,1,0
5,4924,76.52,2.2661,111.11,1327.0,1,0
5,4925,77.46,2.3281,108.99,1334.8,1,0
5,4926,76.99,2.3277,107.28,1323.0,1,0
5,4927,77.79,2.2655,112.13,1325.0,1,0
5,4928,76.9,2.3658,114.1,1313.3,1,0
5,4929,79.44,2.3256,112.48,1322.5,1,0
5,4930,78.8,2.3725,111.58,1319.0,1,0
5,4931,77.79,2.3064,111.58,1298.8,1,0
5,4932,76.17,2.3386,110.12,1308.6,1,0
5,4933,76.51,2.3586,110.48,1326.8,1,0
5,4934,78.7,2.3495,111.0,1311.7,1,0
5,4935,80.77,2.3128,110.76,1307.7,1,0
5,4936,77.08,2.3311,110.37,1315.0,1,0
5,4937,80.34,2.3851,111.36,1314.9,1,0
5,4938,77.87,2.3233,106.78,1300.5,1,0
5,4939,78.25,2.2796,112.68,1304.8,1,0
5,4940,78.89,2.3862,111.15,1305.5,1,0
5,4941,79.01,2.3057,109.15,1300.6,1,0
5,4942,80.15,2.3284,108.31,1303.6,1,0
5,4943,76.43,2.3239,111.76,1302.4,1,0
5,4944,80.93,2.4826,106.82,1298.8,1,0
5,4945,80.81,2.3637,112.41,1319.8,1,0
5,4946,78.37,2.3247,110.77,1302.9,1,0
5,4947,79.21,2.3449,107.56,1312.8,1,0
5,4948,81.02,2.363,111.87,1309.1,1,0
5,4949,79.39,2.3439,109.73,1300.4,1,0
5,4950,78.09,2.4197,111.39,1308.7,1,0
5,4951,79.19,2.405,107.49,1299.3,1,0
5,4952,80.98,2.4,108.66,1302.3,1,0
5,4953,79.03,2.3106,109.28,1305.5,1,0
5,4954,77.23,2.3759,110.55,1292.4,1,0
5,4955,80.71,2.3937,109.5,1298.7,1,0
5,4956,79.95,2.4522,113.72,1294.7,1,0
5,4957,80.36,2.3828,112.08,1271.1,1,0
5,4958,81.67,2.4682,108.66,1306.1,1,0
5,4959,78.98,2.3839,109.7,1282.5,1,0
5,4960,80.33,2.4,108.07,1288.9,1,0
5,4961,80.93,2.3741,112.64,1298.8,1,0
5,4962,81.76,2.4142,111.33,1291.1,1,0
5,4963,82.44,2.4409,112.68,1291.9,1,0
5,4964,80.42,2.4083,114.0,1299.5,1,0
5,4965,78.96,2.388,109.23,1295.3,1,0
5,4966,82.37,2.4472,111.77,1287.2,1,0
5,4967,80.42,2.3901,110.95,1287.6,1,0
5,4968,80.3,2.2735,107.54,1301.6,1,0
5,4969,80.09,2.3763,112.95,1298.2,1,0
5,4970,80.1,2.4817,107.32,1269.4,1,0
5,4971,81.21,2.3919,113.33,1308.9,1,0
5,4972,80.99,2.4498,112.76,1300.7,1,0
5,4973,80.04,2.4015,112.2,1272.1,1,0
5,4974,82.11,2.4731,112.65,1282.6,1,0
5,4975,80.49,2.4633,114.69,1292.2,1,0
5,4976,80.54,2.4507,113.58,1285.8,1,0
5,4977,82.72,2.4159,115.21,1279.6,1,0
5,4978,80.6,2.4006,111.97,1290.1,1,0
5,4979,80.38,2.358,112.12,1282.8,1,0
5,4980,82.25,2.3559,110.21,1286.5,1,0
5,4981,83.38,2.3464,109.06,1281.0,1,0
5,4982,83.87,2.3784,114.67,1265.4,1,0
5,4983,83.54,2.3569,107.91,1275.2,1,0
5,4984,81.08,2.3861,115.8,1277.3,1,0
5,4985,83.64,2.3459,111.28,1299.4,1,0
5,4986,82.26,2.3558,114.79,1295.7,1,0
5,4987,80.82,2.3535,114.15,1275.0,1,0
5,4988,80.88,2.4489,112.18,1276.6,1,0
5,4989,83.43,2.4776,114.12,1271.2,1,0
5,4990,81.25,2.4186,112.85,1292.7,1,0
5,4991,83.41,2.38,115.18,1289.3,1,0
5,4992,81.93,2.4266,113.33,1290.3,1,0
5,4993,84.37,2.4327,117.78,1293.0,1,0
5,4994,83.77,2.4573,108.96,1285.2,1,0
5,4995,84.88,2.4705,115.27,1262.5,1,0
5,4996,83.79,2.4869,110.84,1286.5,1,0
5,4997,84.4,2.5316,114.12,1291.5,1,0
5,4998,85.29,2.4498,112.66,1267.3,1,0
5,4999,81.14,2.4202,116.47,1282.1,1,0
